bank	batch	word	field	severity	category	current	correct	why
adjectives	adjectives_001	letzt / besonder / nächst / mittel	word	high	junk	ranks 15, 24, 29, 238 listed as uninflected lemmas ("last", "special/particular", "next", "medium/middle")	cite as `letzte`, `besondere`, `nächste`, `mittlere` (or drop)	these stems never occur uninflected; the deck will teach "das letzt Jahr".
adjectives	adjectives_001	erst / zweit / dritt / viert	word	high	junk	ranks 22, 133, 286, 626 = "first", "second", "third", "fourth"	`erste / zweite / dritte / vierte`, and ideally in a numerals deck, not adjectives	bare ordinal stems, unusable as given; `erst` uninflected is in fact the adverb "only/not until".
adjectives	adjectives_001	link	english	high	gloss	link = "left"	the left-hand adjective is `linke`/`links`; uninflected `link` = "dodgy, shady, underhand"	teaches a form that never means "left" and hides the one meaning it does have.
adjectives	adjectives_001	einschlägig	english	high	gloss	"respective"	"relevant, pertinent, applicable" (einschlägige Erfahrung/Vorschriften)	outright wrong; "respective" is `jeweilig`, which is already rank 55.
adjectives	adjectives_001	familiär	english	high	gloss	"familiar/family"	"family, family-related; informal/intimate" — not "familiar"	false friend put first; English "familiar" is `vertraut` (rank 478).
adjectives	adjectives_001	weiter / besser / später	word	medium	junk	ranks 4, 21, 49 listed as lemmas alongside `weit` (67), `gut` (2), `spät` (375)	keep only the base forms; if the comparative is wanted, mark it as such	comparatives as headwords duplicate the base entry and hide the comparative relationship.
adjectives	adjectives_001	benötigt / verwendet / angegeben / beschrieben / stattfindend / liegend	word	medium	junk	ranks 406, 416, 450, 629, 679, 446 as adjective entries ("needed", "used", "specified", "described", "taking place", "lying")	remove — these are plain verb participles, not lexicalised adjectives	corpus artefacts; a learner gets no adjective, only an inflected verb form.
adjectives	adjectives_001	erhalten	word	medium	junk	erhalten = "preserved"	only adjectival in the fixed frame "gut erhalten"; the lemma `erhalten` is the very common verb "receive/maintain"	homograph collision teaches the wrong headword sense.
adjectives	adjectives_001	eventuell	english	medium	gloss	"possibly/perhaps"	"possible (attributive), any; possibly — NOT 'eventually'"	classic false friend with no warning, and the adjectival sense ("eventuelle Änderungen") is missing.
adjectives	adjectives_001	stationär	english	medium	gloss	"stationary/inpatient"	"inpatient, in-hospital" first; "stationary" only in technical physics collocations	the everyday German sense is medical; "stationary" first reads as a false friend.
adjectives	adjectives_001	maßgeblich	english	medium	gloss	"authoritative"	"decisive, significant, key" (maßgeblich beteiligt); "authoritative" is secondary	the commonest sense is missing entirely.
adjectives	adjectives_001	bestmöglich	english	medium	gloss	"as best as possible"	"best possible"	gloss is ungrammatical English and not an adjective.
adjectives	adjectives_001	liebevoll	english	medium	gloss	"full of love"	"loving, affectionate; lovingly"	paraphrase instead of the ordinary English adjective.
adjectives	adjectives_001	behindert	english	medium	gloss	"handicapped"	"disabled"	"handicapped" is dated and offensive in British usage.
adjectives	adjectives_001	konstruktiv	english	medium	gloss	"constructive/design"	"constructive" (engineering sense: "structural/design-related")	bare "design" is wrong — it comes from *Konstruktion*, not *konstruktiv*.
adjectives	adjectives_001	physikalisch	english	medium	gloss	"physical"	"physics-related, physical (of physics)"	undifferentiated from `physisch` (696) and `körperlich` (239); learner will use it for the body.
adjectives	adjectives_001	spürbar	english	medium	gloss	"noticeable/sensible"	"noticeable, palpable, perceptible"	"sensible" in modern English means "reasonable" — wrong translation.
adjectives	adjectives_001	süß	english	medium	gloss	"cute/sweet"	"sweet/cute"	the taste sense is the core learner sense and should come first.
adjectives	adjectives_001	überregional	english	medium	gloss	"national/supraregional"	"supraregional, more than local, nationwide in scope"	"national" first conflates it with `national` (130) and `bundesweit` (141).
adjectives	adjectives_001	recht	english	medium	gloss	"right"	"quite, fairly (adv.); all right, agreeable (es ist mir recht)" — right-hand is `rechte/rechts`	bare "right" is ambiguous and points at a sense the uninflected form does not carry.
adjectives	adjectives_001	mathematisch / ethisch	english	medium	gloss	"mathematic/mathematical", "ethic/ethical"	"mathematical", "ethical"	"mathematic" and "ethic" are not usable English adjectives; one form only.
adjectives	adjectives_001	bayerisch / sächsisch / hessisch / niedersächsisch	word	low	junk	ranks 103, 174, 288, 411 in a general adjective deck	drop, or move to a place-names list	German-state adjectives are regional-newspaper corpus artefacts with little learner value.
adjectives	adjectives_001	festgelegt / zugelassen / geprägt / bevorzugt / vermehrt	word	low	junk	ranks 539, 697, 687, 641, 519	drop or gloss with the governing frame (geprägt *von*, vermehrt = "increasingly", adv.)	marginal participles; usable only inside fixed constructions.
adjectives	adjectives_001	erstmalig / jahrelang / dortig / damalig / inhaltlich / vorrangig / gesundheitlich / studentisch	english	low	gloss	"for the first time", "for years", "local/there", "at that time/former", "in terms of content", "priority", "health", "student (adj.)"	adjective glosses: "first-time/initial", "years-long", "of that place", "then, of that time", "content-related", "primary, top-priority", "health-related", "student, student-run"	adverbial phrases, bare nouns and metalanguage instead of a translation.
adjectives	adjectives_001	aktuell / sensibel / konsequent / evangelisch	english	low	gloss	"current", "sensitive", "consistent", "Protestant" — all correct, all unmarked	add the trap: ≠ "actual", ≠ "sensible", ≠ "consequent", ≠ "evangelical"	high-frequency false friends with no warning.
adjectives	adjectives_001	thematisch / kulturell / gegenseitig / deutschsprachig / individuell / selbstständig / zentral / verfügbar / klassisch / intern	cefr	low	cefr	first seven tagged A1; `verfügbar`, `klassisch`, `intern` tagged C1	roughly B1–B2 for the first group; B1 for the last three	abstract derived adjectives at A1 and everyday B1 words at C1 are both gross mis-levels.
adjectives	adjectives_001	analog	english	low	gloss	"analog/analogous"	"analogue; analogous"	American spelling in a British-English app.
adjectives	adjectives_001	großartig	english	low	gloss	"awesome/brilliant"	"brilliant, splendid, magnificent"	American colloquialism placed before its British equivalent.
adjectives	adjectives_001	touristisch / telefonisch	english	low	gloss	"touristic/tourism-related", "by phone/telephonic"	"tourist, tourism-related"; "by telephone, over the phone"	"touristic" and "telephonic" are not natural British English.
adjectives	adjectives_001	anschließend	english	low	gloss	"following"	"afterwards, subsequently; subsequent"	predominantly adverbial; "following" duplicates `folgend` (87).
adjectives	adjectives_001	übersichtlich	english	low	gloss	"clear"	"clearly laid out, well organised, easy to follow"	bare "clear" collides with `klar`/`deutlich` and misses the layout sense.
adjectives	adjectives_001	flächendeckend	english	low	gloss	"comprehensive"	"blanket, across the board, covering the whole area"	loses the spatial-coverage core and duplicates `umfassend` (111).
adjectives	adjectives_001	landesweit	english	low	gloss	"nationwide/statewide"	"statewide (of a Bundesland); regional" — nationwide is `bundesweit`	wrong sense first in a German-federal context.
adjectives	adjectives_001	anhaltend	english	low	gloss	"continuous/incessant"	"persistent, sustained, continuing"	"incessant" is too strong/negative.
adjectives	adjectives_001	gründlich	english	low	gloss	"diligent/thorough"	"thorough, careful"	"diligent" is `fleißig`; wrong sense first.
adjectives	adjectives_001	leistungsstark	english	low	gloss	"efficient"	"powerful, high-performance, high-achieving"	"efficient" is `effizient` (227); mistranslation of the core sense.
adjectives	adjectives_001	handwerklich	english	low	gloss	"artisanal"	"manual, craft-, in terms of craftsmanship"	far too narrow for the usual usage (handwerkliche Ausbildung/Fähigkeiten).
adjectives	adjectives_001	gleichnamig	english	low	gloss	"eponymous"	"of the same name, same-named"	"eponymous" reverses the direction of naming and is stylistically remote.
adjectives	adjectives_001	ordnungsgemäß	english	low	gloss	"duly"	"proper, in due form, compliant; duly"	adverb only, no adjective translation given.
adjectives	adjectives_001	olympisch	english	low	gloss	"olympic"	"Olympic"	needs a capital in English.
adjectives	adjectives_001	außerordentlich	english	low	gloss	"exceptionally/extraordinary"	"extraordinary, exceptional; exceptionally"	adverb before adjective in an adjective deck.
adjectives	adjectives_001	weitgehend	english	low	gloss	"largely/extensive"	"largely, to a large extent; far-reaching"	"extensive" is not what the adjective means.
adjectives	adjectives_001	bedingt	english	low	gloss	"conditional/conditioned"	add "only to a limited extent" (nur bedingt geeignet)	the most frequent everyday use is missing.
adjectives	adjectives_001	erhöht	english	low	gloss	"raised"	"increased, elevated, higher"	"raised" is unidiomatic for values/risks, the usual context.
adjectives	adjectives_001	einzig	english	low	gloss	"only/sole"	fine attributively; predicative use is rare — consider citing `einzige`	uninflected `einzig` is mostly adverbial ("einzig und allein").
adjectives	adjectives_002	praxisorientiert	english	high	gloss	oriented doctor's office	practice-oriented / hands-on	garbled machine gloss; *Praxis* here is "practice", not a doctor's surgery.
adjectives	adjectives_002	hautnah	english	high	gloss	near/close to covering	up close / at close quarters / first-hand	gloss is corrupted nonsense ("close to covering") and teaches nothing usable.
adjectives	adjectives_002	kreisfrei	english	high	gloss	free of circle	(town) independent of a rural district / unitary-authority	*Kreis* mistranslated as "circle"; the term is administrative.
adjectives	adjectives_002	mehrjährig	english	high	gloss	hardy	multi-year / lasting several years; (botany) perennial	"hardy" is *winterhart*; the given gloss is simply wrong.
adjectives	adjectives_002	bezüglich	word	high	notadj	listed as adjective, "referential", C1	remove — *bezüglich* is a preposition (+ genitive) "regarding/concerning"	non-adjective in the adjective deck; "referential" is not a sense it has.
adjectives	adjectives_002	gesellig	english	high	gloss	chummily/clubbable/clubby	sociable / convivial / companionable	first gloss is an adverb, the rest are obscure; core meaning absent.
adjectives	adjectives_002	hartnäckig	english	high	gloss	adamantine/besetting/bulldog	stubborn / persistent / tenacious	thesaurus junk; none of the three is a usable translation.
adjectives	adjectives_002	schräg	english	high	gloss	askance/askant/aslant	slanting / at an angle / crooked; (colloq.) odd, offbeat	archaic/rare adverbs only; the everyday senses are missing.
adjectives	adjectives_002	flott	english	high	gloss	able to navigate/afloat/fashionable	quick / brisk / snappy; (of a car etc.) running	leads with rare nautical senses; the core "quick, brisk" sense is absent.
adjectives	adjectives_002	formell	english	high	gloss	prim	formal	outright wrong translation of a very common word (and A1 tag compounds the harm).
adjectives	adjectives_002	fünft / sechst	word	high	notadj	fünft "fifth", sechst "sixth"	remove both (ordinal numerals, and bare stems that never occur uninflected)	numerals contaminating the adjective deck; only *fünfte(r)*, *sechste(r)* exist.
adjectives	adjectives_002	verbreitet	english	high	gloss	popular	widespread / common / prevalent	*verbreitet* says nothing about being liked; "popular" is *beliebt*.
adjectives	adjectives_002	plastisch	english	high	gloss	plastic	vivid / graphic; three-dimensional	false friend — the material sense is *Plastik-/Kunststoff-*; learners will misuse it.
adjectives	adjectives_002	einsam	english	high	gloss	alone/deserted/isolated	lonely / lonesome; (of a place) remote, deserted	the core sense "lonely" is missing and "alone" (= *allein*) is put first.
adjectives	adjectives_002	weitläufig	english	medium	gloss	distant/lengthy/long-drawn-out	spacious / sprawling / extensive; (of relatives) distant	the main spatial sense is absent.
adjectives	adjectives_002	winterlich	english	medium	gloss	hiemal/winterish/wintery	wintry	"hiemal" is obscure, "winterish" not English, "wintery" a US-leaning misspelling.
adjectives	adjectives_002	zusammengefasst	english	medium	gloss	summarily	summarised / in summary	"summarily" means "without formality/abruptly" — a different word.
adjectives	adjectives_002	energetisch	english	medium	gloss	energetic/energetically	energy-related (e.g. *energetische Sanierung*); (physics) energetic	false friend — "energetic (lively)" is *energisch/dynamisch*.
adjectives	adjectives_002	geistlich	english	medium	gloss	spiritual	religious / clerical / sacred (*geistliche Musik*)	"spiritual" is *geistig/spirituell*; *geistlich* is specifically ecclesiastical.
adjectives	adjectives_002	pflegerisch	english	medium	gloss	custodial	nursing / care-related	"custodial" suggests guardianship or prison, not nursing care.
adjectives	adjectives_002	nachweislich	english	medium	gloss	provable	demonstrable / proven / demonstrably	"provable" is *nachweisbar*; *nachweislich* asserts it has been proven.
adjectives	adjectives_002	entschieden	english	medium	gloss	determined/evident/obvious	decided / resolute / emphatic(ally)	"evident/obvious" is not a sense of *entschieden*.
adjectives	adjectives_002	königlich	english	medium	gloss	enormous/generous/royal	royal / regal; (fig.) lavish	the literal, dominant sense is buried in third place.
adjectives	adjectives_002	geladen	english	medium	gloss	armed/charged/invited	loaded (gun, lorry); charged (battery); invited; (colloq.) fuming	"armed" is wrong for *geladene Waffe* and "loaded" is missing.
adjectives	adjectives_002	faktisch	english	medium	gloss	effective	actual / de facto / in practice	"effective" invites confusion with *effektiv/wirksam*.
adjectives	adjectives_002	rückläufig	english	medium	gloss	retrograde	declining / falling / downward	statistical sense is the everyday one; "retrograde" is astronomical/pejorative.
adjectives	adjectives_002	gesucht	english	medium	gloss	affected/in demand	sought-after / in demand; (police) wanted	leads with the rare stylistic sense "contrived"; "wanted" missing.
adjectives	adjectives_002	zurückhaltend	english	medium	gloss	aloof/cautious/low-key	reserved / restrained / discreet	"aloof" is pejorative; the neutral core sense is absent.
adjectives	adjectives_002	quadratisch	english	medium	gloss	quadratic/square	square; (maths) quadratic	the technical maths sense is placed before the everyday one.
adjectives	adjectives_002	verboten	english	medium	gloss	forbidden/prohibited/verboten	forbidden / prohibited	the gloss leaks the German lemma itself as an "English" equivalent.
adjectives	adjectives_002	übergeordnet	english	medium	gloss	high-level/higher-level/importance	superordinate / higher-level / overarching	third element is a stray noun — corrupted gloss.
adjectives	adjectives_002	belastend	english	medium	gloss	annoying/be a strain/incriminating	stressful / burdensome; (law) incriminating	contains a verb phrase instead of an adjective, and "annoying" is too weak.
adjectives	adjectives_002	seriös	english	medium	gloss	reputable/serious	reputable / respectable / trustworthy	classic false friend; "serious" (= *ernst*) should not appear.
adjectives	adjectives_002	originell	english	medium	gloss	original/creative	inventive / novel / quirky	false friend — "original (authentic)" is *original/ursprünglich*, a separate entry (rank 1075).
adjectives	adjectives_002	prominent	english	medium	gloss	prominent	famous / well-known (celebrity)	German *prominent* is narrower — of public figures only; bare "prominent" misleads.
adjectives	adjectives_002	medial	english	medium	gloss	media/medial	media-related / in the media	English "medial" (= middle) is a false friend and should be dropped.
adjectives	adjectives_002	unangenehm	english	medium	gloss	disagreeable/nasty	unpleasant / uncomfortable / awkward	the standard equivalent is missing and "nasty" is too strong.
adjectives	adjectives_002	souverän	english	medium	gloss	sovereign	assured / masterful / commanding; (politics) sovereign	the frequent everyday sense (*souverän auftreten*) is absent.
adjectives	adjectives_002	prinzipiell	english	medium	gloss	on principle/principled	in principle / fundamental(ly)	"principled" (= *prinzipientreu*) is wrong.
adjectives	adjectives_002	bedarfsgerecht	english	medium	gloss	adequate	needs-based / tailored to demand	gloss loses the whole *Bedarf* component.
adjectives	adjectives_002	gehoben	english	medium	gloss	cheerful/elevated/exalted	elevated / refined / upmarket (register, class); (mood) buoyant	leads with a marginal sense; the register/quality sense dominates in use.
adjectives	adjectives_002	niederländisch	english	medium	gloss	Dutch/netherlands	Dutch	"netherlands" is a lower-cased country noun, not an adjective.
adjectives	adjectives_002	saarländisch	english	medium	gloss	saarlandic/saarlandish	Saarland (adj.) / from the Saarland	both forms are invented non-words, and lower-cased.
adjectives	adjectives_002	prozentual	english	medium	gloss	percentaged/percental	percentage (adj.) / in percentage terms	neither English form exists.
adjectives	adjectives_002	multimedial	english	medium	gloss	multimedially	multimedia (adj.)	gloss is a non-existent adverb; no adjective translation given.
adjectives	adjectives_002	tendenziell	english	medium	gloss	by trend	tending to / on the whole / broadly	"by trend" is not English.
adjectives	adjectives_002	sämtlich	word	medium	notadj	sämtlich "all/entire"	cite as *sämtliche* (attributive only)	bare stem never occurs uninflected — same class as *letzt/nächst*.
adjectives	adjectives_002	vorder	word	medium	notadj	vorder "fore/forward/front"	cite as *vordere(r)* (attributive only)	bare stem, never used predicatively or uninflected.
adjectives	adjectives_002	seltsam	english	medium	gloss	bizarre/eerie/queer	strange / odd / peculiar	core sense missing; "queer" is register-inappropriate for a learner app.
adjectives	adjectives_002	untersucht	word	medium	junk	untersucht "probed", A2	drop, or gloss as "examined/investigated"	bare verb participle, and "probed" is the wrong register/sense.
adjectives	adjectives_002	bare past participles as adjective lemmas	word	medium	junk	vorgestellt, definiert, gemacht, orientiert, betrieben, besucht, geschaffen, hergestellt, gebaut, verkauft, geschrieben, finanziert, aktualisiert	remove from the adjective deck (keep genuinely lexicalised ones like *gebraucht, besetzt, verboten, verletzt*)	corpus artefacts — these are verb forms, not dictionary adjectives.
adjectives	adjectives_002	bogus or redundant English -ic/-ical variants	english	medium	gloss	psychologisch "psychologic/…", theologisch "theologic/…", pharmazeutisch "pharmaceutic/…", geologisch "geologic/…", identisch "identic/…", architektonisch "architectonic/…", psychiatrisch "…/psychiatrical", statisch "…/statical", didaktisch "…/didactical", therapeutisch "…/therapeutical", klimatisch "…/climatical/climatically", akustisch "…/acoustical", analytisch "analytic/…", ethnisch "…/ethnical", archäologisch "…/archeological", abstrakt "…/conceptional"	keep one standard British form each (psychological, theological, pharmaceutical, geological, identical, architectural, psychiatric, static, didactic, therapeutic, climatic, acoustic, analytical, ethnic, archaeological, abstract/conceptual)	the non-existent or dispreferred variant is often listed first, so the app shows it.
adjectives	adjectives_002	American spellings and UK/US doublets in one gloss	english	low	gloss	hochkarätig "high-caliber", gelernt "learned/learnt", unberührt "unspoiled/unspoilt", vollwertig "full-fledged/fully-fledged", sommerlich "summerlike/summery", obig "above-mentioned/abovementioned", preisgekrönt "prize-winning/prizewinning", gebraucht "second-hand/secondhand"	one British form only: high-calibre, learnt, unspoilt, fully-fledged, summery, above-mentioned, prize-winning, second-hand	house style is British English, single form per sense.
adjectives	adjectives_002	typos in glosses	english	low	gloss	traditionsreich "rich in tradtion", aggressiv "thugish", einseitig "onesided"	"rich in tradition", "thuggish", "one-sided"	straight misspellings.
adjectives	adjectives_002	obscure, archaic or wrong sense placed first	english	low	gloss	pur "absolute/pure", neutral "neuter/neutral", brutal "bestial/…", gigantisch "gargantuan/…", fruchtbar "fecund/…", drohend "…/minatory", nahtlos "imperceptible/seamless", geheimnisvoll "arcane/mysterious", handlich "habile/handy", unterirdisch "subterranean/subterraneous/underground", schlau "…/leery", vertrauensvoll "optimistic/trustful", unabdingbar "inalienable/indispensable", solidarisch "solidary/…", versehentlich "…/indeliberate/…", fett "bold/fat", wert "valued/worth", redaktionell "editing/editorial", dumm "dumb/stupid", hell "bright/light/sharp"	lead with the everyday British-English equivalent and drop the rare/invented members	the app shows the first gloss, so learners meet "gargantuan", "habile", "solidary" before "huge", "handy", "in solidarity".
adjectives	adjectives_002	adverb, noun or phrase glosses for adjectives	english	low	gloss	konstant "…/constantly", strikt "…/strictly", molekular "…/molecularly", humorvoll "…/humorously", diagnostisch "…/diagnostically", verfassungsrechtlich "…/constitutionally", nennenswert "appreciable/significantly", einverstanden "agreed/agreement", bürokratisch "…/red tape", spielend "effortless/hands down", zwischenzeitlich "in the meantime/in the meanwhile", wettbewerbsfähig "capable of competition", urheberrechtlich "by copyright", schnellstmöglich "as soon as possible", hiesig "from hereabout/local", reizvoll "full of appeal", empfehlenswert "…/recommendable", förmlich "…/really", unbedingt "absolute/at all events/by all means"	give an adjective gloss (interim; competitive; copyright (adj.); appealing; worth recommending; as quick as possible; local; worth mentioning …)	mixing adverbs/nouns/paraphrases into an adjective deck blurs the part of speech.
adjectives	adjectives_002	relational adjectives glossed as bare nouns	english	low	gloss	betriebswirtschaftlich, kassenärztlich, datenschutzrechtlich, städtebaulich, zivilgesellschaftlich, gymnasial, allgemeinbildend, sonderpädagogisch, frühkindlich, universitär, polizeilich, strafrechtlich, behördlich	gloss as adjectives ("relating to business administration", "under statutory health insurance", "urban-planning (adj.)", "grammar-school (adj.)", "criminal-law (adj.)", "official, by the authorities" …)	a bare noun phrase leaves the learner unsure how to use the word.
adjectives	adjectives_002	missing common core sense	english	low	gloss	bösartig (no "malignant"), geschätzt (no "estimated"), glatt (no "slippery"), bedeckt (no "covered"), angezeigt (only the formal "appropriate"; no "displayed/reported"), bewegt (only "eventful"), pflanzlich (only "vegetable"; no "plant-based"), ganzjährig ("perennial" first), einjährig (only "one-year-old"), lateinisch ("Roman" questionable), sichtlich ("obvious" only; usually "visibly"), federführend ("leading"; better "in charge/lead"), alleinig ("exclusive"; better "sole"), grenzüberschreitend ("transnational"; better "cross-border"), mittelfristig ("middle-term" non-idiomatic), aussagekräftig ("expressive"; better "informative/telling"), niedergelassen (better "in private practice"), bestanden ("stood"), gefächert (only occurs in *breit gefächert*), konservativ ("tory" party-specific and lower-cased)	as noted in brackets	each loses or distorts the sense a learner most needs.
adjectives	adjectives_002	duplicate lemma pair	word	low	junk	geographisch (rank 1203) and geografisch (rank 1390), both "geographical"	keep one spelling	same word twice in one deck; also *demographisch* uses the -ph- variant inconsistently.
adjectives	adjectives_002	CEFR outliers	cefr	low	cefr	originell A1, formell A1, populär A1, geehrt A1, anstrengend A1, untersucht A2, befristet A2, winzig C1, zart C1, kindlich C1, schlau C1	roughly B2/B1 for the first group; B1/B2 for the last four	several non-basic words tagged A1/A2 and several common ones tagged C1.
adjectives	adjectives_002	German spelling variants	word	low	junk	essentiell, bayrisch	prefer *essenziell*, *bayerisch*	both given forms are permissible but are the secondary variants.
adjectives	adjectives_003	sauer	english	high	gloss	acid/angry/annoyed	sour/acidic/angry (annoyed)	the core A2 sense "sour" (taste) is missing entirely; "acid" is a noun-flavoured mistranslation.
adjectives	adjectives_003	siebt	word	high	notadj	siebt = "seventh"	drop (ordinal numeral; never occurs uninflected — only *siebte/siebter*)	bare ordinal stem and a numeral, not a usable adjective lemma.
adjectives	adjectives_003	rückgängig	english	high	gloss	declining/retrogressive	"(etw.) rückgängig machen = to cancel / undo / reverse"	the word occurs virtually only in the collocation *rückgängig machen*; the given gloss is wrong.
adjectives	adjectives_003	fündig	english	high	gloss	rich	"fündig werden = to strike lucky / find what one is looking for"	"rich" is simply wrong; the word is bound to *fündig werden*.
adjectives	adjectives_003	jährig	word	high	notadj	jährig = "-year-old/annual"	drop (bound suffix element: *dreijährig*, *volljährig*)	not a free-standing adjective; the gloss even admits it with a leading hyphen.
adjectives	adjectives_003	vorletzt	word	high	notadj	vorletzt = "second to last"	vorletzte (only inflected)	bare stem that never occurs uninflected — the `letzt` problem.
adjectives	adjectives_003	unerlässlich	english	high	gloss	essentially	essential/indispensable	adverb given for an adjective — factually wrong part of speech.
adjectives	adjectives_003	strafbar	english	high	gloss	accusable/actionable/amerciable	punishable/criminal (offence)	primary sense absent; "amerciable" is archaic legal jargon, "accusable" is not English usage.
adjectives	adjectives_003	zehnt	word	high	notadj	zehnt = "tenth"	drop (ordinal numeral, uninflected form does not occur; *der Zehnt* is a noun = tithe)	same as *siebt* — numeral/bare stem.
adjectives	adjectives_003	allererst	word	high	notadj	allererst = "very first"	allererste (only inflected)	bare stem; uninflected *allererst* only exists in *zuallererst* (adverb).
adjectives	adjectives_003	gläsern	english	high	gloss	glassen/glazen	glass (attr.)/glassy	both glosses are non-words in English.
adjectives	adjectives_003	acht	english	high	gloss	acht = "eighth"	acht = "eight" (the ordinal is *achte*) — and it is a cardinal numeral, not an adjective	wrong translation of a top-frequency word plus numeral contamination.
adjectives	adjectives_003	altersbedingt	english	high	gloss	conditioned by dude	age-related/due to age	corrupted gloss ("dude" for *Alter*); complete garbage.
adjectives	adjectives_003	ungenügend	english	high	gloss	F	insufficient/inadequate (also German school mark 6 = fail)	no translation at all, just a grade letter — and "F" is not even the German grade.
adjectives	adjectives_003	lesbisch	english	high	gloss	dykey/lesbian	lesbian	a slur is placed first as the primary gloss.
adjectives	adjectives_003	anorganisch	english	high	gloss	epenthetic/haphazard/inanimate	inorganic	wholly wrong; none of the three glosses means *anorganisch*.
adjectives	adjectives_003	vorbehaltlich	word	high	notadj	vorbehaltlich = "subject to/with reservation"	drop (preposition governing the genitive)	not an adjective — the gloss itself is prepositional.
adjectives	adjectives_003	greifbar	english	medium	gloss	concrete/palpably close/within reach	tangible/palpable/within reach	the standard equivalent "tangible" is missing; "palpably close" is not idiomatic.
adjectives	adjectives_003	rechnerisch	english	medium	gloss	calculative/mathematical	arithmetical/in numerical terms/on paper	"calculative" in English means scheming — a false lead.
adjectives	adjectives_003	erprobt	english	medium	gloss	approved/proved	tried and tested/proven	"approved" is *genehmigt*; the tested/reliable sense is lost.
adjectives	adjectives_003	alphabetisch	english	medium	gloss	alphabetical/alphabetically/in alphabatical order	alphabetical	misspelling "alphabatical" plus a redundant adverb and phrase.
adjectives	adjectives_003	naturgemäß	english	medium	gloss	in accordance with nature	naturally/by its very nature (also: in accordance with nature)	the dominant modern (adverbial, "as one would expect") sense is missing.
adjectives	adjectives_003	saftig	english	medium	gloss	hefty/juicy/vivid	juicy/succulent (fig. hefty)	the everyday sense is buried behind a figurative one; "vivid" is wrong.
adjectives	adjectives_003	gehalten	english	medium	gloss	controlled/selfcontrolled	restrained/subdued (of tone/colour); *gehalten sein zu* = obliged to	wrong sense and "selfcontrolled" is misspelled/unhyphenated.
adjectives	adjectives_003	sozialpolitisch	english	medium	gloss	sociopolitical	social-policy (related), concerning social policy	"sociopolitical" is *gesellschaftspolitisch* (rank 1429) — the two entries are now duplicates.
adjectives	adjectives_003	umständlich	english	medium	gloss	long-winded	awkward/laborious/complicated (of a person: fussy)	gloss covers only one narrow sub-sense of a common word.
adjectives	adjectives_003	unbestimmt	cefr	medium	cefr	A1	B2/C1	abstract legal/grammatical adjective tagged as beginner vocabulary.
adjectives	adjectives_003	ausschließlich	english	medium	gloss	exclusive	exclusively/solely (adv.); also "exclusive"	the word is overwhelmingly used as an adverb/preposition; the learner-relevant sense is absent.
adjectives	adjectives_003	beruhigend	english	medium	gloss	sedative/soothing	reassuring/calming/soothing	"sedative" is a noun and a medical narrowing; the everyday sense "reassuring" is missing.
adjectives	adjectives_003	erfahrungsgemäß	english	medium	gloss	empirical	in our experience/experience shows/as experience has shown	"empirical" is *empirisch*; this word is adverbial.
adjectives	adjectives_003	belastet	english	medium	gloss	fraught	burdened/polluted/contaminated (also: incriminated)	"fraught" captures none of the three main uses.
adjectives	adjectives_003	packend	english	medium	gloss	moving/thrilling	gripping/riveting/thrilling	"moving" is *rührend*; the standard equivalent "gripping" is absent.
adjectives	adjectives_003	abendlich	english	medium	gloss	vespertine	evening (attr.), in the evening	obscure literary English word as the sole gloss.
adjectives	adjectives_003	merkwürdig	english	medium	gloss	remarkable/strange	strange/odd/peculiar	false-friend sense ("remarkable" = *bemerkenswert*) placed first.
adjectives	adjectives_003	tariflich	english	medium	gloss	according/by negotiation/negotiated	under the collective (wage) agreement, contractually agreed	gloss is corrupted — "according" dangles with no complement.
adjectives	adjectives_003	volljährig	english	medium	gloss	full age	of age/legally an adult (18+)	not an English adjective phrase; unusable as given.
adjectives	adjectives_003	wasserdicht	english	medium	gloss	airtight/impermeable/waterproof	waterproof/watertight	"airtight" is *luftdicht* — wrong; the correct gloss is third.
adjectives	adjectives_003	befriedigend	english	medium	gloss	acceptable/adequate/fair	satisfactory (also German school mark 3)	the standard equivalent "satisfactory" is missing.
adjectives	adjectives_003	fatal	english	medium	gloss	fatal	disastrous/unfortunate/awkward (rarely "fatal"; deadly = *tödlich*)	untagged false friend — German *fatal* usually does not mean deadly.
adjectives	adjectives_003	gentechnisch	english	medium	gloss	genetically modified	genetic-engineering (related), by genetic engineering	"genetically modified" is *gentechnisch verändert* — the gloss swallows the participle.
adjectives	adjectives_003	unangemessen	english	medium	gloss	improper/inadequate/inadequately	inappropriate/unsuitable/improper	the primary equivalent "inappropriate" is missing and an adverb form is padded in.
adjectives	adjectives_003	arbeitslos	english	medium	gloss	jobless/on the dole/out of work	unemployed/out of work	"unemployed" — the word a learner needs — is absent; "on the dole" is colloquial.
adjectives	adjectives_003	ausnahmslos	english	medium	gloss	exceptionless/unexceptional/without exception	without exception/universal	"unexceptional" means ordinary — an outright wrong sense.
adjectives	adjectives_003	offensiv	english	medium	gloss	offensive	attacking/aggressive/proactive (sport, tactics)	false friend — German *offensiv* does not mean insulting.
adjectives	adjectives_003	grausam	english	medium	gloss	brutal/cold/cold-blooded	cruel/brutal	the primary equivalent "cruel" is missing; "cold" is misleading.
adjectives	adjectives_003	stufenlos	english	medium	gloss	without/free of degree	continuously variable/stepless/infinitely adjustable	corrupted, meaningless gloss.
adjectives	adjectives_003	ungeeignet	english	medium	gloss	improper/inapplicable/inappropriate	unsuitable/unfit/inappropriate	the core sense "unsuitable" is missing.
adjectives	adjectives_003	forstlich	english	medium	gloss	forestal/silvicultural	forestry (attr.), relating to forestry	"forestal" is not standard English; the remaining gloss is technical jargon.
adjectives	adjectives_003	sonderlich	english	medium	gloss	espacial/particular/peculiar	particular/especial (chiefly in negatives: *nicht sonderlich* = not particularly)	"espacial" is a typo/non-word; the negative-polarity use is unmentioned.
adjectives	adjectives_003	herzhaft	english	medium	gloss	courageous/determined/hearty	hearty/savoury/substantial (food)	dated figurative sense first; the everyday food sense last.
adjectives	adjectives_003	ideell	english	medium	gloss	ideal/ideational	non-material/moral (e.g. *ideelle Unterstützung* = moral support)	"ideal" is a false friend (*ideal* exists separately in German).
adjectives	adjectives_003	erleichtert	english	medium	gloss	alleviated/facilitated/relieved	relieved (of a person); also eased/facilitated	the common learner sense is placed last behind two technical readings.
adjectives	adjectives_003	gebührend	english	medium	gloss	adequate	due/fitting/proper (e.g. *gebührender Abstand*)	"adequate" misses the "due/proper" meaning.
adjectives	adjectives_003	human	english	medium	gloss	human/humane/moderate	humane (human = *menschlich*)	false friend with the wrong sense first.
adjectives	adjectives_003	krass	english	medium	gloss	crass	blatant/glaring/extreme; colloq. "insane/awesome"	"crass" is a near-homograph with a different meaning; the dominant colloquial use is absent.
adjectives	adjectives_003	gewaltfrei	english	medium	gloss	peaceful	non-violent	"peaceful" is *friedlich*; loses the specific non-violence sense.
adjectives	adjectives_003	zäh	english	medium	gloss	dense/obstinate/sluggish	tough (meat)/tenacious/slow-moving	primary senses missing; "dense" is wrong.
adjectives	adjectives_003	nüchtern	english	medium	gloss	mundane/prosaic/sober	sober; on an empty stomach; matter-of-fact	main senses last or missing (the *nüchtern* = fasting sense is absent).
adjectives	adjectives_003	verträglich	english	medium	gloss	agreeable/peaceable/tolerable	easily digestible/well tolerated (medicine, food); also easy-going	the dominant modern sense is missing.
adjectives	adjectives_003	gedeckt	english	medium	gloss	sober	muted/subdued (colours); covered; (table) laid	single obscure gloss for a word with three common uses.
adjectives	adjectives_003	kontaktlos	english	medium	gloss	without/free of contact	contactless (payment, card)	corrupted phrasing; the everyday term is absent.
adjectives	adjectives_003	teilweise	english	medium	gloss	partial	partly/in part/in some cases (adv.)	the word is overwhelmingly adverbial; learners meet it as "partly".
adjectives	adjectives_003	nachdenklich	english	medium	gloss	make think/musing/pensive	pensive/thoughtful (*nachdenklich machen* = to give food for thought)	"make think" is a corrupted fragment placed first.
adjectives	adjectives_003	prekär	english	medium	gloss	awkward/embarrassing/parlous	precarious (esp. *prekäre Beschäftigung*); also awkward	the primary equivalent is missing; "parlous" is archaic.
adjectives	adjectives_003	handfest	english	medium	gloss	hearty/robust	solid/hard (evidence, facts); substantial	the standard use (*handfeste Beweise*) is not covered.
adjectives	adjectives_003	zweckmäßig	english	medium	gloss	expedient	practical/functional/appropriate (to purpose)	"expedient" carries an English connotation of political convenience that *zweckmäßig* lacks.
adjectives	adjectives_003	gebrochen	english	medium	gloss	blackletter/broken/fractional	broken (also *gebrochenes Deutsch* = broken German)	a highly obscure typographic sense is placed first.
adjectives	adjectives_003	rauchfrei	english	medium	gloss	free of fume	smoke-free/non-smoking	corrupted, ungrammatical gloss.
adjectives	adjectives_003	geil	english	medium	gloss	awesome/cool/aroused	awesome/great (colloq.); vulgar: horny — mark register	a vulgar sense is listed without any register warning.
adjectives	adjectives_003	vage	english	medium	gloss	fuzzy/hazily/sketchy	vague	the obvious cognate is missing and an adverb is listed instead.
adjectives	adjectives_003	bundesdeutsch	english	medium	gloss	West German/federal German	(Federal) German, of the Federal Republic	"West German" is only the pre-1990 reading and is now misleading.
adjectives	adjectives_003	schillernd	english	medium	gloss	inscrutable/iridescent	iridescent/shimmering; (of a person) colourful, shady	"inscrutable" is wrong and placed first.
adjectives	adjectives_003	gelaunt	english	medium	gloss	humoured	only in *gut/schlecht gelaunt* = in a good/bad mood	bare gloss is unusable; the word never stands alone.
adjectives	adjectives_003	übergewichtig	english	medium	gloss	obese/overweight	overweight	"obese" (= *fettleibig*) is a stronger claim placed first.
adjectives	adjectives_003	fantasievoll	english	medium	gloss	full of fantasy	imaginative/creative	literal calque; *Fantasie* here means imagination, not fantasy.
adjectives	adjectives_003	stressfrei	english	medium	gloss	free of aggro	stress-free/relaxed	obscure British slang instead of the plain equivalent (and the entry is tagged A2).
adjectives	adjectives_003	argentinisch	cefr	medium	cefr	A1	B1+ / untagged	a low-frequency nationality adjective tagged as first-week vocabulary.
adjectives	adjectives_003	blitzschnell	english	medium	gloss	at lightning speed/at the double/in a jiffy	lightning-fast/quick as a flash	three adverbial phrases and no adjective translation.
adjectives	adjectives_003	hoheitlich	english	medium	gloss	grandiose/official	sovereign/governmental (exercise of public authority)	"grandiose" is wrong (that is *hoheitsvoll*).
adjectives	adjectives_003	frischgebacken	english	medium	gloss	emergent/fledgeling/fledgling	newly qualified/brand-new (*frischgebackene Eltern*, newly-weds); lit. freshly baked	the actual idiomatic sense is missing and one gloss is duplicated in two spellings.
adjectives	adjectives_003	American spellings / mixed UK+US in one gloss	english	low	gloss	orthopädisch "orthopaedic/orthopedic"; hundertprozentig "hundred per cent/hundred percent"; wechselvoll "checkered/chequered"; geübt "practiced"; karg "meager"; homöopathisch "homeopathic/homoeopathic"	orthopaedic; hundred per cent; chequered; practised; meagre; homoeopathic	British-only, one form per gloss (6 entries).
adjectives	adjectives_003	Same English word listed twice in variant/archaic forms	english	low	gloss	ideologisch "ideologic/ideological"; kommunistisch "communist/communistic"; iranisch "Irani/Iranian"; chronologisch "chronologic/chronological"; pragmatisch "pragmatic/pragmatical"; silbern "silver/silvern"; provisorisch "…/provisory"; rhythmisch "rhythmic/rhythmical"; liturgisch "liturgic/liturgical"; naiv "naive/naïve"; herbstlich "autumnal/autumnlike"; nordöstlich "north-easterly/northeasterly"; brandneu "brand new/brand-new"; bahnbrechend "ground-breaking/groundbreaking"; alkoholfrei "non-alcoholic/nonalcoholic"	keep one standard form each (ideological, communist, Iranian, chronological, pragmatic, silver, provisional, rhythmic, liturgical, naive, autumnal, north-easterly, brand-new, ground-breaking, non-alcoholic)	non-standard or duplicate variants inflate the gloss without adding meaning (15 entries).
adjectives	adjectives_003	Adverb form padded into an adjective gloss	english	low	gloss	auffallend, ereignisreich, buchstäblich, rustikal, freundschaftlich, unvorstellbar, semantisch, hierarchisch, augenscheinlich	adjective gloss only (drop "conspicuously", "eventfully", "rustically", "amicably", "inconceivably", "semantically", "hierarchically", "apparently")	mixes parts of speech in an adjective deck (9 entries).
adjectives	adjectives_003	Low-value regional/proper-noun-derived adjectives	word	low	junk	märkisch, mecklenburgisch, badisch, böhmisch, bremisch, bayernweit, hamburgisch, hannoversch, württembergisch ("of Wurttemberg", umlaut lost), kalifornisch, thüringisch	drop or demote below core vocabulary	corpus artefacts of German regional news text; no learner value at this frequency band (11 entries).
adjectives	adjectives_003	haltbar	english	low	gloss	durable	durable; (food) keeps well, non-perishable	the food sense (*haltbar bis*) is the one learners meet.
adjectives	adjectives_003	sinnlich	english	low	gloss	sensory/sensual	sensual/sensuous; (tech.) sensory	ordering — the everyday sense is second.
adjectives	adjectives_003	aromatisch	english	low	gloss	aromatic/distinctive/flavourful	aromatic/flavourful	"distinctive" is not a sense of *aromatisch*.
adjectives	adjectives_003	geordnet	english	low	gloss	ordered	orderly/in order/tidy	"ordered" reads as commanded or ordered goods.
adjectives	adjectives_003	additiv	english	low	gloss	additional/additive	additive/cumulative	"additional" is *zusätzlich*.
adjectives	adjectives_003	urkundlich	english	low	gloss	documentary	documented/recorded in documents (*urkundlich erwähnt*)	"documentary" suggests film.
adjectives	adjectives_003	unerheblich	english	low	gloss	irrelevant	negligible/insignificant; (law) immaterial	narrow gloss.
adjectives	adjectives_003	begehbar	english	low	gloss	walk-in/walkable for pedestrians	walk-in (wardrobe); accessible on foot	second gloss is clumsy English.
adjectives	adjectives_003	befreundet	english	low	gloss	close/friendly/friends	friends (with), on friendly terms	"close" first is imprecise.
adjectives	adjectives_003	beidseitig	english	low	gloss	bilateral	on both sides/double-sided; (fig.) mutual	"bilateral" is the narrow diplomatic reading.
adjectives	adjectives_003	gemein	english	low	gloss	common/mean	mean/nasty; (dated/tech.) common	ordering — "common" is the dated sense.
adjectives	adjectives_003	zahllos	english	low	gloss	countless/innumerable/uncountable	countless/innumerable	"uncountable" is a grammar term, not this sense.
adjectives	adjectives_003	vollumfänglich	english	low	gloss	comprehensive/fully extensive	full/complete/in full	"fully extensive" is not idiomatic.
adjectives	adjectives_003	paritätisch	english	low	gloss	equal	on an equal basis, with equal representation, 50:50	gloss too vague to be usable.
adjectives	adjectives_003	skeptisch	english	low	gloss	sceptic/sceptical	sceptical	"sceptic" is a noun.
adjectives	adjectives_003	körpereigen	english	low	gloss	endogenous	the body's own, naturally occurring in the body	technical term only.
adjectives	adjectives_003	umweltschonend	english	low	gloss	eco friendly	eco-friendly/environmentally friendly	missing hyphen.
adjectives	adjectives_003	oberflächlich	english	low	gloss	glib/superficial	superficial/shallow (also cursory)	ordering; "glib" is a narrow reading.
adjectives	adjectives_003	artenreich	english	low	gloss	species-rich/speciose	species-rich/biodiverse	"speciose" is specialist jargon.
adjectives	adjectives_003	bezogen	english	low	gloss	related/referred to	only in *bezogen auf* = with reference to; also (bed) made up, (chair) covered	bound form presented as a free adjective.
adjectives	adjectives_003	gruselig	english	low	gloss	creepy/gruesome/scary	creepy/spooky/scary	"gruesome" is *grausig/scheußlich*.
adjectives	adjectives_003	kontrastreich	english	low	gloss	contrasty	high-contrast, full of contrast	"contrasty" is photographer's slang.
adjectives	adjectives_003	nervig	english	low	gloss	pesky	annoying/irritating	dated/odd register for a very common colloquial word.
adjectives	adjectives_003	morgig	english	low	gloss	future/tomorrow/tomorrow's	tomorrow's	"future" first is wrong-ish; only the third gloss is right.
adjectives	adjectives_003	diskret	english	low	gloss	discreet/discrete	discreet (tactful); (maths) discrete	two unrelated English words listed unlabelled — invites a spelling error.
adjectives	adjectives_003	erfahrbar	english	low	gloss	experienceable	able to be experienced, tangible, accessible to experience	non-standard coinage.
adjectives	adjectives_003	halbjährlich	english	low	gloss	biannual/half-yearly/semestral	half-yearly/every six months	"biannual" is ambiguous, "semestral" obscure.
adjectives	adjectives_003	mager	english	low	gloss	barren/lean/skinny	lean (meat)/thin; (fig.) meagre; (soil) poor	ordering — "barren" is the least likely sense.
adjectives	adjectives_003	selbstgemacht	english	low	gloss	self-made/homemade	homemade/home-made	"self-made" reads as *self-made man*.
adjectives	adjectives_003	roh	english	low	gloss	crude/raw/rough	raw (food)/crude/rough	ordering — "raw" is the learner sense.
adjectives	adjectives_003	homosexuell	english	low	gloss	gay/homosexual	homosexual/gay	register mismatch with the lemma; *schwul* already covers "gay" (rank 1510).
adjectives	adjectives_003	nordisch	english	low	gloss	nordic	Nordic/Northern European	capitalisation.
adjectives	adjectives_003	bildungspolitisch	english	low	gloss	education policy	education-policy (related), concerning education policy	noun phrase used as an adjective gloss.
adjectives	adjectives_003	stattlich	english	low	gloss	considerable/goodly/grand	imposing/impressive; (sum) considerable	"goodly" is archaic.
adjectives	adjectives_003	wirtschaftswissenschaftlich	english	low	gloss	economics/economic science	economic (as an academic field), in economics	noun-phrase gloss.
adjectives	adjectives_003	geraum	english	low	gloss	considerable/long	only in *seit geraumer Zeit* = for quite some time	effectively a bound form; uninflected use does not occur.
adjectives	adjectives_003	hässlich	english	low	gloss	nasty/ugly	ugly; (fig.) nasty	ordering for an A1 word.
adjectives	adjectives_003	vermeidbar	english	low	gloss	avertable/avoidable/evitable	avoidable/preventable	"evitable" and "avertable" are archaic/rare.
adjectives	adjectives_003	zivilrechtlich	english	low	gloss	by civil law	under civil law, civil-law (attr.)	phrasing.
adjectives	adjectives_003	taktil	english	low	gloss	tactile/tactual	tactile	"tactual" is obscure.
adjectives	adjectives_003	vergeben	english	low	gloss	taken	(of a person) taken/spoken for; (of a post) already allocated/awarded — note the homograph verb *vergeben* = to forgive	single-word gloss hides the awarding sense and the verb clash.
adjectives	adjectives_003	ebenerdig	english	low	gloss	at-grade/ground level	at ground level, on the ground floor, step-free	"at-grade" is civil-engineering jargon.
adjectives	adjectives_003	notariell	english	low	gloss	notarial	notarised, before a notary (*notariell beglaubigt*)	rare adjective; the collocation is what learners meet.
adjectives	adjectives_003	ungültig	english	low	gloss	invalid/nonvalid	invalid/no longer valid/expired	"nonvalid" is not English.
adjectives	adjectives_003	unschön	english	low	gloss	unaesthetic/unattractive/unbeautiful	unattractive/unpleasant/unsightly	"unbeautiful"/"unaesthetic" are non-standard.
adjectives	adjectives_003	vorstehend	english	low	gloss	above-mentioned/above-named/above-said	above-mentioned/preceding; also protruding	"above-said" is not English; the physical sense is missing.
adjectives	adjectives_003	aufschlussreich	english	low	gloss	instructive	revealing/illuminating/informative	duplicates the gloss of *lehrreich* and misses "revealing".
adjectives	adjectives_003	fachdidaktisch	english	low	gloss	subject-specific didactics	subject-didactics (attr.), relating to subject teaching methodology	noun-phrase gloss.
adjectives	adjectives_003	geformt	english	low	gloss	figured/formed/modelled	shaped/formed/moulded	"figured" is wrong.
adjectives	adjectives_003	phantastisch	word	low	junk	phantastisch = "fantastic"	fantastisch (post-1996 spelling)	outdated spelling variant duplicating a live lemma.
adjectives	adjectives_003	steuerfrei	english	low	gloss	tax-exempt/tax-free/taxless	tax-free/tax-exempt	"taxless" is not English.
adjectives	adjectives_003	versandkostenfrei	english	low	gloss	free of forwarding costs/postage-free	free postage/free delivery/postage paid	calque; "forwarding costs" is not the term.
adjectives	adjectives_003	wirtschaftspolitisch	english	low	gloss	economic	economic-policy (related), concerning economic policy	collides with plain *wirtschaftlich*.
adjectives	adjectives_003	arbeitsrechtlich	english	low	gloss	labour law	employment-law (attr.), under employment law	noun-phrase gloss.
adjectives	adjectives_003	spurlos	english	low	gloss	traceless	without a trace (*spurlos verschwinden*)	"traceless" is not idiomatic.
adjectives	adjectives_003	steuerpflichtig	english	low	gloss	declarable/dutiable/liable for taxation	taxable/liable to tax	the plain term is missing.
adjectives	adjectives_003	unruhig	english	low	gloss	irregular/restless	restless/uneasy; (sleep) fitful	ordering.
adjectives	adjectives_003	matt	english	low	gloss	dull/frosted/mat	matt (finish); dull; (person) listless	"mat" is a different word (floor mat).
adjectives	adjectives_003	missbräuchlich	english	low	gloss	improper/incorrect	abusive/improper (use), in breach of the rules	"incorrect" is too weak.
adjectives	adjectives_003	krankhaft	english	low	gloss	pathological/patologic	pathological; (fig.) obsessive	"patologic" is a typo/non-word.
adjectives	adjectives_003	hilfsbereit	english	low	gloss	cooperative/cooperatively/helpful	helpful/willing to help	"cooperative" is *kooperativ*, plus an adverb is padded in.
adjectives	adjectives_003	holländisch	english	low	gloss	Dutch/Hollandic	Dutch	"Hollandic" is a dialectological term.
adjectives	adjectives_003	sprechend	english	low	gloss	descriptive/expressive/meaningful	speaking; (*sprechender Name*) telling, self-explanatory	the literal participle sense is missing.
adjectives	adjectives_003	würzig	english	low	gloss	spicy	well-seasoned/savoury/aromatic	"spicy" (hot) is *scharf* — invites confusion.
adjectives	adjectives_003	deftig	english	low	gloss	coarse/crude/hearty	hearty/substantial (food); (language) coarse	ordering — the food sense dominates.
adjectives	adjectives_003	gedanklich	english	low	gloss	intellectual	mental/in one's mind, in thought	"intellectual" is *intellektuell*.
adjectives	adjectives_003	ingenieurwissenschaftlich	english	low	gloss	engineering science	engineering (attr.), in engineering science	noun-phrase gloss.
adjectives	adjectives_003	krankheitsbedingt	english	low	gloss	disease-related	due to illness, on account of sickness	the usual German use is adverbial (absence from work).
adjectives	adjectives_003	befahren	english	low	gloss	busy	(of a road) used, busy — note the homograph verb *befahren* = to drive on	one-word gloss with no marking of the verb clash.
adjectives	adjectives_003	überfällig	english	low	gloss	inopportune/late/overdue	overdue	"inopportune" is wrong (*ungelegen*).
adjectives	adjectives_003	unschuldig	english	low	gloss	innocent/virginal	innocent/not guilty	"virginal" is a marginal literary sense.
adjectives	adjectives_003	baldig	english	low	gloss	speedy	early/prompt/soon (*baldige Antwort* = an early reply)	"speedy" misses the "soon" element.
adjectives	adjectives_003	diskriminierend	english	low	gloss	discriminating/discriminatory	discriminatory	"discriminating" means discerning — opposite connotation.
adjectives	adjectives_003	doof	english	low	gloss	daft/dull	stupid/silly/daft (colloq.)	"dull" is off; also A1 is optimistic for slang.
adjectives	adjectives_003	eiskalt	english	low	gloss	cold/cold blooded/freezing	ice-cold/freezing; (fig.) cold-blooded	missing hyphen and weak first gloss.
adjectives	adjectives_003	essbar	english	low	gloss	eatable/edible	edible	"eatable" is non-standard and placed first.
adjectives	adjectives_003	protestantisch	english	low	gloss	protestant	Protestant	capitalisation.
adjectives	adjectives_004	personal	word	high	notadj	2504 `personal` — "personal"	remove; the German adjective is `persönlich` (or `personell` for staff-related)	`personal` is not a German adjective — only the noun *das Personal* (staff); this is an English word contaminating the deck.
adjectives	adjectives_004	neunt	word	high	notadj	2685 `neunt` — "ninth"	remove (or list as `der neunte`); bare ordinal stem	numeral, and a stem that never occurs uninflected.
adjectives	adjectives_004	unbehandelt	english	high	gloss	2103 "natural/real/unattended"	"untreated"	none of the three glosses is the word's meaning; "unattended" is *unbeaufsichtigt*.
adjectives	adjectives_004	gelagert	english	high	gloss	2235 "different/in special cases/stocked"	"stored" (idiom: *anders gelagert* = of a different nature)	first gloss "different" is flatly wrong; the entry has been built out of a fragment of an idiom.
adjectives	adjectives_004	beitragsfrei	english	high	gloss	2416 "free of article"	"non-contributory/free of contributions"	corrupted — *Beitrag* mistranslated as "article".
adjectives	adjectives_004	belegt	english	high	gloss	2417 "seized"	"occupied/taken (seat, room); coated (tongue); documented, proven"	"seized" is wrong in every sense of the word.
adjectives	adjectives_004	durchsichtig	english	high	gloss	2420 "clear/diaphanous/diaphragmatic"	"transparent/see-through"	the core gloss "transparent" is missing and "diaphragmatic" (of the diaphragm) is nonsense here.
adjectives	adjectives_004	hohl	english	high	gloss	2336 "bland/concave/empty"	"hollow"	the primary meaning is absent entirely and "bland" is wrong.
adjectives	adjectives_004	fulminant	english	high	gloss	2425 "fulminant"	"brilliant/dazzling/rousing"	false cognate — English *fulminant* is a medical term (fulminant hepatitis); German *fulminant* means dazzlingly good.
adjectives	adjectives_004	szenisch	english	high	gloss	2353 "scenic"	"staged/dramatic/relating to a scene" (*szenische Lesung* = staged reading)	false friend — English "scenic" = *landschaftlich*.
adjectives	adjectives_004	überholt	english	high	gloss	2520 "overhauled"	"outdated/obsolete" (also "overhauled", "overtaken")	by far the commonest sense is missing, and the sole gloss given points the learner the wrong way.
adjectives	adjectives_004	abgestorben	english	high	gloss	2531 "deaf/numb"	"dead/withered (plant, tissue); numb (limb)"	"deaf" is wrong; the main sense (dead/necrotic) is missing.
adjectives	adjectives_004	erwerbsfähig	english	high	gloss	2661 "capable of acquirement"	"fit for work/able to work/employable"	word-by-word calque that means nothing in English; this is a fixed legal/administrative term.
adjectives	adjectives_004	verschreibungspflichtig	english	medium	gloss	2108 "prescription"	"prescription-only/available only on prescription"	noun given where an adjective is needed.
adjectives	adjectives_004	alleinstehend	english	medium	gloss	2112 "detached/single/unattached"	"single/living alone" (buildings: *freistehend*)	the building sense is put first; the learner sense is "single".
adjectives	adjectives_004	angefertigt	english	medium	gloss	2113 "fabricated/made"	"made/produced/manufactured"	"fabricated" in modern English reads as "invented, made up".
adjectives	adjectives_004	blöd	english	medium	gloss	2116 "frustrating/silly/stupid"	"stupid/silly; annoying"	wrong first sense; "frustrating" is not a translation of *blöd*.
adjectives	adjectives_004	feminin	english	medium	gloss	2120 "female/feminine", A1	"feminine"; CEFR B2	*feminin* = feminine (in manner/style/grammar); "female" is *weiblich*. A1 is a gross under-rating for this register.
adjectives	adjectives_004	marode	english	medium	gloss	2128 "indisposed/rickety"	"dilapidated/run-down/crumbling (infrastructure); ailing (company)"	dominant modern sense missing; "indisposed" is archaic.
adjectives	adjectives_004	umweltbewusst	english	medium	gloss	2143 "ecology-minded"	"environmentally aware/environmentally conscious"	not idiomatic English.
adjectives	adjectives_004	verlassen	english	medium	gloss	2145 "abandoned/alone"	"abandoned/deserted" (note: homograph of the very common verb *verlassen*, "to leave")	"alone" is *allein/einsam*; learners also need the verb warning.
adjectives	adjectives_004	verschneit	english	medium	gloss	2146 "niveous/snow covered/snowy"	"snow-covered/snowy"	"niveous" is an obscure literary word placed first.
adjectives	adjectives_004	eigenhändig	english	medium	gloss	2155 "holograph/single-handed/with one's own hand"	"in one's own hand/personally signed"	obscure legal term first; "single-handed" is a different idea.
adjectives	adjectives_004	gebraten	english	medium	gloss	2156 "roasted"	"fried; roasted"	the pan sense ("fried") is the everyday one and is missing.
adjectives	adjectives_004	majestätisch	english	medium	gloss	2162 "imperial/majestic/regal"	"majestic/regal"	"imperial" (*kaiserlich*) placed first is wrong.
adjectives	adjectives_004	routinemäßig	english	medium	gloss	2173 "as a matter of routine/ho-hum/perfunctory"	"routine/regular/as a matter of routine"	"ho-hum" is not a translation and reads as slang noise.
adjectives	adjectives_004	straff	english	medium	gloss	2178 "erect/firm/strict"	"taut/tight/firm; tight (schedule)"	"erect" is wrong and the core sense "taut" is missing.
adjectives	adjectives_004	vital	english	medium	gloss	2184 "essential/vital"	"full of life/vigorous/lively" (of a person)	false-friend trap — German *vital* describes vigour, not necessity. Compare 2494 *lebensnotwendig* = "essential/vital".
adjectives	adjectives_004	völkerrechtlich	english	medium	gloss	2185 "international law"	"under international law/relating to international law"	bare noun given for an adjective.
adjectives	adjectives_004	geschmeidig	english	medium	gloss	2201 "adaptable/lithe/pliable"	"supple/smooth/lithe"	"adaptable" first misses the physical core sense.
adjectives	adjectives_004	internetbasiert	english	medium	gloss	2202 "based Internet"	"Internet-based"	corrupted word order.
adjectives	adjectives_004	unkontrolliert	english	medium	gloss	2222 "abandoned/unchecked/uncontrolled"	"uncontrolled/unchecked"	"abandoned" is wrong.
adjectives	adjectives_004	ansteckend	english	medium	gloss	2226 "catching/contagious/epidemic"	"contagious/infectious"	"epidemic" is a different concept; "catching" is colloquial and misleading first.
adjectives	adjectives_004	beherzt	english	medium	gloss	2229 "doughty"	"bold/spirited/courageous"	sole gloss is an archaism no learner will recognise.
adjectives	adjectives_004	inoffiziell	english	medium	cefr	2241 "off the record/unofficial", A1	"unofficial/off the record"; CEFR B2	A1 is a gross mismatch and the idiom is put before the plain translation.
adjectives	adjectives_004	unverständlich	english	medium	gloss	2266 "inapprehensible/incomprehensible/unintelligible"	"incomprehensible/unintelligible"	"inapprehensible" is effectively a non-word.
adjectives	adjectives_004	verschwunden	english	medium	gloss	2269 "lost"	"disappeared/vanished/missing"	"lost" is *verloren*.
adjectives	adjectives_004	zeitig	english	medium	gloss	2274 "early/in good time/ripe"	"early/in good time"	"ripe" is *reif*.
adjectives	adjectives_004	enttäuscht	english	medium	gloss	2288 "crestfallen/disappointed"	"disappointed/crestfallen"	obscure literary word ahead of the everyday translation of a common word.
adjectives	adjectives_004	leichtfertig	english	medium	gloss	2296 "carelessly/frivolously"	"careless/rash/frivolous"	adverbs only; no adjective translation given.
adjectives	adjectives_004	zweimalig	english	medium	gloss	2320 "twice"	"twofold/occurring twice/two-time"	"twice" is the adverb *zweimal*; the adjective is not glossed.
adjectives	adjectives_004	ausdauernd	english	medium	gloss	2322 "persevering/persistant/stamina"	"persevering/persistent; having stamina"	"persistant" is misspelled and "stamina" is a noun in an adjective gloss.
adjectives	adjectives_004	schrill	english	medium	gloss	2349 "fancy/shrill"	"shrill/piercing; garish (of style)"	"fancy" is wrong.
adjectives	adjectives_004	simuliert	english	medium	gloss	2350 "bogus/malingered/pretended"	"simulated/feigned"	the obvious cognate is missing; "malingered" is bizarre.
adjectives	adjectives_004	verzögert	english	medium	gloss	2361 "deferred/delayed/retarded"	"delayed/deferred"	"retarded" is offensive in current English and should be removed.
adjectives	adjectives_004	hitzig	english	medium	gloss	2377 "fevered/hot-headed"	"heated (debate); hot-headed"	the commonest collocation sense ("heated") is missing.
adjectives	adjectives_004	überlegen	cefr	medium	cefr	2398 "predominant/superior", A1	"superior"; CEFR B2 (and flag the homograph verb *überlegen*, "to think over")	A1 is a gross mismatch; "predominant" first is off, and learners meet the verb long before the adjective.
adjectives	adjectives_004	unerfahren	english	medium	gloss	2400 "inexperienced/virginal"	"inexperienced"	"virginal" is a wrong-register sense the entry shouldn't teach.
adjectives	adjectives_004	eben	english	medium	gloss	2421 "even/plain/smooth"	"flat/level/even" — and note the far commoner particle/adverb use "just (now), just so"	the geometric core sense "flat/level" is missing and the dominant everyday use isn't hinted at.
adjectives	adjectives_004	kompromisslos	english	medium	gloss	2438 "hard-line/intransigent/intransigently"	"uncompromising"	the direct translation is absent and an adverb is padding the list.
adjectives	adjectives_004	lächerlich	english	medium	gloss	2440 "absurd/comical/funny"	"ridiculous/laughable/absurd"	"ridiculous" — the core gloss — is missing, and "funny" misleads (that's *lustig*).
adjectives	adjectives_004	lackiert	english	medium	gloss	2492 "foppish/lacquered/painted"	"lacquered/varnished/painted"	"foppish" is an unrelated archaism placed first.
adjectives	adjectives_004	nebenberuflich	english	medium	gloss	2501 "avocational"	"part-time/as a sideline/in addition to one's main job"	sole gloss is an obscure Americanism.
adjectives	adjectives_004	paradiesisch	english	medium	gloss	2503 "paradisaic/paradisaical"	"heavenly/idyllic/blissful"	two vanishingly rare variants of one word; no usable English given.
adjectives	adjectives_004	platt	english	medium	gloss	2506 "bromidic/flabbergasted/flat"	"flat (also *platter Reifen* = flat tyre); gobsmacked, stunned (*platt sein*); banal"	"bromidic" is an absurd first gloss for a common colloquial word.
adjectives	adjectives_004	anpassungsfähig	english	medium	gloss	2467 "capable of accommodation"	"adaptable/flexible"	calque that no English speaker would produce.
adjectives	adjectives_004	glanzvoll	english	medium	gloss	2548 "full of brightness"	"brilliant/glittering/splendid"	literal calque, not a translation.
adjectives	adjectives_004	gleichgestellt	english	medium	gloss	2549 "coequal"	"on an equal footing/treated as equal/given equal status"	"coequal" is legal-archaic and doesn't convey the everyday German use.
adjectives	adjectives_004	gewölbt	english	medium	gloss	2613 "arched/concave/convex"	"arched/vaulted/convex"	"concave" is the opposite (*konkav*) — self-contradictory gloss.
adjectives	adjectives_004	salzig	english	medium	gloss	2631 "briny/saline/salted"	"salty"	the one word a learner needs is missing.
adjectives	adjectives_004	aufrichtig	english	medium	gloss	2596 "candid/cordial/cordially"	"sincere/honest/candid"	"sincere/honest" — the core sense — is absent, and an adverb pads the list.
adjectives	adjectives_004	wertig	english	medium	gloss	2651 "significant"	"of (a certain) value/quality" — chiefly in compounds (*hochwertig*, *minderwertig*)	"significant" is wrong; the bare lemma is barely usable standalone.
adjectives	adjectives_004	ansehnlich	english	medium	gloss	2655 "considerably"	"considerable/substantial; handsome, good-looking"	an adverb is given for an adjective, and one whole sense is missing.
adjectives	adjectives_004	gesättigt	english	medium	gloss	2670 "mature/satiate/saturated"	"saturated (chemistry, market); full, satiated"	"mature" is wrong; "satiate" is not the adjective form.
adjectives	adjectives_004	intransparent	english	medium	gloss	2676 "intransparent"	"opaque/lacking transparency/non-transparent"	"intransparent" is not standard English — the gloss just repeats the German.
adjectives	adjectives_004	ungefährlich / gefahrlos	english	medium	gloss	2697 and 2720 both "dangerless/safe"	"harmless/safe" (2697); "safe/without risk" (2720)	"dangerless" is not an English word.
adjectives	adjectives_004	verzweigt	english	medium	gloss	2701 "ramified"	"branched/branching; sprawling (network)"	sole gloss is technical Latinate English no learner will know.
adjectives	adjectives_004	gestanden	word	medium	junk	2723 `gestanden` — "accomplished"	remove, or gloss as "seasoned, grown (*ein gestandener Mann*)"	this is chiefly the past participle of *stehen/gestehen*; as an adjective it is a fixed collocation, and "accomplished" alone misleads.
adjectives	adjectives_004	gestreift	english	medium	gloss	2779 "belted/fasciated/striped"	"striped"	"belted" and "fasciated" are wrong/technical and pushed ahead of the only real translation.
adjectives	adjectives_004	meisterhaft	english	medium	gloss	2789 "brilliantly/expertly/in masterly fashion"	"masterly/masterful/expert"	adverbs only; no adjective translation.
adjectives	adjectives_004	orangen	word	medium	junk	2744 `orangen` — "orange (colour)"	lemma should be `orange`	`orangen` is an inflected attributive form, not the citation form.
adjectives	adjectives_004	mühevoll	english	medium	gloss	2737 "full of effort"	"laborious/arduous/painstaking"	calque rather than translation.
adjectives	adjectives_004	schmerzfrei / gebührenfrei / emissionsfrei / nährstoffreich / actionreich / internetfähig / ersatzlos	english	medium	gloss	2348 "free of ache", 2157 "fee-free", 2331 "free of emission", 2564 "rich in nutrient", 2706 "rich in action", 2675 "capable of Internet", 2715 "without/free of replacement"	"pain-free", "free of charge", "emission-free/zero-emission", "rich in nutrients/nutritious", "action-packed", "Internet-enabled", "without replacement"	one family of mechanically calqued compound glosses — ungrammatical or unidiomatic English.
adjectives	adjectives_004	gesundheitspolitisch / energiepolitisch / marktwirtschaftlich / geisteswissenschaftlich	english	medium	gloss	2290 "health policy", 2603 "energy policy", 2559 "market economy", 2665 "humanities"	"relating to health policy", "relating to energy policy", "free-market/market-economy (adj.)", "relating to the humanities"	bare nouns given as glosses for adjectives (same defect as *völkerrechtlich*).
adjectives	adjectives_004	anhängig	english	low	gloss	2114 "pendent/pending"	"pending (before a court)"	"pendent" is the wrong word in the wrong order.
adjectives	adjectives_004	besorgniserregend	english	low	gloss	2115 "alarming/worrisome"	"alarming/worrying"	"worrisome" is chiefly American; British English prefers "worrying".
adjectives	adjectives_004	filigran	english	low	gloss	2121 "filigree"	"delicate/intricate/finely wrought"	gloss is really a noun; the usual figurative sense is missing.
adjectives	adjectives_004	öffentlichkeitswirksam	english	low	gloss	2129 "effective in publicity/high-profile"	"high-profile/attention-grabbing"	first gloss is not idiomatic.
adjectives	adjectives_004	proprietär	english	low	gloss	2132 "closed/proprietary"	"proprietary"	ordering — "closed" is at best a contextual gloss.
adjectives	adjectives_004	schattig	english	low	gloss	2137 "shadowy/shady"	"shady (giving shade)"	"shadowy" carries a sinister overtone the German lacks.
adjectives	adjectives_004	strittig	english	low	gloss	2141 "controversial/disputed/litigious"	"contested/disputed/at issue"	"litigious" describes people, not matters.
adjectives	adjectives_004	umgangssprachlich / achtsam / ironisch / neidisch / metabolisch / liebend	english	low	gloss	2142 "…/colloquially/demotic", 2149 "…/carefully", 2242 "ironic/ironical/ironically", 2565 "…/jealously", 2682 "…/metabolically", 2442 "…/lovingly"	drop the adverb forms from adjective glosses; for *achtsam* add "mindful"; for *ironisch* drop archaic "ironical"	adverbs padding adjective glosses (grouped); also obscure "demotic".
adjectives	adjectives_004	restlos / schlagartig / bedenkenlos / gemächlich / vorschnell / händisch / tagelang	english	low	gloss	2172 "completely", 2448 "abruptly/suddenly", 2283 "unscrupulously/without thinking", 2610 "gently/leisurely/quiet", 2704 "hastily/premature/rash", 2614 "by hand/manually", 2312 "for days/lasting for days"	give the adjective first — "complete/total", "sudden/abrupt", "unhesitating/unscrupulous", "leisurely/unhurried", "premature/rash", "manual", "lasting for days"	adverbial glosses lead in entries filed as adjectives (grouped).
adjectives	adjectives_004	anatomisch / astronomisch / asymmetrisch / biografisch / empathisch	english	low	gloss	2188 "anatomic/anatomical", 2189 "astronomic/astronomical", 2708 "asymmetric/asymmetrical", 2325 "biographic", 2659 "empathetic/empathic"	keep one form each, the British-standard longer one: "anatomical", "astronomical", "asymmetrical", "biographical", "empathetic"	two spellings of one word in a single gloss, with the American-preferred short form listed first.
adjectives	adjectives_004	biografisch / biographisch	word	low	junk	2325 `biografisch` "biographic" and 2326 `biographisch` "biographical"	keep one lemma (`biografisch`), glossed "biographical"	same word twice as adjacent entries via a German spelling variant.
adjectives	adjectives_004	pink / rosa	english	low	gloss	2211 "pink" and 2447 "pink"	*pink* = "bright/hot pink", *rosa* = "pink, pale pink"	two different German colours share one identical gloss.
adjectives	adjectives_004	stet	word	low	junk	2218 "constant/continuous/incessant"	keep but mark literary; the live forms are *stets* (adv.) and *ständig*	attributive-only literary stem, not used predicatively.
adjectives	adjectives_004	automobil	word	low	notadj	2536 "automotive"	probably remove; *Automobil* is a noun, the adjective is vanishingly rare outside set phrases	reads as corpus noise from compounds.
adjectives	adjectives_004	erzgebirgisch / unterfränkisch / pommersch / niederbayerisch / oberbayerisch / oberfränkisch / ostfriesisch / pfälzisch / schlesisch / kanarisch	word	low	junk	2195, 2358, 2507, 2619, 2792, 2793, 2567, 2505, 2217, 2379	consider dropping from a frequency-ranked learner deck	hyper-local regional adjectives crowding the 2100–2800 band ahead of far commoner vocabulary; *pfälzisch* is also better glossed "of the Palatinate" than "Palatine".
adjectives	adjectives_004	baltisch	english	low	gloss	2368 "baltic"	"Baltic"	proper adjective needs a capital (every other nationality gloss in the batch has one).
adjectives	adjectives_004	altbekannt / trist / entzündungshemmend / autofrei / betrunken / unmenschlich / karitativ	english	low	gloss	2225 "well-known/wellknown", 2454 "dismall/…", 2604 "antiinflammatory", 2470 "carfree", 2473 "…/ebrious", 2698 "…/unhuman", 2436 "caritative/…"	"well-known"; "dismal"; "anti-inflammatory"; "car-free"; drop "ebrious"; drop "unhuman"; drop "caritative"	misspellings, missing hyphens and non-words (grouped).
adjectives	adjectives_004	fachpraktisch / oberirdisch	english	low	gloss	2544 "practical (in a specialty)", 2303 "aboveground/aerial/overground"	"…(in a speciality)"; "above-ground/overground"	American spelling/styling in a British-English deck.
adjectives	adjectives_004	wasserfest / unerkannt / gleichartig / verspielt / unerträglich / lauwarm / aufgeräumt / ehelich / realitätsnah / einsatzbereit / gemäßigt / gestört	english	low	gloss	2317 "moisture proof/…/waterproof", 2220 "incognito/…", 2431 "kindred/…", 2460 "fanciful/fussy/playful", 2263 "insufferable/…/unbearable", 2493 "halfhearted/lukewarm/…", 2760 "cheerful/tidy", 2767 "conjugal/connubial/marital", 2255 "near/close to reality", 2601 "fit to play/…", 2666 "guarded/moderate/…", 2671 "crazy/disturbed/…"	lead with the everyday sense — "waterproof", "unrecognised", "similar", "playful", "unbearable", "lukewarm", "tidy", "marital", "realistic", "ready for action", "moderate", "disturbed"	a marginal, technical or literary sense is ordered ahead of the sense the learner needs (grouped).
adjectives	adjectives_004	stumpf / blank / frontal / steuerbar / rücksichtslos / aufgelöst / rentabel / unheilbar / unlauter / holprig / diffus / erfassbar / geneigt / griffig / pikant / verhalten / turnusmäßig / heilsam / publiziert / stofflich	english	low	gloss	2450 "dull/obtuse", 2474 "bare/broke/sheer", 2546 "frontal", 2749 "controllable", 2572 "inconsiderate", 2412 "dissolved", 2511 "lucrative/payable/profitable", 2642 "…/irretrievable", 2357 "dishonest/impure/unfair", 2784 "bumpy/doggerel/halting", 2419 "diffuse/diffused/foggy", 2770 "comprehensible", 2776 "prone", 2550 "catchy", 2625 "juicy/piquant/savoury", 2647 "bated/restrained/subdued", 2354 "rotational/rotative", 2432 "salutary", 2347 "publicised/published", 2517 "as regards subject matter/…"	add or fix the missing core sense — "blunt"; "shiny, polished"; "head-on"; "steerable; taxable"; "ruthless, reckless"; "distraught, in tears; disbanded"; drop "payable"; drop "irretrievable"; "unfair (competition)" first; drop "doggerel"; drop "foggy"; "recordable, quantifiable"; "inclined"; "grippy; handy; catchy"; "spicy, piquant" first; drop "bated"; "regular, periodic (by rota)"; "beneficial, healing"; "published" first; "material, in terms of content"	one sub-sense missing or one wrong gloss each; none rises above a style/completeness issue (grouped).
adjectives	adjectives_004	feminin / dreckig / steif / verwirrt / ironisch / regnerisch / hellblau / riesengroß / glutenfrei / eilig / gehörlos / mehrmalig / textil	cefr	low	cefr	A1, B2, C1, C1, C1, C1, C1, C1, C1, A1, A2, A2, C1 respectively (2120, 2153, 2176, 2223, 2242, 2746, 2782, 2800, 2334, 2287, 2547, 2443, 2452)	roughly B2, A2/B1, B1, B1, B2, A2, A2, B1, B2, A2, B2, B2, B2	grouped CEFR drift — everyday words (*rötlich*-class colours, *regnerisch*, *hellblau*, *riesengroß*, *verwirrt*) tagged C1, while *feminin*, *eilig*, *inoffiziell* and *überlegen* sit at A1/A2.
adjectives	adjectives_004	pompös	english	low	gloss	2796 "pompous"	"ostentatious/grandiose" (of buildings, events); "pompous" only of people	partial false friend — German *pompös* usually describes things, English "pompous" people.
adjectives	adjectives_004	befallen / dominiert	word	low	junk	2324 "infested", 2330 "dominated"	acceptable as participial adjectives, but *befallen* collides with the common verb *befallen* and *dominiert* is a bare passive participle	thin dictionary entries; flag only if the deck is trimming participles.
adjectives	adjectives_004	kundenspezifisch / dreistellig / sechsjährig / schlüsselfertig / originalgetreu / letztmalig / umwerfend / neuerlich / lichtdurchflutet / käuflich / gewichtig / praxisrelevant / wachsam / aufdringlich / mannigfaltig / obdachlos / unempfindlich / abbaubar / vorgelagert / finster / schmuck / abschreckend / unübersehbar / vordergründig / gesundheitsschädlich / versicherungspflichtig / fachfremd / händeringend	english	low	gloss	see rows 2126, 2154, 2175, 2308, 2620, 2557, 2638, 2301, 2245, 2293, 2291, 2252, 2407, 2709, 2735, 2743, 2752, 2410, 2272, 2718, 2393, 2148, 2699, 2463, 2480, 2756, 2773, 2725	tighten to natural English — e.g. "bespoke/customised", "three-digit", "six-year-old", "turnkey/ready for occupancy", "true to the original", "final/for the last time", "stunning/amazing", "renewed/fresh", "flooded with light", "for sale; bribable", "weighty/significant", "relevant to practice", "vigilant/alert", "pushy/intrusive", "varied/diverse", drop "houseless/unsheltered", "insensitive; hard-wearing", drop "recoverable", "upstream; offshore/outlying", "dark/gloomy/sinister", "smart/neat", "off-putting/deterrent", "vast; unmistakable", "ostensible/superficial", "harmful to health", "subject to compulsory insurance", "outside one's own field", "desperate (wringing one's hands)"	understandable but stilted or incomplete glosses; no factual error (grouped for brevity).
adjectives	adjectives_005	teamfähig	english	high	gloss	capable of team	able to work in a team / good team player	machine-mangled compound gloss, not English.
adjectives	adjectives_005	weh	english	medium	cefr	painful/sore/woebegone, A1	sore/painful (chiefly in *weh tun* "to hurt"); not A1 as an attributive adjective	attributive *weh* is poetic/marginal; A1 tag comes from the *wehtun* idiom, and "woebegone" is archaic.
adjectives	adjectives_005	zeichnerisch	english	medium	gloss	drawing/draftsmanship	graphic / relating to drawing (as adverb: "in draughtsmanship")	two nouns given for an adjective, plus American "draftsmanship".
adjectives	adjectives_005	alkoholisiert	english	high	gloss	alcoholised	intoxicated / under the influence of alcohol	"alcoholised" is not an English word.
adjectives	adjectives_005	detailgetreu	english	low	gloss	detailed	faithful in every detail / true to detail	loses the "faithful/accurate" core; *detailliert* is "detailed".
adjectives	adjectives_005	dunkelbraun	english	low	gloss	dark brown/puce	dark brown	"puce" is an obscure and inaccurate colour equivalent.
adjectives	adjectives_005	fromm	english	medium	gloss	devotional/docile/godly	pious/devout (of animals: docile)	core sense "pious/devout" missing; "devotional" describes things, not people.
adjectives	adjectives_005	glamourös	english	low	gloss	glamorous/glamourous	glamorous	two spellings of the same word, one of them non-standard.
adjectives	adjectives_005	korrupt	english	low	gloss	bent/corrupt	corrupt	slang "bent" placed before the neutral equivalent (alphabetical artefact).
adjectives	adjectives_005	klebrig	english	low	gloss	gluey/sticky	sticky	everyday sense demoted below a rarer one.
adjectives	adjectives_005	risikoreich	english	high	gloss	rich in chance	risky / high-risk	nonsense gloss; "Risiko" mistranslated as "chance".
adjectives	adjectives_005	standesamtlich	english	low	gloss	civil	civil (registry-office), e.g. *standesamtliche Trauung* = civil wedding	bare "civil" is too vague to be usable.
adjectives	adjectives_005	unerreichbar	english	low	gloss	inaccessible	unreachable / unattainable / (phone) not contactable	main learner senses missing.
adjectives	adjectives_005	unüberwindbar	english	low	gloss	insuperable/unsurmountable	insurmountable / insuperable	"unsurmountable" is a non-standard form.
adjectives	adjectives_005	verärgert	english	medium	gloss	angrily/angry/annoyed	annoyed / cross / angry	an adverb heads the gloss of an adjective.
adjectives	adjectives_005	ansprechbar	english	medium	gloss	addressable/responsive	approachable / responsive / (medical) responsive, conscious	computing jargon first; the human sense "approachable" is missing.
adjectives	adjectives_005	außenpolitisch	english	medium	gloss	external/with regard to foreign affairs	foreign-policy (attr.) / in terms of foreign policy	bare "external" is misleading.
adjectives	adjectives_005	berufen	english	low	gloss	qualified/called	appointed (to a post); (rare) competent, authoritative	participle used as lemma; "called" without context is unclear.
adjectives	adjectives_005	eigenartig	english	medium	gloss	characteristic/peculiar/strange	strange / odd / peculiar	"characteristic" (= *eigen, eigentümlich*) heads the gloss; wrong first sense.
adjectives	adjectives_005	einstellig	english	high	gloss	monadic	single-digit	logic jargon; the everyday numeric sense is entirely absent.
adjectives	adjectives_005	fordernd	english	medium	gloss	demanding/entitled	demanding / challenging	"entitled" is not a sense of *fordernd*.
adjectives	adjectives_005	gefiedert	english	low	gloss	compound/feathered/pinnate	feathered; (botany) pinnate	botanical "compound" placed first.
adjectives	adjectives_005	geflügelt	english	medium	gloss	alate/aliferous/winged	winged (also *geflügeltes Wort* = well-known saying)	two obscure zoological terms before the ordinary word.
adjectives	adjectives_005	gefühlvoll	english	medium	gloss	full of affection	sensitive / soulful / with feeling	mistranslated paraphrase; *gefühlvoll* is about feeling, not affection.
adjectives	adjectives_005	genussvoll	english	high	gloss	full of gender	with relish / pleasurable / savouring	nonsense — *Genuss* confused with *Genus* (grammatical gender).
adjectives	adjectives_005	hoffnungsvoll / lustvoll	english	low	gloss	"full of hope" / "full of desire"	hopeful, promising / sensual, with gusto	literal "full of X" paraphrases instead of the natural English adjective.
adjectives	adjectives_005	grell	english	medium	gloss	flashy/lurid	glaring, dazzling (light); garish (colour); shrill (sound)	primary light/colour sense missing.
adjectives	adjectives_005	gutmütig	english	low	gloss	docile/good-natured	good-natured	rarer sense first.
adjectives	adjectives_005	induktiv	english	medium	gloss	inductively	inductive	adverb given for an adjective.
adjectives	adjectives_005	kapitalistisch	english	low	gloss	capitalistic	capitalist	non-idiomatic English form.
adjectives	adjectives_005	rigoros	english	medium	gloss	rigorous/savagely	rigorous / strict / uncompromising	"savagely" is an adverb and overstates the meaning.
adjectives	adjectives_005	schwindelerregend	english	low	gloss	vertiginous	dizzying / vertiginous	only a rare register offered.
adjectives	adjectives_005	ungesichert	english	low	gloss	insecure/unsecured/unwarranted	unsecured / not secured / (data) unverified	"unwarranted" is not a sense of *ungesichert*.
adjectives	adjectives_005	unlösbar	english	low	gloss	indissoluble/insoluble	unsolvable (problem); indissoluble (bond)	chemistry reading first; the common "unsolvable" sense absent.
adjectives	adjectives_005	vornehm	english	medium	gloss	aristocratic/capital/distinguished	distinguished / refined / posh	"capital" is wrong for *vornehm*.
adjectives	adjectives_005	waschecht	english	medium	gloss	fast/genuine/pure	genuine / dyed-in-the-wool; (of dye) colour-fast	"fast" first is opaque and "pure" is wrong.
adjectives	adjectives_005	US/mis-spellings	english	low	gloss	gelähmt "paralyzed"; mörderisch "grueling"; fußballerisch "soccer-playing"; wendig "maneuvrable"; heimelig "homey"	paralysed; gruelling; footballing; manoeuvrable; cosy/homely	British English bank; "maneuvrable" is also misspelled in both varieties.
adjectives	adjectives_005	abendländisch	english	low	gloss	occidental	Western / occidental	only the archaic term offered.
adjectives	adjectives_005	archaisch	english	high	gloss	archaic/obsolet	archaic / obsolete	"obsolet" is the German word, not English.
adjectives	adjectives_005	arithmetisch	english	low	gloss	arithmetical/arithmetically	arithmetical	adverb bundled into an adjective gloss.
adjectives	adjectives_005	auditiv	english	medium	gloss	auditorily/auditory	auditory / aural	adverb heads the gloss.
adjectives	adjectives_005	dreifach	flags	medium	notadj	notDeclinable	declinable (*die dreifache Menge*, *ein dreifacher Sieg*)	flag will suppress correct inflected forms.
adjectives	adjectives_005	fakultativ	english	medium	gloss	facultative	optional / elective	"facultative" is technical; the everyday sense is "optional".
adjectives	adjectives_005	gleichgültig	english	medium	gloss	apathetic/complacent/indifferent	indifferent / not caring; (*es ist mir gleichgültig*) it makes no difference to me	"complacent" is wrong and the core sense is listed last.
adjectives	adjectives_005	gruppenbezogen	english	medium	gloss	related to group	group-related / group-specific	word-order-mangled gloss.
adjectives	adjectives_005	handlungsfähig	english	high	gloss	capable of act	able to act / functioning; (law) having legal capacity	ungrammatical machine gloss.
adjectives	adjectives_005	heidnisch	english	medium	gloss	gentile/heathen/heathenish	pagan / heathen	biblical "gentile" first; the standard modern word "pagan" is missing.
adjectives	adjectives_005	horrend	english	low	gloss	horrendous	exorbitant (prices, costs) / horrendous	almost exclusively used of prices; commonest sense missing.
adjectives	adjectives_005	lösbar	english	medium	gloss	soluble	solvable (problem); (chemistry) soluble	only the chemical reading is given.
adjectives	adjectives_005	öde	english	medium	gloss	abandoned/barren/deserted	dreary, dull, boring; (of land) barren, desolate	the very common "dreary/boring" sense is missing.
adjectives	adjectives_005	performant	english	low	gloss	performant/with good performance	high-performing / efficient	circular gloss repeating the lemma; IT jargon.
adjectives	adjectives_005	redlich	english	medium	gloss	candid/do one's best/honest	honest / upright / fair	a verb phrase inside an adjective gloss; core sense listed last.
adjectives	adjectives_005	stringent	english	medium	gloss	stringent	cogent / coherent / consistent (argument)	false friend — German *stringent* is about logical consistency, not severity.
adjectives	adjectives_005	English loanwords glossed as themselves	english	low	junk	stylish "stylish"; queer "queer"; clean "clean"	n/a — consider dropping or marking as anglicisms (*clean* = drug-free, colloquial)	zero learning value as flashcards; *clean* in German is narrower than in English.
adjectives	adjectives_005	endlich	english	medium	gloss	finite/limited, A2	finite (maths/philosophy) — note that the A1/A2 word *endlich* is the adverb "finally, at last"	an A2 tag with only the technical adjective sense will mislead; the everyday sense is missing.
adjectives	adjectives_005	erhaben	english	low	gloss	lofty	sublime / majestic; (of surfaces) raised, embossed; *über etw. erhaben* = above sth.	single thin gloss for a multi-sense word.
adjectives	adjectives_005	gewollt	english	low	gloss	intended	intended, deliberate; (often pejorative) contrived, forced	the common pejorative sense is missing.
adjectives	adjectives_005	herausnehmbar	english	low	gloss	extractable	removable / detachable	unidiomatic choice.
adjectives	adjectives_005	heruntergekommen	english	low	gloss	down and out/down-and-out/run-down	run-down, dilapidated; (person) down-and-out	same phrase listed twice with and without hyphens.
adjectives	adjectives_005	innenpolitisch	english	medium	gloss	domestically	domestic-policy (attr.) / in terms of domestic politics	adverb, and too vague to identify the political sense.
adjectives	adjectives_005	klassizistisch	english	low	gloss	classicistic	neoclassical / classicist	non-idiomatic form.
adjectives	adjectives_005	mulmig	english	medium	gloss	loose/powdery/queasy	uneasy, queasy (*mir ist mulmig*); (of wood/soil) crumbly	rare material sense placed before the only common one.
adjectives	adjectives_005	namenlos	english	low	gloss	innominate/nameless	nameless / anonymous	anatomical "innominate" first.
adjectives	adjectives_005	relational adjectives glossed as bare nouns	english	low	gloss	wettbewerbsrechtlich "competition law"; intensivmedizinisch "intensive care"; arbeitsmedizinisch "occupational-medicine"; muttersprachlich "native language"; sportwissenschaftlich "sport-scientific"; zeitgeschichtlich "contemporary historical"; jagdlich "hunting"; kulturpolitisch "cultural policy"; beamtenrechtlich "civil service law"; erziehungswissenschaftlich "educational science"; ordnungspolitisch "regulatory policy"; rezeptpflichtig "prescription"	render as adjectives, e.g. "relating to competition law", "intensive-care (attr.)", "native-language (attr.)", "prescription-only"	noun phrases give no usable adjective for the learner.
adjectives	adjectives_005	selbsttätig / hinlänglich / findig / notorisch / ahnungslos / arrogant / wahnsinnig	english	low	gloss	each bundles an adverb: "automatic/automatically", "adequate/adequately/sufficient", "ingenious/resourceful/resourcefully", "notorious/notoriously/publicly known", "clueless/unaware/unsuspectingly", "arrogant/arrogantly/conceited", "incredibly/insane/insanely"	adjective forms only	adverb forms padding (and heading, for *wahnsinnig*) adjective glosses.
adjectives	adjectives_005	synodal	english	low	gloss	synodic	synodal	"synodic" is the astronomical term.
adjectives	adjectives_005	strapazierfähig	english	low	gloss	heavy-duty	hard-wearing / durable	register mismatch; used of fabrics and skin, not only equipment.
adjectives	adjectives_005	unbefriedigend / unvereinbar / prophylaktisch / prototypisch / monotheistisch / grammatisch / autobiografisch / puristisch / polemisch	english	low	gloss	non-standard variants offered, often first: "dissatisfactory", "incombinable", "prophylactical", "prototypal/prototypic", "monotheistical", "grammatic", "autobiographic", "puristic", "polemic" (adj.)	unsatisfactory; incompatible; prophylactic; prototypical; monotheistic; grammatical; autobiographical; purist; polemical	invented or rare morphological variants clutter the gloss.
adjectives	adjectives_005	unbeteiligt	english	low	gloss	impassive/indifferent/noninvolved	not involved / uninvolved; (manner) impassive	"noninvolved" is not standard English.
adjectives	adjectives_005	unschätzbar	english	low	gloss	incalculable/indispensable/invaluable	invaluable / inestimable	"indispensable" is *unentbehrlich*.
adjectives	adjectives_005	vormalig	english	low	gloss	earlier/erstwhile/former	former / previous	the standard equivalent is listed last.
adjectives	adjectives_005	wahrhaftig	english	low	gloss	in truth/real/true	truthful, veracious; (adv.) truly	adverbial phrase heads the gloss.
adjectives	adjectives_005	absetzbar	english	medium	gloss	eliminable/removable	tax-deductible; (of a person) removable from office	the dominant financial sense is missing.
adjectives	adjectives_005	zinslos / berührungslos / emissionsarm	english	medium	gloss	"without/free of interest"; "without/free of contact"; "poor in/low in emission"	interest-free; contactless; low-emission	template-generated glosses with a dangling "without/…" slot.
adjectives	adjectives_005	alteingesessen	english	medium	gloss	endemic/indigenous/long-established	long-established / old-established	biological "endemic" heads a gloss about businesses and families.
adjectives	adjectives_005	aufgebracht	english	medium	gloss	ballistic/furious/incensed	furious / incensed / up in arms	"ballistic" is a fragment of the idiom "go ballistic", not an adjective sense.
adjectives	adjectives_005	besonnen	english	medium	gloss	considerate	level-headed / prudent / composed	wrong translation — "considerate" is *rücksichtsvoll*.
adjectives	adjectives_005	dämlich	english	medium	gloss	sodding/stupid	stupid / daft	"sodding" is an intensifier, not a translation, and heads the gloss.
adjectives	adjectives_005	dreiköpfig	english	medium	gloss	three-headed	three-member / of three people (*dreiköpfige Familie*); (mythical) three-headed	the everyday sense is missing.
adjectives	adjectives_005	furios	english	medium	gloss	dynamic/furious	rousing / dazzling / whirlwind (performance)	false friend — German *furios* does not mean angry.
adjectives	adjectives_005	gefällig	english	medium	gloss	debonair/neat/obliging	pleasing, agreeable; (of a person) obliging	"debonair" is wrong and heads the gloss.
adjectives	adjectives_005	gespalten	english	medium	gloss	bifurcated/cleaved/cleft	divided, split (opinion, society); (physical) cleft, forked	only technical senses; the common figurative one is absent.
adjectives	adjectives_005	hellbraun	english	medium	gloss	fawn	light brown / pale brown	an obscure colour term for a transparent compound.
adjectives	adjectives_005	indianisch	english	medium	gloss	American Indian/Indian/Native American	Native American / indigenous American	bare "Indian" is ambiguous with *indisch*; dated terms lead.
adjectives	adjectives_005	labil	english	medium	gloss	labile	unstable, fragile; (psych.) emotionally unstable	"labile" is technical and misses the everyday psychological use.
adjectives	adjectives_005	nachlässig	english	high	gloss	oblivious	careless / negligent / sloppy	outright wrong translation.
adjectives	adjectives_005	nieder	english	medium	gloss	indecent/inferior/low	low, lowly (attributive only: *niedere Beweggründe*, *niederer Adel*)	"indecent" is wrong, and the lemma is attributive-only/archaic — mostly a prefix or adverb today.
adjectives	adjectives_005	rationell	english	medium	gloss	economic	efficient / labour-saving	mistranslation; also easily confused with *rational*.
adjectives	adjectives_005	stereotyp	english	medium	gloss	stereotype	stereotypical / stereotyped / formulaic	a noun given for an adjective.
adjectives	adjectives_005	unkritisch	english	medium	gloss	indiscriminate/indiscriminating/noncritical	uncritical; (of a situation) not critical	the obvious cognate "uncritical" is absent.
adjectives	adjectives_005	völkisch	english	medium	gloss	ethnic/national/nationalist	(Nazi/far-right) racial-nationalist, "völkisch"	historically loaded term presented as a neutral synonym of "ethnic".
adjectives	adjectives_005	grundlos	english	low	gloss	bottomless/groundless	groundless / unfounded / for no reason	literal "bottomless" first.
adjectives	adjectives_005	haushaltsüblich	english	low	gloss	common household	of a kind normally found in households / household-strength	truncated gloss.
adjectives	adjectives_005	hundertjährig	english	low	gloss	centennial	hundred-year-old / hundred-year	"centennial" describes anniversaries, not age.
adjectives	adjectives_005	meistverkauft	english	low	gloss	most-sold	best-selling	unidiomatic calque.
adjectives	adjectives_005	muffig	english	medium	gloss	mouldy	musty, fusty (air, smell); (of a person) grumpy	*muffig* is about staleness of air, not mould (*schimmelig*).
adjectives	adjectives_005	neuzeitlich	english	low	gloss	modern/new-age	modern / of the modern era (post-mediaeval)	"new-age" suggests something quite different.
adjectives	adjectives_005	österlich	english	medium	gloss	Paschal	Easter (attr.) / Easter-time	only an ecclesiastical rarity offered.
adjectives	adjectives_005	rechtsfähig	english	high	gloss	capable of jurisprudence	having legal capacity / legally competent	nonsense gloss from compound splitting.
adjectives	adjectives_005	rechtswissenschaftlich	english	medium	gloss	jurisprudent	legal-scholarly / relating to law as a discipline	"jurisprudent" is not used adjectivally in modern English.
adjectives	adjectives_005	reformatorisch	english	low	gloss	Reformation/reformatory	Reformation (attr.) / of the Reformation	"reformatory" evokes reform school.
adjectives	adjectives_005	seicht	english	low	gloss	fordable/shallow/shoal	shallow; (figurative) superficial, shallow (book, film)	rare nautical terms surround the plain sense; figurative sense missing.
adjectives	adjectives_005	schicker	word	high	junk	schicker — "shicker/shickered"	remove; the lemma is *schick* ("stylish"), *schicker* being its comparative	comparative form as lemma, glossed with Australian slang for "drunk" — wrong on both counts.
adjectives	adjectives_005	unecht	english	high	gloss	fading/improper/spurious	fake, artificial, imitation; (feelings) put on	the core sense "fake" is missing and "fading" is simply wrong.
adjectives	adjectives_005	unwohl	english	low	gloss	uncomfortable	unwell, poorly; (*sich unwohl fühlen*) ill at ease	the physical sense is missing.
adjectives	adjectives_005	verliebt	english	high	gloss	enamoured/fond/have a crush on someone	in love (*in jdn. verliebt sein*); infatuated	the standard translation "in love" is absent and the third item is a verb phrase.
adjectives	adjectives_005	wissensbasiert	english	high	gloss	based knowledge	knowledge-based	reversed compound; not English.
adjectives	adjectives_005	ärmlich	english	high	gloss	primitive	poor, shabby, meagre (*ärmliche Verhältnisse*)	wrong translation of a common adjective.
adjectives	adjectives_005	berlinisch	english	low	gloss	Berlin/Berlinese/Berlinian	Berlin (attr.) / Berlin-dialect	"Berlinian" is not an English word.
adjectives	adjectives_005	dürftig	english	low	gloss	poor	meagre / scanty / inadequate	"poor" alone suggests *arm*.
adjectives	adjectives_005	eigenmächtig	english	high	gloss	arbitrário/high-handed	high-handed / unauthorised / on one's own authority	"arbitrário" is Portuguese.
adjectives	adjectives_005	erlebnisorientiert	english	high	gloss	oriented adventure	experience-oriented	word-order-mangled, meaningless gloss.
adjectives	adjectives_005	experimentierfreudig	english	medium	gloss	experimental	keen to experiment / willing to try new things	shifts the meaning from the person's attitude to the thing itself.
adjectives	adjectives_005	gekrümmt	english	low	gloss	bended/bent/curved	bent / curved / hunched	"bended" survives only in "on bended knee".
adjectives	adjectives_005	genüsslich	english	medium	gloss	pleasurably	with relish / appreciative (adv. "with relish")	adverb only; no adjective translation given.
adjectives	adjectives_005	illuster	english	medium	gloss	glorious	illustrious / distinguished	wrong cognate chosen.
adjectives	adjectives_005	kongenial	english	medium	gloss	congenial	brilliantly matched / of matching genius (of a translator, partner)	classic false friend — English "congenial" means agreeable.
adjectives	adjectives_005	angetan	english	medium	gloss	appropriate/suitable	*von etw. angetan sein* = taken with, keen on; (*dazu angetan*) apt to	only the rarer construction is glossed, and misleadingly.
adjectives	adjectives_005	argumentativ	english	medium	gloss	argumentative	in terms of argument / relating to argumentation	false friend — English "argumentative" is *streitlustig*.
adjectives	adjectives_005	ätzend	english	medium	gloss	caustic/great/lousy	caustic, corrosive; (slang) awful, gross	"great" is the opposite of the slang sense.
adjectives	adjectives_005	bärenstark	english	medium	gloss	husky	immensely strong, as strong as an ox; (colloq.) terrific	"husky" is a euphemism for overweight, not strong.
adjectives	adjectives_005	berufsbedingt	english	high	gloss	conditioned by business	work-related / occupational / for professional reasons	garbled and wrong (*Beruf* ≠ business).
adjectives	adjectives_005	ebenbürtig	english	low	gloss	coequal/equal/evenly	(*jdm.*) equal, a match for sb.	adverb "evenly" bundled in; the usual "a match for" phrasing missing.
adjectives	adjectives_005	volatil	english	low	gloss	volatile/whippy	volatile	"whippy" is not a sense of *volatil*.
adjectives	adjectives_005	verfassungsfeindlich	english	low	gloss	anticonstitutional	anti-constitutional / hostile to the constitution	unidiomatic single-word form.
adjectives	adjectives_005	wunderlich	english	low	gloss	whimsical	odd, peculiar, eccentric	"whimsical" is too positive.
adjectives	adjectives_005	zwanglos	english	low	gloss	unconstrained	informal, casual, relaxed	the usual social sense missing.
adjectives	adjectives_005	anspruchslos	english	low	gloss	modest/trivial/unpretentious	undemanding, modest (person); undemanding, lightweight (book, plant)	core "undemanding" absent.
adjectives	adjectives_005	menschengemacht	english	low	gloss	anthropogenic/man-induced/man-made	man-made / human-caused	technical term first; "man-induced" is not idiomatic.
adjectives	adjectives_005	jahrhundertealt	english	low	gloss	centuries/centuries-old	centuries-old	stray fragment "centuries".
adjectives	adjectives_005	jederzeitig	english	low	gloss	at any time/anytime	(attributive only) at-any-time, e.g. *jederzeitige Kündigung* = termination at any time	adverbial gloss for an attributive-only adjective; also a rare, formal lemma.
adjectives	adjectives_005	altbewährt	english	low	gloss	long-standing/longstanding/well-tried	tried and tested / long-established	same word listed twice (hyphenated and not).
adjectives	adjectives_005	neugeboren	english	low	gloss	new-born/newborn	newborn	duplicate spellings of one word.
adjectives	adjectives_005	ungiftig	english	low	gloss	atoxic/non-toxic/non-venomous	non-toxic / non-poisonous	"atoxic" is obscure and heads the gloss.
adjectives	adjectives_005	plump	english	low	gloss	awkward/crude/obvious	clumsy, crude, unsubtle — note: not English "plump" (= *rundlich*)	identical spelling to a false friend, with no warning.
adjectives	adjectives_005	lila / orange	flags	low	notadj	no flag	notDeclinable (standard *ein lila Kleid*, *ein orange Schal*)	invariable colour adjectives lack the flag that *dreifach* wrongly carries.
adjectives	adjectives_006	sprachlos	english	high	gloss	aphasic/be lost for words/dumbstruck	speechless/lost for words/dumbstruck	the everyday sense "speechless" is missing entirely and a medical term (aphasic) leads.
adjectives	adjectives_006	unverschämt	english	high	gloss	blatant/excessive/exorbitant	impudent/cheeky/shameless	the core meaning (behaving without shame) is absent; only the secondary "outrageous price" sense is given.
adjectives	adjectives_006	zwölft	word	high	junk	zwölft "twelfth", flags=notDeclinable	drop; the lemma is *zwölfte* (der zwölfte Tag)	bare ordinal stem that never occurs uninflected, and the `notDeclinable` flag is the opposite of the truth.
adjectives	adjectives_006	elft	word	high	junk	elft "eleventh", flags=notDeclinable	drop; the lemma is *elfte*	same bare-ordinal-stem problem as *zwölft*.
adjectives	adjectives_006	hellhörig	english	high	gloss	ear/insulated/keen	poorly soundproofed (walls); (of a person) alert, all ears	gloss is corrupted word-salad — "insulated" states the reverse of the actual meaning.
adjectives	adjectives_006	virtuos	english	high	gloss	virtuous	virtuoso/masterly/brilliant	false friend translated as its false friend; *virtuous* is *tugendhaft*.
adjectives	adjectives_006	bootfähig	english	high	gloss	capable of auxiliary ship	bootable	machine-mangled gloss; the word is a computing term (from *booten*), nothing to do with boats.
adjectives	adjectives_006	brillanten	word	high	junk	brillanten — "(bare stem; cf. brillant: brilliant)"	delete; lemma is *brillant*	an inflected form as headword, and the gloss is editorial metatext with no translation at all.
adjectives	adjectives_006	leid	word	high	notadj	leid — fed up/hideous/unpleasant, B1	only in fixed predicative use: *etw. leid sein* = be fed up with; *jdn. leid tun* = feel sorry for	not a usable attributive adjective, and "hideous/unpleasant" is simply wrong.
adjectives	adjectives_006	mutwillig	english	high	gloss	careless/deliberate/deliberately	wanton/deliberate/malicious	"careless" (= *fahrlässig*) is the legal opposite of *mutwillig* and it is listed first.
adjectives	adjectives_006	apart	english	high	gloss	apart/distinctive/striking	striking/distinctive/unusually attractive	the English false friend "apart" is given as the first gloss; German *apart* never means "separate".
adjectives	adjectives_006	süffig	english	medium	gloss	light and sweet/palatable	very drinkable/easy-drinking (of wine, beer)	sweetness is not part of the meaning; it is about going down easily.
adjectives	adjectives_006	temperamentvoll	english	medium	gloss	full of character	spirited/vivacious/high-spirited	"full of character" describes something else (*charaktervoll*).
adjectives	adjectives_006	unvermittelt	english	medium	gloss	unexpected/unforeseen	abrupt/sudden/without transition	the word is about abruptness, not about expectation.
adjectives	adjectives_006	verbrannt	english	medium	gloss	adust/burned/burnt	burnt	"adust" is archaic/obscure and placed first; "burned/burnt" gives both variants where one British form is wanted.
adjectives	adjectives_006	vollmundig	english	medium	gloss	palatable	full-bodied (wine); bold, sweeping (claims, promises)	neither real sense is captured.
adjectives	adjectives_006	weitverbreitet	english	medium	gloss	generalised/widespread	widespread/common	"generalised" is not a translation and leads the list.
adjectives	adjectives_006	zwanghaft	english	medium	gloss	artificial/compulsive/obsessional	compulsive/obsessive	"artificial" is wrong and sits first; the word belongs to the *Zwang*/OCD field.
adjectives	adjectives_006	bergig	english	medium	gloss	hilly/mountained/mountainous	mountainous/hilly	"mountained" is not an English word.
adjectives	adjectives_006	beschwerdefrei	english	medium	gloss	free of complaint	symptom-free/free of pain	*Beschwerden* here are medical symptoms, not complaints; the gloss teaches the wrong domain.
adjectives	adjectives_006	defizitär	english	medium	gloss	deficient	loss-making/running at a deficit	"deficient" (= *mangelhaft*) is a different word; *defizitär* is economic.
adjectives	adjectives_006	gediegen	english	medium	gloss	dignified/odd/pure	solid/sound/of good quality; (chemistry) native	"odd" is plainly wrong; the central "solid, well-made" sense is missing.
adjectives	adjectives_006	halbjährig	english	medium	gloss	semi-annual	six-month(-long); *halbjährlich* = half-yearly/semi-annual	the gloss belongs to the other member of the -ig/-lich pair (duration vs frequency).
adjectives	adjectives_006	kölsch	english	medium	gloss	Colonian	Cologne (of Cologne, in the Cologne dialect)	"Colonian" is not an English word.
adjectives	adjectives_006	pulmonal	english	medium	gloss	pneumonic/pulmonary/pulmonic	pulmonary	"pneumonic" (relating to pneumonia) is wrong and is placed first.
adjectives	adjectives_006	unbedarft	english	medium	gloss	unexperienced	naive/unworldly/inexperienced	"unexperienced" is not standard English; the ingenuous nuance is lost.
adjectives	adjectives_006	zerbrechlich	english	medium	gloss	breakable/brittle/fracturable	fragile/breakable	the standard equivalent "fragile" is missing and "fracturable" is a non-word.
adjectives	adjectives_006	brachial	english	medium	gloss	brachial/brute	brutal/using brute force	German *brachial* is not the anatomical English "brachial"; the false friend leads.
adjectives	adjectives_006	dreimalig	english	medium	gloss	triple	occurring three times/three-time (e.g. three-time champion)	"triple" is *dreifach*; -malig is about repetitions, not multiples.
adjectives	adjectives_006	furchtlos	english	medium	gloss	fearless/frightless/intrepid	fearless/intrepid	"frightless" is not an English word.
adjectives	adjectives_006	jäh	english	medium	gloss	abrupt/impetous/inconsiderate	sudden/abrupt/precipitous	"impetous" is a misspelling of *impetuous* and "inconsiderate" is not a sense of *jäh*.
adjectives	adjectives_006	knöchern	english	medium	gloss	bony/cold	bony/of bone	"cold" is not a sense of this word.
adjectives	adjectives_006	kurvenreich	english	medium	gloss	buxom/curvaceous/curvy	winding/twisty (road); (figurative, of a figure) curvaceous	the primary and far commoner sense — *kurvenreiche Straße* — is missing entirely.
adjectives	adjectives_006	luxemburgisch	cefr	medium	cefr	A2	C1 or untagged	a rare nationality adjective tagged as elementary vocabulary.
adjectives	adjectives_006	preiswürdig	english	medium	gloss	inexpensive/laudable/praiseworthy	worthy of a prize/award-worthy	"inexpensive" belongs to *preiswert*; leading with it teaches a confusion between the two words.
adjectives	adjectives_006	trächtig	english	medium	gloss	pregnant	pregnant (of animals only)	with no restriction marked, a learner will apply it to people, which is offensive.
adjectives	adjectives_006	wettbewerbswidrig	english	medium	gloss	contrary/adverse competition	anti-competitive	gloss is ungrammatical fragments rather than a translation.
adjectives	adjectives_006	anlasslos	english	medium	gloss	without/free of event	without specific cause/unprompted, suspicionless (of checks)	*Anlass* mistranslated as "event"; the resulting gloss is meaningless.
adjectives	adjectives_006	beschämend	english	medium	gloss	cringeworthy/cringy/disgraceful	shameful/embarrassing/humiliating	two slang forms lead; the register is far below that of the German word.
adjectives	adjectives_006	exportorientiert	english	medium	gloss	oriented export	export-oriented	word order garbled into a non-phrase.
adjectives	adjectives_006	fahrerlos	english	medium	gloss	without/free of chauffeur	driverless	template artefact; "chauffeur" is also the wrong register for *Fahrer*.
adjectives	adjectives_006	gerichtsfest	english	medium	gloss	firm/fixed court	able to stand up in court/legally watertight	compound parsed literally into nonsense.
adjectives	adjectives_006	sichergestellt	english	medium	gloss	confiscated/seized	ensured/guaranteed; (police) seized	the everyday sense of *sicherstellen* ("ensure") is missing; only the police sense given.
adjectives	adjectives_006	tauglich	english	medium	gloss	fit/military/qualified	fit/suitable/fit for service	"military" is a stray context label, not a translation.
adjectives	adjectives_006	theatralisch	english	medium	gloss	actorly/histrionic/scenic	theatrical/histrionic/melodramatic	the obvious equivalent "theatrical" is absent and "scenic" is wrong.
adjectives	adjectives_006	tüchtig	english	medium	gloss	abundant/diligent/efficient	capable/competent/hard-working	"abundant" renders only the adverbial intensifier use and misleads as the first sense.
adjectives	adjectives_006	unachtsam	english	medium	gloss	distracted	careless/inattentive/heedless	"distracted" is *abgelenkt*; the negligence sense is what the word carries.
adjectives	adjectives_006	unentschieden	english	medium	gloss	draw/pendant/undecided	undecided; (sport) drawn, a draw	"pendant" is a corrupted non-word (presumably "pending").
adjectives	adjectives_006	chancenreich	english	medium	gloss	rich in chance	promising/with good prospects	literal compound rendering that means nothing in English.
adjectives	adjectives_006	erbarmungslos	english	medium	gloss	dispiteous/dispiteously/merciless	merciless/pitiless/ruthless	an archaic non-word and its adverb precede the only usable gloss.
adjectives	adjectives_006	gemeinwohlorientiert	english	medium	gloss	non-profit	oriented towards the common good/public-interest	"non-profit" is *gemeinnützig* — a different legal concept.
adjectives	adjectives_006	heimatlos	english	medium	gloss	stateless	homeless/without a homeland/rootless	"stateless" is *staatenlos*, a legal status the German word does not assert.
adjectives	adjectives_006	lustlos	english	medium	gloss	without/free of desire	listless/unenthusiastic/half-hearted	template artefact; also invites a sexual reading that is not the ordinary meaning.
adjectives	adjectives_006	missverständlich	english	medium	gloss	mistakable/misunderstandable	ambiguous/liable to be misunderstood/misleading	neither gloss is idiomatic English.
adjectives	adjectives_006	mythologisch	english	medium	gloss	mytholocigal	mythological	typo in the gloss.
adjectives	adjectives_006	American / non-British spellings	english	low	gloss	`zivilisatorisch` = civilizational; `schwenkbar` = swiveling; `histologisch` = histologic/histological; `pharmakologisch` = pharmacologic/pharmacological; `hydrologisch` = hydrologic/hydrological	civilisational; swivelling; histological; pharmacological; hydrological	US -ization/-eling forms and US short -ic doublets in a British-English app.
adjectives	adjectives_006	Adverbs listed as adjective glosses	english	low	gloss	`beängstigend` alarmingly; `unaufhaltsam` relentlessly; `maßvoll` temperately; `subversiv` subversively; `kross` crisply; `respektlos` disrespectfully; `aufopferungsvoll` sacrificially; `unwissentlich` unwittingly (adverb only); `willentlich` deliberately/on purpose (adverb only)	strip the -ly forms; for *unwissentlich*/*willentlich* give "unwitting" / "deliberate, wilful"	adverb glosses in an adjective deck; two entries have no adjectival gloss at all.
adjectives	adjectives_006	royal	english	low	gloss	royal/royalistic	royal	"royalistic" is not English (*royalistisch* = royalist).
adjectives	adjectives_006	ruckartig	english	low	gloss	fitful/jerky	jerky/sudden	ordering — "fitful" is the least apt sense.
adjectives	adjectives_006	selbstironisch	english	low	gloss	self-ironic	self-deprecating/self-mocking	"self-ironic" is a calque, not idiomatic English.
adjectives	adjectives_006	überlang	english	low	gloss	overlength	overlong/excessively long	noun/attributive form given for an adjective.
adjectives	adjectives_006	unvergleichbar	english	low	gloss	incomparable	not comparable/incommensurable (*unvergleichlich* = incomparable, beyond compare)	English "incomparable" carries the praise sense that belongs to *unvergleichlich*.
adjectives	adjectives_006	verkleidet	english	low	gloss	clad/disguised/in disguise	disguised/dressed up/in disguise	ordering — "clad" is the building-panelling sense.
adjectives	adjectives_006	verwaist	english	low	gloss	abandoned/deserted/orphaned	orphaned/abandoned	the literal core sense is placed last.
adjectives	adjectives_006	wohlklingend	english	low	gloss	euphonious	melodious/pleasant-sounding	single obscure gloss.
adjectives	adjectives_006	ausbeuterisch	english	low	gloss	exploitive	exploitative	non-standard variant.
adjectives	adjectives_006	außerbetrieblich	english	low	gloss	extra-operational/outside the company	external to the company/off-site	first gloss is an invented calque.
adjectives	adjectives_006	egoistisch	english	low	gloss	egoistical/egotistical/selfish	selfish/self-centred	the plain gloss is last; "egoistical" is awkward.
adjectives	adjectives_006	fristgemäß	english	low	gloss	in accordance with deadline	within the deadline/timely	ungrammatical (missing article) and stilted.
adjectives	adjectives_006	klangvoll	english	low	gloss	illustrious/melodious/sonorous	sonorous/melodious; (of a name) illustrious	the transferred sense is placed first.
adjectives	adjectives_006	mühselig	english	low	gloss	cumbersome/troublesome	arduous/laborious/toilsome	misses the effort/exhaustion nuance.
adjectives	adjectives_006	nährstoffarm	english	low	gloss	poor in/low in nutrient	nutrient-poor/low in nutrients	dangling "poor in" and a singular where English needs the plural.
adjectives	adjectives_006	räuberisch	english	low	gloss	brigandish/predatory	predatory/rapacious	"brigandish" is effectively non-current English and leads.
adjectives	adjectives_006	schuldenfrei	english	low	gloss	debtless	debt-free	unnatural formation.
adjectives	adjectives_006	streitbar	english	low	gloss	disputatious	combative/doughty (often approving, e.g. *streitbare Demokratie*)	gloss makes a neutral-to-positive word purely pejorative.
adjectives	adjectives_006	uneinheitlich	english	low	gloss	nonuniform	inconsistent/mixed/varied	technical calque where ordinary English exists.
adjectives	adjectives_006	geothermisch	english	low	gloss	geothermic	geothermal	rare variant instead of the standard form.
adjectives	adjectives_006	gradlinig	word	low	junk	gradlinig	geradlinig (gradlinig is a permitted but much rarer variant)	learners should meet the main spelling.
adjectives	adjectives_006	lernfähig	english	low	gloss	adaptive/be able to learn/be capable of learning	able to learn/teachable/adaptive	infinitive phrases used as adjective glosses.
adjectives	adjectives_006	mittellos	english	low	gloss	impecunious	penniless/destitute	single archaic-sounding gloss.
adjectives	adjectives_006	ordnungsmäßig	english	low	gloss	duly/orderly	proper/in due form (and prefer the far commoner *ordnungsgemäß*)	adverb gloss, plus a rarer variant of the usual lemma.
adjectives	adjectives_006	publik	english	low	gloss	public	public — only predicative in *publik werden/machen*	unrestricted gloss invites *ein publikes Gebäude*.
adjectives	adjectives_006	regelkonform	english	low	gloss	by-the-book/regular	compliant/in line with the rules	"regular" is misleading.
adjectives	adjectives_006	sächlich	word	low	notadj	sächlich — neuter	keep only if grammar metalanguage is wanted in this deck	grammar-terminology contamination (cf. *maskulin*, *reflexiv* in the same batch).
adjectives	adjectives_006	theatral	word	low	junk	theatral — theatrical	theatralisch (already present at rank 4027)	rare variant duplicating a live entry.
adjectives	adjectives_006	ungeschminkt	english	low	gloss	unvarnished	without make-up; (figurative) unvarnished	the literal sense is missing.
adjectives	adjectives_006	ungläubig	english	low	gloss	disbelieving/faithless/infidel	disbelieving/incredulous; (religion) unbelieving	"infidel" is a noun and archaic-offensive.
adjectives	adjectives_006	usbekisch	english	low	gloss	Usbek/Uzbek	Uzbek	"Usbek" is the German spelling leaking into the gloss.
adjectives	adjectives_006	verlustfrei	english	low	gloss	free of loss	lossless (data, transmission)/without loss	template phrasing instead of the standard term.
adjectives	adjectives_006	wärmeliebend	english	low	gloss	thermophile	heat-loving/thermophilic	noun form used adjectivally, no plain-English gloss.
adjectives	adjectives_006	zusammengenommen	word	low	notadj	zusammengenommen — taken together	adverbial participle, not an attributive adjective	never used before a noun; belongs with connectors.
adjectives	adjectives_006	adelig	word	low	junk	adelig — noble/aristocratic	duplicate of *adlig* (rank 3707)	two spellings of one word occupy two slots.
adjectives	adjectives_006	adult	english	low	gloss	adult	adult (zoological/technical; everyday German is *erwachsen*)	unmarked gloss suggests it is the normal word.
adjectives	adjectives_006	artistisch	english	low	gloss	acrobatic/artistic	acrobatic (circus skills) — not "artistic", which is *künstlerisch*	false-friend sense retained without warning.
adjectives	adjectives_006	bilanziell	english	low	gloss	financial	in balance-sheet terms/for accounting purposes	too broad; loses the *Bilanz* reference.
adjectives	adjectives_006	durchschlagend	english	low	gloss	sweeping	resounding/decisive (*durchschlagender Erfolg*)	collocationally wrong.
adjectives	adjectives_006	klitzeklein	english	low	gloss	itsy/teeny-weeny/tiny	teeny-weeny/tiny	"itsy" does not stand alone in English.
adjectives	adjectives_006	prädestiniert	english	low	gloss	predestinated	predestined/perfectly suited	archaic form of the participle.
adjectives	adjectives_006	rezidivierend	english	low	gloss	recidivous/recurrent/recurring	recurrent/relapsing	"recidivous" is not current English.
adjectives	adjectives_006	segensreich	english	low	gloss	rich in blessing	beneficial/salutary	literal compound gloss.
adjectives	adjectives_006	spartanisch	english	low	gloss	Spartan/Spartanic	Spartan	"Spartanic" is not standard.
adjectives	adjectives_006	absolutistisch	english	low	gloss	absolutist/absolutistic	absolutist	invented second form.
adjectives	adjectives_006	alevitisch	english	low	gloss	alevitic	Alevi	non-word and missing capital.
adjectives	adjectives_006	untertägig	english	low	gloss	underground/sub-daily	underground (mining); intraday (finance)	"sub-daily" is not English usage.
adjectives	adjectives_006	wahrhaft	english	low	gloss	real/true/veracious	true/genuine/veritable	"veracious" is obscure and near-homophonous with "voracious".
adjectives	adjectives_006	wasserlöslich	english	low	gloss	hydrosoluble/soluble in water/water-soluble	water-soluble	the standard term is third, behind an obscure one.
adjectives	adjectives_006	basisch	english	low	gloss	basic	alkaline/basic (chemistry)	unqualified "basic" reads as "elementary".
adjectives	adjectives_006	arg	english	low	gloss	bad/much/very	bad/grievous; (adverbial, colloquial) very, badly	adverbial senses undifferentiated from the adjective.
adjectives	adjectives_006	figürlich	english	low	gloss	figurative	figural/relating to the (human) figure; "figurative" language is *bildlich/figurativ*	probable false-friend gloss.
adjectives	adjectives_006	ganzzahlig	english	low	gloss	integer	integral/whole-number	noun used for an adjective.
adjectives	adjectives_006	genießbar	english	low	gloss	bearable/digestible/edible	edible/drinkable; (figurative) bearable	literal sense placed last.
adjectives	adjectives_006	gutgläubig	english	low	gloss	credulous/gullible/in a bona fide manner	in good faith (legal); credulous	adverbial phrase, and the legal sense (the commonest) is buried.
adjectives	adjectives_006	haarig	english	low	gloss	furry/haired/hairy	hairy; (colloquial) tricky, nasty	ordering, plus "haired" only occurs in compounds.
adjectives	adjectives_006	hellgrau	english	low	gloss	lightgrey	light grey	run-together spelling.
adjectives	adjectives_006	jahrtausendealt	english	low	gloss	thousand-year-old/millennial	thousands of years old/millennia-old	*Jahrtausende* is plural; "millennial" now reads as the generation.
adjectives	adjectives_006	massig	english	low	gloss	bulky/huge/mass	bulky/massive; (colloquial) loads of	"mass" is not an adjective sense here.
adjectives	adjectives_006	eitrig	english	low	gloss	purulent	festering/pus-filled/purulent	only the clinical term is offered.
adjectives	adjectives_006	friedfertig	english	low	gloss	pacific/peaceable	peaceable/peace-loving	"pacific" reads as the ocean.
adjectives	adjectives_006	gehbehindert	english	low	gloss	walking-impaired	with impaired mobility/unable to walk unaided	calque; also register-insensitive.
adjectives	adjectives_006	kryptisch	english	low	gloss	concealed/cryptic/cryptical	cryptic/obscure	"cryptical" is non-standard and "concealed" leads.
adjectives	adjectives_006	schadstofffrei	english	low	gloss	free of harmful substance	free of harmful substances/non-polluting	singular where English needs the plural.
adjectives	adjectives_006	ungefährdet	english	low	gloss	invulnerable/unthreatened	not at risk/safe/unthreatened	"invulnerable" overstates.
adjectives	adjectives_006	ausleihbar	english	low	gloss	borrowable/lendable	available for loan/on loan	both glosses are unnatural formations.
adjectives	adjectives_006	heimatlich	english	low	gloss	homeland/homely	of one's homeland/familiar, homely	noun as first gloss; "homely" also has an unwanted US sense (plain-looking).
adjectives	adjectives_006	intersexuell	english	low	gloss	intersexual	intersex	current British usage.
adjectives	adjectives_006	südländisch	english	low	gloss	southern (European)	Mediterranean/southern European	parenthesis makes the head gloss ambiguous.
adjectives	adjectives_006	schulpsychologisch	english	low	gloss	school psychology	educational-psychology (attributive)	noun phrase glossing an adjective.
adjectives	adjectives_006	synchron	english	low	gloss	synchronic/synchronous	synchronous/simultaneous	"synchronic" is a linguistics term and leads.
adjectives	adjectives_006	teuflisch	english	low	gloss	devilish/diabolic	devilish/diabolical/fiendish	"diabolic" is the rarer form in British usage.
adjectives	adjectives_007	wetterbedingt	english	high	gloss	conditioned by air	weather-related / due to the weather	machine-template gloss; "air" is not what *Wetter* means.
adjectives	adjectives_007	wirtschaftsnah	english	high	gloss	near/close to economics	business-friendly / close to industry	idiomatic compound mistranslated literally; the real sense is political-economic alignment.
adjectives	adjectives_007	arbeitsfrei	english	high	gloss	free of business	non-working (day) / day off	wrong translation; *arbeitsfreier Tag* is a day when no work is done.
adjectives	adjectives_007	genussreich	english	high	gloss	rich in gender	enjoyable / pleasurable	*Genuss* confused with grammatical *Genus*; gloss is nonsense.
adjectives	adjectives_007	salzhaltig	english	high	gloss	containing sal	containing salt / saline	"sal" is not an English word; unusable entry.
adjectives	adjectives_007	seelenlos	english	high	gloss	without/free of bore	soulless	*Seele* = soul, not "bore"; gloss is garbage.
adjectives	adjectives_007	unbeirrt	english	high	gloss	enduring	unswerving / undeterred / unwavering	wrong translation — the word is about not being diverted, not about lasting.
adjectives	adjectives_007	unwürdig	english	high	gloss	worth	unworthy / undignified	gloss inverts the meaning (drops the negation entirely).
adjectives	adjectives_007	verkehrsreich	english	high	gloss	rich in communication	busy (with traffic) / heavily trafficked	*Verkehr* taken in the wrong sense; teaches a false meaning.
adjectives	adjectives_007	gewesen	word	high	notadj	gewesen — "has-been", cefr A2	remove (past participle of *sein*)	verb form, not an adjective; A2 tagging makes a learner treat it as a lemma.
adjectives	adjectives_007	haltig	word	high	notadj	haltig — "containing/lasting"	remove (bound suffix *-haltig*, never a free-standing adjective)	corpus junk stripped out of compounds like *kalkhaltig*.
adjectives	adjectives_007	haltlos	english	high	gloss	without/free of hold	baseless / unfounded (claim); also lacking self-control	literal template gloss misses both real senses.
adjectives	adjectives_007	risikoarm	english	high	gloss	poor in/low in chance	low-risk	*Risiko* glossed as "chance"; reverses the connotation.
adjectives	adjectives_007	stressbedingt	english	high	gloss	conditioned by aggro	stress-related / caused by stress	nonsense gloss with slang noun substituted for *Stress*.
adjectives	adjectives_007	uneinsichtig	english	high	gloss	insensible	unreasonable / refusing to see one's error / unrepentant	wrong translation; nothing to do with insensibility.
adjectives	adjectives_007	ungepflegt	english	high	gloss	neat/trim	unkempt / scruffy / badly maintained	gloss states the exact opposite of the German word.
adjectives	adjectives_007	poppig	english	medium	gloss	poppy/colourful	flashy / loud / pop-style	"poppy" reads as the flower; not an English adjective in this sense.
adjectives	adjectives_007	profan	english	medium	gloss	carnal/mundane/profane	mundane / everyday / secular	"carnal" is not a sense of *profan* and is placed first.
adjectives	adjectives_007	trotzig	english	medium	gloss	bold/contrary/defiant	defiant / stubborn / sulky	"bold" is wrong and leads; the sulky-child sense is missing.
adjectives	adjectives_007	überglücklich	english	medium	gloss	overhappy/overjoyed	overjoyed / delighted	"overhappy" is not English and stands first.
adjectives	adjectives_007	zuckerhaltig	english	medium	gloss	saccharated	containing sugar / sugary	archaic pharmaceutical term instead of the plain gloss.
adjectives	adjectives_007	abendfüllend	english	medium	gloss	all-night/full-length	feature-length / filling a whole evening	"all-night" is wrong (it is one evening, not all night).
adjectives	adjectives_007	artig	english	medium	gloss	attentive/well-behaved	well-behaved / good (of a child)	"attentive" is not a sense and is placed first.
adjectives	adjectives_007	betont	cefr	medium	cefr	A1	B2 or higher	participle-adjective "accentuated/emphasised" is nowhere near A1 vocabulary.
adjectives	adjectives_007	eidgenössisch	english	medium	gloss	federal	Swiss federal / of the Swiss Confederation	without "Swiss" the gloss is indistinguishable from *bundes-* and loses the whole point.
adjectives	adjectives_007	ekelhaft	english	medium	gloss	disgustful/disgusting/feculent	disgusting / revolting	"disgustful" is not current English and "feculent" is a wrong, technical sense.
adjectives	adjectives_007	empfindsam	english	medium	gloss	compassionate/sensitive/susceptible	sensitive / sentimental	"compassionate" (= *mitfühlend*) is wrong and leads the gloss.
adjectives	adjectives_007	erschaffen	word	medium	notadj	erschaffen — "created"	remove, or move to the verb deck as *erschaffen* "to create"	primarily a verb infinitive; as an adjective lemma it is corpus junk.
adjectives	adjectives_007	formschön	english	medium	gloss	shapely	elegantly designed / of pleasing design	"shapely" implies a body; the German is about product/object design.
adjectives	adjectives_007	gefleckt	english	medium	gloss	mottle-coloured/mottled	spotted / speckled / mottled	"mottle-coloured" is a non-word and leads.
adjectives	adjectives_007	gleichlautend	english	medium	gloss	homophonous	identically worded / identical in wording	homophony is *gleichklingend*; this word is about identical text.
adjectives	adjectives_007	hehr	english	medium	gloss	august/bold/high	sublime / lofty (poetic, archaic)	"bold" is wrong, and the poetic-only register is unmarked.
adjectives	adjectives_007	kalkhaltig	english	medium	gloss	containing carbonate	containing lime / calcareous / hard (water)	*Kalk* is lime/limescale, not carbonate; the everyday water sense is missing.
adjectives	adjectives_007	konstitutiv	english	medium	gloss	founding	constitutive / essential	wrong word; *konstituierend* is "founding".
adjectives	adjectives_007	kriminalistisch	english	medium	gloss	criminological	forensic / relating to criminal investigation	"criminological" translates *kriminologisch*, a different discipline.
adjectives	adjectives_007	rostig	english	medium	gloss	russet/rusty	rusty	"russet" (a colour word) is placed before the actual sense.
adjectives	adjectives_007	ungewünscht	word	medium	junk	ungewünscht — "unasked-for/unwanted"	unerwünscht	rare non-standard form; the live word learners need is *unerwünscht*.
adjectives	adjectives_007	antirassistisch	english	medium	gloss	antiracism	anti-racist	gloss is a noun where an adjective is required.
adjectives	adjectives_007	behäbig	english	medium	gloss	massive/sluggish	ponderous / slow-moving / portly	"massive" is wrong and leads.
adjectives	adjectives_007	betreten	english	medium	gloss	embarrassed/entered	embarrassed / sheepish	"entered" leaks the verb participle of *betreten* (to enter) into an adjective gloss.
adjectives	adjectives_007	bildschön	english	medium	gloss	(classically, ravishingly, strikingly, very) beautiful/gorgeous/picture-perfect	stunningly beautiful / gorgeous	gloss is corrupted with an inline parenthetical adverb list.
adjectives	adjectives_007	bildungssprachlich	english	medium	gloss	erudite	formal / literary register (dictionary label for educated usage)	it is a register label, not a description of a person; "erudite" misleads.
adjectives	adjectives_007	bitterkalt	english	medium	gloss	bitter/cold	bitterly cold	the slash splits one compound sense into two wrong ones.
adjectives	adjectives_007	eitel	english	medium	gloss	pure/vain	vain / conceited	"pure" is the archaic *eitel Freude* sense and should not lead.
adjectives	adjectives_007	jugoslawisch	english	medium	gloss	Jugoslav/Jugoslavian	Yugoslav / Yugoslavian	German orthography leaked into the English gloss.
adjectives	adjectives_007	leistbar	english	medium	gloss	feasible/financially feasible	affordable (esp. Austrian)	the core sense "affordable" is missing and "feasible" misleads.
adjectives	adjectives_007	stickig	english	medium	gloss	close/stifling	stuffy / airless	the standard gloss "stuffy" is absent and bare "close" is unreadable as an adjective here.
adjectives	adjectives_007	unglaubwürdig	english	medium	gloss	incredible/uncredible B2	not credible / implausible / untrustworthy	"incredible" now means "amazing" to learners, and "uncredible" is a non-word.
adjectives	adjectives_007	verbotswidrig	english	medium	gloss	contrary/adverse prohibition	in breach of a ban / prohibited	gloss is ungrammatical and unusable.
adjectives	adjectives_007	adrett	english	medium	gloss	clean/friendly/neat	smart / neat / spruce	"friendly" is not a sense of *adrett*.
adjectives	adjectives_007	template compounds glossed word-for-word	english	medium	gloss	schadstoffarm "poor in/low in harmful substance"; wartungsarm "poor in/low in maintenance"; fraktionslos "without/free of faction"; komplikationslos "without/free of complication"; orientierungslos "without/free of orientation"; genehmigungsfrei "free of approval"; wirklichkeitsnah "near/close to reality"; regierungsnah "near/close to government"; stadtnah "near/close to centre"; schneereich "rich in snow"; vitaminreich "rich in vitamin"	low-emission; low-maintenance; non-affiliated (MP); uncomplicated; disoriented; not requiring approval; realistic/true to life; pro-government; close to town; snowy; vitamin-rich	one generator pattern produced unidiomatic glosses across the whole `-los/-arm/-reich/-nah/-frei` family; several are actively misleading.
adjectives	adjectives_007	American / dual spellings	english	low	gloss	unerreicht "unequaled/unequalled/unrivaled"; kariert "checked/checkered/chequered"; kurzsichtig "myopic/near sighted/short-sighted"	unequalled/unrivalled; checked/chequered; short-sighted/myopic	app is British-English only, and one gloss lists both spellings of the same word.
adjectives	adjectives_007	adverb forms listed as adjective glosses	english	low	gloss	topologisch "…/topologically"; verheißungsvoll "auspiciously/promising"; sehnlich "ardent/ardently/fervent"; zähneknirschend "reluctantly/…"; radial "radial/radially"; säuberlich "neat/neatly"; unumwunden "frankly/candidly"; zimperlich "squeamish/squeamishly"; zylindrisch "cylindrical/cylindrically"	drop the `-ly` forms; keep the adjective (and give an adjective for *unumwunden*: "frank, candid")	adjective deck should not present adverbs as the translation.
adjectives	adjectives_007	argwöhnisch	english	low	gloss	suspicious/suspicously	suspicious / distrustful	misspelled adverb ("suspicously") padding the gloss.
adjectives	adjectives_007	redundant or non-standard English variants	english	low	gloss	enzymatisch "enzymatic/enzymic"; frauenfeindlich "misogynic/misogynistic/misogynous"; geodätisch "…/geodesical/…"; hartgesotten "hard-boiled/hardboiled/…"; hellenistisch "Hellenistic/Hellenistical"; sektoral "sectoral/sectorial"; algebraisch "algebraic/algebraical"; allegorisch "allegoric"; ethnologisch "ethnologic/ethnological"; lichtdurchlässig "…/translucid"; mehrdimensional "…/pluridimensional/polydimensional"; schmerzstillend "…/paregoric"; überirdisch "…/superlunary/…"; abtrünnig "…/schismatical"; perkutan "diadermic/…"; verkehrssicher "roadworthy/streetworthy"	keep one standard form each (enzymatic, misogynistic, geodetic, hard-boiled, Hellenistic, sectoral, algebraic, allegorical, ethnological, translucent, multidimensional, painkilling, unearthly, renegade, percutaneous, roadworthy)	coined or obsolete variants clutter the gloss; several are not real words.
adjectives	adjectives_007	malformed English proper adjectives	english	low	gloss	kapverdisch "Capeverdean"; proeuropäisch "pro-european"; salafistisch "Salafistic"; sixtinisch "sistine"	Cape Verdean; pro-European; Salafist; Sistine	spacing and capitalisation errors in proper-noun derivatives.
adjectives	adjectives_007	obscure or archaic sense placed first	english	low	gloss	rotbraun "russet"; widerwillig "grudging/loth/reluctant"; famos "capital/splendid"; kapital "major/royal"; obligat "inevitable/obligatory"; abschüssig "aslope/…"; hemmend "clogging/…"; schnöde "base/contemptible/contemptuous"; situiert "circumstanced/…"; sphärisch "ethereal/spherical"; unbeeindruckt "underwhelmed/…"; dunkelhäutig "…/swart/swarthy"; unsachlich "uncalled-for/…"	lead with reddish-brown; reluctant; splendid; huge/major; obligatory; steep; inhibiting; contemptible; well-off; spherical; unimpressed; dark-skinned; unobjective/biased	first sense is what the app shows; archaic ("loth", "aslope", "swart") or wrong-register terms mislead.
adjectives	adjectives_007	"in accordance with" glosses missing the article	english	low	gloss	verfassungsgemäß "in accordance with constitution"; antragsgemäß "in accordance with application"	in accordance with the constitution / as applied for	ungrammatical English.
adjectives	adjectives_007	incomplete or garbled glosses	english	low	gloss	geartet "natured"; gesinnt "leaning/minded/of one mind for"; aktenkundig "on records"; abgrenzbar "definable/delimitable/estimable"	constituted / of a … nature; disposed / minded; on record / documented in the files; definable / delimitable	fragments that do not stand alone as translations; "estimable" is simply wrong.
adjectives	adjectives_007	stählern	english	low	gloss	steel	steely / of steel	bare noun as gloss for an adjective.
adjectives	adjectives_007	gerundet	english	low	gloss	round	rounded	participle gloss should be participial.
adjectives	adjectives_007	schneeweiß	english	low	gloss	snow white	snow-white	unhyphenated form reads as the fairy-tale name.
adjectives	adjectives_007	weitsichtig	english	low	gloss	farsighted	far-sighted; also long-sighted / hyperopic (eyesight)	British hyphenation, and the optical sense is missing.
adjectives	adjectives_007	säuerlich	english	low	gloss	peeved/sharp/sourish	slightly sour / tart; (of a look) sour	figurative "peeved" leads over the literal sense.
adjectives	adjectives_007	schadlos	english	low	gloss	unharmed/harmless	chiefly in *sich schadlos halten* = to recoup one's losses	gloss suggests a free adjectival use that barely exists.
adjectives	adjectives_007	wehrhaft	english	low	gloss	fortified	able to defend itself / militarily capable	"fortified" only fits the narrow architectural use.
adjectives	adjectives_007	zuckersüß	english	low	gloss	saccharine	sugar-sweet / as sweet as sugar; (figurative) saccharine	only the pejorative figurative sense is given.
adjectives	adjectives_007	organisational	word	low	junk	organisational — "organisational"	prefer *organisatorisch*	rare specialist form beside the standard adjective.
adjectives	adjectives_007	parat	flags	low	junk	no flag	mark as predicative-only (*etwas parat haben*), not declinable	learners will try attributive *ein parates Buch*.
adjectives	adjectives_007	trennbar	cefr	low	cefr	separable, A1	gloss "separable / detachable"; CEFR B1+	mainly grammar metalanguage at A1 level; general sense not given.
adjectives	adjectives_007	minder	word	low	notadj	minder — "inferior/lesser"	consider removing; chiefly adverbial (*nicht minder*) / attributive *minderer*	comparative-shaped lemma with almost no predicative use.
adjectives	adjectives_007	begeisterungsfähig	english	low	gloss	enthusiastic	capable of enthusiasm / easily enthused	loses the "-fähig" (capable of) component.
adjectives	adjectives_007	ehrenwert	english	low	gloss	reputable	honourable	*ehrenwert* is about honour, not reputation.
adjectives	adjectives_007	gütig	english	low	gloss	affectionate/benevolent	kind / kindly / benevolent	"affectionate" is not the sense and leads.
adjectives	adjectives_007	hochbetagt / hochschwanger	english	low	gloss	"elderly" / "advanced in pregnancy"	very old, of advanced years / heavily pregnant	both glosses understate or awkwardly paraphrase the intensifier *hoch-*.
adjectives	adjectives_007	unversorgt	english	low	gloss	unprovided/unmanaged	unprovided for; (of a wound) untreated	"unmanaged" is not a sense.
adjectives	adjectives_007	wildfremd	english	low	gloss	completely strange	completely unknown / a total stranger	"strange" reads as odd rather than unfamiliar.
adjectives	adjectives_007	verhasst	english	low	gloss	loathsome/odious	hated / detested	German is passive ("being hated"); the gloss shifts to "deserving hatred".
adjectives	adjectives_007	säumig	english	low	gloss	belated/careless/defaulting	in default / late (with payment)	"careless" is wrong.
adjectives	adjectives_007	realpolitisch	english	low	gloss	realpolitik	relating to realpolitik / pragmatically political	noun given for an adjective.
adjectives	adjectives_007	alkoholhaltig	english	low	gloss	alcoholic	containing alcohol / alcoholic (of a drink)	bare "alcoholic" reads as the person.
adjectives	adjectives_007	altgriechisch	english	low	gloss	Ancient Greek/Old Greek	Ancient Greek	"Old Greek" is not an English term.
adjectives	adjectives_008	heillos	english	high	gloss	without/free of hail	utter/hopeless/disastrous (heillos überfordert = hopelessly out of one's depth)	*Heil* has been confused with *Hagel*; the gloss is pure nonsense.
adjectives	adjectives_008	risikofrei	english	high	gloss	free of chance	risk-free	*Risiko* mistranslated as "chance"; learner gets the opposite implication.
adjectives	adjectives_008	halbkreisförmig	english	high	gloss	-shaped hemicycle	semicircular	Corrupted fragment, not a usable English translation.
adjectives	adjectives_008	anzüglich	english	high	gloss	attractive/insinuating/lewd	suggestive/lewd/insinuating	"attractive" is a false-friend confusion with *anziehend*; *anzüglich* is always pejorative.
adjectives	adjectives_008	unvertretbar	english	high	gloss	irreplaceable/untenable	indefensible/unjustifiable	"irreplaceable" is *unersetzlich*; first sense is flatly wrong.
adjectives	adjectives_008	kürzlich	word	high	notadj	listed as adjective, glossed "recent"	adverb "recently" — remove from adjective deck	*kürzlich* is adverb-only; there is no attributive *ein kürzliches Ereignis*.
adjectives	adjectives_008	arbeitstäglich	english	medium	gloss	daily working	on every working day / each business day	Word order garbled into meaninglessness.
adjectives	adjectives_008	eiweißhaltig	english	medium	gloss	containing albumen	containing protein / proteinaceous	*Eiweiß* in this compound means protein, not egg-white/albumen.
adjectives	adjectives_008	eigensinnig	english	medium	gloss	froward/hardheaded/headstrong	stubborn/wilful/headstrong	"froward" is archaic and "hardheaded" is both US-spelt and the wrong sense.
adjectives	adjectives_008	erregt	english	medium	gloss	aroused	agitated/excited (also: sexually aroused)	Sole gloss pushes the sexual reading; the everyday sense is "agitated".
adjectives	adjectives_008	geriffelt	english	medium	gloss	chequered/corrugated/fluted	ribbed/grooved/fluted	"chequered" (= *kariert*) is wrong and stands first.
adjectives	adjectives_008	hochgiftig	english	medium	gloss	toxic	highly toxic	The intensifier *hoch-* is dropped, so the entry duplicates *giftig*.
adjectives	adjectives_008	kugelig	english	medium	gloss	obese/spherical/spheroid	spherical/round (colloq. of a person: roly-poly)	Rare, insulting sense placed first.
adjectives	adjectives_008	realitätsfern	english	medium	gloss	escapist	unrealistic/out of touch with reality	"escapist" is a different concept (*eskapistisch*).
adjectives	adjectives_008	reiflich	english	medium	gloss	mature	careful/thorough (nach reiflicher Überlegung = after careful consideration)	"mature" is *reif*; *reiflich* only ever means "thorough(ly)".
adjectives	adjectives_008	rezent	english	medium	gloss	recent	(of cheese/food) tangy, sharp; (geol.) present-day, extant	False friend with no warning — German *rezent* is not English "recent".
adjectives	adjectives_008	sinngemäß	english	medium	gloss	analogous/correspondent/logical	in substance/to the effect that/paraphrased	None of the three glosses conveys the actual meaning.
adjectives	adjectives_008	trüb	english	medium	gloss	blear/dismal/dull	cloudy/murky (liquid); overcast, gloomy	"blear" is not current English; the core "cloudy/murky" sense is missing.
adjectives	adjectives_008	unabweisbar	english	medium	gloss	irrefusable/irrefutable	undeniable/compelling/that cannot be turned down	"irrefusable" is not an English word.
adjectives	adjectives_008	verlegen	english	medium	gloss	abashed/lacking/shy	embarrassed/self-conscious	"lacking" is spurious (from *verlegen um etw. sein*), and the core sense is absent.
adjectives	adjectives_008	wüst	english	medium	gloss	audacious/bewildered/chaotic	desolate/barren; wild, chaotic, filthy	"audacious" and "bewildered" are both wrong; the primary "desolate" sense is missing.
adjectives	adjectives_008	ungedeckt	english	medium	gloss	bad/bounced/dishonored	uncovered/unsecured; (of a cheque) bounced	Only the cheque sense is given, and it is US-spelt ("dishonoured").
adjectives	adjectives_008	allseitig	english	medium	gloss	all/all-round/areas	on all sides/universal/all-round	Gloss is a corrupted word salad.
adjectives	adjectives_008	arbeitsreich	english	medium	gloss	rich in business	busy/full of work	*Arbeit* rendered as "business"; the resulting phrase means something else.
adjectives	adjectives_008	auftragsgemäß	english	medium	gloss	in accordance with application	as ordered/in accordance with the order (or: the brief)	*Auftrag* = order/instructions, not "application".
adjectives	adjectives_008	entgeltfrei	english	medium	gloss	free of remuneration	free of charge/at no cost	Reads as "unpaid work"; actual meaning is that no fee is charged.
adjectives	adjectives_008	flippig	english	medium	gloss	flighty	funky/quirky/off-beat	Wrong translation; *flippig* is about style, not unreliability.
adjectives	adjectives_008	humorlos	english	medium	gloss	cantankerous/humorless/humourless	humourless	Wrong first sense plus both US and UK spellings of the same word in one gloss.
adjectives	adjectives_008	linden	word	medium	junk	linden — "of linden/lime wood"	drop, or lemmatise as *lind* (mild, gentle)	Inflected/attributive form, not a citation-form adjective; almost certainly corpus junk from *Linde*.
adjectives	adjectives_008	schamlos	english	medium	gloss	barefaced/brazen/ill-mannered	shameless/brazen	The obvious primary equivalent "shameless" is missing and "ill-mannered" is too weak.
adjectives	adjectives_008	sortenrein	english	medium	gloss	authentic/genuine/homogeneous	single-variety; (of waste) properly separated, unmixed	"authentic/genuine" is not what the word means.
adjectives	adjectives_008	zwanzigst	word	medium	notadj	zwanzigst — "twentieth" (flag notDeclinable)	drop, or list as *zwanzigste*	Bare ordinal stem that never occurs uninflected; also a numeral rather than a deck-worthy adjective.
adjectives	adjectives_008	siebent	word	medium	notadj	siebent — "seventh" (flag notDeclinable)	drop; the live form is *siebte*	Archaic bare ordinal stem duplicating a live word.
adjectives	adjectives_008	US spellings	english	low	gloss	`blutsaugend` "hematophagous", `fetal` "fetal", `dreistöckig` "three-story", plus `eigensinnig` "hardheaded", `ungedeckt` "dishonored", `humorlos` "humorless" (flagged above)	haematophagous, foetal, three-storey, hard-headed, dishonoured, humourless	App is British English; note *mehrgeschossig/mehrstöckig* already use "-storey", so the bank is internally inconsistent.
adjectives	adjectives_008	duplicate spelling/hyphenation variants in one gloss	english	low	gloss	`halbautomatisch` semi-automatic/semiautomatic; `hirntot` brain-dead/braindead; `wissenschaftsbasiert` science based/science-based; `altgedient` long-standing/longstanding; `feuerrot` fire red/fire-red; `inhaltsreich` content rich/content-rich; `schulterbreit` shoulder-width/shoulder-wide; `kartografisch`, `ornithologisch`, `anachronistisch`, `dystopisch`, `konzentrisch`, `metaphorisch`, `monastisch`, `aserbaidschanisch`	one form each	Listing two spellings of the same word wastes the gloss slot and looks like two senses.
adjectives	adjectives_008	adverb forms padding the gloss	english	low	gloss	`nautisch` nautical/nautically/navigational; `obstruktiv` obstructive/obstructively; `spöttisch` derisive/derisively/derisorily; `andächtig` devotional/devout/devoutly; `etymologisch` etymological/etymologically	adjective forms only	The deck is adjectives; the -ly forms add nothing.
adjectives	adjectives_008	adverb-only or near-adverb-only lemmas	word	low	notadj	`ausnehmend`, `auszugsweise`, `wissentlich`, `fälschlich`, `allabendlich` "every evening", `altersmäßig` "in terms of age"	mark as adverbs or drop	Attributive use is marginal to non-existent; the glosses given are already adverbial.
adjectives	adjectives_008	singular/plural slips in formulaic glosses	english	low	gloss	`atomwaffenfrei` "free of atomic weapon"; `schadstoffhaltig` "containing harmful substance"; `kalorienreich` "rich in calorie"; `vorschriftsgemäß` "in accordance with regulation"; `amtsfrei` "free of office"	nuclear-weapon-free; containing harmful substances; high in calories; in accordance with regulations; not holding office	Machine-generated glosses with an ungrammatical bare singular.
adjectives	adjectives_008	"capable of X" calques	english	low	gloss	`ausbaufähig` "capable of extension"; `genehmigungsfähig` "capable of approval"	with room for improvement / with potential; approvable, likely to be approved	Literal renderings no English speaker would produce.
adjectives	adjectives_008	calque glosses that don't read as English	english	low	gloss	`medienwirksam` "media-effective"; `werbewirksam` "promotionally effective"; `weitverzweigt` "widely ramified"; `witterungsbedingt` "conditioned by atmospheric conditions"	good for media coverage/media-friendly; effective as advertising; far-flung/with many branches; due to the weather	Word-for-word calques; the learner cannot reuse them.
adjectives	adjectives_008	unmarked or dialect-only lemmas	word	low	junk	`stad` "quiet/calm (Bavarian)"; `blad` "fat/chubby (Austrian/Bavarian)"; `oll` "old" (no marker at all)	drop from a standard-German deck, or at minimum mark *oll* as North German colloquial	Dialect forms in a general vocabulary deck; *oll* is presented as if standard.
adjectives	adjectives_008	obscure/secondary sense placed first	english	low	gloss	`deprimiert` dejected/…/depressed; `fahl` bloodless/pale; `schlüpfrig` bawdy/lewd/slippery; `zahnlos` edentulous/…; `idiopathisch` essential/idiopathic; `klösterlich` cloistral/monastic; `gewissenlos` irresponsible/unscrupulous; `klamm` cash-strapped/clammy; `anschmiegsam` supple/…/affectionate; `gelbgrün` chartreuse; `schmerzlindernd` analgesic/soothing; `höchstpersönlich` in person/personal	put the everyday equivalent first (depressed; pale; slippery; toothless; idiopathic; monastic; unscrupulous; clammy; affectionate/cuddly; yellow-green; pain-relieving; in person)	Learner meets the technical or marginal reading before the useful one.
adjectives	adjectives_008	meisterlich	english	low	gloss	masterful	masterly	In British usage "masterful" = domineering; "masterly" = highly skilled.
adjectives	adjectives_008	koscher	english	low	gloss	kasher/kosher	kosher	Non-standard variant listed first.
adjectives	adjectives_008	münsterisch	english	low	gloss	of Munster	of Münster	Without the umlaut this reads as the Irish province.
adjectives	adjectives_008	tyrrhenisch	english	low	gloss	tyrrhenian	Tyrrhenian	Proper-adjective capitalisation missing (all other nationality adjectives in the batch are capitalised).
adjectives	adjectives_008	geschwisterlich	english	low	gloss	siblinglike/siblingly	brotherly/sisterly, like siblings	Both glosses are invented non-words.
adjectives	adjectives_008	anaerob	english	low	gloss	anaerobe/anaerobic	anaerobic	"anaerobe" is a noun, not an adjective.
adjectives	adjectives_008	fernmündlich	english	low	gloss	by/over/telephone	by telephone (formal/official register)	Slash-splitting has destroyed the phrase.
adjectives	adjectives_008	citynah	english	low	gloss	near/close to city centre	close to the city centre	Same slash artefact — "near" reads as a separate sense.
adjectives	adjectives_008	postwendend	english	low	gloss	by return mail/by return of post/immediately	by return of post/immediately	US form placed before the British equivalent.
adjectives	adjectives_008	smaragdgrün	english	low	gloss	emerald green/teal	emerald green	"teal" is blue-green (correctly used at *blaugrün*), not emerald.
adjectives	adjectives_008	silbrig	english	low	gloss	silvern/silvery	silvery	"silvern" is archaic/poetic.
adjectives	adjectives_008	undankbar	english	low	gloss	ingrateful/ungrateful	ungrateful; (of a task) thankless	"ingrateful" is not current English; the common "thankless task" sense is missing.
adjectives	adjectives_008	zickig	english	low	gloss	capricious	stroppy/bitchy/touchy	Too mild and the wrong register; the word is colloquial and pejorative.
adjectives	adjectives_008	viermalig	english	low	gloss	fourfold/four-time	four-time, occurring four times	"fourfold" is *vierfach*, a different word.
adjectives	adjectives_008	unverdrossen	english	low	gloss	steady	undaunted/unflagging	Loses the "cheerfully persisting despite setbacks" core.
adjectives	adjectives_008	evolutiv	english	low	gloss	evolutive	evolutionary	"evolutive" is barely English.
adjectives	adjectives_008	sämig	english	low	gloss	viscid/viscous	thick, creamy (of a sauce)	It is a cooking word; the technical glosses mislead.
adjectives	adjectives_008	chancenlos	english	low	gloss	no chance	with no chance, out of contention	Noun phrase used where an adjective is needed.
adjectives	adjectives_008	zweischneidig	english	low	gloss	cut both ways/double-edged	double-edged	First gloss is a verb phrase.
adjectives	adjectives_008	hörig	english	low	gloss	be in bondage to somebody/dependent/sexually dependent	in thrall to someone, enslaved by	Verb-phrase gloss in an adjective entry.
adjectives	adjectives_008	patentrechtlich	english	low	gloss	patent law	relating to patent law, under patent law	Noun gloss for an adjective.
adjectives	adjectives_008	drittletzte	word	low	junk	drittletzte	drittletzt (citation form), consistent with the other stems in the bank	Inflected form as lemma; the bank elsewhere stores bare stems.
adjectives	adjectives_008	fußend	word	low	junk	fußend "based on"	drop; only occurs in *auf etw. fußend*	Bare present participle of a semi-fixed construction, not a dictionary adjective.
adjectives	adjectives_008	sechsfach	flags	low	junk	notDeclinable	declinable (*das sechsfache Volumen*)	Flag looks wrong; multiplicatives in *-fach* do inflect attributively.
adjectives	adjectives_008	lasziv	english	low	gloss	lascivious/offensive/rude	lascivious/lewd/sultry	"offensive/rude" are not senses of *lasziv*.
adjectives	adjectives_008	drollig	english	low	gloss	droll/facetious/odd	funny, quaint, cute	"facetious" (deliberately flippant) is the wrong idea.
adjectives	adjectives_008	ehern	english	low	gloss	brazen/bronze/iron	of bronze/iron; (fig.) unshakeable, iron-clad	Modern English "brazen" means shameless, so the first gloss actively misleads.
adjectives	adjectives_008	glimpflich	english	low	gloss	lenient	without serious consequences; (davonkommen) get off lightly	"lenient" covers only the sentencing use.
adjectives	adjectives_008	krampfartig	english	low	gloss	paroxysmal	cramp-like/spasmodic	Only a specialist medical gloss is offered.
adjectives	adjectives_008	laizistisch	english	low	gloss	laic/laicist/laicistic	secular, secularist (French-style separation of church and state)	All three glosses are obscure Latinate forms.
adjectives	adjectives_008	kaukasisch	english	low	gloss	Caucasian	of the Caucasus (avoid the racial-classification reading)	Bare "Caucasian" is ambiguous and dated in British English.
adjectives	adjectives_008	planlos	english	low	gloss	unmethodical/unsystematic	aimless, without a plan, haphazard	The natural equivalents are missing.
adjectives	adjectives_008	portofrei	english	low	gloss	post-free	postage-free, post-paid	"post-free" is not idiomatic.
adjectives	adjectives_008	haushoch	english	low	gloss	as high as a house	(fig.) by a mile, overwhelming (*haushoch gewinnen*)	Only the literal reading is given; usage is almost always figurative.
adjectives	adjectives_008	montan	english	low	gloss	mining/montane	relating to mining (Montanindustrie)	"montane" (of mountain zones) is a different English word and invites confusion.
adjectives	adjectives_008	forsch	english	low	gloss	brisk	brash, assertive, forceful	"brisk" misses the self-assured, slightly pushy tone.
adjectives	adjectives_008	stämmig	english	low	gloss	brawny	stocky, sturdy, thickset	"brawny" implies muscle; *stämmig* implies build.
adjectives	adjectives_008	keck	english	low	gloss	sassy	cheeky, saucy, bold	"sassy" is US-leaning for a British-English app.
adjectives	adjectives_008	cholerisch	english	low	gloss	choleric	hot-tempered, irascible	"choleric" is archaic humoral vocabulary in modern English.
adjectives	adjectives_008	erleuchtet	english	low	gloss	illuminated	illuminated, lit up; (fig.) enlightened	The figurative sense the word is most often used for is missing.
adjectives	adjectives_008	kleinlich	english	low	gloss	fussy/mean/narrow-minded	petty, pedantic, small-minded	The standard equivalent "petty" is absent, and "mean" is ambiguous.
adjectives	adjectives_008	suggestiv	english	low	gloss	suggestive	leading (question), manipulative	Unflagged partial false friend — English "suggestive" is read sexually first.
adjectives	adjectives_008	beschissen	english	low	gloss	lousy/terrible	lousy/terrible (vulgar)	Register marker missing; the word is coarse and would embarrass a learner.
adjectives	adjectives_009	zuckerreich	english	high	gloss	rich in blood sugar level	high in sugar/sugar-rich	nonsense English and wrong referent — the word describes food, not blood glucose.
adjectives	adjectives_009	gesetzwidrig	english	high	gloss	contrary/adverse act	illegal/unlawful/contrary to law	gloss is corrupted and gives no usable translation of a common legal adjective.
adjectives	adjectives_009	gewusst	word	high	junk	gewusst = known	remove (past participle of *wissen*; not used adjectivally/attributively)	verb form in the adjective deck; "known" as an adjective is *bekannt*.
adjectives	adjectives_009	indiskutabel	english	high	gloss	indisputable/unquestionable	out of the question/unacceptable/beyond discussion	false friend — the gloss states almost the opposite of the German meaning.
adjectives	adjectives_009	teutsch	word	medium	junk	teutsch = German	remove (archaic/jocular spelling of *deutsch*)	archaic variant duplicating a live A1 word.
adjectives	adjectives_009	thorakal	english	medium	gloss	thoracal	thoracic	"thoracal" is not standard English.
adjectives	adjectives_009	trickreich	english	medium	gloss	tricky	full of tricks/artful/crafty	English "tricky" means difficult, not "using tricks" — misleads.
adjectives	adjectives_009	überfallartig	english	medium	gloss	hit-and-run	sudden, like an ambush/raid-like	"hit-and-run" is a different (traffic/military) notion.
adjectives	adjectives_009	übermütig	english	medium	gloss	coltish	high-spirited/boisterous/cocky	obscure single gloss; core senses missing.
adjectives	adjectives_009	uniert	english	medium	gloss	unified	Uniate (of an Eastern church in union with Rome)	technical church term, not general "unified".
adjectives	adjectives_009	unkontrollierbar	english	medium	gloss	incontrollable/uncontrollable	uncontrollable	non-word placed first.
adjectives	adjectives_009	wärmedämmend	english	medium	gloss	heat-insulting/thermally insulating	heat-insulating/thermally insulating	typo produces a nonsense word as the first sense.
adjectives	adjectives_009	anregungsreich	english	medium	gloss	rich in excitation	stimulating/full of stimulating input	physics jargon; wrong for the everyday (educational/environmental) sense.
adjectives	adjectives_009	arbeitssuchend	english	medium	gloss	seeking/work	job-seeking/looking for work	slash breaks one phrase into two bogus senses, one of them a noun.
adjectives	adjectives_009	aufgeblasen	english	medium	gloss	arrogantly/bombastic/bumptious	puffed-up/pompous/self-important	an adverb heads the gloss in an adjective deck.
adjectives	adjectives_009	belanglos	english	medium	gloss	fiddling/for/insignificant	insignificant/trivial/irrelevant	corrupted gloss with a stray "for"; the real sense is buried third.
adjectives	adjectives_009	besoffen	english	medium	gloss	canned/drunk/drunken	drunk/plastered/sloshed (colloquial)	obscure US slang first; learner meets the wrong word.
adjectives	adjectives_009	blutüberströmt	english	medium	gloss	blood/soaked	blood-soaked/covered in blood	slash splits a compound into two fake senses.
adjectives	adjectives_009	dahingestellt	english	medium	gloss	something is anybody's/anyone's guess	left open/undecided (only in *dahingestellt sein/bleiben*)	gloss is a paraphrase of an idiom, not a translation, and lists two variants.
adjectives	adjectives_009	dingfest	english	medium	junk	arrest/come to grips/master	only in *jemanden dingfest machen* = to apprehend/arrest someone	gloss gives verbs; the word never functions as a free adjective.
adjectives	adjectives_009	faulig	english	medium	gloss	bad/mouldy	rotten/putrid/off	"mouldy" is *schimmelig*; vague "bad" first.
adjectives	adjectives_009	frenetisch	english	medium	gloss	frenetic	rapturous/thunderous (applause); frenzied	false-friend trap — German *frenetisch* is overwhelmingly positive (*frenetischer Applaus*).
adjectives	adjectives_009	goldglänzend	english	medium	gloss	gold/shining	gleaming gold/with a golden sheen	slash splits one compound into two fake senses.
adjectives	adjectives_009	herrschaftsfrei	english	medium	gloss	control free/unchecked	free from domination/non-hierarchical	"unchecked" suggests unrestrained power — near-opposite of the Habermasian term.
adjectives	adjectives_009	hochrot	english	medium	gloss	red as a beet/red as a beetroot	bright red/crimson (esp. of the face)	gives the American and British form of the same simile and omits the plain sense.
adjectives	adjectives_009	hunderttausendfach	english	medium	gloss	hundred thousand/hundreds/hundredthousandfold	a hundred thousand times over/hundred-thousandfold	corrupted list; "hundreds" is simply wrong.
adjectives	adjectives_009	königsblau	english	medium	gloss	ultramarine	royal blue	different colour name; *Ultramarin* exists separately in German.
adjectives	adjectives_009	küstennah	english	medium	gloss	coastal/near the coast/offshore	coastal/near the coast/inshore	"offshore" means away from the coast — contradicts the lemma.
adjectives	adjectives_009	massentauglich	english	medium	gloss	mainstream/suitable	suitable for a mass audience/mass-market	bare "suitable" is a fragment of a broken phrase.
adjectives	adjectives_009	massereich	english	medium	gloss	rich in bulk	massive/high-mass (astronomy)	mistranslation of the physics term.
adjectives	adjectives_009	neblig	english	medium	gloss	brumous/foggy/misty	foggy/misty	archaic obscurity placed before the everyday sense of an A2 word.
adjectives	adjectives_009	prim	cefr	medium	cefr	prim = prime, A2	C1/technical (maths: prime, as in *Primzahl*)	rare mathematical term tagged as elementary vocabulary.
adjectives	adjectives_009	progredient	english	medium	gloss	progredient	progressive (of a disease)	"progredient" is not an English word.
adjectives	adjectives_009	prozentuell	english	medium	gloss	percentaged/percental	percentage (attrib.)/in percentage terms	both glosses are non-words; also an Austrian variant of *prozentual*, unmarked.
adjectives	adjectives_009	rechtlos	english	medium	gloss	lawless/rightless/without rights	without rights/deprived of rights	"lawless" (*gesetzlos*) is the wrong sense and stands first.
adjectives	adjectives_009	schmächtig	english	medium	gloss	lank	slight/frail/slender (of build)	"lank" in English describes hair, not physique.
adjectives	adjectives_009	störrisch	english	medium	gloss	balky	stubborn/obstinate/mulish	US-only, rare gloss; the standard sense is absent.
adjectives	adjectives_009	unabsehbar	english	medium	gloss	incommensurable/unforeseeable	unforeseeable/incalculable	"incommensurable" is a maths term and wrong here, yet leads.
adjectives	adjectives_009	unangepasst	english	medium	gloss	inadequate/inappropriate/nonconformist	nonconformist/maladjusted	"inadequate" is wrong and heads the gloss.
adjectives	adjectives_009	unehelich	english	medium	gloss	bastard/illegitimate/spurious	born out of wedlock/illegitimate	offensive noun first; "spurious" is not a sense.
adjectives	adjectives_009	ungenießbar	english	medium	gloss	unbearable/unfit for consumption/unpalatable	inedible/undrinkable; (of a person) unbearable	figurative sense first, literal "inedible" missing entirely.
adjectives	adjectives_009	anästhesiologisch, aufreibend, ischämisch, schwefelhaltig, unhygienisch	english	low	gloss	anesthesiologic/anesthesiological; grueling; ischaemic/ischemic; sulfurous/sulphurous; insanitary/unhygienic/unsanitary	anaesthesiological; gruelling; ischaemic; containing sulphur/sulphurous; unhygienic/insanitary	American spellings, or British and American forms in one gloss — app is British English, one form only.
adjectives	adjectives_009	wartungsfrei, faltenfrei, porenfrei, säurefrei	english	low	gloss	free of maintenance / free of fold / free of pore / free of acid	maintenance-free / crease-free / pore-free / acid-free	ungrammatical calques; "free of fold/pore" use bare singulars.
adjectives	adjectives_009	neidlos, regenarm	english	low	gloss	without/free of envy; poor in/low in rain	without envy/ungrudging; dry/low-rainfall	slash used inside a single phrase, producing fragments ("without", "poor in").
adjectives	adjectives_009	brüsk, parametrisch, parasitär	english	low	gloss	brusque/brusquely; parametric/parametrical/parametrically; parasitic/parasitical/parasitically	drop the -ly adverb forms	adverbs listed as senses of adjectives.
adjectives	adjectives_009	achtmalig, fünfmalig	english	low	gloss	eight-time/eightfold; fivefold/five-time	eight-time (occurring eight times); five-time	"-fold" renders *-fach*, a different word.
adjectives	adjectives_009	kirschrot, knochentrocken	english	low	gloss	cerise/cherry red/cherry-red; bone dry/bone-dry/dry as a bone	cherry-red; bone-dry	the same term listed twice with and without a hyphen; "cerise" is a different shade.
adjectives	adjectives_009	abnorm/abnormal, ethnografisch/ethnographisch, inkonsequent/inkonsistent	word	low	junk	three lemma pairs with identical glosses	keep one of each spelling pair; distinguish *inkonsequent* (inconsistent in behaviour, half-hearted) from *inkonsistent* (logically inconsistent)	duplicate cards; the last pair is two different words taught as one.
adjectives	adjectives_009	tausendjährig	english	low	gloss	millennial/thousand-year old	thousand-year-old/millennial	"millennial" now reads as the generation; hyphenation wrong.
adjectives	adjectives_009	thermodynamisch	english	low	gloss	thermodynamical	thermodynamic	non-standard English form.
adjectives	adjectives_009	tough	word	low	junk	tough = tough	remove, or gloss as colloquial loan "tough, gutsy"	English loanword glossed with itself; teaches nothing and duplicates *taff* (5608).
adjectives	adjectives_009	trutzig	word	low	junk	trutzig = defiant	mark as archaic/poetic variant of *trotzig*	dead variant of a live word.
adjectives	adjectives_009	unbeständig	english	low	gloss	changeable/fickle/instable	changeable/fickle/unstable	"instable" is not standard English.
adjectives	adjectives_009	weißrussisch	word	low	gloss	weißrussisch = Belorussian	mark as dated; gloss "Belarusian" (see *belarussisch*, 5784)	outdated in both languages and duplicates the modern entry.
adjectives	adjectives_009	wellenförmig	english	low	gloss	undulate/wave-shaped/wavy	wavy/wave-shaped	botanical "undulate" placed first.
adjectives	adjectives_009	zionistisch	english	low	gloss	Zionistic	Zionist	"Zionistic" is not the usual English adjective.
adjectives	adjectives_009	zweckdienlich	english	low	gloss	convenient/useful	useful/relevant/expedient (*zweckdienliche Hinweise*)	"convenient" is not a sense and leads.
adjectives	adjectives_009	abgebrüht	english	low	gloss	hard-nosed	hard-boiled/callous/unfeeling	near-miss gloss; misses the "unfeeling" core.
adjectives	adjectives_009	abgrundtief	english	low	gloss	fathomless	abysmal/utter/profound (*abgrundtiefer Hass*)	literal-only gloss; commonest use is intensifying.
adjectives	adjectives_009	achter	word	low	junk	achter = aft	remove or mark nautical/rare	rare seafaring adjective, easily misread as an inflected form of *achte* (eighth).
adjectives	adjectives_009	allfällig	english	low	gloss	possible	any/possible (Swiss/Austrian)	regional marker missing.
adjectives	adjectives_009	belletristisch	english	low	gloss	belletristic	literary/relating to fiction	gloss is more obscure in English than the German.
adjectives	adjectives_009	blamabel	english	low	gloss	cringeworthy/cringy/embarrassing	embarrassing/humiliating/shameful	slang first; also "cringy/cringeworthy" duplicates one notion.
adjectives	adjectives_009	duftig	english	low	gloss	fragrant/delicate	airy/gossamer/delicate; (rarer) fragrant	main sense is "light, filmy" (fabric), not smell.
adjectives	adjectives_009	ecuadorianisch	english	low	gloss	Ecuadoran/Ecuadorean/Ecuadorian	Ecuadorean	three variants, American form first.
adjectives	adjectives_009	einsprachig	english	low	gloss	monoglot/monolingual	monolingual	obscure form first.
adjectives	adjectives_009	fanatisch	english	low	gloss	fanatic	fanatical	"fanatic" is chiefly a noun in English.
adjectives	adjectives_009	fragmentarisch	english	low	gloss	fragmental/fragmentary	fragmentary	rare geological form first.
adjectives	adjectives_009	fressend	word	low	junk	fressend = feeding/gorging	remove (bare present participle of *fressen*)	not an established adjective; only in compounds (*um sich fressend*).
adjectives	adjectives_009	fürstbischöflich	english	low	gloss	prince-bishopric	prince-episcopal/of the prince-bishop	gloss is a noun.
adjectives	adjectives_009	gemeingefährlich	english	low	gloss	public menace/dangerous to society	dangerous to the public	first gloss is a noun phrase.
adjectives	adjectives_009	gewohnheitsrechtlich	english	low	gloss	customary law	under customary law/customary-law (attrib.)	gloss is a noun.
adjectives	adjectives_009	graublau	english	low	gloss	grey blue/perse/powder blue	grey-blue	"perse" is archaic; "powder blue" is a different shade.
adjectives	adjectives_009	gülden	word	low	junk	gülden = golden	mark as archaic/poetic variant of *golden*	dead variant of a live word.
adjectives	adjectives_009	hakelig	english	low	gloss	juddery/notchy	awkward/tricky/scrappy (also of a match, a mechanism)	machine-specific glosses only; the general "awkward" sense is missing.
adjectives	adjectives_009	hysterisch	english	low	gloss	hysteric/hysterical	hysterical	"hysteric" is a noun.
adjectives	adjectives_009	imperfekt	word	low	junk	imperfekt = imperfect	remove; *unvollkommen* covers the sense, *das Imperfekt* is the grammar noun	barely used as a German adjective; risks grammar-metalanguage confusion.
adjectives	adjectives_009	internal	word	low	junk	internal = internal	remove; German uses *intern/innerlich*	only occurs in psychology jargon (*internale Attribution*).
adjectives	adjectives_009	knöchelhoch	english	low	gloss	ankle-deep	ankle-high (ankle-deep = *knöcheltief*)	wrong dimension word.
adjectives	adjectives_009	kommunikationsstark	english	low	gloss	communicatively strong	a strong communicator/good at communicating	not idiomatic English.
adjectives	adjectives_009	konfessionslos	english	low	gloss	non-denominational/of no religious affiliation	of no religious affiliation/unaffiliated	"non-denominational" describes institutions, not people, and leads.
adjectives	adjectives_009	krude	english	low	gloss	crude/raw/rude	crude/raw	"rude" is not a sense of *krude*.
adjectives	adjectives_009	lipophil	english	low	gloss	lipophil/lipophilic	lipophilic	"lipophil" is not an English adjective.
adjectives	adjectives_009	machtpolitisch	english	low	gloss	power politics	power-political/in terms of power politics	gloss is a noun.
adjectives	adjectives_009	makaber	english	low	gloss	ghoulish/grim/macabre	macabre/gruesome	the direct cognate should lead.
adjectives	adjectives_009	mitdenkend	english	low	gloss	thinking along/considerate	switched-on/using one's own initiative	"thinking along" is a Germanism.
adjectives	adjectives_009	mitleidig	english	low	gloss	compassionate/merciful/pitiful	compassionate/sympathetic/pitying	"pitiful" means pathetic, not pitying.
adjectives	adjectives_009	morbide	word	low	junk	lemma *morbide*	*morbid* (citation form)	*morbide* looks like an inflected form; standard lemma is *morbid*.
adjectives	adjectives_009	nachgiebig	english	low	gloss	compliant/ineffectual/pliable	yielding/indulgent/flexible	"ineffectual" is not a sense.
adjectives	adjectives_009	nerdig	english	low	gloss	nerdish/nerdy	nerdy	rare form first.
adjectives	adjectives_009	nervenstark	english	low	gloss	strong-nerved	unflappable/with nerves of steel	calque, not idiomatic.
adjectives	adjectives_009	neuralgisch	english	low	gloss	neuralgic	sensitive/critical (*neuralgischer Punkt* = sore point); (medical) neuralgic	the commoner figurative sense is missing; English "neuralgic" is medical only.
adjectives	adjectives_009	olfaktorisch	english	low	gloss	olfactive/olfactory	olfactory	rare form first.
adjectives	adjectives_009	orkanartig	english	low	gloss	hurricanelike	hurricane-force/hurricane-like	unhyphenated non-word.
adjectives	adjectives_009	pädophil	english	low	gloss	paedophile	paedophilic	gloss is the noun form.
adjectives	adjectives_009	parteilich	english	low	gloss	biased/doctrinaire/partial	partisan/biased/one-sided	"doctrinaire" is not a sense.
adjectives	adjectives_009	patriarchalisch	english	low	gloss	paternalistic/patriarchal	patriarchal	"paternalistic" (*paternalistisch*, 6120) leads and blurs two words.
adjectives	adjectives_009	prollig	english	low	gloss	plebby	chavvy/loutish/naff	single obscure gloss for a common colloquialism.
adjectives	adjectives_009	quicklebendig	english	low	gloss	as fresh as a daisy	full of life/lively/bright as a button	the simile given is about being rested, not lively.
adjectives	adjectives_009	raffgierig	english	low	gloss	grabby	grasping/avaricious/money-grubbing	weak, informal-only gloss.
adjectives	adjectives_009	regimekritisch	english	low	gloss	regime-critical	critical of the regime/dissident	calque; cf. the correctly glossed *regierungskritisch* (6161).
adjectives	adjectives_009	rüde	english	low	gloss	rude	rough/uncouth/brusque	near false friend — *rüde* is about roughness, not impoliteness.
adjectives	adjectives_009	schwindelfrei	english	low	gloss	steadfast for heights/unafraid of heights	having a head for heights	first gloss is broken English.
adjectives	adjectives_009	sinngebend	english	low	gloss	meaning-giving	that gives meaning/purpose-giving	calque.
adjectives	adjectives_009	unbeirrbar	english	low	gloss	undeviating	unwavering/unswerving/steadfast	unusual gloss for a common adjective.
adjectives	adjectives_009	unheilig	english	low	gloss	unhallowed/unholy/unsaintly	unholy	archaic forms before the plain sense.
adjectives	adjectives_009	unlesbar	english	low	gloss	indecipherable	illegible/unreadable	main sense missing.
adjectives	adjectives_009	unlöslich	english	low	gloss	insoluble/irreconcilable	insoluble (chemistry)	"irreconcilable" is *unvereinbar*.
adjectives	adjectives_009	unmoralisch	english	low	gloss	immoral/inhumane/unethical	immoral/unethical	"inhumane" is not a sense of *unmoralisch*.
adjectives	adjectives_010	waffenlos	english	high	gloss	without/free of arm	unarmed/weaponless	Corrupted machine gloss; "arm" is a mis-singularised "arms" and reads as the body part.
adjectives	adjectives_010	achtungsvoll	english	high	gloss	full of attention	respectful/deferential	`Achtung` here is "respect", not "attention" — the gloss teaches the wrong word.
adjectives	adjectives_010	amyloid	english	high	gloss	amyloide	amyloid	Not an English word; stray final -e.
adjectives	adjectives_010	andersfarbig	english	high	gloss	colour/different	of a different colour/differently coloured	Gloss is two disconnected fragments, not a translation.
adjectives	adjectives_010	auskunftspflichtig	english	high	gloss	obligatory/subject to information	obliged to provide information/subject to a duty of disclosure	"-pflichtig" mis-parsed; "obligatory" is flatly wrong.
adjectives	adjectives_010	betretbar	english	high	gloss	to be stepped over	accessible/that can be entered or walked on	`betreten` = enter/step onto, not step over.
adjectives	adjectives_010	dreizehnt	word	high	notadj	dreizehnt "thirteenth", flags=notDeclinable	remove (ordinal numeral; citation form is *dreizehnte*)	A bare ordinal stem that never occurs uninflected — and it *is* declinable, so the flag is wrong too.
adjectives	adjectives_010	geschlechtsbezogen	english	high	gloss	related to family	gender-related/sex-specific	`Geschlecht` glossed as "family" — wrong sense entirely.
adjectives	adjectives_010	gell	word	high	notadj	gell "isn't it (Bavarian/Swabian tag)"	remove	Question tag / particle, not an adjective; cannot be declined or predicated.
adjectives	adjectives_010	gelt	word	high	notadj	gelt "isn't it (Bavarian/Swabian tag)"	remove	Same particle as *gell*; duplicate non-adjective.
adjectives	adjectives_010	handyfrei	english	high	gloss	free of cell	mobile-phone-free	Truncated calque of "cell phone", and Americanism; "free of cell" is meaningless.
adjectives	adjectives_010	keulenförmig	english	high	gloss	-shaped club	club-shaped	Gloss words are in reverse order with a dangling hyphen.
adjectives	adjectives_010	lichtundurchlässig	english	high	gloss	fotoresist/opaque	opaque/light-proof	"fotoresist" is corpus junk (a noun, misspelt) placed before the correct sense.
adjectives	adjectives_010	mehrheitsfähig	english	high	gloss	capable of bulk	able to command a majority/likely to win majority support	`Mehrheit` glossed as "bulk"; the political sense is lost.
adjectives	adjectives_010	meist	word	high	notadj	meist "most", cefr=A2	remove (adverb "mostly"; adjectival use only as inflected *die meisten*)	Bare superlative stem — never used uninflected as an attributive adjective.
adjectives	adjectives_010	nämlich	word	high	notadj	nämlich "namely/that is", cefr=A2	remove from the adjective deck	The glossed item is an adverb/connective particle, not an adjective.
adjectives	adjectives_010	neuneinhalb	word	high	notadj	neuneinhalb "nine and a half", flags=notDeclinable	remove	Cardinal numeral, not an adjective.
adjectives	adjectives_010	abschnittsweise	word	medium	notadj	abschnittsweise "in sections"	remove or mark as adverb	`-weise` form used adverbially; the gloss itself is an adverbial phrase.
adjectives	adjectives_010	gestorben	word	medium	junk	gestorben "deceased", cefr=A1	use *verstorben* for the adjective, or drop	Plain past participle of *sterben*; German does not use *gestorben* attributively.
adjectives	adjectives_010	abgehalftert	english	medium	gloss	abandoned/neglected	washed-up/past it/over the hill	Refers to a person whose career is finished, not to something neglected.
adjectives	adjectives_010	abgeklärt	english	medium	gloss	prudent	serene/level-headed/philosophical	The word denotes calm acquired through experience, not prudence.
adjectives	adjectives_010	abgründig	english	medium	gloss	abysmal/inscrutable/mysterious	unfathomable/profound/sinister	English "abysmal" means dreadful — a false friend put first.
adjectives	adjectives_010	befangen	english	medium	gloss	be caught up in/biased/biassed	self-conscious/ill at ease; (law) biased	Leads with a verb phrase, and "biassed" is a redundant variant spelling.
adjectives	adjectives_010	bewundert	english	medium	gloss	admired/adored/renowed	admired/adored/renowned	"renowed" is a non-word typo.
adjectives	adjectives_010	bravourös	english	medium	gloss	bravura	brilliant/masterly/virtuoso	"bravura" is a noun in English and does not work as a predicate adjective.
adjectives	adjectives_010	erdrutschartig	english	medium	gloss	landslide/landslidish/like a landslide	landslide (attributive)/like a landslide	"landslidish" is not English.
adjectives	adjectives_010	fahrdynamisch	english	medium	gloss	dynamic	relating to vehicle dynamics/handling	Gloss drops `Fahr-` entirely and means something else.
adjectives	adjectives_010	flatterhaft	english	medium	gloss	butterfly (only before nouns)/fickle/flighty	fickle/flighty	First slot is a noun plus leaked editorial metadata.
adjectives	adjectives_010	fremdbestimmt	english	medium	gloss	heteronomous	controlled by others/externally determined	Only an obscure philosophical term is offered for an everyday word.
adjectives	adjectives_010	frivol	english	medium	gloss	frivolous/lewd/ribald	risqué/lewd/suggestive	False friend — German *frivol* is chiefly sexual, "frivolous" first misleads.
adjectives	adjectives_010	geheuer	english	medium	gloss	comfortable/uncanny (in 'nicht geheuer')	(only in *nicht geheuer*) eerie, not right, fishy	"comfortable" is wrong and the negative-polarity restriction is buried in the second slot.
adjectives	adjectives_010	geschäftstüchtig	english	medium	gloss	efficient/smart	business-savvy/good at business	Both glosses lose the commercial component.
adjectives	adjectives_010	gräulich	english	medium	gloss	dreadful/greyish/grizzly	greyish; (variant of *greulich*) dreadful	Two lemmas conflated with the rarer sense first, and "grizzly" (a bear) should be "grizzled".
adjectives	adjectives_010	heiratsfähig	english	medium	gloss	capable of wedding	marriageable/of marriageable age	Not idiomatic English; reads as nonsense.
adjectives	adjectives_010	hinkend	english	medium	gloss	inapplicable/limping	limping; (of a comparison) flawed	"inapplicable" is wrong and precedes the literal sense.
adjectives	adjectives_010	konsumorientiert	english	medium	gloss	oriented consumption	consumption-oriented	Word order reversed; not English.
adjectives	adjectives_010	mautpflichtig	english	medium	gloss	obligatory/subject to toll	subject to a toll/tolled	Same "-pflichtig" mis-parse as *auskunftspflichtig*; "obligatory" is wrong.
adjectives	adjectives_010	nebenwirkungsarm	english	medium	gloss	poor in/low in adverse effect	with few side effects	Fragmented gloss with a mis-singularised noun.
adjectives	adjectives_010	ölhaltig	english	medium	gloss	oleiferous	oil-bearing/containing oil/oily	Only a near-unusable technical word is given.
adjectives	adjectives_010	ordinär	english	medium	gloss	common/ordinary/vulgar	vulgar/coarse	False friend — the dominant modern sense is "vulgar"; "ordinary" first teaches the trap.
adjectives	adjectives_010	patzig	english	medium	gloss	bold/cheekily/cheeky	snotty/cheeky/impertinent	"bold" is wrong and an adverb is used as an adjective gloss.
adjectives	adjectives_010	phantasiereich	english	medium	gloss	fanciful	imaginative	"fanciful" implies unrealistic; the German word is complimentary.
adjectives	adjectives_010	unverbraucht	english	medium	gloss	unconsumed	fresh/unspent/unjaded	Literal calque; the normal uses (air, energy, a person) are all "fresh".
adjectives	adjectives_010	verschleiert	english	medium	gloss	blurred/concealed/hazily	veiled/concealed/blurred	Core sense "veiled" is missing and "hazily" is an adverb.
adjectives	adjectives_010	widerstrebend	english	medium	gloss	reluctantly/grudgingly	reluctant/grudging	Adjective glossed only with adverbs.
adjectives	adjectives_010	zerrüttet	english	medium	gloss	dysfunctional	broken/shattered (marriage, nerves, health)	Too narrow and register-wrong for the usual collocations.
adjectives	adjectives_010	zuordenbar	english	medium	gloss	relatable/relateable	assignable/attributable	English "relatable" means something else; plus a redundant spelling variant.
adjectives	adjectives_010	American / mixed-spelling glosses	english	low	gloss	zugig "drafty/draughty"; bewehrt "armored/armoured"; pädosexuell "pedosexual"; körperbetont "formfitting"; aramäisch "Aramaean/Aramaic/Aramean"; interpretativ "interpretive"	draughty; armoured; paedosexual; close-fitting; Aramaic/Aramaean; interpretative	British-only single forms required; several rows carry both spellings at once.
adjectives	adjectives_010	Adverbs inside adjective glosses	english	low	gloss	erklecklich "considerable/considerably"; fluchtartig "hastily/hasty/hurried"; heuristisch "heuristic/heuristically"; klimatologisch "climatological/climatologically"; obszön "obscene/obscenely"	drop the -ly forms	Adverb glosses in an adjective deck; *fluchtartig* also leads with the adverb.
adjectives	adjectives_010	Redundant variant pairs in one gloss	english	low	gloss	auslaufsicher "leak-proof/leakproof"; dosierbar "dosable/doseable"; konterrevolutionär "counter-revolutionary/counterrevolutionary"; erstgeboren "first-born/firstborn"; kirgisisch "Kirghiz/Kyrgyz"; wasserdurchlässig three ways of saying water-permeable	one form each	Same-word spelling variants padded out as separate senses.
adjectives	adjectives_010	Non-words and typos in glosses	english	low	gloss	heraldisch "heraldric"; magensaftresistent "entericcoated"; cremeweiß "creme-white"; wechselwarm "poikilotherm" (noun)	heraldic; enteric-coated; cream-white; poikilothermic	Malformed or non-English forms.
adjectives	adjectives_010	Missing capitals on proper-name adjectives	english	low	gloss	kreolisch "creole"; paulinisch "pauline"; provenzalisch "provençal"; kafkaesk "kafkaesque"	Creole; Pauline; Provençal; Kafkaesque	English capitalises these.
adjectives	adjectives_010	ozeanografisch / ozeanographisch	word	low	junk	two consecutive entries (6955, 6956), identical gloss "oceanographic"	keep one lemma	German spelling variants listed as two separate cards.
adjectives	adjectives_010	aztekisch	english	low	gloss	Aztecan	Aztec	"Aztecan" is a linguistics-only term.
adjectives	adjectives_010	desillusioniert	english	low	gloss	disaffected/disenchanted	disillusioned/disenchanted	The exact cognate equivalent is missing.
adjectives	adjectives_010	verbeult	english	low	gloss	battered	dented	`Beule` = dent; "dented" is the primary sense for cars and tins.
adjectives	adjectives_010	Obscure/technical sense placed first	english	low	gloss	feist "adipose/fat"; geizig "avaricious/greedy/stingy"; geruchlos "inodorous/odourless"; glasartig "vitreous/glassy"; käsig "cheesy/pale"; keilförmig "cuneiform/v-shaped/wedge-shaped"; kraus "confused/crinkly/frizzy"; ledern "dry/dull/leather"; dämonisch "demoniac/demonic"; fiebersenkend "antipyretic/fever-reducing"	put the everyday sense first (fat; stingy; odourless; glassy; pale/pasty; wedge-shaped; frizzy; leather/leathery; demonic; fever-reducing)	Learner meets the rare or figurative reading before the common one.
adjectives	adjectives_010	Opaque calques	english	low	gloss	bundesunmittelbar "federally direct"; drucktechnisch "printing-technical"; zahlungswirksam "cash-effective"; zerlegbar "disassemblable"; konfliktlos "conflictless"; mehrsilbig "multisyllable"; freireligiös "free-religious"; konsensfähig "capable of consensus"; körperfremd "exogenous"; nebenwirkungsfrei "free of adverse effect"	directly subordinate to the federal government; in terms of printing technology; cash-relevant; able to be dismantled; free of conflict; polysyllabic; free-thinking/non-denominational; likely to command consensus; foreign to the body; free of side effects	Word-for-word renderings that do not convey the meaning.
adjectives	adjectives_010	Noun phrases used as adjective glosses	english	low	gloss	halbstark "rowdy adolescent/teenage"; humanmedizinisch "human medicine"; oberösterreichisch "Upper Austria/Upper Austrian"; zweisitzig "two-seater"; wurzelnackt "bare root"	rowdy/loutish (of teenagers); of human medicine; Upper Austrian; two-seat; bare-rooted	Gloss is a noun, so it cannot substitute for the adjective.
adjectives	adjectives_010	Missing register/region markers	english	low	gloss	dufte "great"; fesch "fashionable"; lütt "little"; krachledern "of leather (Bavarian)"; grantig "grumpy/ornery"; geschwätzig "gabby/talkative"	add (dated slang) / (Austrian, southern German: smart, snazzy) / (Low German) / krachledern = boorish, rustically Bavarian; drop the US colloquialisms "ornery" and "gabby"	Learner cannot tell these are dialect or dated, and two glosses are Americanisms.
adjectives	adjectives_010	False friends with no warning	english	low	gloss	integer "honest/of integrity"; jovial "jovial"	add notes — *integer* ≠ English "integer"; German *jovial* carries a condescending edge	Both invite direct but wrong transfer from English.
adjectives	adjectives_010	habhaft	english	low	gloss	in possession of (in 'habhaft werden')	(only in *habhaft werden* + genitive) to get hold of, apprehend	Predicate-only fixed-phrase item; "in possession of" is not what the idiom means.
adjectives	adjectives_010	verschnupft	english	low	gloss	sniffly; peeved	sniffly/peeved	Semicolon breaks the `/` separator convention used everywhere else.
adjectives	adjectives_010	äquatornah	english	low	gloss	near/close to equator	close to the equator	Missing article; also a spurious first "sense".
adjectives	adjectives_010	vermeidlich	word	low	gloss	vermeidlich "avoidable"	prefer *vermeidbar*; note the near-homograph *vermeintlich* ("supposed")	Rare variant that learners routinely confuse with *vermeintlich*.
adjectives	adjectives_010	-istic where English uses -ist	english	low	gloss	imperialistisch "imperialistic"; pazifistisch "pacifistic"; dadaistisch "dadaistic"; dschihadistisch "jihadi"	imperialist; pacifist; Dadaist; jihadist	The -istic forms are marked or non-standard in British usage.
adjectives	adjectives_010	Smaller gloss imprecisions	english	low	gloss	wortgewandt "…/glib" (pejorative, unlike the German); wunschlos "desireless"; züchtig "virtuous"; wortgleich "equally worded"; zweimonatlich "bimonthly"; exaltiert "effusive"; engelsgleich "angel-like"; eremitisch "hermitic"; kränkelnd "unhealthy"; getigert "striped"; berechnend "scheming"; blutrot "crimson"; leidtragend "suffering"; gemeinfrei "public domain"; porentief "deep-pore"; profitorientiert "for-profit"; pausbäckig "chubby cheeked"; euroskeptisch "Euro-sceptic"; pflegeintensiv "labour-intensive (in care)"; diesseitig "near-side/temporal"; pastös "…/smooth"; vermint "mined"; fünfseitig "five-sided"	drop "glib"; content/wanting for nothing; chaste/demure; identically worded/word-for-word; every two months (English "bimonthly" is ambiguous); over-excited/histrionic; angelic; hermit-like; ailing/sickly; tabby (of cats); calculating; blood-red; affected/bereaved; in the public domain/copyright-free; deep into the pores; profit-oriented; chubby-cheeked; Eurosceptic; high-maintenance/needing much care; on this side/of this world; drop "smooth"; mined (with landmines); five-sided or five-page	Each is understandable but imprecise, wrongly hyphenated, or ambiguous in English.
adjectives	adjectives_011	rebellierend	english	high	gloss	contesting	rebelling/rebellious	"contesting" is not a translation of rebellieren.
adjectives	adjectives_011	spannungsfrei	english	high	gloss	free of suspense	stress-free (material) / voltage-free (electrical)	Spannung mis-taken as "suspense"; the word is technical (mechanical/electrical tension).
adjectives	adjectives_011	spezial	word	high	junk	spezial = special	delete; the adjective is `speziell` (spezial- exists only as a compound prefix)	not a usable free-standing German adjective.
adjectives	adjectives_011	strahlenförmig	english	high	gloss	actinoid/radial	radial/radiating	"actinoid" is a class of chemical elements, not a shape word, and it is placed first.
adjectives	adjectives_011	strandnah	english	high	gloss	beach/close/near	close to the beach	gloss shattered into three fragments; a learner reads "strandnah = beach".
adjectives	adjectives_011	unterschiedslos	english	high	gloss	without/free of contrast	indiscriminate / without distinction	Unterschied mis-rendered as "contrast"; the meaning is "making no distinction".
adjectives	adjectives_011	vertragswidrig	english	high	gloss	contrary/adverse agreement	in breach of contract	corrupted template output, no usable translation.
adjectives	adjectives_011	abgesehen	word	high	notadj	abgesehen = apart/except/other (B2)	remove; belongs to the fixed expressions "abgesehen von" / "abgesehen davon, dass"	not an adjective — a prepositional/conjunctional element.
adjectives	adjectives_011	bedeutungsschwer	english	high	gloss	pregnant	portentous / weighty / full of meaning	only the archaic "pregnant with meaning" sense fits; as given it reads as "pregnant".
adjectives	adjectives_011	bombenfest	english	high	gloss	firm/fixed bomb	rock-solid / absolutely secure	corrupted gloss leaking "bomb" as a translation.
adjectives	adjectives_011	bügelfrei	english	high	gloss	free of clip	non-iron / crease-resistant (shirt)	Bügel(eisen) misread as "clip"; the word is a laundry-care term.
adjectives	adjectives_011	datenschutzwidrig	english	high	gloss	contrary/adverse data privacy	in breach of data-protection law	same corrupted "-widrig" template as vertragswidrig.
adjectives	adjectives_011	denkmalwert	english	high	gloss	worth/worthy monument	worthy of listing as a historic monument	corrupted gloss, ungrammatical in English.
adjectives	adjectives_011	dispositiv	english	high	gloss	anticipated	optional/non-mandatory (law: dispositives Recht); dispositive	gloss copied from `antizipiert`; factually wrong.
adjectives	adjectives_011	doldenförmig	english	high	gloss	-shaped corymb	umbel-shaped / umbellate	gloss fragment with the head word missing.
adjectives	adjectives_011	drei	word	high	notadj	drei = three (A1, notDeclinable)	remove from the adjective deck	cardinal numeral, not an adjective.
adjectives	adjectives_011	dreißigtausend	word	high	notadj	dreißigtausend = thirty thousand	remove	cardinal numeral.
adjectives	adjectives_011	dreiundzwanzigst	word	high	notadj	dreiundzwanzigst = twenty-third (notDeclinable)	remove; and the form never occurs bare (dreiundzwanzigste(r))	ordinal numeral, and a bare stem that cannot stand uninflected.
adjectives	adjectives_011	ein	word	high	notadj	ein = one (A1, notDeclinable)	remove	indefinite article / numeral, not an adjective; also plainly declinable.
adjectives	adjectives_011	radikalisch	word	medium	junk	radikalisch = radical/radically	use `radikal`	non-standard/obsolete variant duplicating a live word; gloss also adverbial.
adjectives	adjectives_011	räudig	english	medium	gloss	mangy/mean/scabby	mangy/scabby	"mean" is not a sense of räudig.
adjectives	adjectives_011	rostrot	english	medium	gloss	auburn	rust-red (of hair: auburn)	a narrow hair-colour sense given as the only gloss.
adjectives	adjectives_011	schlampig	english	medium	gloss	careless/slipshot/sloppy	sloppy/slovenly/slipshod	"slipshot" is not an English word (slipshod).
adjectives	adjectives_011	selbstherrlich	english	medium	gloss	autocratic/autocratical/autocratically	high-handed/overbearing	pads a non-standard form and an adverb, and misses the usual pejorative sense.
adjectives	adjectives_011	spassig	word	medium	junk	spassig	spaßig	non-standard German spelling (ss for ß after a long vowel).
adjectives	adjectives_011	tollkühn	english	medium	gloss	daredevil/temerarious	foolhardy/daring	first gloss is a noun, second is archaic; the ordinary word is missing.
adjectives	adjectives_011	transzendent	english	medium	gloss	transcendental	transcendent	transzendent and transzendental are distinct terms in German philosophy.
adjectives	adjectives_011	unbescholten	english	medium	gloss	integer/spotless	of good character / with a clean record	"integer" is not English in this sense.
adjectives	adjectives_011	ungerührt	english	medium	gloss	unaffected	unmoved/unperturbed	"unaffected" is mostly read as "natural, unpretentious" — wrong sense.
adjectives	adjectives_011	unmündig	english	medium	gloss	immature/minor/underage	under age / not of legal age (figuratively: not yet independent)	the legal sense is primary; "immature" first misleads.
adjectives	adjectives_011	unterlaufen	english	medium	gloss	circumvented/foiled	bloodshot (mit Blut unterlaufen); as a participle: circumvented	the established adjectival sense is missing; as glossed it is a bare verb participle.
adjectives	adjectives_011	unverhohlen	english	medium	gloss	blatantly/openly/plainspoken	undisguised/open/overt	adjective glossed with adverbs plus a wrong term ("plainspoken").
adjectives	adjectives_011	unwägbar	english	medium	gloss	immeasurable/unmeasurable	imponderable/incalculable/unpredictable	not about measurement of size but about unforeseeable factors.
adjectives	adjectives_011	zweiwöchentlich	english	medium	gloss	biweekly/every/fortnightly	fortnightly	dangling "every"; "biweekly" is ambiguous, and this app uses British English.
adjectives	adjectives_011	abgabefrei	english	medium	gloss	free of charge/duty-free	exempt from duties/levies	"free of charge" (kostenlos) is wrong and placed first.
adjectives	adjectives_011	allerliebst	english	medium	gloss	beloved	adorable / utterly charming	wrong sense (beloved = geliebt).
adjectives	adjectives_011	anderweit	word	medium	notadj	anderweit = otherwise/elsewhere	remove; archaic adverb (modern: anderweitig)	adverb, not an adjective.
adjectives	adjectives_011	arthrotisch	english	medium	gloss	arthritic	osteoarthritic (relating to Arthrose)	Arthrose ≠ Arthritis; the gloss teaches the wrong condition.
adjectives	adjectives_011	aufrührerisch	english	medium	gloss	factious/inflammatory/insubordinate	rebellious/seditious/riotous	core sense absent; all three glosses are peripheral.
adjectives	adjectives_011	bedient	english	medium	junk	served	fed up, had enough (bedient sein); otherwise drop as a bare verb participle	literal participle gloss duplicating the verb bedienen; the idiomatic adjective sense is the real entry.
adjectives	adjectives_011	bekehrbar	english	medium	gloss	convertibile	convertible	misspelt non-word.
adjectives	adjectives_011	bitterlich	word	medium	notadj	bitterlich = bitterly	remove; adverb (bitterlich weinen)	gloss is itself an adverb; the adjective is bitter.
adjectives	adjectives_011	boshaft	english	medium	gloss	despiteful/malevolent/vicious	malicious/spiteful	"despiteful" is archaic and placed first.
adjectives	adjectives_011	brünstig	english	medium	gloss	hot/in heat/lecherous	in heat / on heat (of an animal)	bare "hot" first is badly misleading.
adjectives	adjectives_011	desinteressiert	english	medium	gloss	disinterested	uninterested / indifferent	false friend — "disinterested" means impartial in careful British usage.
adjectives	adjectives_011	different	english	medium	gloss	different	differing/divergent (rare, technical); everyday German is verschieden/anders	identical-looking gloss invites learners to use a rare specialist word for "different".
adjectives	adjectives_011	ehrenhaft	english	medium	gloss	reputable	honourable	reputable = angesehen; the honour component is lost.
adjectives	adjectives_011	eingeboren	english	medium	gloss	begotten/inborn/innate	native/indigenous (dated); innate	the commonest sense is missing and an archaic biblical use ("only begotten") leads.
adjectives	adjectives_011	eingedenk	word	medium	notadj	eingedenk = mindful (of)	remove; it is a preposition governing the genitive (eingedenk der Tatsache)	never used as an attributive adjective.
adjectives	adjectives_011	British/American spelling	english	low	gloss	`ungefärbt` "uncolored"; `verleumderisch` "libellous/libelous"; `altsteinzeitlich` "paleolithic"; `achtgeschossig` "eight-storey/eight-story"; `überspannt` "high-strung"	uncoloured; libellous only; palaeolithic; eight-storey only; highly strung	American spellings, or both spellings in one gloss, in a British-English app.
adjectives	adjectives_011	Adverb given as the gloss of an adjective	english	low	gloss	`rückhaltlos` "unreserved/unreservedly"; `syntaktisch` "…/syntactically"; `umgänglich` "affable/affably/agreeable"; `unwissenschaftlich` "unscientific/unscientifically"	drop the -ly forms	pads the entry with a different part of speech.
adjectives	adjectives_011	Redundant spelling doublets in one gloss	english	low	gloss	`qualitätsbewusst` "quality conscious/quality-conscious"; `selbstgebraut` "home-brewed/homebrewed"; `synoptisch` "synoptic/synoptical"; `trigonometrisch` "trigonometric/trigonometrical"; `achsensymmetrisch` "axisymmetric/axisymmetrical"; `antizionistisch` "anti-Zionist/anti-Zionistic/antizionist"	keep one standard form each	variant clutter with no learning value.
adjectives	adjectives_011	"without/free of X" template glosses	english	low	gloss	`besitzlos` "without/free of belongings"; `emissionslos` "without/free of emission"; `abgasfrei` "free of emission"	propertyless; emission-free; exhaust-emission-free	machine-template phrasing, not idiomatic English.
adjectives	adjectives_011	tränenreich / weinerlich	english	low	gloss	both lead with "lachrymose"	tearful (tränenreich); weepy/whiny (weinerlich)	obscure literary word placed first in both.
adjectives	adjectives_011	diachron / diachronisch	word	low	junk	two entries, same meaning ("diachronic")	keep `diachron`	duplicate variant lemmas.
adjectives	adjectives_011	regellos	english	low	gloss	irregular/ruleless	without rules / disorderly / chaotic	"ruleless" is barely English.
adjectives	adjectives_011	reinlich	english	low	gloss	neat	clean / hygienic (of habits)	reinlich is about cleanliness, not tidiness.
adjectives	adjectives_011	sacht	english	low	gloss	careful/gentle/soft	gentle/soft/light	"careful" first is not the core sense.
adjectives	adjectives_011	schiedsrichterlich	english	low	gloss	referee/arbitral	arbitral / of the referee	leading gloss is a noun.
adjectives	adjectives_011	schlängelnd	english	low	gloss	meandering/sidling/winding	meandering/winding	"sidling" (moving sideways) is not a sense of sich schlängeln.
adjectives	adjectives_011	schulterfrei	english	low	gloss	strapless	off-the-shoulder / bare-shouldered	"strapless" is already the gloss of `trägerlos`; schulterfrei is about bare shoulders.
adjectives	adjectives_011	serifenlos	english	low	gloss	sanserif	sans-serif	minority spelling of the standard typographic term.
adjectives	adjectives_011	solid	word	low	junk	solid	prefer `solide`	shorter variant; the learner-useful citation form is solide.
adjectives	adjectives_011	stadtbremisch	english	low	gloss	Bremen city	of the city of Bremen (as opposed to the Land)	administrative micro-term with an uninterpretable gloss.
adjectives	adjectives_011	tribal	word	low	junk	tribal	prefer Stammes- / "tribal (ethnology jargon)"	marginal English loan in German; risks being taken as the everyday word.
adjectives	adjectives_011	traditionalistisch	english	low	gloss	traditionalistic	traditionalist	non-standard English formation.
adjectives	adjectives_011	übersättigt	english	low	gloss	supersaturated	saturated/glutted (market); satiated, jaded (person)	only the chemistry sense given.
adjectives	adjectives_011	überwindbar	english	low	gloss	superable/surmountable	surmountable/conquerable	"superable" is near-obsolete and placed first.
adjectives	adjectives_011	umseitig	english	low	gloss	overleaf	on the reverse/next page	adjective glossed with an adverb.
adjectives	adjectives_011	unehrlich	english	low	gloss	crooked/dishonest/dodgy	dishonest first	colloquial senses precede the neutral one.
adjectives	adjectives_011	untadelig	english	low	gloss	upright	impeccable/blameless	imprecise.
adjectives	adjectives_011	unterklassig	english	low	gloss	lower-class	lower-division / lower-league (sport); also lower-class	overwhelmingly a sports term in German.
adjectives	adjectives_011	unverantwortbar	english	low	gloss	irresponsible	indefensible/unjustifiable	"irresponsible" is unverantwortlich; this word means "impossible to justify".
adjectives	adjectives_011	verkehrsüblich	english	low	gloss	customary/standard in trade or traffic	customary in commercial dealings	fragmented gloss mixing two unrelated readings of Verkehr.
adjectives	adjectives_011	verlogen	english	low	gloss	dishonest/faux/hypocritical	mendacious/deceitful/hypocritical	"faux" is not an English gloss for a person's character.
adjectives	adjectives_011	verlustig	english	low	gloss	deprived of/having lost	mark as fixed phrase only: "verlustig gehen" = to forfeit	never used freely as an adjective.
adjectives	adjectives_011	versöhnlich	english	low	gloss	conciliatory/placatory/upbeat	conciliatory/placatory	"upbeat" is not a sense.
adjectives	adjectives_011	wasserarm	english	low	gloss	arid	short of water / with little water	arid = dürr/trocken; wasserarm is a relative-quantity compound.
adjectives	adjectives_011	wasserscheu	english	low	gloss	aquaphobic/hydrophobic/scared of water	afraid of water / aquaphobic	"hydrophobic" is a materials-chemistry term, misleading for people.
adjectives	adjectives_011	wertneutral	english	low	gloss	unbiased	value-neutral / value-free	loses the "not making value judgements" nuance.
adjectives	adjectives_011	wolkenlos	cefr	low	cefr	C1	~B1	everyday weather vocabulary tagged as advanced.
adjectives	adjectives_011	zehnfach	flags	low	junk	notDeclinable	declinable (die zehnfache Menge)	wrong flag.
adjectives	adjectives_011	zentimeterdick	english	low	gloss	centimetres thick	a centimetre thick	number disagreement.
adjectives	adjectives_011	zukunftweisend	word	low	junk	zukunftweisend	prefer `zukunftsweisend`	the linking-s form is far commoner.
adjectives	adjectives_011	selbstgenäht	english	low	gloss	self-sewn	home-made / sewn oneself	"self-sewn" is not idiomatic.
adjectives	adjectives_011	abgeschabt	english	low	gloss	rubbed off/worn	threadbare/worn/shabby	leading gloss describes the action, not the state.
adjectives	adjectives_011	abgeschmackt	english	low	gloss	corny/outrageous/vulgar	tasteless / in bad taste / corny	"outrageous" is not a sense.
adjectives	adjectives_011	achterlich	english	low	gloss	stern/aft	from astern (nautical, of wind)	noun given first; the usual collocation (achterlicher Wind) is unexplained.
adjectives	adjectives_011	affig	english	low	gloss	affected/apish/arty	affected/silly/pretentious	"arty" is not a sense.
adjectives	adjectives_011	akkordisch	english	low	gloss	harmonic	chordal (music)	harmonisch is a different word.
adjectives	adjectives_011	akneiform	english	low	gloss	acneform	acneiform	misspelt dermatology term.
adjectives	adjectives_011	altnordisch	english	low	gloss	Norse	Old Norse	"Norse" alone loses the historical stage.
adjectives	adjectives_011	altslawisch	english	low	gloss	ancient Slavic	Old Church Slavonic / Old Slavonic	established English term not used.
adjectives	adjectives_011	ambient	word	low	junk	ambient	drop, or restrict to the music-genre sense	not an established German adjective outside jargon.
adjectives	adjectives_011	amtssässig	word	low	junk	amtssässig = officially resident	drop	archaic administrative-law term, no learner value.
adjectives	adjectives_011	anthrazit	english	low	gloss	anthracite	charcoal grey (colour)	as an adjective it is a colour term, not the mineral.
adjectives	adjectives_011	arisch	english	low	gloss	Aryan	Aryan (Nazi racial ideology; also Indo-Iranian, linguistics)	heavily loaded term presented with no register warning.
adjectives	adjectives_011	backsteingefasst	word	low	junk	backsteingefasst = brick-trimmed	drop	one-off architectural compound, corpus artefact.
adjectives	adjectives_011	bemitleidenswert	english	low	gloss	pathetic/pitiful	pitiable	"pathetic" now reads as contemptuous, which the German is not.
adjectives	adjectives_011	besiegbar	english	low	gloss	vincible	beatable/defeatable	obscure back-formation as the only gloss.
adjectives	adjectives_011	bestgeplant	word	low	junk	bestgeplant = best-planned	drop	ad-hoc superlative compound, not a lexical item.
adjectives	adjectives_011	bevölkerungsarm	english	low	gloss	poor in/low in population	sparsely populated	template phrasing instead of the natural English.
adjectives	adjectives_011	beziehbar	english	low	gloss	available, buyable	obtainable; (of a flat) ready to move into	comma instead of the `/` separator, and the housing sense is missing.
adjectives	adjectives_011	biedermeierlich	english	low	gloss	biedermeier	Biedermeier(-style)	proper-noun-derived term should be capitalised.
adjectives	adjectives_011	borhaltig	english	low	gloss	boraciferous/containing boron	containing boron / boron-bearing	obscure term first.
adjectives	adjectives_011	chromhaltig	english	low	gloss	containing chrome	containing chromium	chrome is the plating, chromium the element.
adjectives	adjectives_011	dreiwertig	english	low	gloss	tervalent/trivalent	trivalent	rare variant placed first.
adjectives	adjectives_011	einnehmbar	english	low	gloss	pregnable	capturable / that can be taken (fortress)	near-obsolete word as the only gloss.
adjectives	adjectives_011	eklektizistisch	english	low	gloss	eclectic	eclecticist	identical to the gloss of `eklektisch`, erasing the distinction.
adjectives	adjectives_011	entrüstet	english	low	gloss	enraged/indignant	indignant/outraged	"enraged" overstates and leads.
adjectives	adjectives_011	entzückt	english	low	gloss	charmed/fascinated	delighted/thrilled	the core sense is missing.
adjectives	adjectives_012	erwählt	english	high	gloss	choosed/choosen/elected	chosen/elected	"choosed" and "choosen" are not English words.
adjectives	adjectives_012	fantasielos	english	high	gloss	without/free of fantasy	unimaginative	auto-generated `-los` gloss; Fantasie = imagination (false friend), and "free of" implies a merit.
adjectives	adjectives_012	fünfundzwanzig	word	high	notadj	listed in the adjective deck, flag notDeclinable	remove — cardinal numeral	numerals are not adjectives; the brief excludes them explicitly.
adjectives	adjectives_012	halbtrocken	english	high	gloss	semi-sweet	medium-dry/off-dry (wine)	halbtrocken is on the dry side; semi-sweet is halbsüß/lieblich — factually reversed.
adjectives	adjectives_012	handförmig	english	high	gloss	-shaped hand	hand-shaped/palmate	gloss is corrupted (elements reversed, stray hyphen).
adjectives	adjectives_012	hitzefrei	english	high	gloss	free of heat	(having) time off school/work because of the heat	mechanical `-frei` gloss gives the opposite of the actual meaning.
adjectives	adjectives_012	greislich	english	high	gloss	senile	horrible/dreadful (Austrian/Bavarian variant of grässlich)	"senile" is greisenhaft; the two lemmas have been conflated.
adjectives	adjectives_012	linksorientiert	english	high	gloss	oriented link	left-leaning/left-wing	gloss is corrupted word salad.
adjectives	adjectives_012	listig	english	high	gloss	smart/witty	cunning/crafty/sly	listig carries the deception element ("List"); "witty" is plainly wrong.
adjectives	adjectives_012	meernah	english	high	gloss	near/close to lake	near the sea/coastal	Meer = sea, not lake (See); also ungrammatical English.
adjectives	adjectives_012	mundlos	english	high	gloss	without/free of lips	mouthless	Mund = mouth, not lips (Lippen).
adjectives	adjectives_012	power	word	high	notadj	power | power/powerful	remove — English noun used only as a compound element (Power-Frau)	not a German adjective; corpus/anglicism contamination.
adjectives	adjectives_012	fünfzigst / hundertst / millionst	word	medium	notadj	bare ordinal stems (fiftieth, hundredth, millionth), flag notDeclinable	remove, or lemmatise as fünfzigste/hundertste/millionste	these stems never occur uninflected; the flag also wrongly says notDeclinable when they only ever appear declined.
adjectives	adjectives_012	getreidereich, gifthaltig, hormonhaltig, metallhaltig, mineralreich, nebenwirkungsreich	english	medium	gloss	rich in cereal / containing poison / containing hormone / containing metal / rich in mineral / rich in adverse effect	rich in grain(s) / poisonous, toxic / hormone-containing / metal-bearing, metalliferous / rich in minerals / with many side effects	template-generated glosses with singular count nouns; ungrammatical English and no idiomatic equivalent.
adjectives	adjectives_012	expert	word	medium	notadj	expert | expert	remove (or mark "obsolete"); learner needs Experte / sachverständig	not a current German adjective; looks like English bleed-through. uncertain: yes
adjectives	adjectives_012	explosibel	english	medium	gloss	explosible/impulsive	explosive/liable to explode	"explosible" is not standard English and "impulsive" is not a sense of this technical safety term.
adjectives	adjectives_012	fischähnlich	english	medium	gloss	fishy	fish-like	"fishy" means suspicious or smelling of fish (= fischig, next entry); ähnlich means resembling.
adjectives	adjectives_012	garstig	english	medium	gloss	bad/beastly/bloody	nasty/horrid/foul	"bloody" is an intensifier, not a translation; "bad" is too vague for the first sense.
adjectives	adjectives_012	gutwillig	english	medium	gloss	well-meaning	willing/co-operative/obliging	"well-meaning" is gutgemeint/wohlmeinend; gutwillig is about compliance, not intention.
adjectives	adjectives_012	hold	english	medium	gloss	graceful	fair/lovely (poetic); favourably disposed (jemandem hold sein)	"graceful" (= anmutig) misses both live senses of this archaic-poetic word.
adjectives	adjectives_012	inhomogen	english	medium	gloss	inhomogenous	inhomogeneous	misspelling — "inhomogenous" is not a word.
adjectives	adjectives_012	innegehabt	english	medium	gloss	possessed	held (of an office, post or right)	"possessed" suggests ownership or demonic possession; innehaben is about holding a position.
adjectives	adjectives_012	kleinkariert	english	medium	gloss	fuddy-duddy/fussy	petty/narrow-minded (of cloth: small-checked)	main figurative sense missing; "fuddy-duddy" is a noun, not an adjective gloss.
adjectives	adjectives_012	kriminal	word	medium	notadj	kriminal | criminal	remove — modern adjective is kriminell; kriminal- survives only in compounds	bare "kriminal" as a predicate adjective is not current German and will produce wrong output.
adjectives	adjectives_012	kritiklos	english	medium	gloss	without/free of criticism	uncritical/unquestioning	template `-los` gloss; the word describes a person accepting things without question.
adjectives	adjectives_012	ladungsfähig	english	medium	gloss	capable of cargo	(of an address) valid for service of a summons; also loadable	ungrammatical, and the dominant legal sense (ladungsfähige Anschrift) is absent.
adjectives	adjectives_012	nachchristlich	english	medium	gloss	post-Christian/AD	AD/CE, after Christ	"post-Christian" means a society that has moved beyond Christianity — a different concept, and it is listed first.
adjectives	adjectives_012	nationalbewusst	english	medium	gloss	nationalist	patriotic/nationally conscious	overshoots into nationalistisch; loses the neutral-to-positive register.
adjectives	adjectives_012	ostentativ	english	medium	gloss	ostentation/ostentatious	ostentatious/demonstrative	"ostentation" is a noun in the first slot — wrong part of speech.
adjectives	adjectives_012	parabolisch	english	medium	gloss	parable/parabolic	parabolic; allegorical, parable-like	"parable" is a noun in the first slot.
adjectives	adjectives_012	piefig	english	medium	gloss	grumpy/tacky	stuffy/petty-bourgeois/provincial	"grumpy" is not a sense of piefig at all.
adjectives	adjectives_012	American / mixed spellings	english	low	gloss	lakritzartig "licorice-like"; ortsgebunden "localized"; paläontologisch "palaeontological/paleontological"; paläozoisch "paleozoic"; flügge "full-fledged"; hochgestochen "high-falutin"	liquorice-like; localised; palaeontological (one form only); Palaeozoic; fully fledged; high-flown/pretentious	US spellings, a UK+US pair in one gloss, and a US colloquialism in a British-English app.
adjectives	adjectives_012	filterlos, giftfrei	english	low	gloss	without/free of filter; non-toxic/free of poison	unfiltered (cigarette); non-toxic/poison-free	"free of filter/poison" is the same template artefact — unidiomatic English.
adjectives	adjectives_012	erfolgswirksam	english	low	gloss	income-relevant	recognised in profit or loss, affecting the income statement	opaque calque of an accounting term.
adjectives	adjectives_012	evangelikal	english	low	gloss	evangelic/evangelical	evangelical (of the evangelical movement; not = evangelisch "Protestant")	"evangelic" is non-standard and the evangelisch confusion is unflagged.
adjectives	adjectives_012	finnländisch	word	low	junk	finnländisch | Finnish	finnisch	non-standard variant duplicating the live word. uncertain: yes
adjectives	adjectives_012	formidabel	english	low	gloss	formidable	splendid/tremendous (not "fearsome")	false friend with no warning — German formidabel is admiring.
adjectives	adjectives_012	frank	word	low	junk	frank | frank	only in the fixed pair frank und frei	not used as a free adjective in modern German. uncertain: yes
adjectives	adjectives_012	feuerspeiend	english	low	gloss	fire-spitting	fire-breathing	calque; the English idiom is fire-breathing.
adjectives	adjectives_012	feuilletonistisch	english	low	gloss	feuilletonistic	essayistic/arts-page journalistic	"feuilletonistic" is not usable English.
adjectives	adjectives_012	geduscht	word	low	junk	geduscht | showered	drop, or gloss as frisch geduscht "freshly showered"	bare past participle, not an established adjective lemma.
adjectives	adjectives_012	gehörnt	english	low	gloss	cuckolded/horned	horned; (figurative) cuckolded	figurative sense placed before the literal one.
adjectives	adjectives_012	genialisch	english	low	gloss	ingenious	in the manner of a genius, inspired	needs distinguishing from genial. uncertain: yes
adjectives	adjectives_012	genießerisch	english	low	gloss	enjoying/connoisseurly	with relish/appreciative	"connoisseurly" is not an English word.
adjectives	adjectives_012	geschwärzt	english	low	gloss	blackened	blackened; (of documents) redacted	the common modern sense is missing.
adjectives	adjectives_012	gewillkürt	english	low	gloss	voluntary	chosen, by disposition (gewillkürte Erbfolge = testamentary succession)	legal term of art flattened. uncertain: yes
adjectives	adjectives_012	galizisch	english	low	gloss	Galician	Galician (of Galicia in Poland/Ukraine) — Spanish Galicia is galicisch	ambiguous without the disambiguation. uncertain: yes
adjectives	adjectives_012	goldhaltig	english	low	gloss	auriferous/containing gold	gold-bearing/auriferous	obscure technical term placed first.
adjectives	adjectives_012	goldrichtig	english	low	gloss	perfect	absolutely right/spot on	too loose; the word intensifies "right", not "good".
adjectives	adjectives_012	gottesfürchtig	english	low	gloss	devout/pious	god-fearing/devout	the direct equivalent is missing.
adjectives	adjectives_012	hellblond	english	low	gloss	light blond/light blonde	light blond	two spellings of the same word listed as two senses.
adjectives	adjectives_012	hellrosa	english	low	gloss	bright pink/light pink	pale pink/light pink	hell- here means pale, so "bright pink" first is misleading.
adjectives	adjectives_012	huldvoll	english	low	gloss	full of favour	gracious/benevolent	literal calque, not English.
adjectives	adjectives_012	ident	word	low	gloss	ident | identical	mark as Austrian; standard German is identisch	regional variant presented as neutral.
adjectives	adjectives_012	insektenfressend	english	low	gloss	entomophagous/insectivorous	insectivorous/insect-eating	rarest term placed first.
adjectives	adjectives_012	karikativ	word	low	gloss	karikativ | caricature-like	verify; easily confused with karitativ "charitable"	very marginal lemma with a dangerous near-homograph. uncertain: yes
adjectives	adjectives_012	kieferlos	english	low	gloss	agnathic	jawless/agnathan	only a specialist term given, no plain equivalent.
adjectives	adjectives_012	kirre	english	low	gloss	nervous/tame	tame/docile; kirre machen = to drive someone crazy	"nervous" belongs to the idiom, not the adjective. uncertain: yes
adjectives	adjectives_012	kleingedruckt	english	low	gloss	small-printed	in small print/fine-print	not English as written.
adjectives	adjectives_012	knauserig	english	low	gloss	greedy/stingy	stingy/miserly	"greedy" (habgierig) is a different vice and is listed first.
adjectives	adjectives_012	kokett	english	low	gloss	affected/coquettish/seductive	coquettish/flirtatious	secondary sense first.
adjectives	adjectives_012	konfessionsfrei	english	low	gloss	non-denominational	(of a person) with no religious affiliation	"non-denominational" fits institutions, not people. uncertain: yes
adjectives	adjectives_012	krebsartig	english	low	gloss	cancerous	cancer-like; also crab-like	"cancerous" is krebsig/kanzerös; -artig means resembling.
adjectives	adjectives_012	kumpelhaft	english	low	gloss	buddy-like	matey/pally	US-flavoured calque in a British-English app.
adjectives	adjectives_012	lautmalerisch	english	low	gloss	onomatopoeic/onomatopoeically/onomatopoetic	onomatopoeic	gloss mixes an adverb and a variant spelling as if separate senses.
adjectives	adjectives_012	linientreu	english	low	gloss	blindly obedient	toeing the party line/loyal to the party line	the political-line sense that defines the word is absent.
adjectives	adjectives_012	linkisch	english	low	gloss	gauche	awkward/clumsy/gauche	only the rarest English option is offered.
adjectives	adjectives_012	mannhaft	english	low	gloss	doughty/manful/manly	manly/valiant	archaic "doughty" placed first.
adjectives	adjectives_012	mausetot	english	low	gloss	as dead as a dodo/as dead as a doornail/as dead as mutton	stone dead/as dead as a doornail	three idioms and no plain translation.
adjectives	adjectives_012	muschelförmig	english	low	gloss	conchiform/shell-like/shell-shaped	shell-shaped/shell-like	obscure technical term first.
adjectives	adjectives_012	nachmalig	english	low	gloss	coming/future/henceforth	subsequent/later (der nachmalige König = the later king)	"henceforth" is an adverb and wrong; the retrospective viewpoint is lost.
adjectives	adjectives_012	neural	english	low	gloss	nervous/neural	neural/nerve-	"nervous" first invites the everyday "anxious" reading.
adjectives	adjectives_012	nigrisch	english	low	gloss	Nigerien	Nigerien (of Niger) — not Nigerian (= nigerianisch)	reads as a typo without the disambiguation.
adjectives	adjectives_012	nordenglisch	english	low	gloss	North English/northern English	northern English	"North English" is not an English form.
adjectives	adjectives_012	polycyclisch	word	low	junk	polycyclisch | polycyclic	polyzyklisch	standard German orthography uses -zyklisch. uncertain: yes
adjectives	adjectives_013	prosaisch	english	low	gloss	earth-bound/prosaic	prosaic/mundane/matter-of-fact	obscure figurative sense placed before the standard one.
adjectives	adjectives_013	rassenkundlich	english	medium	gloss	ethnological/race-related	relating to "racial science" (Nazi-era pseudo-science; historical, offensive)	Rassenkunde is discredited racial pseudo-science; "ethnological" makes it look neutral and usable.
adjectives	adjectives_013	rauch	english	high	gloss	thick	(archaic/dialect) rough, hairy — modern standard form is *rau*; also easily confused with the noun *Rauch* "smoke"	gloss is simply wrong and the lemma is a dead variant a learner should never produce.
adjectives	adjectives_013	rechenschaftspflichtig	english	high	gloss	obligatory/subject to account	accountable/answerable (to sb)	"obligatory" is an outright wrong translation and sits first.
adjectives	adjectives_013	rechtsdrehend	english	low	gloss	dextrogyrated/dextrorotatory/right-hand	clockwise/dextrorotatory	"dextrogyrated" is not standard English; obscure form leads.
adjectives	adjectives_013	refraktär	english	medium	gloss	fireproof/heat-resistant/refractory	refractory (unresponsive to treatment); (materials) heat-resistant	the commonest German use is medical; the materials sense is put first.
adjectives	adjectives_013	romanistisch	english	medium	gloss	romance	relating to Romance philology / Romance studies	bare "romance" reads as the English noun and teaches the wrong idea entirely.
adjectives	adjectives_013	sachte	english	low	gloss	gentle/softly	gentle, soft (adv. gently, softly)	mixes adjective and adverb forms in one gloss; *sachte* is chiefly adverbial.
adjectives	adjectives_013	salomonisch	english	medium	gloss	Solomon Islands/Solomonian/Solomonic	Solomonic, wise (of a judgement); (rarely) of the Solomon Islands	a noun phrase ("Solomon Islands") leads; the idiomatic sense *salomonisches Urteil* is buried.
adjectives	adjectives_013	samten	english	medium	gloss	velvety	velvet, made of velvet	"velvety" is *samtig*; *samten* is the material adjective.
adjectives	adjectives_013	sattelfest	english	low	gloss	experienced/have a firm grasp of something	well-versed (in), sure-footed, on top of the subject	gloss is a verb phrase, not an adjective equivalent.
adjectives	adjectives_013	schadstoffreich	english	low	gloss	rich in harmful substance	high in pollutants / heavily polluting	ungrammatical singular "substance".
adjectives	adjectives_013	schamhaft	english	low	gloss	bashful/bashfully/coy	bashful/coy/modest	adverb form padding the adjective gloss.
adjectives	adjectives_013	schmalbrüstig	english	medium	gloss	narrow-chested/half-hearted	narrow-chested; (fig.) puny, feeble, lacking substance	"half-hearted" is not a sense of this word.
adjectives	adjectives_013	schmerzarm	english	medium	gloss	poor in/low in ache	nearly painless, with little pain	machine-built "-arm" template gloss; "ache" is the wrong noun.
adjectives	adjectives_013	seitherig	english	medium	gloss	hitherto	previous, since then, up to now (attributive: *der seitherige Zustand*)	"hitherto" is an adverb and cannot render this attributive adjective.
adjectives	adjectives_013	seren	word	medium	junk	seren = serene	drop; German uses *heiter/gelassen* — *seren* is not a live German adjective	corpus artefact (Latinism); learner would produce a non-word.
adjectives	adjectives_013	sonnenarm	english	medium	gloss	poor in/low in Sun	with little sunshine, sun-starved	template gloss with capitalised "Sun"; not English.
adjectives	adjectives_013	stichfest	english	medium	gloss	semisolid	firm, set (of yoghurt/quark); in *hieb- und stichfest* = watertight, incontrovertible	"semisolid" misses both real uses.
adjectives	adjectives_013	stickstoffhaltig	english	medium	gloss	containing azote	containing nitrogen, nitrogenous	"azote" is an archaic French/obsolete term, not current English.
adjectives	adjectives_013	straight	word	medium	junk	straight = straight	drop, or gloss the actual German colloquial senses (heterosexual; straightforward, no-nonsense)	unadapted English loan whose gloss just repeats the lemma — teaches nothing.
adjectives	adjectives_013	streifenfrei	english	high	gloss	free of patrol	streak-free (window/glass cleaning)	"Streifen" mis-resolved as police patrol; the gloss is flatly wrong.
adjectives	adjectives_013	superior	word	low	junk	superior = superior	drop; German uses *überlegen* (anatomical *superior* is Latin terminology only)	not a usable German adjective for a learner.
adjectives	adjectives_013	superlativ	word	low	junk	superlativ = superlative	*superlativisch* is the adjective; *Superlativ* is a noun	adjective form is nonstandard, likely noun-derived corpus junk.
adjectives	adjectives_013	tariffähig	english	high	gloss	capable of pay scale	eligible to be covered by a collective wage agreement	gloss is unintelligible English and does not convey the meaning.
adjectives	adjectives_013	terranisch	word	low	junk	terranisch = Terran	drop	science-fiction neologism, not a dictionary adjective.
adjectives	adjectives_013	tributpflichtig	english	medium	gloss	obligatory/subject to tribute	tributary, liable to pay tribute	"obligatory" leads and is wrong (same broken "-pflichtig" template).
adjectives	adjectives_013	tropfenförmig	english	high	gloss	-shaped drop	drop-shaped, teardrop-shaped	corrupted gloss — the words are inverted and the hyphen is dangling.
adjectives	adjectives_013	trumpsch	word	low	junk	trumpsch = Trumpian	drop	ad-hoc proper-noun derivative, not a lexical adjective.
adjectives	adjectives_013	tulpenförmig	english	high	gloss	-shaped tulip	tulip-shaped	same corrupted inverted-compound gloss.
adjectives	adjectives_013	ufernah	english	medium	gloss	near/close to bank	near the shore, close to the riverbank	bare "bank" reads as a financial bank; actively misleading.
adjectives	adjectives_013	unerklärt	english	medium	gloss	undeclared/unexplained	unexplained	"undeclared" is a different word (*nicht deklariert*) and is placed first.
adjectives	adjectives_013	ungeschlechtlich	english	high	gloss	agender	asexual (reproduction), sexless	this is a biology term; "agender" is a modern gender-identity label and is simply wrong.
adjectives	adjectives_013	vereitert	english	medium	gloss	ulcerated	septic, suppurating, full of pus	wrong medical term — ulceration is *Geschwürbildung*, not suppuration.
adjectives	adjectives_013	verschlagen	english	medium	gloss	artfull/crooked/devious	artful/crooked/devious	"artfull" is a misspelling — a non-word in the learner-facing gloss.
adjectives	adjectives_013	verschleißfest	english	high	gloss	firm/fixed wearout	wear-resistant, hard-wearing	gloss is machine-garbled nonsense.
adjectives	adjectives_013	verschwurbelt	english	high	gloss	discombobulated	convoluted, waffly, needlessly obscure (of language)	wrong translation; the word describes text/speech, not a person's state.
adjectives	adjectives_013	vierfach	flags	low	junk	flagged `notDeclinable`	declines normally (*vierfacher Weltmeister*)	incorrect flag will suppress correct inflection.
adjectives	adjectives_013	vorvorletzt	word	medium	notadj	vorvorletzt (no flag)	*vorvorletzte* — attributive-only, never occurs uninflected	bare stem citation form, same class as *letzt/nächst*.
adjectives	adjectives_013	waffenfähig	english	high	gloss	capable of arm	weapons-grade (uranium/plutonium)	gloss is broken and hides the only real collocation.
adjectives	adjectives_013	weitschweifig	english	low	gloss	circuitous/circumlocutory/copious	long-winded, rambling, verbose	"copious" is not a sense; the plain everyday equivalent is missing.
adjectives	adjectives_013	welsch	english	low	gloss	Romance-speaking	(dated, often pejorative) Italian/French; in Switzerland: French-speaking	register warning missing on a word that can offend.
adjectives	adjectives_013	wischfest	english	high	gloss	firm/fixed piece of bumph	smudge-proof, smudge-resistant	gloss is pure corruption ("bumph") and teaches nothing correct.
adjectives	adjectives_013	wollen	english	medium	gloss	woolen/woollen	woollen (made of wool) — and mark it as the adjective, distinct from the modal verb *wollen*	American and British spellings in one gloss (rule is British only), and the homograph with *wollen* "to want" is unflagged.
adjectives	adjectives_013	würfelförmig	english	low	gloss	cubiform	cube-shaped, cubic	obscure technical form where a plain equivalent exists.
adjectives	adjectives_013	zehntausend	word	high	notadj	zehntausend = ten thousand (adjective deck)	remove — cardinal numeral, not an adjective	numeral contamination in the adjective bank.
adjectives	adjectives_013	zeugungsunfähig	english	medium	gloss	impotent/sterile	infertile, sterile (unable to father a child)	"impotent" is a different condition and leads the gloss.
adjectives	adjectives_013	zuckerarm	english	high	gloss	poor in/low in blood sugar level	low-sugar, low in sugar	"blood sugar level" is a wrong resolution — a food label term turned into a medical one.
adjectives	adjectives_013	zugfest	english	low	gloss	tensile/tear-resistant	resistant to tensile stress, of high tensile strength	"tear-resistant" is *reißfest*, a different property.
adjectives	adjectives_013	zustimmungsfähig	english	medium	gloss	capable of affirmation	acceptable, likely to win approval/consent	literal calque that does not convey the meaning.
adjectives	adjectives_013	zweigeschlechtlich	english	medium	gloss	bisexual/two-gender	hermaphroditic, monoecious (biology); having both sexes	"bisexual" first invites the human-orientation reading, which is wrong.
adjectives	adjectives_013	zweischiffig	english	medium	gloss	two-aisle/two-way	two-aisled (of a church/nave)	"two-way" is not a sense of this architectural term.
adjectives	adjectives_013	zwölfseitig	english	low	gloss	dodecagonal	twelve-page; (geometry) twelve-sided	the commoner "twelve-page" sense is missing and it duplicates *zwölfeckig*.
adjectives	adjectives_013	inklusiv	cefr	low	cefr	A2	B2/C1	abstract social/technical term tagged as beginner vocabulary.
adjectives	adjectives_013	vorausgesetzt (9042), angenommen (9058)	word	medium	notadj	listed as adjectives; glosses themselves say "provided that", "(conjunction)"	move to conjunctions/participial connectors	the data admits in the gloss that these are not adjectives.
adjectives	adjectives_014	prepositions / postpositions	word	high	notadj	listed as adjectives — binnen, während, anstatt, zuliebe, zwecks, hinsichtlich,	remove from the adjective deck (a preposition deck if one is wanted)	none of these can attribute to a noun or stand predicatively; `im` is additionally a
adjectives	adjectives_014	conjunctions / subjunctions	word	high	notadj	soweit, insofern, sofern, ehe, sooft, woraufhin, sondern, obgleich, und, oder,	remove	sentence connectives, never attributive or predicative adjectives.
adjectives	adjectives_014	articles, pronouns, determiners, quantifiers	word	high	notadj	irgendwas, keinerlei, bisschen, jeglich, jegliche, nen, nicht, etliche, was, andere,	remove	closed-class items; `nen` is a spoken-language contraction of *einen* and not a lemma;
adjectives	adjectives_014	adverbs and modal particles only	word	medium	notadj	üblicherweise, irgendwie, vielmehr, inwiefern, beispielsweise, bislang, hingegen,	remove from the adjective deck	none of these inflect for gender/case or occur attributively; several are pure
adjectives	adjectives_014	verb infinitives	word	high	junk	zusammenbinden, vorausgehen, aufschwingen, auseinanderreißen, zusammentragen,	move to the verb deck	bare infinitives in an adjective deck; `wiedertreffen` is also not standard as a single
adjectives	adjectives_014	finite verb forms (Präteritum / 3sg present)	word	high	junk	hat, sprach, unterscheidet, entschied, ist, floss, kam, stand, bekam, überwand,	delete — these are inflected forms, not lemmas	corpus scrape artefacts; a learner shown "ist = is" in an adjective deck learns nothing.
adjectives	adjectives_014	bare past participles with no adjectival life	word	high	junk	vorausgedacht, beigebracht, überrannt, rausgebracht, mitgedacht, gebracht,	delete (or keep only under their verbs)	unlike *entspannt*, *bedroht* etc. these never function as attributive adjectives.
adjectives	adjectives_014	numerals	word	medium	notadj	erste–zwölfte (ordinals), erstens–viertens, eins, zwei, vier, fünf, sechs, sieben,	move to a numbers deck	numerals, not lexical adjectives; note also that **drei** and **acht** are missing from
adjectives	adjectives_014	interjections / greetings	word	high	notadj	ciao, danke, hallo, tschüs, bitte, ja, nein, grüezi, grüß, moin, prost, hey, hi, hurra	move to a phrases deck	interjections and formulae; `grüß` is a bare imperative fragment of *Grüß Gott*, not a
adjectives	adjectives_014	proper nouns (countries / regions)	word	high	junk	Algerien, Japan, Frankreich, Italien, Portugal, Thailand, Polen, Russland, Spanien,	move to a place-names deck	proper nouns, not adjectives (the adjectives would be *französisch*, *polnisch* …).
adjectives	adjectives_014	inflected / comparative forms as lemmas	word	medium	junk	länger, früher, nächste, letzte, besondere	cite as *lang*, *früh*, *nächst-* (only inflected), *letzt-* (only inflected), *besonder-*	comparatives entered as their own lemmas, and inflected-only stems entered in one
adjectives	adjectives_014	stray capitalisation inside glosses	english	low	gloss	"Goal-orientated" (zielorientiert), "Time-consuming" (zeitintensiv), "Underlying"	lower-case initial letters	cross-cutting style defect; these entries are also reported individually where they
adjectives	adjectives_014	darauflos	word	high	junk	darauflos — "straight ahead/without further ado"	delete; the particle is *drauflos* (drauflosreden)	`darauflos` is not a German word.
adjectives	adjectives_014	drauflos	word	high	notadj	drauflos — "go for it"	delete; verbal particle only	a particle, and the gloss is an English exhortation rather than a translation.
adjectives	adjectives_014	müdegearbeitet	word	high	junk	müdegearbeitet — "tired"	delete; the construction is *sich müde arbeiten*	not an established lemma, and "tired" is not what it would mean.
adjectives	adjectives_014	unpräsent	word	high	junk	unpräsent — "unpresentable"	delete	not a German word; "unpresentable" would be *nicht präsentabel* — the gloss is wrong too.
adjectives	adjectives_014	erlaubterweise	word	medium	junk	erlaubterweise — "permissibly"	delete	not an established German adverb.
adjectives	adjectives_014	schlummerlos	word	medium	junk	schlummerlos — "slumberless"	delete; "sleepless" = *schlaflos*	poetic nonce-word; "slumberless" is not usable English either.
adjectives	adjectives_014	talentvoll	word	medium	junk	talentvoll — "talented"	*talentiert* / *begabt*	`talentvoll` is not standard German.
adjectives	adjectives_014	prosopagnostisch	word	medium	junk	prosopagnostisch — "prosopagnostic"	delete	clinical coinage, not an established German adjective; no learner value at any level.
adjectives	adjectives_014	kiefergerecht	english	medium	gloss	"orthodontic"	"shaped to fit the jaw" — *orthodontic* = *kieferorthopädisch*	ad-hoc marketing compound with an outright wrong gloss.
adjectives	adjectives_014	bang	english	high	gloss	bang — "bang"	"anxious/fearful" (mir ist bang)	the English lookalike was copied through instead of translated.
adjectives	adjectives_014	hundeelend	english	high	gloss	"dog suffering"	"utterly wretched/dreadful" (mir ist hundeelend)	word-by-word calque; "dog suffering" is not English.
adjectives	adjectives_014	schloss	word	high	junk	schloss — "lock"	delete; it is the Präteritum of *schließen* ("closed")	doubly wrong — an inflected verb form glossed as the noun *das Schloss*.
adjectives	adjectives_014	angerannt	word	high	junk	angerannt — "ran"	delete	past participle of *anrennen* glossed with an English past tense.
adjectives	adjectives_014	zusammengehangen	word	high	junk	zusammengehangen — "related"	delete (verb *zusammenhängen*)	participle presented as an adjective with an adjectival gloss.
adjectives	adjectives_014	eigens	english	high	gloss	eigens — "own"	adverb "specially/expressly"	confused with the adjective *eigen*; teaches a false equivalence.
adjectives	adjectives_014	bekanntlich	english	high	gloss	bekanntlich — "known"	adverb "as is well known"	not an adjective and not "known" (= *bekannt*).
adjectives	adjectives_014	anerkennenswert	english	high	gloss	"Recognisable"	"commendable/praiseworthy"	wrong word entirely (*erkennbar* is "recognisable").
adjectives	adjectives_014	höchst	english	high	gloss	höchst — "highest"	adverbial intensifier "extremely/most"	"highest" is *höchste*; the bare form is only an intensifier.
adjectives	adjectives_014	allermeist	english	medium	gloss	allermeist — "most of the time"	"by far the most/most of all" (only inflected: *allermeiste*)	wrong gloss plus a stem that never occurs uninflected.
adjectives	adjectives_014	her	english	high	gloss	her — "here"	directional particle "hither/towards the speaker" (komm her)	"here" is *hier*; a genuine false-friend trap for learners.
adjectives	adjectives_014	hervor	word	high	notadj	hervor — "forth/out (as a prefix or particle)"	remove	the gloss itself concedes it is a prefix/particle.
adjectives	adjectives_014	für	english	high	gloss	für — "oft often"	preposition "for"	corrupted gloss belonging to *oft*; also a preposition, not an adjective.
adjectives	adjectives_014	besonders	english	high	gloss	"besonders?) special (What's special on your birthday?)"	adverb "especially/particularly"	gloss contains leftover editing debris and a stray bracket; also an adverb.
adjectives	adjectives_014	das / der / die / dem	english	high	junk	"(the sausage)", "(the kindergarten)", "(the bottle)", "(The ships sail on the river.)"	delete — definite articles, not adjectives	the glosses are example fragments from an unrelated noun exercise; no translation given.
adjectives	adjectives_014	am	english	high	gloss	am — "to work (What do you work as?)"	delete — contraction of *an dem*	gloss is a verb phrase captured from the surrounding exercise; entirely corrupted.
adjectives	adjectives_014	zum	english	high	gloss	zum — "cheers"	delete — contraction of *zu dem*	gloss harvested from *zum Wohl!*; a contraction is not a lemma.
adjectives	adjectives_014	in	english	high	gloss	in — "in (What are the words called in your language?)"	preposition; remove from deck	gloss is mostly an example sentence; entry is a preposition.
adjectives	adjectives_014	wie	english	high	gloss	wie — "here: what (What are the words called in your language?)"	"how; as/like"	"here: what" is exercise-specific and misleading; core senses missing.
adjectives	adjectives_014	sowie	english	high	gloss	sowie — "and"	"as well as"	conjunction, and "and" (= *und*) blurs the distinction.
adjectives	adjectives_014	guten / gute	word	high	junk	guten — "Good day! Hello!"; gute — "good night"	delete; inflected forms of *gut* lifted from *Guten Tag* / *Gute Nacht*	inflected-form lemmas whose glosses are whole greetings.
adjectives	adjectives_014	neutrum	word	high	junk	neutrum — "neuter"	delete	grammar metalanguage (and a noun, *das Neutrum*).
adjectives	adjectives_014	qm	word	high	junk	qm — "sq m (= square metre)"	delete	abbreviation of the noun *Quadratmeter*.
adjectives	adjectives_014	usw	word	high	junk	usw — "etc"	delete	abbreviation (*usw.*), not a word.
adjectives	adjectives_014	contra	word	medium	gloss	contra — "contra"	"against" — and it is a preposition/adverb	the gloss is Latin, i.e. no translation at all.
adjectives	adjectives_014	zurecht	word	medium	junk	zurecht — "rightly"	"rightly" is spelt *zu Recht*; *zurecht* exists only as a verbal prefix	teaches a spelling error.
adjectives	adjectives_014	entgegengebracht	english	high	gloss	"accommodated"	participle of *entgegenbringen* "show/extend (trust, respect) towards"	wrong translation; also a bare participle.
adjectives	adjectives_014	erspart	english	medium	gloss	"saves"	"saved/spared"	participle glossed with a finite English verb.
adjectives	adjectives_014	ausgenutzt	english	medium	gloss	"utilised"	"exploited/taken advantage of"	`ausnutzen` of a person is pejorative; "utilised" hides that.
adjectives	adjectives_014	ausgeliefert	english	medium	gloss	"delivered"	"at the mercy of/exposed to (jemandem ausgeliefert sein)"	the adjectival sense, which is the only reason to list it, is missing.
adjectives	adjectives_014	gedacht	english	medium	gloss	"thought"	"intended (for)" (für Kinder gedacht)	the bare participle gloss is unusable as an adjective.
adjectives	adjectives_014	angelehnt	english	medium	gloss	"leant on"	"ajar (of a door); modelled on (an X angelehnt)"	neither real sense is given.
adjectives	adjectives_014	anerkennend	english	medium	gloss	"recognising"	"appreciative/approving"	wrong sense of *anerkennen*.
adjectives	adjectives_014	berufsbegleitend	english	medium	gloss	"part-time"	"in-service/while continuing to work"	"part-time" is *Teilzeit*; the entry is about studying alongside a job.
adjectives	adjectives_014	minderbemittelt	english	medium	gloss	"underprivileged"	chiefly ironic "dim-witted" (geistig minderbemittelt); orig. "of limited means"	register and sense both misrepresented; learner could give serious offence.
adjectives	adjectives_014	brotlos	english	medium	gloss	"breadless"	"unprofitable (eine brotlose Kunst); without a livelihood"	"breadless" is not English usage.
adjectives	adjectives_014	bestens	english	medium	gloss	bestens — "best"	adverb "very well/perfectly"	superlative adverb, not the adjective *beste*.
adjectives	adjectives_014	voller	english	medium	gloss	voller — "full"	indeclinable "full of" (voller Freude); "full" = *voll*	also the comparative of *voll*, so the lemma is ambiguous.
adjectives	adjectives_014	haufenweise	english	medium	notadj	"heaps"	adverb "in heaps/loads of"	adverb, and the gloss is a bare noun.
adjectives	adjectives_014	infrage	word	medium	notadj	infrage — "in question"	only in *infrage kommen/stellen*	fixed-phrase element, not an adjective.
adjectives	adjectives_014	zugrunde	word	medium	notadj	zugrunde — "Underlying"	only in *zugrunde liegen/gehen*	fixed-phrase particle; "underlying" is *zugrunde liegend*.
adjectives	adjectives_014	zustande	word	medium	notadj	zustande — "into being/about (in zustande kommen)"	remove	fixed-phrase particle only (the gloss admits it).
adjectives	adjectives_014	zugange	word	low	notadj	zugange — "at work/underway"	predicative only, *zugange sein*	no attributive use.
adjectives	adjectives_014	getrost	word	low	notadj	getrost — "confident"	adverb "safely/without hesitation" (du kannst getrost …)	modern usage is adverbial, not "confident".
adjectives	adjectives_014	prosit	word	high	notadj	prosit — "Cheers"	move to phrases (and it duplicates *prost*)	an interjection.
adjectives	adjectives_014	erkältet	english	medium	gloss	"to have a cold"	"having a cold / down with a cold (erkältet sein)"	gloss is an English infinitive phrase, not an adjective translation.
adjectives	adjectives_014	los	english	medium	gloss	los — "to be up (What's up?)"	"loose; off (Los!); *Was ist los?* = what's wrong/going on?"	gloss is an unusable fragment of an idiom.
adjectives	adjectives_014	gar	english	medium	gloss	gar — "really"	particle "even/at all (gar nicht)"; adjective sense "cooked/done"	"really" is misleading and the culinary adjective sense — the only genuinely
adjectives	adjectives_014	hierbei	english	medium	gloss	"here"	pronominal adverb "in this connection/in doing so"	wrong gloss plus wrong part of speech.
adjectives	adjectives_014	hierzu	english	low	gloss	"regarding this/in addition to this"	"on this/for this purpose"	"in addition to this" is not a sense of *hierzu*.
adjectives	adjectives_014	darauf	english	low	gloss	"upon"	"on it/thereupon; after that"	bare preposition as gloss for a pronominal adverb.
adjectives	adjectives_014	noch	english	medium	gloss	"once more"	"still; yet; (noch ein) another"	the core senses are missing; also a particle, not an adjective.
adjectives	adjectives_014	Brasilien	english	high	gloss	"Brasil"	"Brazil"	misspelt country name (plus proper noun in an adjective deck).
adjectives	adjectives_014	schade	english	low	gloss	"pity"	"a shame/a pity (es ist schade)"	predicative-only adjective; bare noun gloss is confusing.
adjectives	adjectives_014	circa	word	medium	notadj	circa — "approximately (= approx.)"	adverb; remove	not an adjective.
adjectives	adjectives_014	namens	word	medium	notadj	namens — "named"	adverb/preposition "by the name of; on behalf of"	glossed as a participle, which invites attributive use it does not have.
adjectives	adjectives_014	hochdotiert	english	low	gloss	"highly endowed/well-paid"	"well-paid/lucrative; (of a prize) richly endowed"	"highly endowed" first is ambiguous to the point of comedy.
adjectives	adjectives_014	verhandlungssicher	english	low	gloss	"business fluent"	"fluent enough to negotiate in (a language)"	job-ad term; "business fluent" is jargon rather than a translation.
adjectives	adjectives_014	geteilt	english	low	gloss	"shared"	"divided; shared"	primary sense is "divided" (geteilte Meinungen).
adjectives	adjectives_014	gezeichnet	english	low	gloss	"drawn"	"marked (by illness/suffering); drawn"	bare-participle sense placed first.
adjectives	adjectives_014	ausgewechselt	english	low	gloss	"exchanged"	"substituted/replaced"	*auswechseln* is replacement, not exchange.
adjectives	adjectives_014	aufgerichtet	english	low	gloss	"erected"	"upright/raised"	"erected" reads as construction work.
adjectives	adjectives_014	gefühlt	english	low	gloss	"felt"	"as it feels/seemingly (gefühlt hundert Mal)"	the modern adverbial use, which is why it is frequent, is missing.
adjectives	adjectives_014	überfordert	english	low	gloss	"overstrained"	"overwhelmed/out of one's depth"	"overstrained" is not idiomatic British English here.
adjectives	adjectives_014	verplant	english	low	gloss	"planned"	"fully booked up (of time); colloq. scatty"	"planned" is *geplant*.
adjectives	adjectives_014	eingestellt	english	low	gloss	"set"	"set/adjusted; taken on (employed); disposed (positiv eingestellt)"	too thin to be usable.
adjectives	adjectives_014	rockig	english	low	gloss	"rocking"	"rock-style/rocky (of music)"	"rocking" suggests motion.
adjectives	adjectives_014	zündend	english	low	gloss	"igniting"	"inspiring/rousing (eine zündende Idee)"	literal gloss misses the only common use.
adjectives	adjectives_014	rettungslos	english	low	gloss	"hopeless"	"beyond saving/irretrievably (rettungslos verloren)"	chiefly an intensifying adverb.
adjectives	adjectives_014	kurfürstlich	english	low	gloss	"electoral"	"of the prince-elector/Electoral (historical)"	"electoral" reads as election-related; it is a historical title adjective.
adjectives	adjectives_014	vielbeschäftigt	english	low	gloss	"busy"	"very busy/much in demand"	loses the intensifier.
adjectives	adjectives_014	baumbeschattet	english	low	gloss	"tree shaded"	"tree-shaded"	missing hyphen; also a rare literary compound.
adjectives	adjectives_014	renoviert	english	low	gloss	"refurbished"	"renovated/done up"	*renoviert* is the direct cognate; "refurbished" is a different register.
adjectives	adjectives_014	spannungsmindernd	english	low	gloss	"Stress-reducing"	"tension-reducing"	*Spannung* is tension; "stress" is *Stress*.
adjectives	adjectives_014	altersgemischt	english	low	gloss	"Mixed ages"	"mixed-age (group)"	noun phrase given for an attributive adjective.
adjectives	adjectives_014	getreulich	word	low	junk	getreulich — "faithfully/loyally"	archaic/literary variant of *treu*; consider dropping	duplicates a live word with a dated form.
adjectives	adjectives_014	ungefähr	word	low	notadj	ungefähr — "approximately"	chiefly adverb (attributive *ungefähre Zahl* exists but is marginal)	glossed purely adverbially.
adjectives	adjectives_014	näher	word	medium	junk	näher — "closer"	cite as *nah*	comparative listed as its own lemma.
adjectives	adjectives_014	wiedererkannt / erbracht	word	low	junk	listed as adjectives — "recognised", "provided"	delete	bare participles with no attributive adjectival use.
adjectives	adjectives_014	CEFR levels are unusable across the batch	cefr	medium	cefr	everything from rank 9403 onward is C1 regardless of content — *zueinander*,	level by word, not by rank block	`immer`, `nicht`, `wieder`, `zurück` are among the commonest words in German and are
nouns	nouns_001	Teil	article	high	article	`das Teil` — "part/piece/part (concrete: ein Ersatzteil)"	`der Teil` — "part/section/portion"	dual-gender word; *der Teil* is by far the commoner learner sense, and the gloss repeats "part" with a stray parenthetical note.
nouns	nouns_001	Weise	english	high	gloss	`der Weise` / `Weisen` / "wise man/sage" / A1 / adjNoun	`die Weise` / `Weisen` / "way/manner" (as in *auf diese Weise*)	the A1-frequency word is *die Weise* "way, manner"; *der Weise* "sage" is literary and nowhere near A1.
nouns	nouns_001	Bank	plural	high	plural	`Bänke`, glossed "bank/bench"	`Banken` for the "bank" sense (or lead the gloss with "bench")	the given plural belongs to the *bench* sense while the gloss leads with "bank".
nouns	nouns_001	Beginn	plural	high	plural	`Beginne`	`—`	invented plural; *Beginn* is uncountable.
nouns	nouns_001	Fallen		high	junk	`das Fallen` / `—` / "falling"	remove	nominalised infinitive harvested from corpus, not a dictionary entry.
nouns	nouns_001	Zwecke		high	junk	`die Zwecke` / `Zwecken` / "tack/drawing pin (Reißzwecke)"	remove (duplicates rank 635 `der Zweck` / `Zwecke`)	corpus artefact — plural of *der Zweck* re-lemmatised as a rare homograph; the parenthetical admits it needs the compound.
nouns	nouns_001	adjNoun plurals (10 entries)	plural	medium	plural	`Jugendlichen, Betroffenen, Erwachsenen, Vorsitzenden, Beschäftigten, Angehörigen, Deutschen, Beteiligten, Rechten, Jungen`	bare citation plurals `Jugendliche, Betroffene, Erwachsene, Vorsitzende, Beschäftigte, Angehörige, Deutsche, Beteiligte, Rechte, Junge`	adjectival nouns cite the strong/bare plural; the *-en* form is the weak-declension form after a definite article.
nouns	nouns_001	Jugendliche	flags	low	junk	rank 54 `der Jugendliche` with `flags = -`	`adjNoun`	it is an adjectival noun but lacks the flag its siblings carry, so the app will decline it wrongly.
nouns	nouns_001	Rechte		medium	junk	`der Rechte` / "right-winger" / adjNoun	remove, or gloss as "right-winger (politics)" with a disambiguation from `das Recht` / `die Rechte`	politically-marked corpus noise that collides head-on with the A1 entry `das Recht` (rank 149).
nouns	nouns_001	Wohnung	english	medium	gloss	"apartment/flat"	"flat"	American term placed before the British one in a British-English app.
nouns	nouns_001	Handy	english	medium	gloss	"cell phone/mobile phone"	"mobile phone"	American term first; *Handy* only ever means a mobile phone.
nouns	nouns_001	Feuerwehr	english	medium	gloss	"fire department/fire brigade"	"fire brigade"	American term before the British equivalent.
nouns	nouns_001	Studiengang	english	medium	gloss	"degree program/course"	"degree course/programme of study"	American spelling *program*; the app is British-English.
nouns	nouns_001	Praxis	english	medium	gloss	"doctor's office/practice"	"practice/surgery (doctor's)"	*doctor's office* is American (British: *surgery*), and the general sense "practice (vs. theory)" is what a learner meets first.
nouns	nouns_001	Freund	english	medium	gloss	"boyfriend/friend"	"friend/boyfriend"	the neutral sense must come first; leading with "boyfriend" mistrains every *ein Freund von mir*.
nouns	nouns_001	Anforderung	english	medium	gloss	"request/requirement"	"requirement/demand"	"request" is wrong — that is *Anfrage/Bitte*.
nouns	nouns_001	Immobilie	english	low	gloss	"real estate"	"property"	American term; also the singular denotes one property, not the mass category.
nouns	nouns_001	Moment	english	low	gloss	"moment/moment (time)"	"moment"	the gloss repeats itself — data corruption.
nouns	nouns_001	Akteur	english	low	gloss	"acting person/actor"	"player/stakeholder/actor"	"acting person" is not English; in modern usage the word is mostly "player/stakeholder".
nouns	nouns_001	Band	english	low	gloss	`das Band` / `Bänder` / "ribbon/tape/band"	"ribbon/tape" (drop "band")	the music *band* is *die Band*, plural *Bands*; including it under `das Band/Bänder` teaches a false gender.
nouns	nouns_001	Vorsitzende	english	low	gloss	"chairman"	"chairperson/chair"	the German form is gender-neutral in the feminine (*die Vorsitzende*); "chairman" misleads.
nouns	nouns_001	Musik	plural	medium	plural	`Musiken`	`—`	invented plural on a mass noun.
nouns	nouns_001	Zukunft	plural	medium	plural	`Zukünfte`	`—`	plural only exists in futurology jargon.
nouns	nouns_001	Spaß	plural	medium	plural	`Späße` glossed "fun"	`—` (or gloss "joke/prank" to match *Späße*)	the plural belongs to the "joke" sense, not to "fun".
nouns	nouns_001	Alltag	plural	medium	plural	`Alltage`	`—`	*Alltag* has no plural in normal usage.
nouns	nouns_001	Unterricht	plural	medium	plural	`Unterrichte`	`—`	non-standard invented plural.
nouns	nouns_001	Polizei	plural	medium	plural	`Polizeien`	`—`	invented; only in specialist administrative texts about several police forces.
nouns	nouns_001	Software	plural	medium	plural	`Softwares`	`—`	uncountable in German; *Softwares* is not standard.
nouns	nouns_001	Liebe	plural	medium	plural	`Lieben`	`—`	mass noun; *die Lieben* means "loved ones", a different lemma.
nouns	nouns_001	Publikum	plural	medium	plural	`Publika`	`—`	collective noun without a working plural.
nouns	nouns_001	Dauer	plural	medium	plural	`Dauern`	`—`	invented plural.
nouns	nouns_001	Verkehr	plural	medium	plural	`Verkehre`	`—`	no plural in the "traffic" sense; *Verkehre* is transport-planning jargon.
nouns	nouns_001	Tod	plural	medium	plural	`Tode`	`—` (real-world plural is *Todesfälle*)	*Tode* is archaic/poetic and will be produced wrongly by a learner.
nouns	nouns_001	Rat	plural	medium	plural	`Räte` glossed "advice/council"	`—` for "advice" (plural *Ratschläge*); `Räte` fits only "council"	plural belongs to the second sense while the gloss leads with the first.
nouns	nouns_001	Sicherheit	plural	low	plural	`Sicherheiten` glossed "safety/security"	`—`	*Sicherheiten* means "collateral/securities" — a different, financial sense.
nouns	nouns_001	Bildung	plural	low	plural	`Bildungen` glossed "education/formation"	`—`	no plural in the leading "education" sense.
nouns	nouns_001	Lust	plural	medium	plural	`Lüste` / "desire/pleasure"	`—` / "desire, inclination (Lust haben = to feel like)"	*Lüste* means carnal lusts — badly wrong register for an A1 word whose core use is *Ich habe keine Lust*.
nouns	nouns_001	Mass nouns given plurals (low)	plural	low	plural	`Unterstützungen, Nutzungen, Wirtschaften, Naturen, Politiken, Auswahlen, Mitten, Umwelten, Bedarfe, Austausche, Teilnahmen, Sichten, Anzahlen, Integrationen, Ernährungen, Landwirtschaften, Vergangenheiten, Öffentlichkeiten, Verarbeitungen, Werbungen, Anerkennungen, Digitalisierungen, Erden, Lüfte, Aufbauten, Ausbauten, Aufwände, Wandel`	`—` in each case	same fault pattern as *Beginn→Beginne* — a mechanically generated plural on an abstract or mass noun; each is at best rare jargon, several are non-words.
nouns	nouns_001	CEFR too high on everyday words	cefr	low	cefr	C1 on `Nutzer, Nutzung, Anwendung, Behandlung, Umsetzung, Standort, Kooperation, Stiftung, Erkrankung, Version, Institution, Verbraucher, Objekt, Element, Eigenschaft, Ansatz, Umstand, Gestaltung, Ministerium, Ablauf, Ebene`	roughly B1–B2	these are ordinary high-frequency nouns; C1 hides them from learners who need them.
nouns	nouns_001	CEFR too low on rare/marked words	cefr	low	cefr	A1 on `der Weise` (sage), `das Junge` (animal young), `das Publikum`, `die Atmosphäre`, `der Verband`, `die Agentur`; A2 on `die Digitalisierung`	B1 or above	none of these is plausibly first-100-hours vocabulary.
nouns	nouns_001	Missing CEFR values	cefr	low	cefr	`-` on all 30 filler rows (ranks 1988–2346: `Bildung, Medium, Landkreis, Website, Software, Einblick, Kategorie, Gutschein, Analyse, Bundesregierung, Rechte, Ansprechpartner, Fachkraft, Anfrage, Akteur, Vorgabe, Schuljahr, Unterlage, Union, Marketing, Internetseite, Zugriff, Richtlinie, Träger, Newsletter, Deutsch, Vorjahr, Vorstand, Verkauf, Ministerium, Zwecke`)	assign a level	rows spliced in from a lower-frequency band never got graded.
nouns	nouns_001	Newsletter	plural	low	plural	`Newsletters`	`Newsletter`	German pluralises this loan with a zero ending.
nouns	nouns_001	Lernen / Handeln		low	junk	`das Lernen` "learning", `das Handeln` "action/acting"	consider removing	nominalised infinitives of the same type as `das Fallen`; unlike `das Essen`/`das Wissen` they are not lexicalised as independent nouns.
nouns	nouns_001	Deutsch		low	junk	`das Deutsch` / `—` / "German"	gloss as "German (the language)" or drop	language name bordering on a proper noun, and it collides with the adjective *deutsch* and the adjNoun `der Deutsche` (rank 453).
nouns	nouns_001	Website / Webseite / Internetseite		low	junk	three separate entries all glossed "website"/"web page"	keep one (`die Website` or `die Internetseite`) and differentiate the others	near-duplicate lemmas make the deck test the same item three times.
nouns	nouns_001	Schüler	english	low	gloss	"student/pupil"	"pupil/school student"	in British English a *Schüler* is a pupil; "student" first suggests university. Same for `Schülerin` (rank 71).
nouns	nouns_001	Prozent	english	low	gloss	"percent"	"per cent"	British English writes it as two words.
nouns	nouns_001	Herr	english	low	gloss	"Mr./gentleman"	"Mr/gentleman"	British English omits the full stop after contracted titles.
nouns	nouns_001	Druck	plural	low	plural	`—` glossed "pressure/print"	`—` with gloss "pressure" only, or `Drucke` if "print" is kept	`—` is right for "pressure" but wrong for the "print/printing" sense the gloss also carries.
nouns	nouns_002	Radio	article	high	article	der Radio / Radios / "radio"	das Radio	`der Radio` is regional (CH/AT); standard German for the device and the medium is `das Radio`.
nouns	nouns_002	Feature	article	high	article	die Feature / Features / "feature"	das Feature	English loanword; Duden gives neuter only — `die` is simply wrong.
nouns	nouns_002	Logo	article	high	article	der Logo / Logos / "logo/logotype"	das Logo (gloss: "logo")	Neuter, not masculine. "logotype" is also an unhelpful second gloss.
nouns	nouns_002	Gehalt	article	high	article	der Gehalt / Gehalte / "content/substance", A2	das Gehalt / Gehälter / "salary/pay" (the A2 sense)	Dual-gender noun, and the far more useful learner sense — *das* Gehalt "salary" — has been dropped in favour of the abstract *der* Gehalt "content". The A2 tag belongs to the salary sense.
nouns	nouns_002	Blut	plural	high	plural	das Blut / **Blute**	das Blut / —	Invented plural on a mass noun; "Blute" is not a word.
nouns	nouns_002	Stress	plural	high	plural	der Stress / **Stresse**	der Stress / —	Invented plural; Stress is uncountable.
nouns	nouns_002	Bewusstsein	plural	high	plural	das Bewusstsein / **Bewusstseine**	das Bewusstsein / —	Invented plural on an abstract mass noun.
nouns	nouns_002	Star	plural	high	plural	der Star / **Stare** / "star (celebrity)/starling"	der Star / Stars / "star (celebrity)"	`Stare` is the plural of the *bird* sense only; the celebrity sense (glossed first, and the one a learner needs) is Stars. Plural and first gloss are out of step.
nouns	nouns_002	adjNoun plurals — 12 entries	plural	high	plural	Grüne→Grünen, Auszubildende→Auszubildenden, Interessierte→Interessierten, Dritte→Dritten, Beamte→Beamten, Abgeordnete→Abgeordneten, Verantwortliche→Verantwortlichen, Befragte→Befragten, Einzelne→Einzelnen, Angestellte→Angestellten, Alleinerziehende→Alleinerziehenden, Freiwillige→Freiwilligen	bare citation plurals — Grüne, Auszubildende, Interessierte, Dritte, Beamte, Abgeordnete, Verantwortliche, Befragte, Einzelne, Angestellte, Alleinerziehende, Freiwillige	Every `adjNoun` row in the batch gives the weak/definite-article form instead of the citation plural ("die Angestellten" vs "Angestellte"). Systematic, teaches the wrong headword form.
nouns	nouns_002	Kursus	word	medium	junk	der Kursus / Kurse / "course"	drop — duplicate of `der Kurs`	Archaic Latinate variant of a live word already in the bank; no learner needs it.
nouns	nouns_002	Reisen / Lesen / Wohnen / Denken	word	medium	junk	das Reisen "travelling", das Lesen "reading", das Wohnen "living/housing", das Denken "thinking/thought"	drop (corpus artefacts of reisen, lesen, wohnen, denken)	Nominalised infinitives, not dictionary lemmas; the learner should meet the verbs. (`das Denken`/`das Wohnen` are borderline lexicalised in policy register, but not at this level.)
nouns	nouns_002	Stadtwerk	word	medium	junk	das Stadtwerk / Stadtwerke / "public utility/utility"	die Stadtwerke (plural-only)	The singular is a back-formation; the word is used only in the plural (`die Stadtwerke München`).
nouns	nouns_002	Finanz	word	medium	junk	die Finanz / Finanzen / "finance"	die Finanzen (plural-only)	Singular `die Finanz` is not current German outside Austrian officialese; the lemma is the plural.
nouns	nouns_002	Bundestag	plural	medium	plural	der Bundestag / **Bundestage**	der Bundestag / — (proper noun, single institution)	There is only one Bundestag; the plural is never used.
nouns	nouns_002	Chemie	plural	medium	plural	die Chemie / **Chemien**	die Chemie / —	Invented plural on a mass/discipline noun (cf. Physik, correctly `—` at rank 1085).
nouns	nouns_002	Nahrung	plural	medium	plural	die Nahrung / **Nahrungen**	die Nahrung / —	Uncountable; "Nahrungen" does not occur.
nouns	nouns_002	Besitz	plural	medium	plural	der Besitz / **Besitze**	der Besitz / —	Uncountable in the glossed sense "possession/property".
nouns	nouns_002	Streit	plural	medium	plural	der Streit / **Streite**	der Streit / — (suppletive plural is *Streitigkeiten*)	"Streite" is not the plural a learner should produce.
nouns	nouns_002	Gebrauch	plural	medium	plural	der Gebrauch / Gebräuche / "use/usage"	der Gebrauch / — for the glossed sense	`Gebräuche` is the plural of the *other* sense, "customs/traditions" — the mismatch the brief warns about (cf. Bank/Bänke).
nouns	nouns_002	Freizeit	plural	medium	plural	die Freizeit / Freizeiten / "free time/leisure"	die Freizeit / —	`Freizeiten` means organised youth camps, a different sense from the gloss.
nouns	nouns_002	Herstellung	plural	medium	plural	die Herstellung / **Herstellungen**	die Herstellung / —	Process noun, uncountable.
nouns	nouns_002	Ministerpräsident	english	medium	gloss	"prime minister"	"state premier / minister-president (head of a German Land)"	In the German context this is a *Land* head of government, not a national prime minister — a genuine false lead for a learner reading German news.
nouns	nouns_002	Versicherer	english	medium	gloss	"assurer/insurer"	"insurer"	"assurer" is not ordinary English; the usable word is buried second.
nouns	nouns_002	Betreiber	english	medium	gloss	"operator/runner"	"operator"	"runner" is wrong — it reads as someone who runs, not someone who runs a facility.
nouns	nouns_002	Arzneimittel	english	medium	gloss	"drug"	"medicine/medication"	"drug" is ambiguous with narcotics; Arzneimittel is specifically a medicinal product.
nouns	nouns_002	American terms/spellings placed first or doubled	english	low	gloss	Innenstadt "city centre/**downtown**", Rathaus "town hall/**city hall**", Parkplatz "**parking lot**/car park", Autobahn "**highway**/motorway", Warenkorb "**shopping cart**", Abfall "waste/**garbage**", Fußball "football/**soccer**", Kino "cinema/**movie theatre**", Zeugnis "certificate/**report card**", Rechtsanwalt "lawyer/**attorney**", Naturpark "**natural preserve**/nature park", Terrasse "**patio**/terrace"	British form only — city centre; town hall; car park; motorway; shopping basket; waste/rubbish; football; cinema; certificate/school report; lawyer/solicitor; nature park; terrace	British-English app: one form only, and never the American one first.
nouns	nouns_002	Invented plurals on abstract -ung/-heit/-ion nouns	plural	low	plural	Zustimmung→Zustimmungen, Berücksichtigung→Berücksichtigungen, Einhaltung→Einhaltungen, Entstehung→Entstehungen, Erfüllung→Erfüllungen, Verbreitung→Verbreitungen, Bereitstellung→Bereitstellungen, Erstellung→Erstellungen, Mithilfe→Mithilfen, Prävention→Präventionen, Inklusion→Inklusionen, Transparenz→Transparenzen, Intelligenz→Intelligenzen, Lebensqualität→Lebensqualitäten, Energiewende→Energiewenden, Erwerb→Erwerbe	`—` in each case	All are process/abstract nouns with no usable plural; the forms are mechanically generated.
nouns	nouns_002	Mass nouns given a plural	plural	low	plural	der Regen→Regen, der Zucker→Zucker, der Frieden→Frieden, der Nutzen→Nutzen, der Großteil→Großteile, der Vordergrund→Vordergründe, die Herkunft→Herkünfte, das Abitur→Abiture	`—`	Duden marks these as no-plural or "selten"; a learner should never form them. `uncertain: yes` for Herkunft and Abitur, which do have rare attested plurals.
nouns	nouns_002	Faktum	word	low	junk	das Faktum / Fakten / "fact"	drop — use `die Tatsache` / `der Fakt`	Latinate variant that survives mainly in the plural; the singular is bookish/Austrian.
nouns	nouns_002	JavaScript	word	low	junk	das JavaScript / — / "JavaScript"	drop	Proper noun (a product name), and the gloss teaches nothing.
nouns	nouns_002	TV	word	low	junk	das TV / TVs / "TV"	drop, or fold into `das Fernsehen`	Abbreviation lemma with a self-identical gloss; "TVs" is not idiomatic German.
nouns	nouns_002	Rabatte	word	low	junk	die Rabatte / Rabatten / "flower bed/border (garden)"	likely drop	A real but very rare word that is almost certainly here as a mis-lemmatised plural of `der Rabatt` (rank 1104, same batch). `uncertain: yes`
nouns	nouns_002	Bord	english	low	gloss	das Bord / Borde / "shelf"	lead with "board" as in `an Bord` (on board)	The shelf sense is the rare one; learners meet Bord almost only in `an Bord`. `uncertain: yes`
nouns	nouns_002	Ton	plural	low	plural	der Ton / Töne / "tone/sound; clay"	split, or drop the clay sense	The clay homograph takes `Tone`, not `Töne`; one plural cannot serve both glosses.
nouns	nouns_002	Feminine agent nouns glossed without gender	english	low	gloss	Teilnehmerin "participant", Kollegin "colleague", Patientin "patient" (vs Lehrerin "female teacher", Autorin "female author")	"female participant / female colleague / female patient"	Inconsistent with the treatment of Lehrerin/Autorin in the same batch; hides the -in morphology.
nouns	nouns_002	Gloss ordering — obvious sense second	english	low	gloss	Konflikt "clash/conflict", Religion "faith/religion", Befragung "inquiry/survey", Treffen "encounter/meeting", Zeitschrift "journal/magazine", Unternehmer "businessman/entrepreneur"	conflict/clash; religion/faith; survey/poll; meeting/gathering; magazine/journal; entrepreneur/businessperson	In each the learner's core sense is listed second; "businessman" is also needlessly gendered.
nouns	nouns_002	Klimawandel	english	low	gloss	"climate change/global warming"	"climate change"	"global warming" is Erderwärmung — a different term, not a synonym.
nouns	nouns_002	Tonne	english	low	gloss	"ton/bin"	"tonne (metric)/bin"	British English spells the metric unit *tonne*; "ton" is the imperial unit and a different quantity.
nouns	nouns_002	Post	english	low	gloss	"mail/post office"	"post/post office"	British English uses "post" for the mail itself.
nouns	nouns_003	Linker	word	high	junk	`der Linker | Linker | leftist/left-winger`	`der Linke | Linke | left-winger (politics)`, flag `adjNoun`	"Linker" is the *ein*-form of an adjectival noun, not a lemma; citation form is `der Linke`.
nouns	nouns_003	Süd	word	high	junk	`der Süd | — | south`	`der Süden | — | south`	bare `Süd` occurs only in compounds and nautical/meteorological use, never as the ordinary noun.
nouns	nouns_003	Nord	word	high	junk	`der Nord | — | north`	`der Norden | — | north`	same as `Süd` — `Nord` is not the free-standing noun a learner needs.
nouns	nouns_003	Feste	word	high	junk	`die Feste | Festen | fortress`	delete (use `die Festung` for "fortress")	archaic/poetic word, and the form collides head-on with `Feste`, the plural of `das Fest`.
nouns	nouns_003	Rande	word	high	junk	`die Rande | Randen | beetroot`	delete (use `die Rote Bete`)	Swiss regionalism; for a learner it just looks like a mis-lemmatised `der Rand`.
nouns	nouns_003	Fülle	plural	high	plural	`Füllen`	`—`	`Fülle` (abundance) is uncountable; `Füllen` is a separate word meaning "foal".
nouns	nouns_003	Schild	article	high	article	`der Schild | Schilde | shield`	`das Schild | Schilder | sign`	dual-gender noun; the learner-relevant, far commoner one is `das Schild` "sign/plate".
nouns	nouns_003	Virus	article	medium	article	`der Virus`	`das Virus` (colloquially also `der`)	standard gender is neuter; `der` is the colloquial variant only.
nouns	nouns_003	Set	article	medium	article	`der Set`	`das Set`	neuter is the standard gender.
nouns	nouns_003	Geschwister	article	medium	junk	`das Geschwister | Geschwister | brother and sister/…/sibling`	`die Geschwister` (plural-only) | `siblings/brothers and sisters`	the singular `das Geschwister` is technical/administrative; learners meet only the plural.
nouns	nouns_003	Hitze	plural	medium	plural	`Hitzen`	`—`	mass noun; the plural is essentially non-existent outside technical jargon.
nouns	nouns_003	Ersatz	plural	medium	plural	`Ersätze`	`—`	invented plural — `Ersatz` has none.
nouns	nouns_003	Sand	plural	medium	plural	`Sande`	`—`	mass noun; `Sande` is geological jargon for "sand types".
nouns	nouns_003	Verbrauch	plural	medium	plural	`Verbräuche`	`—`	mass noun; `Verbräuche` is engineering jargon only.
nouns	nouns_003	Abbau	plural	medium	plural	`Abbaue`	`—`	invented plural on an uncountable process noun.
nouns	nouns_003	Einklang	plural	medium	plural	`Einklänge`	`—`	uncountable, occurs almost only in `in Einklang mit`.
nouns	nouns_003	Zubehör	plural	medium	plural	`Zubehöre`	`—`	collective mass noun; "accessories" is already the sense of the singular.
nouns	nouns_003	Teilzeit	plural	medium	plural	`Teilzeiten | part-time`	`— | part-time work/part-time employment`	uncountable, and the gloss gives an adjective for a noun entry.
nouns	nouns_003	Hardware	plural	medium	plural	`Hardwares`	`—`	mass noun in German as in English.
nouns	nouns_003	Effizienz	plural	medium	plural	`Effizienzen`	`—`	abstract mass noun, invented plural.
nouns	nouns_003	Logistik	plural	medium	plural	`Logistiken`	`—`	mass noun.
nouns	nouns_003	Diagnostik	plural	medium	plural	`Diagnostiken`	`—`	mass noun (the field), unlike countable `Diagnose`.
nouns	nouns_003	Psychologie	plural	medium	plural	`Psychologien`	`—`	name of a discipline; no plural.
nouns	nouns_003	Rechtsprechung	plural	medium	plural	`Rechtsprechungen`	`—`	mass noun ("case law").
nouns	nouns_003	Barrierefreiheit	plural	medium	plural	`Barrierefreiheiten`	`—`	abstract mass noun; -heit abstracts of this type have no plural.
nouns	nouns_003	Zufriedenheit	plural	medium	plural	`Zufriedenheiten`	`—`	abstract mass noun.
nouns	nouns_003	Solidarität	plural	medium	plural	`Solidaritäten`	`—`	abstract mass noun.
nouns	nouns_003	Support	plural	medium	plural	`Supporte`	`—`	uncountable anglicism; `Supporte` is not German.
nouns	nouns_003	Lauf	plural	medium	plural	`—`	`Läufe`	a genuine plural exists (races, runs, gun barrels); `—` is wrong here.
nouns	nouns_003	Presse	plural	medium	plural	`Pressen | press`	`— | the press (media)`	`Pressen` is the plural of the machine sense, not of the media sense glossed.
nouns	nouns_003	Tempo	plural	medium	plural	`Tempi | speed/pace`	`Tempos`	`Tempi` belongs to the musical sense; the speed/pace sense takes `Tempos`.
nouns	nouns_003	Reisende	plural	medium	plural	`Reisenden`	`Reisende`	adjectival noun — bare citation plural expected.
nouns	nouns_003	Tote	plural	medium	plural	`Toten`	`Tote`	adjectival noun citation plural.
nouns	nouns_003	Bekannte	plural	medium	plural	`Bekannten`	`Bekannte`	adjectival noun citation plural.
nouns	nouns_003	Beauftragte	plural	medium	plural	`Beauftragten`	`Beauftragte`	adjectival noun citation plural.
nouns	nouns_003	Verwandte	plural	medium	plural	`Verwandten`	`Verwandte`	adjectival noun citation plural.
nouns	nouns_003	Sachverständige	plural	medium	plural	`Sachverständigen`	`Sachverständige`	adjectival noun citation plural.
nouns	nouns_003	Vorstandsvorsitzende	plural	medium	plural	`Vorstandsvorsitzenden | chairman/chief executive officer`	`Vorstandsvorsitzende | chair of the board/CEO`	adjectival noun citation plural; gloss also needlessly gendered.
nouns	nouns_003	Eigentum	plural	medium	plural	`Eigentume`	`—`	effectively uncountable; the rare plural `Eigentümer` collides with "owners", so `—` is safer.
nouns	nouns_003	Menü	english	medium	gloss	`menu`	`set meal/set menu; menu (computing)`	false friend — the list of dishes is `die Speisekarte`.
nouns	nouns_003	Überweisung	english	medium	gloss	`referral/remittance/transaction`	`bank transfer/(medical) referral`	the core learner sense (bank transfer) is missing; "transaction" is wrong.
nouns	nouns_003	Biene	english	medium	gloss	`bee/drone/honeybee`	`bee`	"drone" is wrong — that is `die Drohne`.
nouns	nouns_003	Begleiter	english	medium	gloss	`accompanist/article/companion`	`companion/escort`	"article" is leaked school-grammar metalanguage (`Begleiter` = determiner), not a translation.
nouns	nouns_003	Resultat	english	medium	gloss	`corollary/outcome/result`	`result/outcome`	"corollary" is wrong and put first.
nouns	nouns_003	Arbeitslosigkeit	english	medium	gloss	`joblessness/unemployment/worklessness`	`unemployment`	the standard term is buried second; "worklessness" is not usable English here.
nouns	nouns_003	Flügel	english	medium	gloss	`grand piano/pinna/wing`	`wing/grand piano`	"pinna" is technical anatomy; "wing" is the everyday first sense.
nouns	nouns_003	Watt	english	medium	gloss	`mud-flats/mudlands`	`watt (unit); tidal flats`	the commonest sense (the SI unit) is missing; "mudlands" is not English.
nouns	nouns_003	Hunger	english	medium	gloss	`craving/desire/hunger`	`hunger`	obvious first sense placed last.
nouns	nouns_003	Kraut	english	medium	gloss	`cabbage/greens/herb`	`herb; cabbage`	the plural given (`Kräuter`) belongs to "herb", which is listed last.
nouns	nouns_003	Löwe	english	medium	gloss	`Leo/lion`	`lion (Leo, zodiac)`	the zodiac sign is put before the animal.
nouns	nouns_003	Maler	english	medium	gloss	`artist/painter`	`painter (artist or decorator)`	"artist" first invites confusion with `Künstler`.
nouns	nouns_003	Gemälde	english	medium	gloss	`canvas/painting/picture`	`painting`	"canvas" is the support, not the work; wrong sense placed first.
nouns	nouns_003	Referat	english	medium	gloss	`department/division/lecture`	`presentation/talk (in class); department (admin)`	the school/university sense every learner meets is missing/last.
nouns	nouns_003	Indikator	english	medium	gloss	`bellwether/indicator`	`indicator`	obscure word placed first.
nouns	nouns_003	Schlag	english	medium	gloss	`beat/blow/kind`	`blow/hit; beat; sort (Schlag Mensch)`	primary sense not first; "kind" is opaque without context.
nouns	nouns_003	Vormittag	english	medium	gloss	`forenoon/morning`	`morning (before noon)`	"forenoon" is archaic in modern British English.
nouns	nouns_003	Toilette	english	medium	gloss	`lavatory/restroom/toilet`	`toilet/loo`	"restroom" is American and the plain word is listed last.
nouns	nouns_003	Mama	english	medium	gloss	`Mom`	`Mum/mummy`	American form only; this is a British-English app.
nouns	nouns_003	Freier	english	medium	gloss	`john/suitor`	`client (of a prostitute); (archaic) suitor`	"john" is American slang; entry is also questionable for a learner deck.
nouns	nouns_003	Kochen	word	medium	junk	`das Kochen | — | cooking`	drop, or replace with `die Küche`/verb `kochen`	nominalised infinitive — corpus junk per the brief.
nouns	nouns_003	Mobile	english	low	gloss	`das Mobile | mobile`	`mobile (hanging decoration)`	unqualified "mobile" reads as mobile phone, which is `das Handy`.
nouns	nouns_003	Email	word	low	junk	`das Email | Emails | enamel`	keep only if disambiguated, e.g. `enamel (not e-mail)`	correct German but a guaranteed trap next to `die E-Mail`.
nouns	nouns_003	Bundesliga / Brexit / Malteser	word	low	junk	listed as ordinary nouns	drop	proper nouns / demonyms, not dictionary vocabulary.
nouns	nouns_003	American spellings and US-first terms	english	low	gloss	`Tumor`→"tumor"; `Fachgebiet`+`Spezialität`→"specialty"; `Vermarktung`→"commercialization"; `Rate`→"installment/instalment"; `Fortsetzung`→"installment"; `Etage`→"storey/story"; `Kilogramm`→"kilogram/kilogramme"; `Gramm`→"gram/gramme"; `Müll`→"garbage/rubbish/trash"; `Radweg`→"bike path/cycle lane"; `Kennzeichen`→"licence plate"; `Gefängnis`→"jail/penitentiary/prison"; `Schulleiter`→"principal"; `Führerschein`→"driver's licence"; `Ambiente`→"ambiance"; `Hose`→"trousers/pants"	tumour; speciality; commercialisation; instalment; storey; kilogram; gram; rubbish; cycle path; number plate; prison; head teacher; driving licence; ambience; trousers	British-only, one form per gloss, British term first.
nouns	nouns_003	Junk / non-word gloss items	english	low	gloss	`Sänger`→"songster"; `Abendessen`→"supping"; `Schaf`→"sheep/simpleton"; `Bauch`→"belly/bilge/bulge"; `Urlauber`→"vacationist"; `Elektrotechnik`→"electro-technics/electrotechnology"; `Beschaffung`→"procuration"; `Verfolgung`→"pursuance"; `Abweichung`→"aberration/deviance"; `Erläuterung`→"elucidation"; `Model`→"model/model (fashion)"; `Lupe`→"hand lens/loupe/magnifier"	strip the archaic/technical/duplicated items; lead with the plain sense (singer, dinner, sheep, stomach, holiday-maker, electrical engineering, procurement, pursuit, deviation, explanation, model, magnifying glass)	obscure or non-English fillers displace or dilute the useful sense.
nouns	nouns_003	Ordering nits	english	low	gloss	`Sieger`→"victor/winner"; `Route`→"itinerary/route"; `Pilz`→"fungus/mushroom/toadstool"; `Zusammenschluss`→"collective/fusion/merger"; `Elektronik`→"electronic circuit/electronics"; `Salat`→"lettuce/salad"; `Kopfhörer`→"headphone"	winner; route; mushroom; merger; electronics; salad; headphones	the sense the learner needs is not first (or is given in the wrong number).
nouns	nouns_003	Feiertag	english	low	gloss	`holiday`	`public holiday/bank holiday`	bare "holiday" in British English means a vacation, which is `Urlaub`.
nouns	nouns_003	Betreuer	english	low	gloss	`supervisor/caretaker`	`carer/support worker; supervisor`	"caretaker" in British English is a building janitor.
nouns	nouns_003	Erzieher	english	low	gloss	`educator`	`nursery-school teacher/childcare worker`	`Erzieher` is a specific vocational qualification, not "educator" generally.
nouns	nouns_003	Rundfunk	english	low	gloss	`broadcast/radio`	`broadcasting; radio`	the mass noun is "broadcasting"; "broadcast" is countable.
nouns	nouns_003	Erholung	english	low	gloss	`recovery`	`rest/relaxation/recuperation`	"recovery" alone reads financial/medical.
nouns	nouns_003	Anreise	english	low	gloss	`journey`	`outward journey/getting there/arrival`	`Anreise` is directional, unlike plain "journey".
nouns	nouns_003	Ganztagsschule	english	low	gloss	`full-time school`	`all-day school`	"full-time" describes attendance, not the German concept.
nouns	nouns_003	Amtsgericht	english	low	gloss	`county court/district court/local court`	`local court (lowest German court)`	"county court" imports an unrelated English institution.
nouns	nouns_003	Ehrenamt	english	low	gloss	`volunteering/voluntary work`	`honorary post/voluntary position`	gloss is a mass noun while the entry carries a count plural `Ehrenämter`.
nouns	nouns_003	Zuwendung	english	low	gloss	`attention/contribution`	`affection/attention; grant/subsidy`	"contribution" misses the money-going-out sense of `Zuwendungen`.
nouns	nouns_003	Trinkwasser / Grün	plural	low	plural	`Trinkwasser`, `Grüns`	`—` for both	mass nouns; a listed plural implies countability.
nouns	nouns_003	Anbau	plural	low	plural	`—` with gloss "extension/cultivation"	`Anbauten` (for the building sense)	the first-listed sense is countable.
nouns	nouns_003	Abstract nouns given routine plurals	plural	low	plural	`Entspannung`, `Haftung`, `Benutzung`, `Berichterstattung`, `Wertschätzung`, `Gerechtigkeit`, `Datenverarbeitung`, `Diskriminierung`, `Gastronomie`, `Optik`, `Eignung`, `Präsenz`, `Automatisierung`, `Zivilgesellschaft`, `Beleuchtung`, `Bezahlung`, `Zusammenspiel` all take -en/-s plurals	`—` in normal usage	each is mass/abstract; the plurals are at best rare technical forms.
nouns	nouns_003	Kapital	plural	low	plural	`Kapitale`	`—` (finance: rarely `Kapitalien`)	essentially uncountable in the glossed sense.
nouns	nouns_003	Verdacht	plural	low	plural	`Verdachte`	`—`	normally uncountable; the plural is vanishingly rare.
nouns	nouns_003	Expertise	english	low	gloss	`expertise`	`expert report/opinion; (newer) expertise`	the plural `Expertisen` belongs to the "expert report" sense.
nouns	nouns_003	CEFR mismatches	cefr	low	cefr	`Begeisterung` A1, `Anhang` A1, `Arbeitsalltag` A1, `Designer` A1, `Orchester` A1, `Regisseur` A1; `Sportverein` C1, `Stellenangebot` C1, `Elektroauto` C1, `Filter` C1	roughly B1–B2 for the first group, A2–B1 for the second	abstract or compound vocabulary tagged A1, and everyday words tagged C1.
nouns	nouns_004	Humor	plural	high	plural	Humor → Humore	Humor → —	Mass noun; "Humore" is an invented plural (only the archaic medical "Humores").
nouns	nouns_004	Vorgesetzte	plural	high	plural	der Vorgesetzte → Vorgesetzten	Vorgesetzte	adjNoun citation plural is the bare form, not the weak-declension form.
nouns	nouns_004	Fremde	plural	high	plural	der Fremde → Fremden	Fremde	Same adjNoun citation-plural error.
nouns	nouns_004	Angeklagte	plural	high	plural	der Angeklagte → Angeklagten	Angeklagte	Same adjNoun citation-plural error.
nouns	nouns_004	Kranke	plural	high	plural	der Kranke → Kranken	Kranke	Same adjNoun citation-plural error.
nouns	nouns_004	Unbekannte	plural	high	plural	der Unbekannte → Unbekannten	Unbekannte	Same adjNoun citation-plural error.
nouns	nouns_004	Aktive	plural	high	plural	der Aktive → Aktiven	Aktive	Same adjNoun citation-plural error.
nouns	nouns_004	Kilo	article	high	article	der Kilo	das Kilo	Kilo is neuter (ein Kilo Äpfel); "der" is simply wrong.
nouns	nouns_004	Fax	article	high	article	der Fax	das Fax	Standard gender is neuter (das Fax, die Faxe).
nouns	nouns_004	Poster	article	high	article	der Poster	das Poster	Neuter in standard German; "der Poster" is a regional/rare variant.
nouns	nouns_004	Backup	article	medium	article	der Backup	das Backup	Duden gives das Backup as the standard gender.
nouns	nouns_004	Aufzug	english	high	gloss	act/approach/attire	lift/act (theatre)/procession	The core learner sense "lift" is missing entirely; "attire" is marginal at best.
nouns	nouns_004	Erdgeschoss	english	high	gloss	first floor/ground floor	ground floor	In British English "first floor" is the storey *above* the ground floor — leading with it teaches the wrong storey.
nouns	nouns_004	Mobiltelefon	english	high	gloss	cell phone/cellphone/cellular	mobile phone	All three glosses are American; British is "mobile phone".
nouns	nouns_004	Nationalsozialismus	english	high	gloss	NatSoc/national socialism/nazism	National Socialism/Nazism	"NatSoc" is a fringe neo-Nazi abbreviation, not an English translation, and it is placed first.
nouns	nouns_004	Fragebogen	plural	high	plural	Fragebogen → Fragebogen; "form/opinionaire/questionnaire"	Fragebögen; "questionnaire/form"	Plural umlauts (Fragebögen), and "opinionaire" is a non-word.
nouns	nouns_004	Nachlass	plural	high	plural	Nachlasse	Nachlässe	Umlaut plural; "Nachlasse" is not a German form.
nouns	nouns_004	Bonus	plural	high	plural	Bonus → Bonus	Boni (also Bonusse)	Unchanged plural is wrong for this Latinate noun.
nouns	nouns_004	Bogen	plural	medium	plural	Bogen → Bogen	Bögen	Standard plural umlauts; the unchanged form is Swiss/technical only.
nouns	nouns_004	Schuld	english	medium	gloss	debt/fault/guilt, plural Schulden	guilt/fault; note Schulden = "debts" (that sense is plural-only)	Leading with "debt" mismatches the singular lemma — die Schuld is guilt/fault; Schulden is a different sense.
nouns	nouns_004	Privatsphäre	plural	medium	plural	Privatsphären	—	Abstract mass noun; the plural is invented.
nouns	nouns_004	Feuchtigkeit	plural	medium	plural	Feuchtigkeiten	—	Mass noun (moisture/humidity); no plural in use.
nouns	nouns_004	Lob	plural	medium	plural	Lobe	—	Uncountable; "Lobe" is an invented plural.
nouns	nouns_004	Regie	plural	medium	plural	Regien	—	Duden lists no plural; "Regien" is invented.
nouns	nouns_004	Ruhr	plural	medium	plural	die Ruhr → Ruhren, "dysentery"	— (and note the homograph is chiefly the river/region name)	Disease name is uncountable; "Ruhren" is invented.
nouns	nouns_004	Wäsche	plural	medium	plural	Wäschen	—	"Laundry/washing" is a mass noun; Wäschen is not used.
nouns	nouns_004	Übergabe	english	medium	gloss	delivery/handover/opening	handover/handing over/delivery	"opening" is not a sense of Übergabe.
nouns	nouns_004	Kette	english	medium	gloss	catenary/chain/necklace	chain/necklace	"catenary" is an obscure technical term placed first.
nouns	nouns_004	Hut	english	medium	gloss	cap/hat	hat	"cap" is Mütze/Kappe; leading with it teaches the wrong garment.
nouns	nouns_004	Laie	english	medium	gloss	lay judge/layman/layperson	layperson/amateur	"lay judge" is Schöffe, and it is placed first.
nouns	nouns_004	Fund	english	medium	gloss	discovery/find/invention	find/discovery	"invention" (Erfindung) is wrong.
nouns	nouns_004	Jäger	english	medium	gloss	chaser/fighter/hunter	hunter/fighter (aircraft)	The everyday sense "hunter" is buried behind two marginal ones.
nouns	nouns_004	Ost	word	medium	junk	der Ost, "east"	der Osten	Bare "Ost" occurs only in compounds and nautical/wind usage; the learner lemma is Osten.
nouns	nouns_004	Heim	english	medium	gloss	asylum/home	home/care home/hostel	"asylum" is archaic and wrong-register as the first sense.
nouns	nouns_004	Schätzung	english	medium	gloss	appreciation/esteem/estimate	estimate/estimation	"appreciation/esteem" is Wertschätzung; the actual sense is placed last.
nouns	nouns_004	Scheibe	english	medium	gloss	disk/glass pane/slab	slice/pane/disc	The core learner sense "slice" (eine Scheibe Brot) is missing, and "disk" is the American spelling of "disc".
nouns	nouns_004	Augenblick	english	medium	gloss	eyeblink/moment	moment/instant	"eyeblink" is a calque, not English usage, and it leads.
nouns	nouns_004	Kreuzung	english	medium	gloss	cross/crossroads/intersection	crossroads/junction/crossbreed	"cross" (the object) is Kreuz; wrong first sense.
nouns	nouns_004	Einbruch	english	medium	gloss	breach/break and entry/break-in	burglary/break-in	"break and entry" is malformed English, and "burglary" is missing.
nouns	nouns_004	Nest	english	medium	gloss	hicksville/nest	nest/(pejorative) backwater	"hicksville" is US slang placed before the literal sense.
nouns	nouns_004	Knochen	english	medium	gloss	bone/dog bone spanner/dog bone wrench	bone	Glosses 2–3 are corpus junk from a tool catalogue.
nouns	nouns_004	Gestalten	word	medium	junk	das Gestalten, "design/shaping"	drop (use gestalten, verb, or die Gestaltung)	Nominalised infinitive; not a dictionary headword a learner needs.
nouns	nouns_004	Schlange	english	medium	gloss	line/queue/serpent	snake/queue	"snake" — the primary sense — is missing, and "line" is the American word for queue placed first.
nouns	nouns_004	Stellenanzeige	english	medium	gloss	employment ad/help-wanted ad/job advertisement	job advertisement/job ad	Two American terms precede the British one.
nouns	nouns_004	Tankstelle	english	medium	gloss	filling station/gas station/petrol station	petrol station/filling station	American "gas station" placed before British "petrol station".
nouns	nouns_004	Gehweg	english	medium	gloss	sidewalk/pavement	pavement	American term before its British equivalent.
nouns	nouns_004	Straßenbahn	english	medium	gloss	streetcar/tram/tramway	tram	American "streetcar" placed first.
nouns	nouns_004	Girokonto	english	medium	gloss	checking account/current account/giro account	current account	American term first; British is "current account".
nouns	nouns_004	Brille	english	medium	gloss	eyeglasses/glasses/goggles	glasses/spectacles	"eyeglasses" is American and leads.
nouns	nouns_004	Tomate	english	medium	gloss	love apple/tomato	tomato	"love apple" is archaic and placed first on an A1 word.
nouns	nouns_004	Gestalt	english	medium	gloss	conformation/figure/gestalt	figure/shape/form	"conformation" is obscure technical usage placed first.
nouns	nouns_004	Magen	english	medium	gloss	maw/stomach	stomach	"maw" is archaic/animal-only and leads.
nouns	nouns_004	Rind	english	medium	gloss	beef/cattle/stirk	cow/head of cattle/cattle	"beef" is Rindfleisch; "stirk" is dialect. Wrong first sense.
nouns	nouns_004	Graf	english	medium	gloss	count/earl/graph	count/earl	"graph" is der Graph, a different lemma.
nouns	nouns_004	Administrator	english	medium	gloss	administrator/minister	administrator	"minister" is not a sense of Administrator.
nouns	nouns_004	Grill	english	medium	gloss	barbecue grill/covering grill/diner	barbecue/grill	"covering grill" and "diner" are corpus junk.
nouns	nouns_004	Coaching	english	medium	gloss	coaching/grooming/mentoring	coaching/mentoring	"grooming" carries a safeguarding connotation in British English — actively misleading.
nouns	nouns_004	Golf	english	medium	gloss	der Golf, "Golf/gulf"	der Golf = gulf; das Golf = golf (separate entry)	The two senses have different genders; listing the sport first under "der" is wrong.
nouns	nouns_004	Prospekt	english	medium	gloss	brochure/prospect	brochure/leaflet	"prospect" is a false-friend mistranslation.
nouns	nouns_004	Rezeption	english	medium	gloss	perception/reception/reception desk	reception (desk)/front desk	On an A1 travel word the academic sense "perception" must not lead.
nouns	nouns_004	Gebot	english	medium	cefr	bid/commandment, A1	commandment/requirement/bid; B2	Neither sense is A1 vocabulary, and "bid" is the narrower sense placed first.
nouns	nouns_004	Wohnsitz	english	medium	gloss	abode/domicile/dwelling	place of residence/domicile	"abode" is archaic/legalese as the first sense; "residence" is missing.
nouns	nouns_004	Auszug	english	medium	gloss	account statement/bank statement/departure	extract/excerpt/statement/moving out	The commonest learner senses (extract; moving out of a flat) are missing.
nouns	nouns_004	Celsius	word	low	junk	das Celsius → Celsius	drop, or lemmatise as "Grad Celsius"	Not used as a standalone noun with an article.
nouns	nouns_004	Flecken	word	low	junk	der Flecken, "stain"	der Fleck	Archaic/regional variant duplicating the live word Fleck.
nouns	nouns_004	Willkommen	word	low	junk	das Willkommen → Willkommen	drop (it is chiefly the interjection willkommen)	Marginal noun; the learner needs the greeting form.
nouns	nouns_004	Nominalised infinitives	word	low	junk	das Schwimmen, das Laufen, das Reden, das Singen, das Nachdenken, das Radfahren, das Surfen	drop, or keep only the lexicalised ones (das Lachen, das Lächeln, das Überleben, das Versprechen)	Productive -en nominalisations are corpus artefacts, not headwords; they crowd the deck.
nouns	nouns_004	Invented plurals on mass/abstract nouns	plural	low	plural	Erdgas→Erdgase, Honig→Honige, Staub→Stäube, Energieverbrauch→Energieverbräuche, Stromverbrauch→Stromverbräuche, Fachkräftemangel→Fachkräftemängel, Handlungsbedarf→Handlungsbedarfe, Schulalltag→Schulalltage, Globalisierung→Globalisierungen, Biodiversität→Biodiversitäten, Selbstbestimmung→Selbstbestimmungen, Selbsthilfe→Selbsthilfen, Selbstständigkeit→Selbstständigkeiten, Nahverkehr→Nahverkehre, Arbeitsrecht→Arbeitsrechte, Ferne→Fernen, Balance→Balancen, Verzicht→Verzichte, Grundwasser→Grundwasser	— for all of these	All are uncountable in ordinary use; only technical "sort/type" plurals exist and those mislead a learner.
nouns	nouns_004	American spellings	english	low	gloss	Kennzeichnung "labeling"; Scheibe "disk"; Bebauungsplan "zoning map"; Geschäftsjahr "fiscal year"; Kreisstadt "county seat"	labelling, disc, zoning plan, financial year, district town	Batch uses British English throughout elsewhere.
nouns	nouns_004	Redundant spelling doublets in one gloss	english	low	gloss	Auszeit "time out/time-out"; Startseite "home page/homepage"; Hörbuch "audio book/audiobook"; Klimaanlage "air conditioner/air-conditioner"; Kraftwerk "power plant/powerplant"; Regenwald "rain forest/rainforest"; Mikrofon "mic/microphone/mike"; Freibad "open-air/outdoor swimming pool"	one form each (and "power station" for Kraftwerk)	The rule is one form per sense; doublets pad the flashcard.
nouns	nouns_004	Missing `weak` flag	flags	low	junk	der Prinz (Prinzen), der Analyst (Analysten) carry no flag	weak	Both are n-declension nouns; comparable entries (Athlet, Elefant, Abonnent) are flagged.
nouns	nouns_004	Schwangere	flags	low	junk	die Schwangere, flags "-"	adjNoun	It is an adjectival noun; the plural given (Schwangere) is already the adjNoun form.
nouns	nouns_004	Monitor	plural	low	plural	Monitoren	Monitore	Monitore is the standard plural for the screen sense; Monitoren is the secondary/rare variant.
nouns	nouns_004	Coach	plural	low	plural	Coachs	Coaches	Coaches is the usual German plural of this anglicism.
nouns	nouns_004	Unabhängigkeit	english	low	gloss	independence/independency	independence	"independency" is archaic English.
nouns	nouns_004	Rätsel	english	low	gloss	enigma/mystery/puzzle	puzzle/riddle/mystery	The everyday sense (puzzle, riddle) should lead.
nouns	nouns_004	Lehrplan	english	low	gloss	course of instruction/curriculum/syllabus	curriculum/syllabus	Clumsy calque placed first.
nouns	nouns_004	Zusammenfassung	english	low	gloss	abstract/summary	summary/abstract	"summary" is the learner sense.
nouns	nouns_004	Schrank	english	low	gloss	cabinet/closet/cupboard	cupboard/wardrobe/cabinet	"closet" is American; the British terms should lead.
nouns	nouns_004	Rucksack	english	low	gloss	backpack/haversack/knapsack	rucksack/backpack	The British word "rucksack" is missing entirely.
nouns	nouns_004	Sofa	english	low	gloss	couch/lounge/settee	sofa/settee/couch	The obvious cognate gloss "sofa" is absent.
nouns	nouns_004	Jacke	english	low	gloss	coat/jacket	jacket/coat	Jacke is a jacket; Mantel is a coat.
nouns	nouns_004	Weiche	english	low	gloss	switch	points (railway)/switch	British railway term is "points".
nouns	nouns_004	Schulleiterin	english	low	gloss	principal	head teacher/headmistress	"principal" is the American term.
nouns	nouns_004	Legende	english	low	gloss	key/legend	legend/key (on a map)	The myth sense should lead.
nouns	nouns_004	Streifen	english	low	gloss	film/strip/stripe	strip/stripe	"film" is a colloquial, secondary sense placed first.
nouns	nouns_004	Rettung	english	low	gloss	ambulance/rescue	rescue/(Austrian) ambulance	"ambulance" is an Austrian regionalism placed first.
nouns	nouns_004	Vorname	english	low	gloss	Christian name/first name/forename	first name/forename	"Christian name" is dated and culturally narrow.
nouns	nouns_004	Level	cefr	low	cefr	C1	A2/B1	Transparent anglicism, everyday register; C1 is a gross overshoot.
nouns	nouns_005	Zwiebel	article	high	article	der Zwiebel — bulb/onion	die Zwiebel; gloss "onion/bulb"	standard German is feminine (`der Zwiebel` is Austrian/regional only), and "onion" is the sense an A1 learner needs first.
nouns	nouns_005	Rom	word/english	high	gloss	der Rom, pl. Roma — "Rome"	either gloss "Rom (Romani man)" or drop the entry	`der Rom/die Roma` is a person of Romani ethnicity; the city Rome is neuter `das Rom` and is a proper noun anyway. As written it teaches a wrong word.
nouns	nouns_005	Bluetooth	article	high	article	der Bluetooth	das Bluetooth	loanword is neuter in Duden; masculine is wrong.
nouns	nouns_005	Release	article	high	article	der Release, pl. Releases	das Release	neuter in German usage/Duden (like das Upgrade, das Meeting) — another loanword-gender error.
nouns	nouns_005	Ersatzteil	article	high	article	der Ersatzteil	das Ersatzteil	neuter is the standard and far commoner form; masculine is technical-jargon only.
nouns	nouns_005	Blicke	word	high	junk	die Blicke, pl. Blicken — "glances/views"	der Blick, pl. Blicke — "look/glance/view"	plural of *der Blick* listed as a headword, with an invented dative-looking plural on top.
nouns	nouns_005	Drucke	word	high	junk	die Drucke, pl. Drucken — "prints"	der Druck, pl. Drucke — "print/pressure/printing"	same fault — plural of *der Druck* entered as a lemma.
nouns	nouns_005	Zeug	plural	high	plural	das Zeug, pl. Zeuge	—	mass noun with no plural; "Zeuge" is a different word entirely (*witness*).
nouns	nouns_005	Applaus	plural	high	plural	der Applaus, pl. Applause	—	invented plural, and the form given is simply the English word.
nouns	nouns_005	Antisemitismus	plural	high	plural	Antisemitismen; gloss "anti-Semitism/antisemitism"	—; gloss "antisemitism"	`-ismus` abstract with no plural; the gloss also lists two spellings of one word.
nouns	nouns_005	Eigenkapital	plural	high	plural	Eigenkapitalien	—	invented plural on an uncountable financial term.
nouns	nouns_005	Blutdruck	plural	high	plural	Blutdrücke	—	invented plural; blood pressure is uncountable.
nouns	nouns_005	Brustkrebs	plural	high	plural	Brustkrebse	—	invented plural on a disease name (and *Krebse* would be crabs).
nouns	nouns_005	Gefangene / Erste / Delegierte / Minderjährige / Neugeborene / Arbeitslose / Erziehungsberechtigte	plural	high	plural	Gefangenen, Ersten, Delegierten, Minderjährigen, Neugeborenen, Arbeitslosen, Erziehungsberechtigten	Gefangene, Erste, Delegierte, Minderjährige, Neugeborene, Arbeitslose, Erziehungsberechtigte	all seven are `adjNoun`; the bank must show the bare citation plural, not the weak/definite-article form.
nouns	nouns_005	Sammeln, Fliegen, Sterben, Testen, Sprechen, Grillen, Leuchten	word	medium	junk	das Sammeln "collecting", das Fliegen "flight/flying", das Sterben "dying", das Testen "testing", das Sprechen "speaking", das Grillen "barbecue/braai/broiling", das Leuchten "brilliance/luminescence/radiance"	remove — teach the verbs instead	bare nominalised infinitives, not dictionary lemmas. (`das Scheitern`, `das Aussterben`, `das Boxen` are borderline but lexicalised enough to keep.)
nouns	nouns_005	Grillen	english	medium	gloss	barbecue/braai/broiling	barbecuing/grilling	"braai" is South African, "broiling" is American; neither belongs in a British-English bank.
nouns	nouns_005	Schmetterling	english	medium	gloss	Lepidopter/butterfly	butterfly	"Lepidopter" is not a normal English word and it is placed before the only sense a learner needs.
nouns	nouns_005	Helm	english	medium	gloss	cupola/helm roof/helmet	helmet	an A1-tagged word led by two obscure architectural senses.
nouns	nouns_005	Hausarbeit	english	medium	gloss	chore/homework/housework	housework/term paper	"homework" is *Hausaufgabe(n)*, not *Hausarbeit*; the academic "term paper" sense is missing.
nouns	nouns_005	Stau	english	medium	gloss	backing up/build-up/congestion	traffic jam/tailback	the everyday sense every learner meets is absent from the front of the gloss.
nouns	nouns_005	Geltung	english	medium	gloss	importance/prestige	validity/force; also standing/prestige	primary sense is validity (*Geltung haben* = to be valid); the gloss omits it.
nouns	nouns_005	Beihilfe	english	medium	gloss	aiding and abetting/subsidy/benefit	subsidy/allowance/benefit; (law) aiding and abetting	a narrow criminal-law sense placed first.
nouns	nouns_005	Neigung	english	medium	gloss	affinity/batter/inclination	inclination/tendency; slope	"batter" is a specialist masonry term and reads as a mistake.
nouns	nouns_005	Hammer	english	medium	gloss	blunder/hammer/hammering machine	hammer; (colloquial) stunner/blunder	the literal tool must lead; "blunder" first is misleading.
nouns	nouns_005	Abbruch	english	medium	gloss	abort/abortion/breaking off	demolition/termination/cancellation	"abortion" is *Abtreibung*; "abort" is not an English noun in this sense.
nouns	nouns_005	Austritt	english	medium	gloss	balcony/leakage/leaving	withdrawal/exit (from an organisation); leakage/escape (of gas)	archaic architectural sense first; the political/organisational sense is the current one.
nouns	nouns_005	Beute	english	medium	gloss	bag/booty/haul	prey; loot/haul	hunting jargon "bag" first; the core sense *prey* is missing.
nouns	nouns_005	Innenhof	english	medium	gloss	patio	courtyard/inner courtyard	a patio is not a *Innenhof*; the translation is simply wrong.
nouns	nouns_005	Pate	english	medium	gloss	godfather/godparent/guideparent	godfather/godparent/sponsor	"guideparent" is not an English word.
nouns	nouns_005	Schädigung	english	medium	gloss	damnification/harm/impairment	damage/harm/injury	"damnification" is obsolete legalese placed first.
nouns	nouns_005	Wurst	english	medium	gloss	sausage/wors	sausage	"wors" is South African and meaningless to the target learner.
nouns	nouns_005	Top	english	medium	gloss	tube top	top (garment)	*Top* is any sleeveless/short top; "tube top" is both American and a different garment (*Bandeau*).
nouns	nouns_005	Sanktion	english	medium	gloss	confirmation/sanction	sanction/penalty	the archaic "confirmation/approval" sense is placed before the everyday political one.
nouns	nouns_005	Konsole	english	medium	gloss	console/ledger	console; (architecture) bracket/corbel	"ledger" is wrong for the architectural sense.
nouns	nouns_005	Hecke	english	medium	gloss	hedge/hedgerow/snare	hedge/hedgerow	"snare" is not a sense of *Hecke*.
nouns	nouns_005	Laub	english	medium	gloss	foliage/leaves/spades	foliage/leaves	"spades" is a card-suit gloss that does not belong to *Laub*.
nouns	nouns_005	Dualis	word	medium	junk	der Dualis "dual"	remove	Latin grammatical metalanguage, not vocabulary for a learner deck.
nouns	nouns_005	Whatsapp	word	medium	junk	die Whatsapp, pl. Whatsapps — "WhatsApp message"	remove (or *die WhatsApp-Nachricht*)	mangled brand name treated as a common noun, with a wrong capitalisation and doubtful gender.
nouns	nouns_005	Fachmann	plural	medium	plural	Fachmänner	Fachleute	*Fachleute* is the standard plural; *Fachmänner* is marginal at best.
nouns	nouns_005	Arbeitslosengeld	plural	medium	plural	Arbeitslosengelder; gloss "dole/unemployment benefit"	—; gloss "unemployment benefit"	uncountable benefit payment; "dole" is informal and should not lead.
nouns	nouns_005	Nuss	english	medium	gloss	hazelnut/nut	nut; (hazelnut = Haselnuss)	the specific sense is put before the general one.
nouns	nouns_005	Durchbruch	english	medium	gloss	breach/break through/breakthrough	breakthrough; breach	dominant sense last, and "break through" is not a noun spelling.
nouns	nouns_005	Abzug	english	medium	gloss	deduction/discovered attack/flue	deduction; withdrawal (troops); print (photo); extractor hood	an obscure chess term sits in second place while common senses are missing.
nouns	nouns_005	Lexikon	english	medium	gloss	dictionary/encyclopedia	encyclopaedia; reference dictionary	primary sense is encyclopaedia, and the spelling given is American.
nouns	nouns_005	Bushaltestelle	english	medium	gloss	"bus shelter/bus stop", C1	"bus stop", A2 or below	wrong sense first (*Bushaltestelle* is the stop, not the shelter) and a gross CEFR mismatch for an everyday word.
nouns	nouns_005	Parkhaus / Stadtzentrum / Fußgängerzone / Mehrfamilienhaus / Fahrplan / Arztpraxis / Kinderwagen / Süßigkeit / Haken	english	medium	gloss	"parking garage"; "downtown/town centre"; "mall/pedestrian precinct/…"; "apartment building/apartment house/multi-family house"; "schedule/time table/timetable"; "doctor's office/medical practice"; "baby buggy/baby carriage/perambulator"; "candy/sweet/sweetness"; "check/hitch/hook"	"multi-storey car park"; "town/city centre"; "pedestrian precinct/pedestrian zone"; "block of flats"; "timetable"; "doctor's surgery/medical practice"; "pram/pushchair"; "sweet/confectionery"; "hook; tick; snag"	American term leads (or is the only term) in each; British equivalent missing or demoted. "time table" is also not a word.
nouns	nouns_005	Synagoge	english	medium	gloss	shul/synagog/synagogue	synagogue	Yiddish term first plus the American spelling *synagog* alongside the British one.
nouns	nouns_005	Durchfall	english	medium	gloss	diarrhea/diarrhoea/failure	diarrhoea; failure (in an exam)	American and British spellings of the same word in one gloss.
nouns	nouns_005	Vollmacht	english	low	gloss	power of attorney/authorization	power of attorney/authorisation	American -ization spelling.
nouns	nouns_005	Heimatstadt, Postfach, Südwesten, Anschreiben, Postkarte, Kilowattstunde, Adapter, Hotspot, Platte	english	low	gloss	"home town/hometown"; "P.O. Box/PO Box/post office box"; "south-west/southwest"; "cover letter/covering letter"; "post card/postcard"; "kilowatt hour/kilowatt-hour"; "adapter/adaptor"; "hot spot/hotspot"; "plate/record/disk"	one British form only — "home town"; "PO box"; "south-west"; "covering letter"; "postcard"; "kilowatt-hour"; "adaptor"; "hotspot"; "plate/record/disc"	same word listed twice in two spellings (rule is one form, British).
nouns	nouns_005	Briefkasten, Oberschule, Eigentumswohnung, Liegenschaft, Denkmalschutz, Schulhof	english	low	gloss	"mailbox/letterbox"; "high school/secondary school"; "condominium/freehold flat"; "immovable/piece of real estate/property"; "historic preservation/monument protection"; "schoolyard"	"letterbox/postbox"; "secondary school"; "freehold flat/owner-occupied flat"; "property/premises"; "heritage protection/listed-building protection"; "school playground"	American term placed before (or instead of) the British one.
nouns	nouns_005	Monitoring, Forstwirtschaft, Kindergeld, Sexualität, Gesetzgebung, Panik, Wichtigkeit, Raumfahrt, Softwareentwicklung, Dunkelheit, Vorfreude, Sichtbarkeit, Ästhetik, Freizeitgestaltung, Straßenbau, Bundespolizei, Strukturwandel, Pfeffer, Blau, Erreichbarkeit	plural	low	plural	Monitorings, Forstwirtschaften, Kindergelder, Sexualitäten, Gesetzgebungen, Paniken, Wichtigkeiten, Raumfahrten, Softwareentwicklungen, Dunkelheiten, Vorfreuden, Sichtbarkeiten, Ästhetiken, Freizeitgestaltungen, Straßenbauten, Bundespolizeien, Strukturwandel, Pfeffer, Blau, Erreichbarkeiten	— for all	mass/abstract nouns given plurals that either do not occur or only occur in specialist "types of X" usage; a learner will never need them.
nouns	nouns_005	Schock	plural	low	plural	—	Schocks	a real, common plural exists.
nouns	nouns_005	Mitmensch, Katholik, Psychotherapeut, Klient, Therapeut	flags	low	junk	flags "-"	flags "weak"	all are n-declension nouns (des Mitmenschen, dem Klienten…) but are not marked, unlike Brite/Pilot/Philosoph in the same batch.
nouns	nouns_005	Kiste, Tropfen, Aufbereitung, Vorreiter, Handschrift, Lebensbedingung, Leib, Kerze, Web, Aufsatz, Kinderrecht, Leiche, Impfstoff, Geste, Rezension, Spielerin, Erscheinungsbild, Großvater, Anstoß, Anblick, Wappen, Versicherungsnehmer, Eigenheim, Anstalt, Kneipe, Nazi, Tiergarten	english	low	gloss	e.g. "box/coffer"; "drop/wine"; "conditioning/editing/preparation"; "outrider/precursor/trailblazer"; "hand/handwriting/manuscript"; "condition of life"; "belly/body/stomach"; "candle/candlestick/spark plug"; "W3/WWW/Web"; "attachment/composition/essay"; "children's right"; "body/cadaver/carcass"; "vaccine/vaccine matter"; "act of friendship/gesture"; "critique/recension/review"; "gambler/player"; "appearance/aspect/garb"; "grandfather/grandsire"; "annoyance/initiation/kick-off"; "looking/sight"; "armorial bearings/arms/coat of arms"; "insurance holder/insurant/insured"; "home/homestead"; "asylum/institute"; "pub/student club meeting"; "nazi"; "zoological garden"	lead with the learner sense and drop the archaic/technical padding — "box/crate"; "drop"; "processing/treatment"; "pioneer/trailblazer"; "handwriting"; "living conditions"; "body"; "candle"; "web"; "essay/composition"; "children's rights"; "corpse/body"; "vaccine"; "gesture"; "review"; "player"; "appearance"; "grandfather"; "impetus/kick-off"; "sight"; "coat of arms"; "policyholder"; "one's own home"; "institution"; "pub"; "Nazi"; "zoo"	obscure, archaic or non-standard senses placed first, or non-words ("grandsire", "recension", "insurant", "garb", "coffer", "vaccine matter"); *Nazi* also needs a capital.
nouns	nouns_005	Bauzeit, Therapeut	cefr	low	cefr	both A1	B1–B2	neither is beginner vocabulary; A1 here is a clear mis-tag.
nouns	nouns_005	Terminal	article	low	article	der Terminal	das Terminal (both attested; neuter dominates for the computer sense and is common for the airport sense)	dual-gender loanword where the neuter is arguably the more useful default.
nouns	nouns_005	Bundesbank	word	low	junk	die Bundesbank — "Federal Bank of Germany"	remove or mark as a proper noun	institution name rather than general vocabulary (same for *Bundesgerichtshof*, *Oktoberfest*, *Linux*, which are more defensible).
nouns	nouns_005	Scheitern, Aussterben, Boxen	word	low	junk	kept as noun lemmas	acceptable as lexicalised nominalisations — flagged only for consistency with the removals above	unlike *das Sammeln*/*das Testen* these are established nouns, so they can stay.
nouns	nouns_006	Taxi	article	high	article	`der Taxi`, pl. Taxis, "cab/taxi", A1	`das Taxi`	Loanword neuter in standard German; this is an A1 word so the error is maximally damaging. ("cab" before "taxi" is also the wrong lead form.)
nouns	nouns_006	Cannabis	article	high	article	`der Cannabis`	`das Cannabis`	Neuter loanword (Duden: das Cannabis).
nouns	nouns_006	HTML	article	medium	article	`die HTML`	`das HTML` — or drop the entry	Neuter in usage (das HTML); a bare acronym is also marginal as a vocabulary headword.
nouns	nouns_006	Biotop	article	low	article	`der Biotop`	`das Biotop`	Standard gender is neuter; `der` is regional/specialist.
nouns	nouns_006	Baden, Öffnen, Tanzen, Backen, Fehlen, Shoppen, Staunen, Erscheinen, Warten, Planen	word	medium	junk	ten nominalised infinitives listed as noun headwords (das Baden "bathing", das Öffnen "opening", das Tanzen "dancing", das Backen "baking", das Fehlen "absence", das Shoppen "shopping", das Staunen "amazement", das Erscheinen "appearance", das Warten "waiting", das Planen "planning")	remove — these are productive verb forms, not dictionary nouns	Corpus artefacts; a learner should learn the verb. (`das Schweigen`, `das Erbrechen` are genuinely lexicalised and can stay.)
nouns	nouns_006	Metropolis	word	high	junk	`die Metropolis`, pl. Metropolen, "metropolis"	`die Metropole`, pl. Metropolen	"Metropolis" is not a German lemma; the plural given belongs to *Metropole*.
nouns	nouns_006	Bundesnetzagentur	word	low	junk	entry for the German federal network regulator	drop	Proper noun (name of one agency), not vocabulary.
nouns	nouns_006	Christentum	plural	high	plural	Christentümer	—	Invented plural; *Christentum* is uncountable.
nouns	nouns_006	Wolle	plural	high	plural	Wollen	—	Mass noun; "Wollen" collides with the nominalised *wollen*.
nouns	nouns_006	Kosmetik	plural	high	plural	die Kosmetik / Kosmetika / "cosmetic"	die Kosmetik, pl. — , "cosmetics/beauty care" (Kosmetika is the plural of *das Kosmetikum*)	Plural belongs to a different lemma; singular gloss "cosmetic" is wrong for the sense.
nouns	nouns_006	Kaufmann	plural	high	plural	Kaufmänner	Kaufleute	Standard plural is *Kaufleute*; *Kaufmänner* is rare/nonstandard.
nouns	nouns_006	Recycling	plural	medium	plural	Recyclings	—	
nouns	nouns_006	Telekommunikation	plural	medium	plural	Telekommunikationen	—	
nouns	nouns_006	Soziologie	plural	medium	plural	Soziologien	—	Name of a discipline; no plural. (Same fault in **Archäologie → Archäologien**, see gloss bullet below.)
nouns	nouns_006	Gleichberechtigung	plural	medium	plural	Gleichberechtigungen	—	
nouns	nouns_006	Steuerrecht	plural	medium	plural	Steuerrechte, "tax law/tax rights"	— , "tax law"	Invented plural, and "tax rights" is a mistranslation of the plural form.
nouns	nouns_006	Zuversicht	plural	medium	plural	Zuversichten	—	
nouns	nouns_006	Verbundenheit	plural	medium	plural	Verbundenheiten, "affiliation/connection"	— , "attachment/close bond/solidarity"	Abstract noun, no plural; gloss also misses the affective core sense.
nouns	nouns_006	Empathie	plural	medium	plural	Empathien	—	
nouns	nouns_006	Korruption	plural	medium	plural	Korruptionen	—	
nouns	nouns_006	Kupfer	plural	medium	plural	Kupfer (as plural)	—	Element/mass noun.
nouns	nouns_006	Rauch	plural	medium	plural	Rauche, "fume/reek/smoke"	— , "smoke/fumes"	Invented plural; "reek" is wrong register and "smoke" should lead.
nouns	nouns_006	Benzin	plural	medium	plural	Benzine, "petrol/gasoline"	— , "petrol"	Mass noun (plural only in chemistry jargon); gloss also carries a UK/US doublet.
nouns	nouns_006	Personennahverkehr	plural	medium	plural	Personennahverkehre, "local passenger traffic/local public traffic"	— , "local public transport"	Invented plural; "traffic" is the wrong English word for *Verkehr* here.
nouns	nouns_006	Befall	plural	medium	plural	Befälle	—	
nouns	nouns_006	Jahresbeginn	plural	medium	plural	Jahresbeginne	—	Same *Beginn* fault — no plural.
nouns	nouns_006	Luftfeuchtigkeit	plural	medium	plural	Luftfeuchtigkeiten	—	
nouns	nouns_006	Sauberkeit	plural	medium	plural	Sauberkeiten	—	
nouns	nouns_006	Beweglichkeit	plural	medium	plural	Beweglichkeiten	—	
nouns	nouns_006	Federführung	plural	medium	plural	Federführungen	—	
nouns	nouns_006	Unruhe	plural	medium	plural	— , "disturbance/flurry/hubbub"	Unruhen , "restlessness/unease; (pl.) unrest, riots"	The plural *Unruhen* is a real, high-frequency news word; blocking it hides a core sense.
nouns	nouns_006	Familienangehörige, Polizeibeamte, Bundestagsabgeordnete, Wahlberechtigte, Berufstätige, Kriminelle, Prominente, Beschuldigte, Heilige, Überlebende, Heranwachsende, Behinderte	plural	medium	plural	all twelve `adjNoun` entries give the weak plural in -n (Familienangehörigen, Polizeibeamten, Bundestagsabgeordneten, Wahlberechtigten, Berufstätigen, Kriminellen, Prominenten, Beschuldigten, Heiligen, Überlebenden, Heranwachsenden, Behinderten)	bare citation plural (Familienangehörige, Polizeibeamte, Bundestagsabgeordnete, Wahlberechtigte, Berufstätige, Kriminelle, Prominente, Beschuldigte, Heilige, Überlebende, Heranwachsende, Behinderte)	Systematic fault across every adjectival noun in the batch — the -n form is the definite-article/oblique form, not the citation plural.
nouns	nouns_006	Zuspruch	plural	low	plural	Zusprüche	—	
nouns	nouns_006	Betrug	plural	low	plural	Betrüge	— (use *Betrügereien* for countable instances)	
nouns	nouns_006	Schlagwort	plural	low	plural	Schlagwörter, "buzzword/catchword/slogan"	Schlagwörter = keywords; the "slogan" sense takes Schlagworte	Two plurals split by sense; the gloss mixes both.
nouns	nouns_006	Partikel	plural	low	article	die Partikel / Partikeln / "particle"	*das* Partikel, pl. Partikel for the physics sense; *die* Partikel, pl. Partikeln is the grammatical particle	The bare gloss "particle" points at the physics sense, which is neuter.
nouns	nouns_006	Fürst	flags	low	junk	flags `-`	flags `weak`	n-declension noun (des Fürsten, dem Fürsten), unmarked here while comparable weak nouns in the batch are marked.
nouns	nouns_006	Anzug	english	high	gloss	"approach/attire/move"	"suit"	The everyday A1 sense (a man's suit) is absent altogether; "move" is the chess sense.
nouns	nouns_006	Birne	english	high	gloss	"bulb/globe/nut"	"pear/(light) bulb"	A1 word whose primary sense "pear" is missing; "globe/nut" are slang/obscure.
nouns	nouns_006	Herd	english	high	gloss	"focus/hearth/hotbed"	"cooker/hob/stove"	The A1 kitchen sense is missing entirely; the three glosses given are all figurative/medical.
nouns	nouns_006	Becher	english	high	gloss	"Crater/beaker/cup"	"cup/mug/tub (e.g. of yoghurt)"	Leads with the constellation *Crater* on an A1 word.
nouns	nouns_006	Ziege	english	high	gloss	"bag/goat"	"goat"	Leads with the derogatory slang sense; a learner would produce an insult.
nouns	nouns_006	Kiosk	english	medium	gloss	"dairy/kiosk"	"kiosk/newsagent's/newsstand"	"dairy" is New Zealand English, meaningless to a British learner, and it leads on an A1 word.
nouns	nouns_006	Mönch	english	medium	gloss	"blackcap/monk"	"monk"	Leads with a bird name.
nouns	nouns_006	Fingerabdruck	english	medium	gloss	"dactylogram/fingermark/fingerprint"	"fingerprint"	Leads with forensic jargon; the plain word is third.
nouns	nouns_006	Acker	english	medium	gloss	"acre/field"	"field/arable land"	"acre" is a false friend (an acre is *ein Morgen/Acre*) and it leads.
nouns	nouns_006	Objektiv	english	medium	gloss	"lens/objective/objective (camera)"	"lens (camera)"	*das Objektiv* never means "objective/aim" (that is *das Ziel*); two of three glosses are wrong.
nouns	nouns_006	Vollzug	english	medium	gloss	"execution/full-length train/penal execution"	"enforcement/execution (of a law); custodial system"	"full-length train" is corpus garbage.
nouns	nouns_006	Engpass	english	medium	gloss	"defile/scarcity"	"bottleneck/shortage"	"defile" (narrow pass) is archaic and leads.
nouns	nouns_006	Tutor	english	medium	gloss	"guardian/tutor"	"tutor"	"guardian" is *Vormund*; wrong sense in first position.
nouns	nouns_006	Ära	english	medium	gloss	"calendar/era"	"era/age"	"calendar" is wrong and leads.
nouns	nouns_006	Wiedervereinigung	english	medium	gloss	"reconciliation/reunification"	"reunification"	"reconciliation" is *Versöhnung*.
nouns	nouns_006	Mappe	english	medium	gloss	"briefcase/folder"	"folder/portfolio"	"briefcase" is *Aktentasche*.
nouns	nouns_006	Schein	english	medium	gloss	"certificate/appearance"	"note/banknote; appearance; certificate"	The everyday money sense (ein Zwanzig-Euro-Schein) is missing.
nouns	nouns_006	Neuauflage	english	medium	gloss	"reprint"	"new edition/reissue/remake"	A *reprint* is a *Nachdruck*; a *Neuauflage* is revised.
nouns	nouns_006	Curriculum	english	medium	gloss	"curriculum/CV"	"curriculum/syllabus"	Only the full phrase *Curriculum Vitae* means CV; alone it does not.
nouns	nouns_006	Kürzung	english	medium	gloss	"shortening"	"cut/reduction (esp. of budgets, benefits)"	Misses the dominant modern sense.
nouns	nouns_006	Haltbarkeit	english	medium	gloss	"durability/long-lastingness/stability"	"shelf life/best-before date; durability"	The everyday food sense is missing and "long-lastingness" is not idiomatic English.
nouns	nouns_006	Devise	english	medium	gloss	"foreign currency/motto"	"motto/maxim; (pl. Devisen) foreign currency"	The leading sense exists only in the plural.
nouns	nouns_006	Dreharbeit	english	medium	gloss	"principal photography"	"filming/shooting (of a film)" — and the lemma is used almost only as *Dreharbeiten*	Industry jargon in place of the ordinary word.
nouns	nouns_006	Periode	english	medium	gloss	"period/tide"	"period"	*Periode* does not mean tide (*Gezeiten/Flut*).
nouns	nouns_006	Rückschlag	english	medium	gloss	"kickback/setback"	"setback"	English "kickback" means a bribe — a misleading lead.
nouns	nouns_006	Kleinigkeit	english	medium	gloss	"bagatelle/chicken-feed/trifle"	"small thing/trifle/minor detail"	All three glosses are marginal register; the plain sense is missing.
nouns	nouns_006	Takt	english	medium	gloss	"beat/measure"	"bar (music)/rhythm; tact"	"measure" is the American term for a musical bar, and the very common sense "tact" is missing.
nouns	nouns_006	Spot	english	medium	gloss	"spot/spotlight"	"advert/commercial (TV); spotlight"	In German *Spot* overwhelmingly means a TV/radio advert.
nouns	nouns_006	Tüte	english	medium	gloss	"bag/cornet/spliff", A1	"bag/(paper) bag; cone (ice cream)"	"spliff" (drug slang) has no place on an A1 entry; "cornet" is obscure.
nouns	nouns_006	Pflaster	english	medium	gloss	"adhesive bandage/band-aid/pavement", A1	"plaster; paving/pavement"	The British word *plaster* is missing while the US brand name Band-Aid is given.
nouns	nouns_006	Ruine	english	low	gloss	"hulk/remains/ruin"	"ruin(s)"	
nouns	nouns_006	Herrscher	english	low	gloss	"monarch/potentate/ruler"	"ruler/monarch"	
nouns	nouns_006	Erzeuger	english	low	gloss	"begetter/producer"	"producer/manufacturer"	
nouns	nouns_006	Honorar	english	low	gloss	"emolument/fee"	"fee"	
nouns	nouns_006	Mahnung	english	low	gloss	"dun/reminder/warning"	"reminder (esp. payment reminder)/warning"	
nouns	nouns_006	Strauch	english	low	gloss	"brushwood/bush/shrub"	"shrub/bush"	
nouns	nouns_006	Pulver	english	low	gloss	"gunpowder/powder"	"powder"	
nouns	nouns_006	Schütze	english	low	gloss	"Sagittarius/marksman/shooter"	"marksman/shooter; (astrology) Sagittarius"	
nouns	nouns_006	Pionier	english	low	gloss	"engineer/pioneer"	"pioneer; (military) sapper"	
nouns	nouns_006	Luchs	english	low	gloss	"Eurasian lynx/lynx/lynx-eyed person"	"lynx"	
nouns	nouns_006	Einbrecher	english	low	gloss	"burglar/housebreaker/picklock"	"burglar"	"picklock" denotes the tool, not the person.
nouns	nouns_006	Abmessung	english	low	gloss	"admeasurement/measurement"	"dimension(s)/measurement"	
nouns	nouns_006	Ungleichheit	english	low	gloss	"imparity/inequality"	"inequality"	
nouns	nouns_006	Elektron	english	low	gloss	"electron/electrum"	"electron"	
nouns	nouns_006	Mädel	english	low	gloss	"girl/maid"	"girl/lass" (regional, colloquial)	
nouns	nouns_006	Kinderarzt	english	low	gloss	"paediatrician/pediatrist"	"paediatrician"	"pediatrist" is not an English word.
nouns	nouns_006	Kumpel	english	low	gloss	"buddy/butty/homie"	"mate/pal; (mining) miner"	All three glosses are non-British or wrong register; "butty" is a sandwich in British English.
nouns	nouns_006	Krippe	english	low	gloss	"christmas crib/crib/manger"	"crib/manger; crèche, day nursery"	Lower-case "christmas"; the everyday childcare sense is missing.
nouns	nouns_006	Vokabel	english	low	gloss	"vocabulary/word"	"vocabulary item/word" (the mass noun is *der Wortschatz*)	
nouns	nouns_006	Liebhaber	english	low	gloss	"enthusiast"	"lover; enthusiast/connoisseur"	
nouns	nouns_006	Abfrage	english	low	gloss	"information retrieval/inquiry/monitoring"	"query (database); enquiry"	
nouns	nouns_006	Entscheidungsfindung	english	low	gloss	"decision making/decision-finding/decision-making"	"decision-making"	"decision-finding" is not English; three spellings of one term.
nouns	nouns_006	Schuhwerk	english	low	gloss	Schuhwerke, "footgear/footwear"	— , "footwear"	
nouns	nouns_006	Verlegung	english	low	gloss	"adjournment/displacement/installation"	"postponement/relocation; laying (of cables, tiles)"	
nouns	nouns_006	Rektor	english	low	gloss	"principal/rector"	"head teacher (school); vice-chancellor/rector (university)"	
nouns	nouns_006	Schulgebäude	english	low	gloss	"schoolhouse"	"school building"	
nouns	nouns_006	Vordruck	english	low	gloss	"blank/form"	"form/printed form"	
nouns	nouns_006	Schraube	english	low	gloss	"bolt/propeller/screw"	"screw; bolt; propeller"	Alphabetical ordering buries the primary sense.
nouns	nouns_006	Automat	english	low	gloss	"automaton/vending machine", A1	"vending machine/machine; automaton"	
nouns	nouns_006	Tiefgarage	english	low	gloss	"subterranean garage/underground car park/underground parking lot"	"underground car park"	
nouns	nouns_006	Eleganz	english	low	gloss	"elegance/snazziness"	"elegance"	
nouns	nouns_006	Abriss	english	low	gloss	"demolition/stub/summary"	"demolition; outline/summary"	
nouns	nouns_006	Zeitplan	english	low	gloss	"schedule/time plan"	"schedule/timetable"	
nouns	nouns_006	Tierarzt, Postleitzahl, Einkaufszentrum, Geldautomat, Eisenbahn, Physiotherapeut, Apartment, Umleitung, Scheck, Mobilfunknetz, Benziner, Archäologie	english	medium	gloss	US form leading or a UK/US doublet in one gloss — "veterinarian/vet"; "ZIP code/post code/postal code"; "mall/shopping centre"; "ATM/cash machine"; "railroad/railway"; "physical therapist/physiotherapist"; "apartment"; "bypass/detour"; "check/cheque"; "cellular network"; "petrol car/gasoline car"; "archaeology/archeology"	British form only and first — "vet/veterinary surgeon"; "postcode"; "shopping centre"; "cash machine/cashpoint"; "railway"; "physiotherapist"; "flat/studio flat"; "diversion"; "cheque"; "mobile network"; "petrol car"; "archaeology"	App targets British-English learners; one form only, British.
nouns	nouns_006	Klassenraum, Schulkind, Hotelzimmer, Aufkleber, Staubsauger, Zunge, Kinderarzt, Polizeibeamte	cefr	low	cefr	all tagged C1 ("classroom", "schoolchild", "hotel room", "sticker", "vacuum cleaner", "tongue", "paediatrician", "police officer")	A1–B1 range	Everyday concrete vocabulary marked as advanced.
nouns	nouns_006	Fachwerkhaus, Wohnfläche	cefr	low	cefr	tagged A1	B1/B2	Specialist compounds tagged as beginner words.
nouns	nouns_007	Firewall	article	high	article	der Firewall	die Firewall	Loanword takes the gender of *die Mauer/die Wand*; Duden gives only *die Firewall*.
nouns	nouns_007	Trikot	article	high	article	der Trikot / "jersey"	das Trikot	*der Trikot* is the fabric sense; the garment ("jersey, sports shirt") is neuter.
nouns	nouns_007	Couch	article	high	article	der Couch	die Couch	Standard German is *die Couch* (Pl. Couchs/Couches); *der* is simply wrong.
nouns	nouns_007	Silvester	article	high	article	der Silvester / "Hogmanay/New Year's Eve"	das Silvester (usually article-less) / "New Year's Eve"	Neuter, not masculine; and "Hogmanay" is a Scottish-only term leading the gloss.
nouns	nouns_007	Hebel	english	high	gloss	handle/leaven/lever	lever/handle	"leaven" is an outright mistranslation (that is *Sauerteig/Triebmittel*), and the core sense "lever" is buried third.
nouns	nouns_007	Eichen	word	high	junk	das Eichen, Pl. Eichen, "calibration"	delete (use *die Eichung* for "calibration")	Nominalised infinitive given a plural — and "Eichen" is in fact the plural of *die Eiche* (oak).
nouns	nouns_007	Audit	article	medium	article	der Audit	das Audit	Duden lists the loanword as neuter.
nouns	nouns_007	Megapixel	article	medium	article	der Megapixel	das Megapixel	Follows *das Pixel*.
nouns	nouns_007	Mikroplastik	article	medium	article	der Mikroplastik	das Mikroplastik	Material *Plastik* is neuter; *die Plastik* is the sculpture sense, *der* is not used at all.
nouns	nouns_007	Kondom	article	medium	article	der Kondom	das Kondom	Neuter is the standard (Duden) form.
nouns	nouns_007	Einzelteil	article	medium	article	der Einzelteil	das Einzelteil	Compound of *das Teil* ("component"); *der Teil* is the "portion" sense.
nouns	nouns_007	Tausend	article	medium	article	die Tausend, Pl. Tausenden	das Tausend, Pl. Tausende	Dual-gender; the learner-useful entry is *das Tausend* ("Tausende von Menschen"). "Tausenden" is a dative form, not the citation plural.
nouns	nouns_007	Baumwolle	plural	medium	plural	Baumwollen	—	Mass noun; invented plural.
nouns	nouns_007	Bettwäsche	plural	medium	plural	Bettwäschen	—	Mass noun; invented plural.
nouns	nouns_007	Urin	plural	medium	plural	Urine	—	Mass noun; invented plural.
nouns	nouns_007	Schweiß	plural	medium	plural	Schweiße	—	Mass noun; the form "Schweiße" belongs to hunters' jargon/welding, not "sweat".
nouns	nouns_007	Verschleiß	plural	medium	plural	Verschleiße	—	Mass noun ("wear and tear"); invented plural.
nouns	nouns_007	Equipment	plural	medium	plural	Equipments	—	Uncountable in German as in English.
nouns	nouns_007	Judentum	plural	medium	plural	Judentümer	—	Invented plural on a non-count abstract.
nouns	nouns_007	Darmkrebs	plural	medium	plural	Darmkrebse	—	Disease name, no plural; "Darmkrebse" reads as crabs.
nouns	nouns_007	Kunstgeschichte	plural	medium	plural	Kunstgeschichten	—	Academic subject has no plural; "Kunstgeschichten" means "art anecdotes".
nouns	nouns_007	Mitternacht	plural	medium	plural	Mitternächte	—	Point-in-time noun; the plural is poetic at best and misleading at A2.
nouns	nouns_007	Kriegsende	plural	medium	plural	Kriegsenden	—	Refers to a unique event; plural not used.
nouns	nouns_007	abstract/mass nouns given invented plurals	plural	low	plural	Bekanntheiten, Bekleidungen, Besteuerungen, Menschlichkeiten, Einsamkeiten, Atmungen, Schnelligkeiten, Achtsamkeiten, Gentechniken, Geographien, Datenaustausche, Heizöle, Asphalte, Evolutionen, Nachkriegszeiten, Grippen, Festländer, Mitbestimmungen, Onkologien, Rechtschreibungen, Rückgrate, Verlässlichkeiten, Nachholbedarfe, Feinstäube, Tierwelten	— for all	Mass, abstract or field-of-study nouns that are not pluralised in real usage.
nouns	nouns_007	adjectival nouns given the weak (article-bound) plural	plural	medium	plural	Hinterbliebenen, Bevollmächtigten, Obdachlosen, Geistlichen, Bediensteten, Blinden, Fünften, Vielfachen	Hinterbliebene, Bevollmächtigte, Obdachlose, Geistliche, Bedienstete, Fünfte, Vielfache, Blinde	`adjNoun` citation plural is the bare strong form (*Erwachsene*), not the -n form.
nouns	nouns_007	das Tun / das Verlassen / das Betreten / das Gehen / das Bremsen / das Wetten / das Sehen / das Weinen / das Spinnen / das Bemühen / das Altern / das Anklicken	word	medium	junk	listed as headwords ("doing", "leaving", "access/entry", "walking", "braking", "betting", "seeing", "crying", "spinning", "effort", "ageing", "click")	remove (unlike *das Ringen*/*das Skifahren* these are not lexicalised)	Corpus-harvested nominalised infinitives; *das Anklicken* even carries a plural.
nouns	nouns_007	Aussprache	english	medium	gloss	discussion/pronunciation/talk	pronunciation/discussion	A1 entry — the learner sense "pronunciation" must lead.
nouns	nouns_007	Ablenkung	english	medium	gloss	deflection/diversion	distraction/diversion	The everyday sense "distraction" is missing entirely.
nouns	nouns_007	Novelle	english	medium	gloss	amendment/novel/novella	novella (long short story)/amendment (to a law)	"novel" is the classic false friend (*Roman*), and the legal sense leads.
nouns	nouns_007	Paragraph	english	medium	gloss	paragraph	section (of a law), § / clause	False friend — an English paragraph is *der Absatz*.
nouns	nouns_007	Wahnsinn	english	medium	gloss	crazy/insanity/madness	madness/insanity	"crazy" is an adjective, not a possible gloss for a noun.
nouns	nouns_007	Fuchs	english	medium	gloss	chestnut/cunning/fox	fox	The equine-colour sense leads and "cunning" is an adjective; "fox" is buried.
nouns	nouns_007	Härte	english	medium	gloss	austerity/hardness/toughness	hardness/toughness/harshness	"austerity" is a marginal political sense placed first.
nouns	nouns_007	Hauch	english	medium	gloss	whiff	breath/waft/hint, touch (of)	Only gloss given is a marginal sense; the common "ein Hauch von" = "a hint of" is absent.
nouns	nouns_007	Weingut	english	medium	gloss	vineyard/wine-growing estate/winery	wine estate/winery	A vineyard is *der Weinberg*; leading with it teaches the wrong word.
nouns	nouns_007	Notaufnahme	english	medium	gloss	emergency room	A&E / accident and emergency department	US-only term in a British-English app.
nouns	nouns_007	Selbstbeteiligung	english	medium	gloss	deductible	excess (insurance)	US insurance term; British English is "excess".
nouns	nouns_007	Justizvollzugsanstalt	english	medium	gloss	penitentiary	prison	US term; British English says "prison".
nouns	nouns_007	Staatssekretärin	english	medium	gloss	minister/state secretary/undersecretary	state secretary/permanent secretary	A Staatssekretär(in) is explicitly *not* a minister.
nouns	nouns_007	Hilfskraft	english	medium	gloss	auxiliary	assistant, temporary helper (e.g. *studentische Hilfskraft* = student assistant)	"auxiliary" alone is not a usable English noun here.
nouns	nouns_007	Hospitation	english	medium	gloss	hospitation/job shadowing	sitting in / observation placement, job shadowing	"hospitation" is not an English word.
nouns	nouns_007	Überfall	english	medium	gloss	assailment/holdup/raid	attack/raid/mugging/hold-up	"assailment" is effectively a non-word and leads the gloss.
nouns	nouns_007	Kundgebung	english	medium	gloss	avowal/declaration/demonstration	rally/demonstration	The everyday sense (political rally) is last; "avowal" is archaic.
nouns	nouns_007	Kranich	english	medium	gloss	Grus/crane	crane (bird)	Latin genus name placed first.
nouns	nouns_007	Adler	english	medium	gloss	Aquila/eagle	eagle	Latin genus name placed first.
nouns	nouns_007	Bach	english	medium	gloss	Bach/beck/brook	stream/brook	Gloss leaks the German lemma (and reads as the composer); "beck" is dialectal.
nouns	nouns_007	Römer	english	medium	gloss	Roman/Römer/rummer	Roman (person)	Gloss leaks the German lemma; "rummer" is an obscure glassware term.
nouns	nouns_007	Tandem	english	medium	gloss	bughouse/tandem/twin	tandem (bicycle); tandem pair	"bughouse" is corpus junk with no relation to the word.
nouns	nouns_007	Meile	english	medium	gloss	league/mile	mile	A league is a different unit (*die Meile* ≠ league); wrong sense leads.
nouns	nouns_007	Verbrennungsmotor	english	medium	gloss	CI engine/combustion engine/combustion motor	internal combustion engine	"CI engine" is an unexplained specialist abbreviation in first position.
nouns	nouns_007	Schal	english	medium	gloss	curtain/muffler/scarf	scarf	A1-tagged word whose only common sense is last; "curtain" is misleading, "muffler" is US.
nouns	nouns_007	Picknick	english	medium	gloss	picnic/potluck	picnic	A *Potluck* is a different (US) concept and is not a sense of Picknick.
nouns	nouns_007	Führe	word	medium	junk	die Führe, "route"	remove (climbing-jargon/dialect; learner wants *die Route*)	Extremely marginal lemma easily confused with *führen*/*die Führung*.
nouns	nouns_007	Kultus	word	medium	junk	der Kultus, Pl. Kulte	remove; use *der Kult*	Archaic variant of the live word, and the plural given belongs to *Kult*.
nouns	nouns_007	Alb	word	medium	junk	der Alb, Pl. Alben, "elf/incubus/nightmare"	remove (or use *der Albtraum*)	Archaic mythological lemma; "Alben" also reads as the plural of *Album*, and *die Alb* is the mountain range.
nouns	nouns_007	Unwetter	english	medium	gloss	thunderstorm	severe weather/violent storm	Duplicates *das Gewitter*; Unwetter is not specifically a thunderstorm.
nouns	nouns_007	Einschulung	english	medium	gloss	enrollment/enrolment/instruction	starting school / first day at school	Core sense missing, "instruction" wrong, plus a US/UK spelling doublet.
nouns	nouns_007	Manufaktur	english	medium	gloss	manufactory/manufacture	(artisan) workshop, small factory	"manufacture" is the process, not the place; "manufactory" is archaic.
nouns	nouns_007	Stick	english	medium	gloss	chip/thumb drive	USB stick / memory stick	"chip" is wrong and "thumb drive" is US.
nouns	nouns_007	Americanisms and US/UK doublets in a single gloss	english	low	gloss	Nordosten "north-east/northeast", Südosten "south-east/southeast", Aufsehen "furor/furore", Normalität "normalcy/normality", Mathe "math/maths", Dünger "fertiliser/fertilizer", Orthopädie "orthopaedics/orthopedics", Frauenarzt "gynaecologist/gynecologist", Altern "ageing/aging", Flieger "aeroplane/airplane", Plätzchen "biscuit/cookie", Buchhandlung "bookshop/bookstore", Quartett "quartet/quartette", Autohersteller "automaker/…/car manufacturer", Aktiengesellschaft "corporation/public limited company", Fahrstuhl "elevator/lift", Kinofilm "movie/feature film", Universitätsstadt "college town/…", Aussichtspunkt "overlook/…", Wasserkocher "…/teakettle", Kaffeemaschine "coffeemaker", Wohnheim "…/dorm/dormitory", Panzer "tank/armor", Verteidiger "…/defense lawyer", Glasfaser "glass fiber/fiber optic cable", Fehlverhalten "…/misbehavior", Vorsorgeuntersuchung "medical checkup", Geschäftsordnung "bylaws/…", Deich "dike", Damm "…/dike", Bürgschaft "…/guaranty", Betreuerin "advisor/…", Fachgeschäft "specialty store", Spritze "…/shot", Bemühen "endeavor/endeavour"	one British form only, British term first	App is British English; doublets and US-first orderings teach the wrong variant.
nouns	nouns_007	non-words / archaic or junk glosses	english	low	gloss	Anklage "accusal", Anonymität "anonymousness", Authentifizierung "authentification", Astronaut "kosmonaut", Wortschatz "word-hoard/wordstock", Handvoll "palmful", Ameise "pallet jack/pismire", Adjektiv "adnoun", Schriftstellerin "authoress", Treue "fealty", Adoption "affiliation", Akt "actuality", Annehmlichkeit "acceptability", Akademiker "academician", Brennstoffzelle "F-cell", Balken "corpus callosum/fess", Stolperstein "stolperstein", Funk "funk"	drop the listed item from each gloss	Not current English, or a mistranslation, or the German lemma leaking into the gloss.
nouns	nouns_007	obscure/technical/slang sense placed first	english	low	gloss	Adipositas "adiposis/…", Abschlag "disagio/…", Dichtung "seal/gasket/poetry", Grube "grave/…", Hubschrauber "chopper/…", Haufen "dung/heap", Narbe "grain/scar/…", Wiege "birthplace/…", Kürbis "gourd/nut/pumpkin", Sonnenbrille "shades/sun glasses/…", Laudatio "encomium/…", Karneval "Shrovetide/…", Kakao "cacao/cocoa", Rakete "missile/…", Sonnenaufgang "dawn/sunrise", Wirtschaftskrise "depression/…", Häkchen "check mark/hook/tick", Kreisverkehr "rotary traffic/…", Beere "berry/grape", Achter "eight/figure 8 device/out-of-round", Schlacht "battle/slaughter"	put the learner-facing sense first	Alphabetical gloss ordering has pushed rare or slang senses ahead of the common one.
nouns	nouns_007	imprecise or under-specified glosses	english	low	gloss	Police "policy", Systematik "systematics", Beschriftung "inscription", Lastschrift "debit entry", Redner "lecturer/orator/speaker", Zwang "force", Personaler "headhunter/recruiter", Tilgung "redemption", Spedition "carriage/conveyance/haulage company", Chemiker "chemist", Sachbuch "book of non-fiction/factbook", Trubel "hurly-burly", Wirtschaftsminister "Minister of Economy", Obdachlose "homeless", Blinde "blind man", Ausschau "lookout", Dreh "filming", Meinungsfreiheit "freedom of opinion", Studiengebühr "tuition fees", Sicherheitsmaßnahme "security measures"	e.g. Police = insurance policy; Beschriftung = labelling; Lastschrift = direct debit; Zwang = compulsion; Tilgung = loan repayment; Obdachlose = homeless person; Studiengebühr/Sicherheitsmaßnahme = singular gloss for a singular headword	Gloss is ambiguous, wrong-register, or number-mismatched with the headword.
nouns	nouns_007	Fleck	plural	low	plural	Flecke	Flecken	Both are attested but "Flecken" is overwhelmingly the usual plural.
nouns	nouns_007	Dilemma	plural	low	plural	Dilemmata	Dilemmas	Duden gives Dilemmas as primary, Dilemmata as the rarer learned form.
nouns	nouns_007	Tauber	word	low	junk	der Tauber "male pigeon"	der Täuberich (or remove)	Regional/rare variant, and homographic with the comparative of *taub*.
nouns	nouns_007	Alzheimer	article	low	article	der Alzheimer	(die) Alzheimer-Krankheit / article-less "Alzheimer"	*der Alzheimer* is colloquial only.
nouns	nouns_007	Trainee	english	low	gloss	"trainee, graduate"	"trainee/graduate trainee"	Comma used where every other row uses `/`; breaks the sense-splitting convention.
nouns	nouns_007	Videospiel	cefr	low	cefr	C1	A2–B1	Everyday transparent compound tagged as advanced.
nouns	nouns_007	Pfingsten	english	low	gloss	Pentecost/whitsun	Whitsun/Pentecost	Proper noun left uncapitalised.
nouns	nouns_008	Headset	article	high	article	der Headset	das Headset	English -set loanwords take *das* (das Set, das Headset); *der* is simply wrong.
nouns	nouns_008	Socken	article	high	article	der Socken / Socken / "sock"	die Socke / Socken	the standard lemma is *die Socke*; *der Socken* is a southern regionalism back-formed from the plural — wrong gender and wrong citation form.
nouns	nouns_008	Kiefer	article	low	article	die Kiefer / Kiefern — "pine/pine tree/pinewood"	correct as given, but the commoner learner sense *der Kiefer* "jaw" is absent from the bank	dual-gender pair where only the less useful member is taught.
nouns	nouns_008	Aalen	word	high	junk	das Aalen — "Aalen (city)"	delete	proper noun (a town in Baden-Württemberg), not a dictionary word.
nouns	nouns_008	Feuerwehrleute	word	high	junk	die Feuerwehrleute / Feuerwehrleute / "firefighters"	der Feuerwehrmann / Feuerwehrleute (or die Feuerwehrfrau)	the headword is a plural form listed as a singular lemma — classic corpus junk.
nouns	nouns_008	Elbphilharmonie	word	low	junk	die Elbphilharmonie — "Elbe Philharmonic Hall"	delete	proper noun (a named building), not vocabulary.
nouns	nouns_008	Karibik	word	low	junk	die Karibik — "Caribbean"	delete (or mark as a place name)	proper noun in a general vocabulary deck.
nouns	nouns_008	Amphibium	word	medium	junk	das Amphibium / Amphibien	die Amphibie / Amphibien	Latinate variant duplicating the live German lemma; no learner will meet the singular in this form.
nouns	nouns_008	Youtuber / YouTuber	word	medium	junk	two entries, ranks 5102 and 5103, identical apart from capitalisation	keep one (YouTuber)	duplicate entry.
nouns	nouns_008	Laute	word	low	junk	die Laute / Lauten — "lute", B2	keep only if the instrument is really intended	very likely a corpus artefact from the plural of *der Laut* (sound); the instrument is far too rare for this rank/level.
nouns	nouns_008	nominalised infinitives as headwords (8 entries)	word	low	junk	das Buchen, das Stehen, das Autofahren, das Löschen, das Schlafen, das Fischen, das Heizen, das Eintreffen	drop; teach the verbs (buchen, stehen, Auto fahren, löschen, schlafen, fischen, heizen, eintreffen)	productive gerunds, not lexical entries — any German verb forms one, so they pad the deck without teaching anything. (*Versagen*, *Wiedersehen*, *Einschreiben*, *Dasein*, *Rauschen*, *Grauen*, *Wohlergehen* are genuinely lexicalised and fine.)
nouns	nouns_008	Vertragsarzt	english	high	gloss	agreement doc	panel doctor / doctor registered with the statutory health insurers	machine-mangled gloss; "doc" is not a translation of *Arzt* in this register.
nouns	nouns_008	Risikobewertung	english	high	gloss	chance assessment	risk assessment	*Risiko* mistranslated as "chance"; reverses the meaning for a learner.
nouns	nouns_008	Verwaltungsrat	english	high	gloss	administration advice	board of directors / administrative board	*-rat* here is a body, not "advice".
nouns	nouns_008	Einsendung	english	high	gloss	one desinence	entry / submission (something sent in)	gloss is nonsense ("desinence" is a grammatical suffix, unrelated).
nouns	nouns_008	Kultusminister	english	high	gloss	cult minister	state minister for education and cultural affairs	*Kultus* here means education/culture, not "cult"; actively misleading.
nouns	nouns_008	Arbeitsschwerpunkt	english	high	gloss	business centre of gravity	main area of work / focus of one's work	literal calque of both halves; unusable.
nouns	nouns_008	Kritikpunkt	english	high	gloss	criticism dot	point of criticism	*Punkt* mistranslated as "dot".
nouns	nouns_008	Landschaftsbild	english	high	gloss	landscape idea	appearance of the landscape / scenery	*Bild* is the visual scene, not an "idea".
nouns	nouns_008	Leitsatz	english	high	gloss	composition	guiding principle / key tenet (in law: headnote)	wrong translation entirely.
nouns	nouns_008	Meldepflicht	english	high	gloss	message business	obligation to report / notification requirement	both halves mistranslated.
nouns	nouns_008	Sonderregelung	english	high	gloss	probe arrangement	special arrangement / special provision	*Sonder-* is "special", not "probe".
nouns	nouns_008	Vorarbeit	english	high	gloss	business	preliminary work / groundwork	gloss bears no relation to the word.
nouns	nouns_008	Familienurlaub	english	high	gloss	family furlough	family holiday	"furlough" is military/employment leave; the British learner word is "holiday".
nouns	nouns_008	Wohnform	english	high	gloss	form	form of housing / living arrangement	gloss truncated to the second element; meaningless. (A1 tag is also implausible.)
nouns	nouns_008	Stadtpark	english	high	gloss	centre park	municipal park / town park	*Stadt* rendered as "centre"; not English usage. (A1 tag also implausible at rank 4959.)
nouns	nouns_008	Neuordnung	english	high	gloss	order	reorganisation / restructuring	drops *Neu-*, leaving a wrong translation.
nouns	nouns_008	Genehmigungsverfahren	english	medium	gloss	approval action	approval procedure / permit procedure	*Verfahren* is a procedure, not an "action".
nouns	nouns_008	Solarenergie	english	medium	gloss	energy (plural Solarenergien)	solar energy; plural —	gloss loses *Solar-*, and the noun is a mass noun with no plural.
nouns	nouns_008	Sonneneinstrahlung	english	medium	gloss	radiation (plural Sonneneinstrahlungen)	solar radiation / sunlight exposure; plural —	bare "radiation" suggests radioactivity; plural invented.
nouns	nouns_008	Besucherzahl	english	medium	gloss	patron count	number of visitors / visitor numbers	"patron" is wrong register and wrong sense.
nouns	nouns_008	Dienstleistungsunternehmen	english	medium	gloss	provision of services business	service company / service provider	word-for-word calque, not idiomatic English.
nouns	nouns_008	Nutzungsdauer	english	medium	gloss	use duration	service life / useful life	calque; the technical/accounting term is fixed in English.
nouns	nouns_008	Lift	english	high	gloss	elevator/lift/sniff	lift; ski lift	American form leads in a British-English app, and "sniff" is junk (no such sense of *Lift*).
nouns	nouns_008	Wirbel	english	medium	gloss	cowlick/eddy/peg	vertebra / whirl, eddy / commotion, fuss	alphabetical ordering puts three marginal senses first and omits the two senses a learner meets.
nouns	nouns_008	Schwarm	english	medium	gloss	bevy/flock/school	swarm / flock / shoal; also "crush (person one fancies)"	the core sense "swarm" is absent and "bevy" leads.
nouns	nouns_008	Muschel	english	medium	gloss	bivalve shellfish/clam/clamshell	shell / mussel / clam	technical zoological phrase leads; "shell (seashell)" — the sense a learner needs — is missing.
nouns	nouns_008	Mütze	english	medium	gloss	beanie/beret/cap	cap / hat (woolly hat)	"beret" is *Baskenmütze*, a different item; "beanie" is informal/US-marked and leads. A1 word.
nouns	nouns_008	Los	english	medium	gloss	destiny/fate/lot	lottery ticket, raffle ticket; also lot, fate	the everyday sense (the ticket you buy at a tombola) is missing.
nouns	nouns_008	Versetzung	english	medium	gloss	transfer	transfer (job); moving up a year (school)	the school sense is the one a learner meets first and it is absent.
nouns	nouns_008	Hirte	english	medium	gloss	herder/herdsman	shepherd (also herdsman); figuratively: pastor	the core sense "shepherd" is missing altogether.
nouns	nouns_008	Heide	english	medium	gloss	atheist/heathen/pagan	heathen / pagan	*Heide* is not "atheist" (that is *Atheist*), and the wrong sense leads.
nouns	nouns_008	Herrenhaus	english	medium	gloss	House of Lords/manor house	manor house / stately home	the historical parliamentary sense leads; the everyday sense is second.
nouns	nouns_008	Hetze	english	medium	gloss	coursing/hate/rush (plural Hetzen)	agitation, incitement, hate campaign; plural —	hunting term leads; the political sense a learner will meet is buried; plural dubious.
nouns	nouns_008	Quark	english	medium	gloss	cottage cheese/curd cheese/fromage frais/quark (curd cheese)	quark (soft curd cheese)	"cottage cheese" is *Hüttenkäse*, a different product; the list is also redundant.
nouns	nouns_008	Hummel	english	medium	gloss	bumblebee/dumbledore/hommel	bumblebee	"dumbledore" is dialectal/archaic and "hommel" is not an English word.
nouns	nouns_008	Täuschung	english	medium	gloss	chicanery/deception/deke	deception / illusion (in exams: cheating)	"chicanery" is obscure and leads; "deke" is North-American ice-hockey slang.
nouns	nouns_008	Schacht	english	medium	gloss	miners' association/mineshaft/shaft	shaft / mineshaft / manhole	"miners' association" is *Knappschaft*, a different word, and it leads.
nouns	nouns_008	Windrad	english	medium	gloss	pinwheel/wind turbine/windmill	wind turbine	"pinwheel" (a child's toy, US-marked) leads over the only sense in normal use.
nouns	nouns_008	Fahrradfahrer	english	medium	gloss	bicyclist/biker	cyclist	"biker" means motorcyclist in British English; "bicyclist" is US-marked.
nouns	nouns_008	Stickstoff	english	medium	gloss	azote/nitrogen	nitrogen	"azote" is an obsolete 18th-century term and leads.
nouns	nouns_008	Menschenwürde	english	medium	gloss	diginity of man/human dignity	human dignity	typo "diginity", and the gendered paraphrase leads over the standard term.
nouns	nouns_008	Tutorium	english	medium	gloss	recitation	tutorial (small-group class)	"recitation" is US college jargon and unintelligible to a British learner.
nouns	nouns_008	Doppelbett	english	medium	gloss	double bed/full-size bed/king-size bed	double bed	"king-size bed" is a different size (*Kingsize-Bett*), "full-size bed" is US retail jargon.
nouns	nouns_008	Kicker	english	medium	gloss	baller/foosball/kicker	table football (table) / footballer	"baller" and "foosball" are US slang; the British terms are absent.
nouns	nouns_008	Ewigkeit	english	low	gloss	aeon/eternity	eternity	alphabetical ordering puts the rarer term first.
nouns	nouns_008	Umlauf	english	low	gloss	circulation/orbital motion/paronychia	circulation; orbit	"paronychia" is an obscure medical homonym padding the gloss.
nouns	nouns_008	Frische	english	low	gloss	freshness/viridity	freshness	"viridity" is archaic and means greenness.
nouns	nouns_008	Offizier	english	low	gloss	commissioned officer/mate/officer	officer	"mate" is a nautical rank, not a translation of *Offizier*; the plain sense should lead.
nouns	nouns_008	Bildhauer	english	low	gloss	sculptor/statuary	sculptor	"statuary" is a collection of statues, not a person.
nouns	nouns_008	Einbuße	english	low	gloss	damage/forfeit/loss	loss	alphabetical ordering hides the main sense.
nouns	nouns_008	Friseur	english	low	gloss	barber/hairdresser	hairdresser	*Friseur* is the general term; "barber" is *Herrenfriseur*.
nouns	nouns_008	Schmerzmittel	english	low	gloss	analgesic/painkiller	painkiller	medical term leads over the everyday one.
nouns	nouns_008	Zuständigkeitsbereich	english	low	gloss	competence area	area of responsibility / remit	calque; "competence" in English lacks the jurisdictional sense.
nouns	nouns_008	Zwischenstopp	english	low	gloss	stop	stopover / stopoff	gloss drops the *Zwischen-* element.
nouns	nouns_008	Landesgartenschau	english	low	gloss	exhibition	state horticultural show	gloss too vague to identify the word.
nouns	nouns_008	Förderantrag	english	low	gloss	application	funding application / grant application	gloss drops *Förder-*.
nouns	nouns_008	Großprojekt	english	low	gloss	project	large-scale project / major project	gloss drops *Groß-*.
nouns	nouns_008	Großveranstaltung	english	low	gloss	event	large-scale event / major event	gloss drops *Groß-*.
nouns	nouns_008	Wohnbereich	english	low	gloss	area	living area / living space	gloss drops *Wohn-*.
nouns	nouns_008	Unternehmensgründung	english	low	gloss	business establishment	founding a business / business start-up	"business establishment" reads as premises, not the act of founding.
nouns	nouns_008	Vorbereitungsdienst	english	low	gloss	preparation duty	traineeship / practical training phase (e.g. teacher training)	calque; the German term denotes a defined stage of professional training.
nouns	nouns_008	Wirtschaftszweig	english	low	gloss	industry	branch of industry / sector of the economy	gloss loses *Zweig* and collides with *Industrie*.
nouns	nouns_008	Studienabschluss	english	low	gloss	final degree	degree / graduation, completion of studies	"final degree" is not an English collocation.
nouns	nouns_008	Anstrich	english	low	gloss	paint	coat of paint / paintwork	*Anstrich* is the applied coating, not the substance (*Farbe*).
nouns	nouns_008	Neuland	english	low	gloss	uncharted waters	new territory / virgin territory	idiom substituted for the literal sense; the German is *Land*, not water.
nouns	nouns_008	Promille	english	low	gloss	per mil/permil/permille	per mille (esp. blood-alcohol level)	three spelling variants of one term, none of them the usual British form.
nouns	nouns_008	Schützling	english	low	gloss	protege/protegee/protégé	protégé(e)	three variants of one word, two of them unaccented misspellings.
nouns	nouns_008	Doktorandin	english	low	gloss	Ph.D. candidate/Ph.D. student/doctorand	PhD student (female) / doctoral candidate	"doctorand" is not English; British usage writes PhD without full stops.
nouns	nouns_008	Fairness	english	low	gloss	equity/fairness/sportsmanship	fairness	"equity" leads and is a different concept.
nouns	nouns_008	Felge	english	low	gloss	circle/rim	rim (wheel); in gymnastics: circle	the gymnastics sense leads over the everyday car sense with no context marking.
nouns	nouns_008	Förster	english	low	gloss	ranger	forester / forest ranger	bare "ranger" suggests a park warden.
nouns	nouns_008	Glücksspiel	english	low	gloss	gamble/game of chance/game of hazard	gambling / game of chance	"game of hazard" is archaic; the mass sense "gambling" is missing.
nouns	nouns_008	Haftbefehl	english	low	gloss	arrest warrant/mittimus/warrant	arrest warrant	"mittimus" is obscure legal Latin.
nouns	nouns_008	Mitnahme	english	low	gloss	taking along/takeaway	taking (something) with you	"takeaway" in British English means food, which is misleading.
nouns	nouns_008	Verschluss	english	low	gloss	clasp/clogging/closing	fastener, clasp; cap, top (of a bottle)	"clogging" is not a sense; the common bottle-cap sense is missing.
nouns	nouns_008	Belegung	english	low	gloss	occupancy/allocation/topping	occupancy / allocation	"topping" belongs to *Belag*, not *Belegung*.
nouns	nouns_008	Heer	english	low	gloss	armed forces/army/multitude	army (land forces); figuratively: host, multitude	"armed forces" (= *Streitkräfte*) leads and is broader than *Heer*.
nouns	nouns_008	Rangliste	english	low	gloss	position table/ranking/ranking list	ranking / league table	"position table" is not English.
nouns	nouns_008	Stütze	english	low	gloss	pillar	support, prop; colloquially: the dole	"pillar" is *Säule*; the literal support sense and the common colloquial one are missing.
nouns	nouns_008	Arbeitsmaterial	english	low	gloss	material required for work	work materials / teaching materials	paraphrase rather than a gloss.
nouns	nouns_008	Klimaziel	english	low	gloss	climate aim	climate target / climate goal	"climate aim" is not a collocation.
nouns	nouns_008	Sportwette	english	low	gloss	sport bet	sports bet / sports betting	missing the -s of the English attributive.
nouns	nouns_008	Festzelt	english	low	gloss	beer tent	marquee / festival tent	narrows the sense unnecessarily ("beer tent" is *Bierzelt*).
nouns	nouns_008	Fernstudium	english	low	gloss	distance studies	distance learning	not an English collocation.
nouns	nouns_008	Atomkraftwerk	english	low	gloss	atomic power plant/atomic power station/nuclear power plant	nuclear power station	"atomic power plant" is unidiomatic and leads; the British form is "power station".
nouns	nouns_008	Befruchtung	english	low	gloss	fecundation/fertilisation	fertilisation	"fecundation" is obscure and leads.
nouns	nouns_008	Fuge	english	low	gloss	fugue/gap/joint	joint, gap (in tiling/masonry); in music: fugue	the musical sense leads over the everyday one.
nouns	nouns_008	Busch	english	low	gloss	brush/bush/copse	bush / shrub	"brush" (= brushwood) is US-marked and leads.
nouns	nouns_008	Geige	english	low	gloss	fiddle/violin	violin	informal sense leads.
nouns	nouns_008	Grauen	english	low	gloss	fear/horror/panic	horror / dread	"panic" is not a sense of *Grauen*, and "fear" is too weak.
nouns	nouns_008	Vergiftung	english	low	gloss	intoxication/poisoning	poisoning	"intoxication" reads as drunkenness in everyday English and leads.
nouns	nouns_008	Justizminister	english	low	gloss	Attorney General/Minister of Justice	justice minister / Minister of Justice	"Attorney General" is a differently constituted office and leads.
nouns	nouns_008	Garderobe	english	low	gloss	change room/cloak room/cloakroom	cloakroom; also dressing room (theatre)	"change room" is not standard British English; "cloak room"/"cloakroom" duplicate one another.
nouns	nouns_008	Schub	english	low	gloss	acute phase/batch/thrust	thrust, push, boost; medical: flare-up	alphabetical ordering puts a specialist sense first.
nouns	nouns_008	adjectival nouns — citation plural wrong (15 entries)	plural	high	plural	Homosexuellen, Erwerbstätigen, Schwarzen, Promovierenden, Reichen, Steuerpflichtigen, Jüngsten, Selbständigen, Langzeitarbeitslosen, Bedürftigen, Verdächtigen, Vertriebenen, Schwulen, Bösen, Staatsangehörigen	Homosexuelle, Erwerbstätige, Schwarze, Promovierende, Reiche, Steuerpflichtige, Jüngste, Selbständige, Langzeitarbeitslose, Bedürftige, Verdächtige, Vertriebene, Schwule, Böse, Staatsangehörige	every `adjNoun` entry in this batch gives the weak (definite-article) plural instead of the bare citation plural; the learner will produce "viele Verdächtigen". Also **Reiche** is glossed "rich man" — should be "rich person" (the form is gender-neutral).
nouns	nouns_008	invented plurals on mass/abstract nouns (34 entries)	plural	medium	plural	Kinderarbeiten, Pressefreiheiten, Kaufkräfte, Hautkrebse, Geburtshilfen, Poesien, Kulturgeschichten, Marktforschungen, Eigenverantwortungen, Eigenregien, Mathematikunterrichte, Sonnenschutze, Stillstände, Strafverfolgungen, Weizen, Erschöpfungen, Souveränitäten, Versicherungswirtschaften, Verzweiflungen, Wasserwirtschaften, Dominanzen, Kundschaften, Moralen, Eigenständigkeiten, Streamings, Homosexualitäten, Fachliteraturen, Alltagsleben, Halloweens, Holocausts, Luftqualitäten, Wasserqualitäten, Autoindustrien, Durchblutungen (plus Solarenergien / Sonneneinstrahlungen above)	— (no plural) in each case	all are uncountable or one-off (Holocaust, Halloween); *Hautkrebse* would mean "skin crabs" and *Weizen* has no plural at all.
nouns	nouns_008	Gebäck	plural	low	plural	Gebäcke — "pastries/pastry"	plural — ; gloss "biscuits, pastries (collective)"	collective mass noun; the plural is at best a trade term, and the gloss already gives a plural sense.
nouns	nouns_008	Gewerk	plural	medium	plural	Gewerken	Gewerke	*das Gewerk* is a strong neuter; *Gewerken* is the plural of the unrelated *der Gewerke* (mine shareholder).
nouns	nouns_008	Bug	english	medium	plural	bout/bow/defect (plural Büge)	bow (of a ship), plural Buge; the animal-shoulder sense takes Büge; the software sense is *der Bug*, pl. Bugs	"bout" is not a sense of *Bug*, and the plural given belongs to a different sense than the one glossed first.
nouns	nouns_008	Sekt	plural	low	plural	Sekte	—	mass noun in practice, and the form is identical to *die Sekte* "sect", which will confuse.
nouns	nouns_008	Mast	plural	low	plural	Maste	Masten (Maste is the secondary variant)	
nouns	nouns_008	Personalkosten	plural	low	plural	die Personalkosten / Personalkosten	mark as plural-only (kein Singular)	no singular exists; the entry presents it as a singular headword.
nouns	nouns_008	Votum	plural	low	plural	Vota	Voten (Vota rarer)	the standard German plural is *Voten*.
nouns	nouns_008	Gelb	plural	low	plural	das Gelb / plural "Gelb"; gloss "yellow/yolk"	plural — ; "yolk" is *Eigelb*	the "plural" repeats the singular, and the second sense belongs to a different word.
nouns	nouns_008	Kurfürst	flags	low	junk	no `weak` flag	weak noun (des Kurfürsten, dem Kurfürsten)	inflection class missing, unlike *Paragraf*, *Finalist*, *Hirte* etc. in the same batch.
nouns	nouns_008	American spellings and American-first terms (16 entries)	english	low	gloss	Hafenstadt "harbor city", Wehe "labor contraction", Mathematikunterricht "math lessons", Autoindustrie "auto industry", Versicherungssumme "coverage amount", Leukämie "leukaemia/leukemia", Pracht "splendor/splendour", Joghurt "yoghourt/yoghurt/yogurt", Tumorzelle "tumor cell", Dachterrasse "roof deck" (first), Hochschullehrer "college lecturer" (first), Immobilienfinanzierung "real estate financing", Fußballfan "soccer fan", Zeigefinger "pointer finger", Ladengeschäft "retail store", Untertitel "caption" (first)	harbour, labour pains/contractions, maths, car/motor industry, amount of cover, leukaemia (one form only), splendour (one form only), yoghurt (one form only), tumour, roof terrace, university lecturer, property finance, drop "soccer fan", drop "pointer finger", shop, subtitle	British-English app; several entries also pair a British and an American spelling in the same gloss, which the standard forbids.
nouns	nouns_008	CEFR mismatches (5 entries)	cefr	low	cefr	Lektion C1, Scanner C1, Assoziation A1, Wohnform A1, Sensation A1	Lektion ≈ A2/B1, Scanner ≈ B1, Assoziation ≈ B2/C1, Wohnform ≈ B1, Sensation ≈ B1	*Lektion* is basic textbook vocabulary tagged C1; *Scanner* is an everyday loanword tagged C1; *Assoziation*, *Wohnform* and *Sensation* are abstract, low-frequency (ranks 9437, 1577, 1491 notwithstanding) and tagged A1.
nouns	nouns_009	Engländer	english	high	gloss	British/Briton/English	Englishman (fem. Engländerin); also colloq. adjustable spanner	Engländer ≠ Brite — glossing it "British/Briton" teaches a factual error about a nationality word.
nouns	nouns_009	Ausrede	english	high	gloss	pretext	excuse/pretext	The everyday B1 sense "excuse" (eine Ausrede erfinden) has been lost to a formal near-synonym.
nouns	nouns_009	Hausnummer	english	high	gloss	ballpark figure/house number	house number/(fig., colloq.) rough figure	A1 word whose core sense is buried behind an American figurative idiom.
nouns	nouns_009	Adressbuch	english	high	gloss	directory	address book/(phone) directory	Primary literal sense missing entirely.
nouns	nouns_009	Tattoo	article	high	article	der Tattoo	das Tattoo	Standard gender for the body-art loanword is neuter.
nouns	nouns_009	Challenge	article	high	article	der Challenge	die Challenge	Loanword takes the gender of Herausforderung; "der" is not attested in standard usage.
nouns	nouns_009	Pfand	article	high	article	der Pfand	das Pfand (Pl. Pfänder)	Neuter — an A2-level everyday word (bottle deposit) taught with the wrong article.
nouns	nouns_009	Treff	article	high	article	das Treff (meeting place/hangout)	der Treff	das Treff is only the card suit (clubs); the glossed sense is masculine.
nouns	nouns_009	Trümmer	article	high	junk	das Trümmer / Pl. Trümmer / ruins	die Trümmer (plurale tantum, no singular)	There is no singular "das Trümmer"; the headword is a fabricated singular.
nouns	nouns_009	Gräber	word	high	junk	der Gräber / Gräber / "graves (plural of Grab)"	delete — lemma is das Grab, Pl. Gräber	A plural form entered as a headword, with an invented masculine article.
nouns	nouns_009	Lebzeiten	word	high	junk	der Lebzeiten / Lebzeiten / lifetime	delete or list as die Lebzeiten (Pl. only, "zu Lebzeiten")	Plurale tantum given a masculine singular headword that does not exist.
nouns	nouns_009	Heck	plural	high	plural	Hecke	Hecks	"Hecke" is a different word (die Hecke = hedge); teaches a false plural.
nouns	nouns_009	Etikette	plural	high	plural	Etiketten	Etiketten belongs to das Etikett (label); die Etikette "etiquette" is effectively singular-only	Plural imported from a different lexeme, exactly the Bank/Bänke defect.
nouns	nouns_009	Müsli	plural	medium	plural	Pl. Müsli / cereals/granola/muesli	Pl. Müslis / muesli	Plural is Müslis; "granola" is an American product name placed before the British term.
nouns	nouns_009	Port	plural	medium	plural	Porte	Ports	The computing/harbour loanword pluralises in -s; "Porte" is not a form of this word.
nouns	nouns_009	Match	article	medium	article	der Match	das Match (der only Austrian/Swiss)	Standard German gender is neuter; regional variant taught as default.
nouns	nouns_009	Ghetto	article	medium	article	der Ghetto	das Ghetto	Neuter is the standard gender.
nouns	nouns_009	Juwel	article	medium	article	der Juwel	das Juwel (der only figuratively of a person)	For the glossed sense "gemstone/jewel" the article is neuter.
nouns	nouns_009	Oberteil	article	medium	article	der Oberteil	das Oberteil	For the clothing sense "top" (the learner-useful one) neuter is standard.
nouns	nouns_009	Workout	article	medium	article	der Workout	das Workout	Duden gives neuter for this loanword.
nouns	nouns_009	Marsch	article	medium	article	die Marsch / marsh, wetland	der Marsch = march (far commoner); die Marsch = marshland is regional/geographic	Dual-gender word entered with the much rarer sense/gender for a learner.
nouns	nouns_009	adjNoun plurals given in the -n form	plural	medium	plural	Tatverdächtigen, Beigeordneten, Beschenkten, Dicken, Letzten	Tatverdächtige, Beigeordnete, Beschenkte, Dicke, Letzte	Adjectival nouns cite the bare (strong) plural; the -n forms are oblique/weak.
nouns	nouns_009	Kalk	plural	medium	gloss	Kalke / carbonate/chalk	— / lime, limescale	Mass noun given a plural; "carbonate" is not what Kalk means in everyday use (Kalk im Wasserkocher).
nouns	nouns_009	Hubraum	english	medium	gloss	piston displacement/pistone swept volume	engine displacement/cubic capacity	"pistone" is not an English word; gloss is garbled technical text.
nouns	nouns_009	Spatenstich	english	medium	gloss	delve of spade/groundbreaking	ground-breaking (ceremony); turn of the spade	"delve of spade" is not English.
nouns	nouns_009	Fragezeichen	english	medium	gloss	interrogation point/question mark/question point	question mark	Two invented/obsolete terms placed around the only real translation.
nouns	nouns_009	Urwald	english	medium	gloss	boondocks/jungle/primeval forest	primeval forest/jungle/rainforest	"boondocks" is American slang and simply wrong for Urwald; it leads the entry.
nouns	nouns_009	Flaggschiff	english	medium	gloss	admiral/flagship	flagship	"admiral" is a wrong translation placed first.
nouns	nouns_009	Fruchtbarkeit	english	medium	gloss	fecundity	fertility/fruitfulness	The ordinary word is missing; only a rare Latinate form is offered.
nouns	nouns_009	Pädagogin	english	medium	gloss	paedagogue	teacher/educator (female)	Misspelt, archaic and gender-blind — no usable translation.
nouns	nouns_009	Sprichwort	english	medium	gloss	adage/paroemia/proverb	proverb/saying	"paroemia" is an obscure technical term standing before the A2 sense.
nouns	nouns_009	Herzenslust	english	medium	gloss	desire	(nach Herzenslust) to one's heart's content	The word occurs almost only in that phrase; "desire" misleads.
nouns	nouns_009	Vergewaltigung	english	medium	gloss	abuse/rape/violation	rape	The specific and only real sense is buried behind a vaguer, misleading first gloss.
nouns	nouns_009	Schwimmer	english	medium	gloss	cork/float/swimmer	swimmer/(tech.) float	Alphabetical ordering has pushed the primary human sense to last place.
nouns	nouns_009	Stollen	english	medium	gloss	adit/calk/fruit loaf	(Christmas) stollen, fruit loaf/(mining) adit/(boot) stud	A1-tagged word led by two obscure technical senses.
nouns	nouns_009	Ente	english	medium	gloss	canard/drake/duck	duck/(fig.) hoax, false report	"drake" is the male duck (Erpel) — wrong; "canard" is French/obscure and leads.
nouns	nouns_009	Ventilator	english	medium	gloss	blower/fan/ventilator	fan	In British English "ventilator" is a medical breathing machine — a false friend given as a translation.
nouns	nouns_009	Trocknen / Reiten / Waschen / Erzählen / Klicken / Angeln / Kämpfen / Aufstellen / Reinigen	word	medium	junk	nominalised infinitives entered as headwords (das Trocknen "dehumidification/desiccation/drying", das Reiten, das Waschen, …)	remove; keep only the verbs (trocknen, reiten, waschen …)	Productive gerund forms, not dictionary nouns; Trocknen additionally leads with two technical glosses.
nouns	nouns_009	Gymnasiast	english	medium	gloss	high school student	grammar-school pupil/secondary-school pupil (Gymnasium)	American school term, and factually the wrong school type.
nouns	nouns_009	Verkäuferin	english	medium	gloss	saleslady/saleswoman/seller	shop assistant/sales assistant (female)	"saleslady" is dated American; the ordinary British term is absent from an A1 entry.
nouns	nouns_009	Staatsanwalt	english	medium	gloss	attorney general/district attorney/prosecutor	public prosecutor	Two American offices placed before the correct term; "attorney general" is a different office (Generalbundesanwalt).
nouns	nouns_009	Bahnhofsmission	english	medium	gloss	railroad station mission	railway station welfare/charity service	American "railroad" plus an opaque calque.
nouns	nouns_009	Indianer	english	medium	gloss	American Indian/Amerindian/Indian	Native American (dated, now widely considered offensive in German too)	No usage warning, and bare "Indian" is ambiguous with Inder.
nouns	nouns_009	Shopping	plural	medium	plural	Shoppings	—	Invented plural on a mass/activity noun.
nouns	nouns_009	Lungenkrebs / Tuberkulose	plural	medium	plural	Lungenkrebse, Tuberkulosen	— for both	Disease mass nouns given fabricated plurals.
nouns	nouns_009	Gemeinnützigkeit	plural	medium	plural	Gemeinnützigkeiten	—	Abstract legal-status noun; the plural does not occur.
nouns	nouns_009	Abstract/mass nouns with dubious or invented plurals	plural	low	plural	Rechtmäßigkeiten, Ökumenen, Kapitalismen, Nationalismen, Geldpolitiken, Kommunalpolitiken, Wirtschaftspolitiken, Entwicklungspolitiken, Kompatibilitäten, Ergonomien, Schulpflichten, Braunkohlen, Caterings, Hochdrücke, Aschen, Brauchtümer, Gastfreundschaften, Auferstehungen, Kriminalpolizeien, Energiebedarfe, Mehraufwände, Rückhalte, Hausbauten, Umtausche, Tausche	— in each case (or a genuinely different countable sense)	Non-count abstracts given regular plurals a learner will then produce.
nouns	nouns_009	American spellings / American-first terms	english	low	gloss	Pommes "fries/chips"; Pfleger "caregiver"; Physiotherapie "physical therapy/physiotherapy"; Lehramtsstudium "teacher training program"; Erstklässler "first-grader"; Kindergartenkind "kindergartner"; Leihwagen "rental car"; Besteck "flatware/silverware"; Mülltonne "dust bin/garbage bin"; Wohnungstür "apartment door/flat door"; Stadtplanung "city planning" first; Möbelhaus "furniture store"; Gegenüberstellung "police lineup"; Tagebau "opencut mining"; Schlitten "sled" before "sledge"; Allgemeinmedizin "family medicine/family practice"	chips; carer; physiotherapy; teacher-training programme; first-year pupil; nursery-school child; hire car; cutlery; dustbin; flat door; town planning; furniture shop; identity parade; open-cast mining; sledge; general practice	App is British-English; several entries also put the American term first.
nouns	nouns_009	British/American doublets in one gloss	english	low	gloss	Archäologe "archaeologist/archeologist"; Achterbahn "roller coaster/rollercoaster"; Lebenszyklus "life cycle/…/lifecycle"; Pony "pony/pony (small horse)"	one form only — archaeologist; rollercoaster; life cycle; pony	Rule is a single British form; the Pony entry simply repeats itself (and omits der Pony = fringe).
nouns	nouns_009	Non-words / junk fragments in glosses	english	low	gloss	Loipe "loipe"; Pistole "pistole"; Textdatei "flatfile"; Wörterbuch "wordbook"; Reinigungskraft "detergency"; Spezies "chemical species" first; Sitzbank "settee"; Kreuzfahrtschiff "cruiser"; Hemmnis "hazard"; Kippe "pocket"; Schnabel "pecker"; Glühwein "mulled claret"; Gesamtlänge "footage"; Niedergang "companionway"; Mandel "shock"; Dekade "decennium"	drop the item or move the real sense first (cross-country ski trail; pistol; text file; dictionary; cleaner; species; bench; cruise ship; hindrance; cigarette end; beak/bill; mulled wine; total length; decline; almond/tonsil; decade)	Obscure, wrong or non-English items, several of them in first position.
nouns	nouns_009	Vorgeschichte	english	low	gloss	— / prehistory	Vorgeschichten / background, previous history (of a case, illness); also prehistory	The everyday sense and the plural are both missing.
nouns	nouns_009	Bankverbindung	english	low	gloss	bank connection/bank details	bank details/account details	"bank connection" is a literal calque, not English.
nouns	nouns_009	Weichenstellung	english	low	gloss	changing the switch/setting the course	setting the course/key decision	"switch" is the American railway term; the literal calque leads.
nouns	nouns_009	Ausschlag / Ernst / Anhebung / Betonung / Anführer / Handtasche / Kopftuch / Räuber / Kater / Masche / Glied	english	low	gloss	rash/earnestness/increase/stress/leader/handbag/headscarf/robber/tomcat/stitch/limb all placed after a rarer synonym (e.g. "deciding factor/rash/swing", "austerity/earnestness", "accentuation/increase", "bow/hole/mesh", "cat/hangover/tom")	put the everyday sense first; Kater = tomcat (not generic "cat"), Masche = stitch/mesh	Alphabetical ordering has demoted the learner-relevant sense in each.
nouns	nouns_009	Photographie	word	low	junk	die Photographie "photography (older spelling)"	drop in favour of die Fotografie	Archaic spelling variant duplicating a live headword.
nouns	nouns_009	OG / KZ / Abi	word	low	junk	abbreviations as headwords; KZ plural given as "KZ"	expand to Obergeschoss / Konzentrationslager, or at least KZs	Abbreviation entries with an unmarked plural; uncertain: yes.
nouns	nouns_009	Anwältin / Nachbarin	english	low	gloss	"lawyer", "neighbour"	add "(female)" as done for Stipendiatin, Landrätin, Nachfolgerin	Inconsistent marking of feminine agent nouns.
nouns	nouns_009	Nass	english	low	gloss	das Nass / wet	water, the wet element (poetic/literary)	Gloss is an adjective, and the register is unmarked.
nouns	nouns_009	Enkelkind	cefr	low	cefr	C1	A2/B1	Everyday family word tagged near-native level; uncertain: yes.
nouns	nouns_009	Segway / Zollverein / Europaparlament / Reichstag	word	low	junk	brand and proper-noun entries in a general vocabulary deck	drop, or mark as proper nouns (Zollverein is best glossed "customs union")	Not general-vocabulary lemmas; uncertain: yes.
nouns	nouns_009	Machbarkeitsstudie / Werbekampagne / Lebensmonat / Kinderspielplatz / Bundeswirtschaftsministerium / Katholikentag / Uraufführung / Seenotretter / Höhenmeter / Bereitschaftsdienst / Sachleistung / Speiseröhre / Flatrate	english	low	gloss	proof-of-concept; "campaign"; "life month"; "child playground"; "federal ministry of economy"; "Catholic day"; "debut performance"; "distress at sea rescuer"; "altitude metre/elevation metres"; "emergency service duty"; "allowance in kind"; "foodpipe"; "flatrate"	feasibility study; advertising campaign; month of life; children's playground; Federal Ministry for Economic Affairs; German Catholic Convention; premiere, first performance; sea-rescue crew member; vertical metre (of ascent); on-call/out-of-hours duty; benefit in kind; gullet, oesophagus; flat rate	Calques, number mismatches or imprecise renderings; individually minor.
nouns	nouns_010	Masern	article	high	article	`das Masern` / pl `Masern` / "measles"	`die Masern` (plurale tantum, no singular)	measles is a plural-only noun in German; `das Masern` is not a word.
nouns	nouns_010	Mosaik	article	high	article	`die Mosaik` / `Mosaiken`	`das Mosaik` / `Mosaike`	neuter, and the plural is Mosaike; both fields are wrong.
nouns	nouns_010	Graffito	article	high	article	`der Graffito` / `Graffiti`	`das Graffito` / `Graffiti` (or lemmatise as `das Graffiti`)	Duden gives neuter; masculine is not attested.
nouns	nouns_010	Item	article	medium	article	`der Item`	`das Item`	the English loan is neuter in German (psychometrics/test item).
nouns	nouns_010	Jura	article	medium	article	`der Jura` / `—` / "law"	`Jura` (no article; used article-less: *Jura studieren*) — `der Jura` means the Jura mountains/geological period	as taught, the learner will say "der Jura" for the university subject, which is wrong.
nouns	nouns_010	Alien	article	low	article	`der Alien`	`das Alien` (Duden main form; *der* only secondary)	
nouns	nouns_010	Review	article	low	article	`der Review`	`das Review`	
nouns	nouns_010	Etikett	plural	high	plural	`Etikette`	`Etiketten` (also `Etiketts`)	*die Etikette* is a different word ("etiquette"); this teaches a false plural and a homograph clash.
nouns	nouns_010	Regenbogen	plural	high	plural	`Regenbogen`	`Regenbögen`	-bogen compounds umlaut in the plural.
nouns	nouns_010	Taxis	word	high	junk	`die Taxis` / `Taxien` / "taxis"	delete — the lemma is `das Taxi` / `Taxis`	corpus artefact: the plural of *Taxi* has been lemmatised as a headword and then given the biology term's plural (*Taxien*).
nouns	nouns_010	Dinosaurus	word	high	junk	`der Dinosaurus` / `Dinosaurier`	`der Dinosaurier` / `Dinosaurier`	headword is a rare Latinism; the singular that matches the given plural is *Dinosaurier*.
nouns	nouns_010	Pech	plural	medium	plural	`Peche`	`—`	in the A1 sense "bad luck" it is uncountable; *Peche* only exists as a technical plural of the "pitch/tar" sense.
nouns	nouns_010	Invented plurals on mass/abstract nouns	plural	medium	plural	`Wasserverbräuche`, `Güterverkehre`, `Stadtverkehre`, `Sportunterrichte`, `Verfälle`, `Unterwäschen`, `Klimapolitiken`, `Sozialismen`, `Freewares`, `Mobiliare`, `Fachpublika`, `Akustiken`, `Mauerwerke`, `Luftdrücke`, `Wohnungssuchen`, `Unkenntnisse`, `Bildungswesen`, `Kohleausstiege`, `Klassenerhalte`, `Willkommenskulturen`, `Einzigartigkeiten`, `Versorgungssicherheiten`, `Zeitgeschichten`, `Anwendbarkeiten`, `Fremdenfeindlichkeiten`, `Arbeitsaufwände`, `Aufzuchten`, `Foltern`	`—` for all	these are mass or abstract nouns; the plurals are either non-occurring or so marginal that offering them misleads.
nouns	nouns_010	Wikipedia	word	medium	junk	`die Wikipedia` / `Wikipedien`	drop the entry (proper noun); plural does not exist	brand name with a fabricated plural.
nouns	nouns_010	Alster	word	medium	junk	`die Alster` / `Alstern`	drop (proper noun — river/lake in Hamburg)	place name with an invented plural; no learner value.
nouns	nouns_010	Folkwang	word	medium	junk	`das Folkwang` / "Folkwang (university/museum name)"	drop	proper noun, not a dictionary entry.
nouns	nouns_010	Ubuntu	word	medium	junk	`das Ubuntu`	drop	product/proper noun.
nouns	nouns_010	Feuerwehrmann	plural	low	plural	`Feuerwehrmänner`	`Feuerwehrleute` (or list both)	
nouns	nouns_010	Komma	plural	low	plural	`Kommata`	`Kommas` (Duden main form; *Kommata* is the rarer variant)	
nouns	nouns_010	Landtagsabgeordnete, Liberale, Bundesvorsitzende, Suchende, Verbündete, Gehörlose, Prostituierte, Geliebte	plural	high	plural	`Landtagsabgeordneten`, `Liberalen`, `Bundesvorsitzenden`, `Suchenden`, `Verbündeten`, `Gehörlosen`, `Prostituierten`, `Geliebten`	bare citation plural — `Landtagsabgeordnete`, `Liberale`, `Bundesvorsitzende`, `Suchende`, `Verbündete`, `Gehörlose`, `Prostituierte`, `Geliebte`	every `adjNoun` in this batch carries the weak/definite-article form instead of the citation form; the learner will produce "*viele Verbündeten*".
nouns	nouns_010	Erneuerbare	word	medium	junk	`die Erneuerbare` / `Erneuerbare` / "renewable energy", no `adjNoun` flag	lemmatise as plural `die Erneuerbaren` ("renewables") and flag `adjNoun`	the singular *die Erneuerbare* is not used; the term is a plural ellipsis of *erneuerbare Energien*.
nouns	nouns_010	Marine	english	high	gloss	`marine/navy`	`navy`	*die Marine* is the navy; "marine" (a soldier) is a false friend and is listed first.
nouns	nouns_010	Scham	english	high	gloss	`genitals/shame`	`shame/embarrassment`	the everyday abstract sense is buried under the anatomical euphemism.
nouns	nouns_010	Kran	english	high	gloss	`carrier/crane/faucet`	`crane`	"carrier" is wrong, "faucet" is an American gloss of a regional tap sense; the core meaning is third.
nouns	nouns_010	Locke	english	high	gloss	`attack piece/curl/lock`	`curl/lock (of hair)`	"attack piece" is nonsense; the hair sense should lead.
nouns	nouns_010	Offenbarung	english	medium	gloss	`Apocalypse/Revelation/Revelations`	`revelation/disclosure` (Bible book only as a secondary sense)	the everyday sense "a revelation, a disclosure" is missing entirely.
nouns	nouns_010	Textur	english	medium	gloss	`textualis/textura/texture`	`texture`	two palaeography terms precede the only sense a learner needs.
nouns	nouns_010	Endung	english	medium	gloss	`desinence/ending`	`ending (grammatical); suffix`	A1-ranked word led by an obscure linguistics term.
nouns	nouns_010	Zehe	english	medium	gloss	`clove of garlic/toe`	`toe; clove (of garlic)`	body-part sense is the everyday one and comes second.
nouns	nouns_010	Klippe	english	medium	gloss	`(coastal) rock/bar/cliff`	`cliff/crag; (figurative) hurdle`	primary sense last, "bar" misleading.
nouns	nouns_010	Schwalbe	english	medium	gloss	`dive/martin/swallow`	`swallow (bird); (football) dive`	the bird is the primary sense; the football sense leads.
nouns	nouns_010	Sehne	english	medium	gloss	`chord/sinew/tendon`	`tendon/sinew; (geometry) chord`	geometry term first.
nouns	nouns_010	Bude	english	medium	gloss	`shack`	`stall/booth/kiosk; (colloquial) digs/place`	both live senses (market stall; someone's room/flat) are missing.
nouns	nouns_010	Schuppen	english	medium	gloss	`joint/shack/shed`	`shed`	slang sense leads the standard one.
nouns	nouns_010	Insider	english	medium	gloss	`in-joke/inside joke/insider`	`insider`	"in-joke" is not what German *Insider* means and is listed twice.
nouns	nouns_010	Karikatur	english	medium	gloss	`burlesque/caricature/cartoon`	`caricature/cartoon`	"burlesque" is wrong and leads.
nouns	nouns_010	Anzahlung	english	medium	gloss	`binder/deposit/down payment`	`deposit/down payment`	"binder" is US insurance jargon in first position.
nouns	nouns_010	Apothekerin	english	medium	gloss	`druggist/pharmacist`	`pharmacist/chemist (female)`	American and dated term first; British "chemist" absent.
nouns	nouns_010	Lektor	english	medium	gloss	`lector/lecturer/literary editor`	`(publisher's) editor; language assistant/lecturer`	"lector" is not current English; "lecturer" without qualification is misleading.
nouns	nouns_010	Synonym	english	medium	gloss	`convertible terms/equivalent terms/synonym`	`synonym`	two invented paraphrases precede the obvious cognate.
nouns	nouns_010	Delfin	english	medium	gloss	`Delphinus/butterfly stroke/dolphin`	`dolphin; (swimming) butterfly`	Latin genus name first, animal last.
nouns	nouns_010	Mist	english	medium	gloss	`dung/manure/rubbish`	`rubbish/nonsense; (Mist!) damn!; (farming) dung/manure`	A1-ranked word — the everyday exclamation/"rubbish" sense is buried behind the farmyard sense.
nouns	nouns_010	Endeffekt	english	medium	gloss	`end effect`	`upshot/net result; (im Endeffekt) ultimately, in the end`	"end effect" is a literal mistranslation; the word is almost only used in the fixed phrase.
nouns	nouns_010	Freisetzung	english	medium	gloss	`layoff/liberation/release`	`release (of substances/energy); (euphemism) redundancy`	American HR euphemism leads; the chemical/physical sense is the common one.
nouns	nouns_010	Polizistin	english	medium	gloss	`bobby/constable/police constable`	`police officer (female)/policewoman`	A1 word glossed with male-coded slang and a rank title.
nouns	nouns_010	Backware	english	medium	gloss	`pastries`	`baked goods` (usually plural *Backwaren*)	too narrow — bread and rolls are Backwaren but not pastries.
nouns	nouns_010	Zivilcourage	english	medium	gloss	`civil courage`	`moral courage / courage of one's convictions`	"civil courage" is a calque, not idiomatic English.
nouns	nouns_010	Elternabend	english	medium	gloss	`parent-teacher conference`	`parents' evening`	American term in a British-English bank; the British equivalent is absent.
nouns	nouns_010	Insolvenzverwalter	english	medium	gloss	`liquidator/receiver/trustee in banktruptcy`	`insolvency administrator/trustee in bankruptcy`	misspelling "banktruptcy".
nouns	nouns_010	Fruchtfleisch	english	low	gloss	`flesh/pod/pulp`	`flesh/pulp (of fruit)`	"pod" is wrong.
nouns	nouns_010	Geselle	english	low	gloss	`companion/journeyman`	`journeyman; (dated) fellow`	archaic sense first; the trade sense is the live one.
nouns	nouns_010	Schärfe	english	low	gloss	`sharpness/strictness`	add `spiciness/heat (of food)`	everyday food sense missing.
nouns	nouns_010	Winde	english	low	gloss	`bindweed/winch`	`winch; (plant) bindweed`	
nouns	nouns_010	Skala	english	low	gloss	`gamut/scale`	`scale`	
nouns	nouns_010	Loser	english	low	gloss	`blockhead/idiot/loser`	`loser`	
nouns	nouns_010	Schädel	english	low	gloss	`cranium/skull`	`skull`	
nouns	nouns_010	Comic	english	low	gloss	`cartoon/comic`	`comic/comic strip`	A1 word; "cartoon" (animation) is the wrong first sense.
nouns	nouns_010	Testspiel	english	low	gloss	`friendly match/test match`	`friendly (match)`	"test match" is cricket/rugby-specific and misleading.
nouns	nouns_010	Junk sub-glosses	english	low	gloss	`Vene` "vena", `Trophäe` "tropæum", `Marmelade` "snarl-up", `Abenteurer` "carpetbagger", `Aktenzeichen` "record token", `Verminderung` "decreation", `Bauchschmerz` "abdominalgia", `Brennweite` "focal width", `Arbeitsfläche` "worksurface", `Festigkeit` "decidedness", `Epilepsie` "grand mal", `Fee` "fay/pixie", `Beitritt` "adhesion", `Ausfertigung` "engrossment", `Zink` "zinc/zinc (metal)", `Bulle` "cop/copper/cop (slang)"	delete these sub-senses	non-words, Latin tags, duplicated entries or nonsense translations padding the gloss list.
nouns	nouns_010	US term placed before the British one	english	medium	gloss	`Windel` "diaper/nappy", `Einkaufswagen` "shopping cart/shopping trolley", `Mülleimer` "garbage can/rubbish bin/trash can", `Bahnstrecke` "railroad track/railway track", `Sommerzeit` "daylight saving time/summer time", `Bildungsministerium` "Department of Education/…", `Gesundheitsminister` "…/secretary of health", `Immobilienpreis` "real estate price", `Frauenhaus` "women's shelter"	British form first and alone — nappy; shopping trolley; rubbish bin; railway track; summer time; Ministry of Education; minister of health; property price; women's refuge	brief requires one British form only.
nouns	nouns_010	US spellings and UK/US doublets in one gloss	english	low	gloss	`Ratenkredit` "instalment/installment", `Urlaubsziel` "holiday/vacation destination", `Investitionsprogramm` "programme/program", `Schulprogramm` "programme/program", `Ausrufezeichen` "exclamation mark/exclamation point", `Sternsinger` "caroler/caroller", `Wendepunkt` "inflection/inflexion point", `Katalysator` "catalyzer", `Fachunterricht` "specialized", `Elan` "vigor", `Automobil` "auto/automobile/car", `Fünftklässler`/`Viertklässler` "fifth-/fourth-grader"	single British form (instalment, holiday destination, programme, exclamation mark, caroller, turning point, catalytic converter, specialised, vigour, car, Year 5/Year 6 pupil)	one form only, British.
nouns	nouns_010	Nominalised infinitives as headwords	word	low	junk	`das Streben`, `das Verschwinden`, `das Sein`, `das Kriegen`, `das Vergessen`, `das Zeichnen`, `das Atmen`, `das Ausschalten`, `das Genießen`, `das Beten`, `das Entfernen`	drop, or keep only the fully lexicalised ones (`das Streben`, `das Sein`)	mechanical nominalisations; `das Kriegen` ("getting") in particular is not a dictionary word.
nouns	nouns_010	Spass	word	medium	junk	`der Spass` / `Spässe` / "fun (Swiss spelling of Spaß)"	drop — duplicate of `der Spaß` / `Späße`	an orthographic variant lemma competing with the live headword.
nouns	nouns_010	Drehe	word	medium	junk	`die Drehe` / `—` / "turn/spin (colloquial)"	drop	not a standard lemma; dialectal at best.
nouns	nouns_010	Eigen	word	medium	junk	`das Eigen` / `—` / "one's own/the self"	drop	only occurs in the fossilised phrase *sein Eigen nennen*; unusable as a vocabulary item.
nouns	nouns_010	Gross CEFR mismatches	cefr	low	cefr	`Mülleimer` C1, `Clown` C1, `Heu` C1, `Schluck` C1, `Bude` C1, `Bevölkerungszahl` C1	roughly A2–B1 for Mülleimer, Clown, Heu, Schluck	everyday concrete nouns tagged at the top of the scale.
nouns	nouns_010	Feminine agent nouns without a gender marker	english	low	gloss	`Arbeiterin` "labourer/worker", `Arbeitgeberin` "employer", `Apothekerin` "druggist/pharmacist", `Umweltministerin` "environment minister", `Ingenieurin` "engineer", `Chefin` "boss/manager", `Vizepräsidentin` "vice president", `Senatorin` "senator (female)" [ok], `Stellvertreterin` "deputy"	add "(female)" consistently, as `Designerin`, `Mitschülerin` and `Trägerin` already do	inconsistent within the batch; the -in forms are gender-specific.
nouns	nouns_010	Supervision	english	low	gloss	`supervision`	`(professional/clinical) supervision`	German *Supervision* is the coaching/case-review sense; general supervision is *Aufsicht*.
nouns	nouns_011	Riff	article	high	article	der Riff / Riffe / "reef"	das Riff	"reef" is **das** Riff; *der* Riff only exists as the music term (guitar riff).
nouns	nouns_011	Schnupfen	article	high	article	das Schnupfen / — / "cold/runny nose"	der Schnupfen	masculine; *das Schnupfen* would be the nominalised infinitive "sniffing". A1 word taught with the wrong gender.
nouns	nouns_011	Thermometer	article	high	article	der Thermometer	das Thermometer	standard gender is neuter (*der* is regional/southern only).
nouns	nouns_011	Schranken	article	high	article	der Schranken / Schranken / "barrier/gate"	die Schranke, pl. Schranken	headword is the plural form; standard German lemma is *die Schranke* (*der Schranken* is Austrian).
nouns	nouns_011	Pedale	word	high	junk	die Pedale / Pedalen / "pedal"	das Pedal, pl. Pedale	the everyday word is *das Pedal*; the listed headword is its plural. *die Pedale* only means the organ pedalboard.
nouns	nouns_011	Eckdaten	article	high	junk	das Eckdaten / Eckdaten / "key data"	die Eckdaten (plurale tantum) or singular *das Eckdatum*	neuter article on a plural-only lemma; article and number contradict each other.
nouns	nouns_011	Kellner	english	high	gloss	"cellarer/cellarman/cellarmaster"	"waiter"	the primary and only everyday sense (waiter) is completely missing; all three glosses are archaic cellar-related non-senses. A1 word.
nouns	nouns_011	Mais	english	high	gloss	Maise / "Indian corn/corn/corn cob"	— / "maize/sweetcorn"	mass noun, invented plural; gloss leads with archaic American "Indian corn" and omits British "maize/sweetcorn".
nouns	nouns_011	Spinat	plural	high	plural	Spinate, C1	— , ~A2/B1	invented plural on a mass noun; "spinach" is not a C1 word.
nouns	nouns_011	Bergleute	word	high	junk	die Bergleute / Bergleute / "miners"	der Bergmann, pl. Bergleute	headword is a plural-of-something-else lemma (cf. Kaufmann→Kaufleute); teaches a feminine singular that does not exist.
nouns	nouns_011	Pendel	english	medium	gloss	"pendular/pendulum"	"pendulum"	first gloss is an English adjective, not a noun.
nouns	nouns_011	Sternchen	english	medium	gloss	"asteric/asterisk/star"	"asterisk/little star"	"asteric" is not an English word.
nouns	nouns_011	Ausklang	english	medium	gloss	"conclusion/end/end off"	"close/end (of an event)"	"end off" is corpus junk, not English.
nouns	nouns_011	Sonnencreme	english	medium	gloss	"sun creme/sunblock/suntan cream"	"sun cream/sunscreen"	"sun creme" is a misspelling; "suntan cream" is a different product (tanning oil).
nouns	nouns_011	Taschenlampe	english	medium	gloss	"electric torch/flashlight/torch"	"torch"	American "flashlight" placed ahead of British "torch"; "electric torch" is archaic.
nouns	nouns_011	Apparat	english	medium	gloss	"accessory/apparatus/appliance"	"device/apparatus/(telephone) extension"	"accessory" is wrong and placed first; the common colloquial senses (phone extension, gadget) are missing.
nouns	nouns_011	Extrakt	english	medium	gloss	"abstract/essence/extract"	"extract/essence"	"abstract" is not a sense of *Extrakt*; it displaces the primary sense.
nouns	nouns_011	Leckerbissen	english	medium	gloss	"delectation/delicacy"	"delicacy/treat"	"delectation" is archaic and not a translation of the word.
nouns	nouns_011	Dezernent	english	medium	gloss	"senior colleague/senior official"	"head of department (in public administration)"	"senior colleague" is wrong; the word denotes a specific administrative post.
nouns	nouns_011	Grundgedanke	english	medium	gloss	"basis idea"	"basic idea/fundamental idea"	"basis idea" is not English.
nouns	nouns_011	Grundpreis	english	medium	gloss	"basis price"	"base price/unit price"	same malformed pattern; "basis price" is not English.
nouns	nouns_011	Elektrizität	english	medium	gloss	"current/electricity"	"electricity"	primary sense displaced by "current" (= Strom), which is a different word.
nouns	nouns_011	Lyrik	english	medium	gloss	"poem/poetry"	"poetry/lyric poetry"	*Lyrik* is never a single poem (that is *Gedicht*); wrong sense placed first.
nouns	nouns_011	Mine	english	medium	gloss	"lead/mina/mine"	"mine/(pencil or pen) refill"	"mina" is junk; primary sense "mine" pushed to third.
nouns	nouns_011	Substantiv	english	medium	gloss	"naming word/noun/noun substantive"	"noun"	"naming word" (primary-school jargon) placed first; "noun substantive" is archaic.
nouns	nouns_011	Basiswert	english	medium	gloss	"underlying"	"underlying asset/base value"	gloss is a bare adjective, unusable as a noun translation.
nouns	nouns_011	Mittelfeldspieler	english	medium	gloss	"centre/midfielder"	"midfielder"	"centre" is a different position and displaces the correct gloss.
nouns	nouns_011	Monteur	english	medium	gloss	"assembler"	"fitter/installer/service engineer"	"assembler" is misleading (reads as software/assembly-line).
nouns	nouns_011	Erbschaft	english	medium	gloss	"estate"	"inheritance/legacy"	"estate" is the deceased's property (Nachlass); the learner sense is "inheritance".
nouns	nouns_011	Abschrift	english	medium	gloss	"copy/manuscript/transcript"	"copy/transcript"	"manuscript" is wrong (that is Manuskript).
nouns	nouns_011	Seeadler	english	medium	gloss	"erne/grey sea eagle/sea eagle"	"white-tailed eagle/sea eagle"	archaic "erne" placed first; the standard British bird name is missing.
nouns	nouns_011	Heimwerker	english	medium	gloss	"handyman"	"DIY enthusiast/home improver"	*Handwerker* is the tradesman; *Heimwerker* is specifically the amateur.
nouns	nouns_011	Facelift	english	medium	gloss	"automotive face-lift/automotive facelift/facelift"	"facelift"	duplicate hyphenated/unhyphenated forms plus a technical qualifier before the plain sense.
nouns	nouns_011	Helle	english	medium	gloss	das Helle / Hellen / "Helles"	pl. Helle; "pale lager (Bavarian-style beer)"	gloss just repeats the German with no translation; adjectival noun needs the bare citation plural.
nouns	nouns_011	Stage	word	medium	junk	die Stage / Stages / "stage"	remove (use *die Bühne* / *die Phase*)	not an established German noun; corpus artefact (German *das Stag* is a nautical stay).
nouns	nouns_011	Hexen	word	medium	junk	das Hexen / Hexene / "hexene"	remove	obscure chemistry lemma homographic with the nominalised infinitive "doing witchcraft"; unusable in a learner bank.
nouns	nouns_011	Fahrradfahren	word	medium	junk	das Fahrradfahren / — / "cycling"	remove (or teach the verb *Fahrrad fahren*)	nominalised infinitive as headword.
nouns	nouns_011	Trommeln	word	medium	junk	das Trommeln / — / "drumming"	remove (verb *trommeln*)	nominalised infinitive as headword.
nouns	nouns_011	Eck	word	medium	junk	das Eck / Ecke / "corner", B1	die Ecke, pl. Ecken	Austrian/Bavarian variant duplicating the live standard word; the given plural is the standard word's singular.
nouns	nouns_011	Gummi	plural	medium	plural	der Gummi / Gummi / "rubber/eraser/condom"	pl. Gummis; note *das* Gummi for the material "rubber"	uninflected plural is wrong, and the first gloss belongs to the neuter gender.
nouns	nouns_011	Unverständnis	plural	medium	plural	Unverständnisse	—	invented plural on an abstract mass noun.
nouns	nouns_011	Erderwärmung	plural	medium	plural	Erderwärmungen	—	invented plural; global warming is uncountable.
nouns	nouns_011	Luftverschmutzung	plural	medium	plural	Luftverschmutzungen	—	invented plural on a mass noun.
nouns	nouns_011	Schwerkraft	plural	medium	plural	Schwerkräfte	—	invented plural; and *Schwerkräfte* would read as "heavy forces".
nouns	nouns_011	Wasserdampf	plural	medium	plural	Wasserdämpfe	—	invented plural on a mass noun.
nouns	nouns_011	Schulbildung	plural	medium	plural	Schulbildungen	—	invented plural on an abstract noun.
nouns	nouns_011	Geldwäsche	plural	medium	plural	Geldwäschen	—	invented plural; money laundering is uncountable.
nouns	nouns_011	Luftverkehr	plural	medium	plural	Luftverkehre	—	invented plural on a mass noun.
nouns	nouns_011	Realismus	plural	medium	plural	Realismen	—	invented plural on an -ismus abstract.
nouns	nouns_011	Pest	plural	medium	plural	Pesten	—	*die Pest* has no plural.
nouns	nouns_011	Akne	plural	medium	plural	Aknen	—	invented plural on a disease mass noun.
nouns	nouns_011	Kulturschaffende / Vierte / Weiße / Gelehrte / Verlobte / Fraktionsvorsitzende	plural	medium	plural	Kulturschaffenden / Vierten / Weißen / Gelehrten / Verlobten / Fraktionsvorsitzenden	Kulturschaffende / Vierte / Weiße / Gelehrte / Verlobte / Fraktionsvorsitzende	adjectival nouns must show the bare citation plural, not the weak-declension form.
nouns	nouns_011	American spellings and doublets	english	low	gloss	Arbeitseinsatz "labor deployment"; Augenmaß "judgment"; Ratsmitglied "councillor/councilman/councilor"; Berufsberatung "career counseling"; Artefakt "artefact/artifact"; Gynäkologie "gynaecology/gynecology"; Nebengebäude "annex/annexe"; Leitmotiv "leitmotif/leitmotiv"; Südwest "south-west/southwest"	labour, judgement, councillor, counselling, artefact, gynaecology, annexe, leitmotif, south-west — one British form only	US spellings and UK/US doublets in a British-English app.
nouns	nouns_011	American terms placed before / instead of British ones	english	medium	gloss	Drogerie "drugstore"; Fußballplatz "soccer field"; Transportmittel "means of transportation"; Busbahnhof "bus terminal"; Polizeidienststelle "police department"; Terminkalender "appointment calendar"; Waschmittel "laundry detergent"; Pfarrhaus "parsonage/rectory"; Kinderschuh "kid's shoe"	chemist's; football pitch; means of transport; bus station; police station; diary; washing powder/detergent; vicarage; child's shoe	British learner app — these glosses give the American term only.
nouns	nouns_011	Mac	english	medium	gloss	"mac"	"Mac (Apple computer)"	lowercase "mac" reads as the British word for a raincoat.
nouns	nouns_011	Kommunist	english	low	gloss	"communist/pinko"	"communist"	"pinko" is derogatory US slang, wrong register.
nouns	nouns_011	Veredelung	english	low	gloss	"ennoblement/ennobling/finishing"	"refinement/processing/finishing"	the modern industrial/agricultural sense is displaced by an archaic one.
nouns	nouns_011	Barmherzigkeit	english	low	gloss	"charity/mercy/tenderheartedness"	"mercy/compassion"	primary sense "mercy" not first.
nouns	nouns_011	Spieß	english	low	gloss	"pike/skewer/spear"	"skewer/spit"	everyday kitchen sense placed behind two weapon senses.
nouns	nouns_011	Vertragspartei	english	low	gloss	"party"	"contracting party/party to a contract"	bare "party" is ambiguous to the point of uselessness.
nouns	nouns_011	Datenschützer	english	low	gloss	"data protection officer"	"data protection advocate/campaigner"	the officer role is *Datenschutzbeauftragter*.
nouns	nouns_011	Betroffenheit	english	low	gloss	"concern/involvement"	"dismay/being deeply affected"	dominant modern sense missing.
nouns	nouns_011	Baumkrone	english	low	gloss	"top/treetop"	"treetop/crown (of a tree)"	bare "top" is uninformative as first gloss.
nouns	nouns_011	Ablage	english	low	gloss	"storage"	"filing/tray/shelf"	gloss misses the everyday office senses.
nouns	nouns_011	Ackerbau	english	low	gloss	"farming"	"arable farming/crop cultivation"	too broad; *Landwirtschaft* is "farming".
nouns	nouns_011	Böschung	english	low	gloss	"bank/batter/embankment"	"embankment/slope"	"batter" is obscure construction jargon placed second.
nouns	nouns_011	Schwarz	english	low	gloss	"black/sable"	"black"	"sable" is heraldic-only.
nouns	nouns_011	Lacke	word	low	junk	die Lacke / Lacken / "puddle (Austrian)"	remove or mark clearly regional	Austrian dialect word easily confused with *der Lack* (varnish); marginal for a learner bank.
nouns	nouns_011	Oscar	word	low	junk	der Oscar / Oscars / "Oscar"	remove	proper noun (trademarked award name).
nouns	nouns_011	Schnelle	word	low	junk	die Schnelle / Schnellen / "speed/quickness"	gloss as "auf die Schnelle = in a hurry" or remove	barely occurs outside the fixed phrase; the plural sense is "rapids".
nouns	nouns_011	Friede	word	low	junk	der Friede / Frieden, B1	der Frieden	archaic nominative variant duplicating the live lemma.
nouns	nouns_011	Betreff	plural	low	plural	Betreffe, A1	— , ~B1	plural is unnatural, and an email-header term is not A1 vocabulary.
nouns	nouns_011	Plurals on abstract/uncountable nouns (minor)	plural	low	plural	Wirtschaftskräfte, Zerfälle, Erdoberflächen, Stadtmitten, Außenwelten, Vogelwelten, Religionsfreiheiten, Rücksichtnahmen, Rhetoriken, Geriatrien, Landespolitiken, Kreislaufwirtschaften, Abfallwirtschaften, Jugendliteraturen, Langlebigkeiten, Euphorien, Familienbesitze, Dränge, Entertainments, Timings, Missachtungen, Korane, Voucher	mostly —	plurals are unattested or vanishingly rare; several (Wirtschaftskräfte, Erdoberflächen) also read as a different word in the plural.
nouns	nouns_011	Christin / Eigentümerin	english	low	gloss	"Christian" / "proprietor"	"Christian (female)" / "owner (female)"	batch elsewhere marks feminine forms; inconsistent here, and "proprietor" is over-formal for *Eigentümerin*.
nouns	nouns_011	Einbahnstraße	english	low	gloss	"one-way/one-way street"	"one-way street"	first gloss is a bare adjective.
nouns	nouns_011	Kirmes	english	low	gloss	"fun fair/kermis"	"funfair"	"kermis" is unknown to British learners.
nouns	nouns_011	Dezibel	plural	low	plural	—	Dezibel	unit nouns take an uninflected plural after numerals ("80 Dezibel"), as Megawatt/Kilowatt do in this batch.
nouns	nouns_012	Schnitzel	article	high	article	`der Schnitzel` — "escalope/snippet"	`das Schnitzel` — "schnitzel/breaded cutlet/escalope"	Schnitzel is neuter in every sense; the everyday food sense is also missing from the gloss, which leads with a marginal one.
nouns	nouns_012	Bonbon	article	medium	article	`der Bonbon` — "candy/goody/hard candy"	`das Bonbon` — "sweet/boiled sweet"	`das` is the standard northern/central form Duden lists first; `der` is regional (S. German/Austrian). Gloss is also wholly American — British is "sweet".
nouns	nouns_012	Radar	article	low	article	`der Radar`	`das Radar` (auch der)	neuter is the standard German form; `der` is chiefly Austrian.
nouns	nouns_012	Fossilie	word	high	junk	`die Fossilie` / `Fossilien` — "fossil"	delete — the lemma is `das Fossil` (already present in this batch at rank 25779)	back-formation invented from the plural *Fossilien*; "die Fossilie" is not a German word. Duplicate of a correct entry.
nouns	nouns_012	Demos	word	high	junk	`der Demos` / `Demen` — "deme"	delete	obscure ancient-Greek political-science term; a learner meeting "Demos" in German will be meeting the plural of *die Demo* (demonstration). Plural is also wrong (*Demoi*).
nouns	nouns_012	Feige	word	high	junk	`der Feige` / `Feigen` — "coward" (adjNoun)	delete, or `der Feigling` / `Feiglinge`	the plural given is the plural of *die Feige* "fig" — a different lexeme. The adjectival noun "der Feige" is barely used; *Feigling* is the real word.
nouns	nouns_012	Wifi / WiFi	word	medium	junk	two adjacent entries `das Wifi`/`Wifis` and `das WiFi`/`WiFis`, both "Wi-Fi"	keep one entry at most; the everyday German word is `das WLAN`	duplicate rows differing only in capitalisation; neither is the term a learner needs.
nouns	nouns_012	Reeperbahn	word	medium	junk	`die Reeperbahn` / `Reeperbahnen` — "Reeperbahn (Hamburg street)"	delete	proper noun, glossed as a proper noun, with an invented plural.
nouns	nouns_012	Kolpingwerk	word	medium	junk	`das Kolpingwerk` — "kolping society"	delete	proper name of a specific Catholic organisation; not general vocabulary, and the gloss is uncapitalised.
nouns	nouns_012	iPod	word	low	junk	`der iPod` / `iPods`	delete	brand name, and an obsolete one.
nouns	nouns_012	Nordstadt	word	low	junk	`die Nordstadt` / `Nordstädte` — "northern district"	delete	a district label used as a quasi-proper noun in individual cities, not a dictionary lemma; plural is artificial.
nouns	nouns_012	Hundert	word	low	junk	`die Hundert` / `—` — "hundred"	`das Hundert` / `Hunderte` ("a hundred, group of 100") if kept at all	`die Hundert` is the numeral-as-name; the countable noun is neuter and does have a plural.
nouns	nouns_012	Bare	word	low	junk	`das Bare` — "cash" (adjNoun)	`das Bargeld`	nominalised adjective, colloquial and marginal; *Bargeld* is the word learners need.
nouns	nouns_012	Go	word	low	junk	`das Go` — "go-ahead"	delete	business-jargon anglicism; also collides with the board game.
nouns	nouns_012	Parfum / Parfüm	word	low	junk	`das Parfum`/`Parfums` (rank 11253) and `das Parfüm`/`Parfüms` (rank 1902), same gloss	keep `das Parfüm` only	duplicate entry, two spellings of one word; the ü-form is the commoner German spelling.
nouns	nouns_012	Nominalised infinitives	word	low	junk	`das Rudern`, `das Schlachten`, `das Aufräumen`, `das Korrekturlesen`, `das Nähen`	review — keep only those lexicalised as nouns (Rudern, Korrekturlesen are defensible); *das Schlachten*, *das Aufräumen*, *das Nähen* are just verb forms	corpus junk pattern; nominalised infinitives are productive and add no vocabulary.
nouns	nouns_012	Alliierte, Filmschaffende, Sehbehinderte, Klare, Obere, Arbeitssuchende, Ausbildende	plural	medium	plural	`Alliierten`, `Filmschaffenden`, `Sehbehinderten`, `Klaren`, `Oberen`, `Arbeitssuchenden`, `Ausbildenden`	`Alliierte`, `Filmschaffende`, `Sehbehinderte`, `Klare`, `Obere`, `Arbeitssuchende`, `Ausbildende`	every `adjNoun` row in this batch gives the weak/definite-article plural instead of the bare citation plural. Systematic, one fix.
nouns	nouns_012	Protestant	english	high	gloss	"Protestant/demonstrator/protester"	"Protestant"	the second and third senses are flatly wrong — *der Protestant* is only the religious denomination. A protester is *der Demonstrant*.
nouns	nouns_012	Lachs	english	high	gloss	"longissimus dorsi muscle/salmon"	"salmon"	the everyday food/fish sense is buried behind an anatomical term; alphabetical sorting has displaced the primary sense.
nouns	nouns_012	Publizist	english	high	gloss	"publicist"	"commentator/writer on public affairs/journalist"	false friend. German *Publizist* is a writer/commentator, not a PR agent.
nouns	nouns_012	Muttergesellschaft	english	medium	gloss	"mother company"	"parent company"	"mother company" is not idiomatic English.
nouns	nouns_012	Wiederbelebung	english	medium	gloss	"reanimation/revival"	"resuscitation/revival"	the medical sense (CPR) is the primary one, and "reanimation" is a Germanism, not standard English.
nouns	nouns_012	Karotte	english	medium	gloss	"baby carrot/carrot"	"carrot"	alphabetical sort has put a marginal compound sense ahead of the core meaning of an A1-level food word.
nouns	nouns_012	Limonade	english	medium	gloss	"lemonade/sherbet/soda"	"fizzy drink/lemonade"	"sherbet" is wrong (that is a sweet powder / ice), "soda" is American. German *Limonade* is any sweet fizzy soft drink.
nouns	nouns_012	Kummer	english	medium	gloss	"care/grief/sorrow"	"grief/sorrow/worry"	"care" in this sense is archaic English and stands first, displacing the real meaning.
nouns	nouns_012	Speichel	english	medium	gloss	"spittle"	"saliva"	"spittle" is dated and slightly disgusted in register; *Speichel* is the neutral clinical word.
nouns	nouns_012	Papierkorb	english	medium	gloss	"recycle bin/trash/wastebasket"	"wastepaper basket/wastepaper bin (also: recycle bin, computing)"	all three glosses are American, and the computing sense is placed ahead of the physical one.
nouns	nouns_012	Grenzübergang	english	medium	gloss	"checkpoint"	"border crossing (point)"	the literal and commonest sense is missing entirely.
nouns	nouns_012	Arbeitsplatte	english	medium	gloss	"countertop"	"worktop/kitchen counter"	American-only gloss in a British-English app.
nouns	nouns_012	Sportlehrer	english	medium	gloss	"games master/gym teacher/sports coach"	"PE teacher/games teacher"	"games master" is archaic public-school British, "gym teacher" is American; the ordinary British term is absent.
nouns	nouns_012	Selbstdarstellung	english	medium	gloss	"self-portrait/self-representation"	"self-presentation/self-promotion"	"self-portrait" is *Selbstporträt*; the usual (often pejorative) sense of showing oneself off is missing.
nouns	nouns_012	Zopf	english	medium	gloss	"an antiquated custom/braid/plait"	"plait/braid (also: outdated custom, in *alter Zopf*)"	an idiom-bound figurative sense sorted to the front, and phrased as a definition rather than a gloss.
nouns	nouns_012	Spiegelung	english	medium	gloss	"endoscopy/reflection/reflex"	"reflection (also: endoscopy, medical)"	the technical medical sense displaces the everyday one; "reflex" is wrong for this noun.
nouns	nouns_012	Tarifverhandlung	english	medium	gloss	"collective bargaining/tariff negotiation"	"collective bargaining/pay negotiation"	"tariff negotiation" is a false-friend mistranslation of *Tarif* (pay scale, not customs tariff).
nouns	nouns_012	Whirlpool	english	medium	gloss	"whirlpool"	"hot tub/jacuzzi"	false friend — German *Whirlpool* is a hot tub, not a vortex of water.
nouns	nouns_012	Relikt	english	medium	gloss	"relict"	"relic/remnant/vestige"	"relict" is a specialist biological/legal term; the intended English word is "relic".
nouns	nouns_012	Entführung	english	medium	gloss	"abduction/elopment/hijacking"	"kidnapping/abduction/hijacking"	"elopment" is not an English word (and "elopement" would be wrong here anyway).
nouns	nouns_012	Erpressung	english	medium	gloss	"blackmail/blackmailing/chantage"	"blackmail/extortion"	"chantage" is French, not English.
nouns	nouns_012	Filmproduktion	english	medium	gloss	"filmproduction", A1	"film production"; CEFR B1 or above	not an English word as written (missing space), and a specialist compound tagged A1.
nouns	nouns_012	Airbag	english	medium	gloss	"air cushion/airbag/airbag cushion"	"airbag"	"air cushion" (= *Luftkissen*) is wrong and stands first; the other two are padding.
nouns	nouns_012	Anmeldefrist	english	medium	gloss	"term of application/time for applications"	"registration deadline/application deadline"	neither gloss is idiomatic, and the key notion "deadline" is absent.
nouns	nouns_012	Rundfahrt	english	medium	gloss	"round trip/tour"	"sightseeing tour/circular tour"	"round trip" reads as a return journey (*Hin- und Rückfahrt*) to an English speaker — the wrong idea, and placed first.
nouns	nouns_012	Handynummer	english	medium	gloss	"cell number/cell phone number/mobile number"	"mobile number"	two American forms placed ahead of the British one on an A1 word.
nouns	nouns_012	Vorspeise	english	medium	gloss	"appetizer/hors d'œuvre/starter"	"starter"	American "appetizer" (with -z-) leads; the British term is third.
nouns	nouns_012	Gemütlichkeit	english	medium	gloss	"coziness/gemütlichkeit/good nature"	"cosiness/conviviality"	American spelling "coziness", and the gloss leaks the German lemma back as a translation.
nouns	nouns_012	Messstation	english	low	gloss	"gaging station/measurement station"	"measuring station/monitoring station"	"gaging" is a rare American spelling of "gauging" and leads the entry.
nouns	nouns_012	Leitzins	english	low	gloss	"base rate/federal funds rate"	"base rate/key interest rate"	"federal funds rate" names a specific US instrument, not the general concept.
nouns	nouns_012	Akquisition	english	low	gloss	"acceptance/acquisition"	"acquisition"	"acceptance" is not a sense of *Akquisition* and is sorted first.
nouns	nouns_012	Derivat	english	low	gloss	"derivate/derivative"	"derivative"	"derivate" is not an English noun.
nouns	nouns_012	Papagei	english	low	gloss	"parrot/parroter/popinjay"	"parrot"	"parroter" is a non-word; "popinjay" is archaic.
nouns	nouns_012	Leopard	english	low	gloss	"leopard/pard"	"leopard"	"pard" is archaic poetic English.
nouns	nouns_012	Ballade	english	low	gloss	"ballad/lay"	"ballad"	"lay" is archaic and ambiguous.
nouns	nouns_012	Manifest	english	low	gloss	"manifest/manifesto"	"manifesto (also: cargo manifest)"	the shipping sense stands ahead of the political one that *Manifest* usually means.
nouns	nouns_012	Esche	english	low	gloss	"ash"	"ash tree"	bare "ash" collides with *Asche* (ash/cinders) for a learner.
nouns	nouns_012	Schnur	english	low	gloss	"cable/cord/line"	"string/cord/flex"	the core sense "string" is missing and "cable" (*Kabel*) leads.
nouns	nouns_012	Wassertank	english	low	gloss	"cistern/water tank"	"water tank"	alphabetical sort puts a narrower term first.
nouns	nouns_012	Wimper	english	low	gloss	"cilium/eyelash"	"eyelash"	technical biological term displaces the everyday sense.
nouns	nouns_012	Buckel	english	low	gloss	"back/hillock/hump"	"hump/hunchback (colloq. back)"	alphabetical ordering; "back" alone is misleading for *Buckel*.
nouns	nouns_012	Trab	english	low	gloss	"jog/trot"	"trot"	*Trab* is the equine gait; "jog" first is inaccurate.
nouns	nouns_012	Stimulation	english	low	gloss	"incentive/stimulation"	"stimulation"	"incentive" is *Anreiz*, not *Stimulation*, and leads.
nouns	nouns_012	Entsendung	english	low	gloss	"delegation/dispatch/sending"	"posting/secondment/dispatch"	"delegation" reads as a group of people; the employment-law sense (posting a worker abroad) is missing.
nouns	nouns_012	Erdgeschichte	english	low	gloss	"geological history/geology/history of the earth"	"geological history/history of the Earth"	"geology" is *Geologie*, a different discipline.
nouns	nouns_012	Personalakte	english	low	gloss	"personal file/personnel file"	"personnel file"	"personal file" is a mistranslation of *Personal-* and stands first.
nouns	nouns_012	Amtsperiode	english	low	gloss	"office period"	"term of office"	not idiomatic English.
nouns	nouns_012	Aufstiegschance	english	low	gloss	"advancement chance"	"promotion prospects/chance of promotion"	not idiomatic English.
nouns	nouns_012	Betätigungsfeld	english	low	gloss	"activity field"	"field of activity"	word order is not English.
nouns	nouns_012	Naturraum	english	low	gloss	"nature region"	"natural region/natural environment"	not idiomatic English.
nouns	nouns_012	Übergangsphase	english	low	gloss	"change(over) phase"	"transitional phase"	parenthesised alternative inside a gloss is unusable in a flashcard.
nouns	nouns_012	Zweitsprache	english	low	gloss	"second language, L 2"	"second language"	stray metalanguage token "L 2" leaked into the gloss.
nouns	nouns_012	Sandkasten	english	low	gloss	"sand table/sand-box/sand-pit"	"sandpit"	"sand table" is a different object; British "sandpit" is last and misspelt with a hyphen.
nouns	nouns_012	Hausanschluss	english	low	gloss	"house connection/house connexion/house service connection"	"domestic service connection/mains connection"	"connexion" is an obsolete spelling variant of the same word listed alongside it.
nouns	nouns_012	Hochschulabsolvent	english	low	gloss	"college graduate"	"university graduate"	"college" is the American term; British usage is "university".
nouns	nouns_012	Abiturientin	english	low	gloss	"high-school graduate"	"school-leaver (with A-levels) (female)"	American school terminology, and the female marking is dropped although sister entries (Reporterin, Tutorin) carry it.
nouns	nouns_012	Sozialarbeiterin	english	low	gloss	"social worker"	"social worker (female)"	inconsistent with other -in entries in the same batch that mark gender.
nouns	nouns_012	Spitzname	english	low	gloss	"moniker/nickname"	"nickname"	slang "moniker" sorted ahead of the plain word.
nouns	nouns_012	Schnappschuss	english	low	gloss	"shot/snapshot"	"snapshot"	bare "shot" is ambiguous and stands first.
nouns	nouns_012	Kokain	english	low	gloss	"cocaine/coke/snow"	"cocaine"	English street slang added for a neutral German term.
nouns	nouns_012	Meistertitel	english	low	gloss	"championship title/master craftsmanship"	"championship title (also: master craftsman's title)"	second gloss names an abstract quality rather than a title.
nouns	nouns_012	Düngemittel, Trainingsprogramm, Fernsehsendung, Dauerbrenner, Amphitheater, Orthopäde, Reißverschluss, Urlaubszeit, Rundfunkbeitrag, Zeichner, Sarg, Krawatte, Puderzucker, Abfallentsorgung, Briefwahl, Adrenalin	english	low	gloss	"fertilizer"; "exercise program/training program"; "television program/television programme/..."; "perennial favorite/..."; "amphitheater/amphitheatre"; ".../orthopedic specialist"; "zip/zip fastener/zipper"; "holiday season/vacation time"; "broadcasting fee/license fee"; "illustrator/draftsperson"; "casket/coffin"; "necktie/tie"; "confectioners' sugar/icing sugar/powdered sugar"; "garbage disposal/waste disposal"; "absentee ballot/postal vote"; "adrenaline/epinephrine"	British form only, first: fertiliser; training programme; television programme; perennial favourite; amphitheatre; orthopaedic specialist; zip; holiday season; licence fee; illustrator/draughtsman; coffin; tie; icing sugar; waste disposal; postal vote; adrenaline	American spellings, US/UK doublets in one gloss, or the American term placed ahead of the British one — all against the app's British-English rule.
nouns	nouns_012	Clan	plural	medium	plural	`Clane`	`Clans`	this loanword takes -s; "Clane" does not exist.
nouns	nouns_012	Strass	plural	medium	plural	`Strasse` — "diamanté/paste/rhinestone"	`—`	Strass is a material (mass noun); the printed plural is identical to Swiss-spelt *Strasse* "street" and will mislead badly.
nouns	nouns_012	Naturkosmetik	plural	medium	plural	`Naturkosmetika`	`—`	*Kosmetika* is the plural of *das Kosmetikum* (a cosmetic product), a different lexeme; *Naturkosmetik* is a mass noun.
nouns	nouns_012	Gluten	plural	medium	plural	`Glutene`	`—`	invented plural on a substance noun.
nouns	nouns_012	Invented plurals on mass/abstract nouns	plural	low	plural	`Altpapiere`, `Popmusiken`, `Kirchenmusiken`, `Sexismen`, `Resilienzen`, `Sachlichkeiten`, `Lebendigkeiten`, `Krisenmanagements`, `Viehzuchten`, `Fernverkehre`, `Kraftstoffverbräuche`, `Flächenverbräuche`, `Muskelkräfte`, `Agrarpolitiken`, `Arbeitsmarktpolitiken`, `Wirtschaftsforschungen`, `Akquisen`, `Senfe`, `Rapse`, `Startkapitale`	`—` for all	uncountable substance/abstract nouns given manufactured plurals; a learner will produce them in speech.
nouns	nouns_012	Vormund	plural	low	plural	`Vormunde`	`Vormünder`	the umlauted plural is the standard one; *Vormunde* is marked rare.
nouns	nouns_012	Rutsch, Putz, Buchs, Raub, Gefährt	plural	low	plural	`Rutsche`, `Putze`, `Buchse`, `Raube`, `Gefährte`	prefer `—` (or flag as rare)	each of these plurals is technically attested but is spelt identically to a commoner *different* lexeme (die Rutsche "slide", die Putze "cleaner", die Buchse "socket", der Gefährte "companion"). Confusing in a flashcard.
nouns	nouns_012	Senf (C1), Nähmaschine (C1), Karotte (B1), Paste (C1)	cefr	low	cefr	C1/C1/B1/C1	roughly A2 / A2–B1 / A1 / B2	everyday household and food words tagged near the top of the scale.
nouns	nouns_012	Filmproduktion (A1), Reisebericht (A1), Konzerthaus (A1), Untergeschoss (A1), Salbe (A1)	cefr	low	cefr	A1	B1 or above for Filmproduktion/Reisebericht/Untergeschoss; A2–B1 for Konzerthaus/Salbe	specialist or low-frequency compounds tagged as beginner vocabulary.
nouns	nouns_013	Gasteltern	article	high	article	`das Gasteltern` / plural `Gasteltern`	`die Gasteltern` (plurale tantum, no singular)	Eltern is plural-only; a neuter singular article here is flatly wrong.
nouns	nouns_013	Gebrüder	article	high	article	`das Gebrüder` / plural `Gebrüder`	`die Gebrüder` (plural-only, used only in names like "die Gebrüder Grimm")	Plurale tantum given a neuter singular article; also barely a usable learner headword.
nouns	nouns_013	Iban	article	high	article	`der Iban`, gloss "Iban"	`die IBAN` — "IBAN (international bank account number)"	Gender follows *die Nummer*; the gloss also leaves the acronym untranslated.
nouns	nouns_013	Preisnachlass	plural	high	plural	`Preisnachlasse`	`Preisnachlässe`	Missing umlaut — the given form is not a German word.
nouns	nouns_013	Orange	english	high	gloss	"China orange/bitter orange/orange/orange (fruit)"	"orange"	A2 core word whose primary sense is buried behind two obscure senses; "bitter orange" is *Pomeranze*, not Orange.
nouns	nouns_013	Geburtshaus	english	high	gloss	"birth centre/birthing centre"	"birthplace (house where sb was born)/birthing centre"	Primary and by far commonest sense (Goethes Geburtshaus) is missing entirely.
nouns	nouns_013	Dachorganisation	english	high	gloss	"roof organisation"	"umbrella organisation"	Morpheme-by-morpheme mistranslation — *Dach-* here is "umbrella", not "roof".
nouns	nouns_013	Brustwarze	english	high	gloss	"acromastium/mammary papilla/nipple"	"nipple"	Two obscure anatomical terms placed ahead of the everyday word.
nouns	nouns_013	El	word	high	junk	`der El` / `Elim` / "El"	remove	Not a German lexical noun; Semitic deity name lifted from corpus, with a Hebrew plural.
nouns	nouns_013	Landsleute	word	high	junk	`die Landsleute` / plural `Landsleute`	`der Landsmann` / `Landsleute`, or remove	Plural-of-something-else lemma presented as a singular headword.
nouns	nouns_013	Winterspiele	word	medium	junk	`die Winterspiele` / `Winterspiele` / "Winter Games"	remove (or lemma `das Winterspiel`)	Plurale-tantum proper name of an event, not a dictionary noun.
nouns	nouns_013	Etwas	word	medium	junk	`das Etwas` / "something"	remove	Nominalised pronoun; the gloss teaches the pronoun *etwas*, not a noun.
nouns	nouns_013	Schönste	word	medium	junk	`die Schönste` / plural `Schönste`, no adjNoun flag	remove; if kept, plural `Schönsten` and flag `adjNoun`	Nominalised superlative, not a lemma; and its plural is wrong as given.
nouns	nouns_013	Nu	english	medium	junk	`der Nu` / "in a flash/in a sec/in an instant"	remove, or gloss "instant (only in *im Nu* = in a flash)"	Fossilised form; the gloss is an adverbial phrase, not a noun translation.
nouns	nouns_013	Tauchen / Zittern / Anziehen / Hängen / Erwachsenwerden / Röhren / Bügeln / Festhalten	word	medium	junk	nominalised infinitives listed as headwords	remove (learners need *tauchen*, *zittern*, *anziehen*, *hängen*, *bügeln*)	Corpus junk per the brief; none is lexicalised enough to earn a noun entry.
nouns	nouns_013	Adjectival nouns with inflected plurals	plural	medium	plural	Aufsichtsratsvorsitzende→`Aufsichtsratsvorsitzenden`, Integrationsbeauftragte→`Integrationsbeauftragten`, Bundesbeauftragte→`Bundesbeauftragten`, Intellektuelle→`Intellektuellen`, Ostdeutsche→`Ostdeutschen`, Verurteilte→`Verurteilten`, Alleinstehende→`Alleinstehenden`, Außenstehende→`Außenstehenden`, Erstplatzierte→`Erstplatzierten`	bare citation plurals (`Aufsichtsratsvorsitzende`, `Intellektuelle`, `Ostdeutsche`, …)	The brief specifies the strong/citation plural for `adjNoun` entries; all nine give the weak form.
nouns	nouns_013	Schall	plural	medium	plural	`Schalle`	`—`	Mass noun (physics term); no ordinary plural exists.
nouns	nouns_013	Speck	plural	medium	plural	`Specke`; gloss "back fat/bacon"	`—`; "bacon/fat"	Invented plural on a mass noun, and the learner sense "bacon" is displaced by a butchery term.
nouns	nouns_013	Wassersport	plural	medium	plural	`Wassersporte`; gloss "aquatics/water sports"	`—` (or `Wassersportarten`); "water sports"	Invented plural; "aquatics" is a niche competitive-swimming term placed first.
nouns	nouns_013	Fremdenverkehr	plural	medium	plural	`Fremdenverkehre`	`—`	Invented plural on an abstract mass noun.
nouns	nouns_013	Kot	plural	medium	plural	`Kote`; gloss "feces/dung/excrement"	`—`; "faeces/droppings/dung"	Invented plural on a mass noun, plus US spelling "feces".
nouns	nouns_013	Abendmahl	plural	medium	gloss	`Abendmähler`; gloss "Communion/Eucharist/Holy"	`Abendmahle`; "Holy Communion/the Eucharist/the Last Supper"	Wrong umlauted plural, and the third gloss is a truncated fragment ("Holy").
nouns	nouns_013	Auffahrt	english	medium	gloss	"Ascension/driveway/slip road"	"slip road/drive(way); (Swiss) Ascension Day"	Regional religious sense placed first by alphabetical sorting.
nouns	nouns_013	Kreide	english	medium	gloss	"Cretaceous/chalk/crayon"	"chalk/crayon; (geology) Cretaceous"	Geological-period sense displaces the everyday classroom meaning.
nouns	nouns_013	Heuschnupfen	english	medium	gloss	"allergic coryza/allergic rhinitis/hay fever"	"hay fever"	Two clinical terms ahead of the ordinary word.
nouns	nouns_013	Verkündigung	english	medium	gloss	"annunciation"	"proclamation/announcement; (religion) the Annunciation"	Only the religious sense is given; the general sense is missing.
nouns	nouns_013	Narr	english	medium	gloss	"court jester/fool/freak"	"fool/jester"	"freak" is wrong; alphabetical order puts the historical sense first.
nouns	nouns_013	Vordermann	english	medium	gloss	"person in front/role model"	"person in front (of you)"	"role model" is *Vorbild* — a wrong sense grafted on.
nouns	nouns_013	Pfadfinder	english	medium	gloss	"Scout Movement/boy scout/girl scout"	"scout (Scout/Guide)"	"Scout Movement" is *Pfadfinderbewegung*; "girl scout" is US (BrE Girl Guide) and would be *Pfadfinderin*.
nouns	nouns_013	Forstwirt	english	medium	gloss	"silviculturist"	"forester/forestry worker"	Obscure technical rendering of an ordinary trade name.
nouns	nouns_013	Stachel	english	medium	gloss	"prickle/quill/spike"	"sting (of a bee)/thorn/spine"	The commonest sense (bee sting) is absent.
nouns	nouns_013	Luftbild	english	medium	gloss	"air photograph"	"aerial photograph"	Not idiomatic English.
nouns	nouns_013	Rekordmeister	english	medium	gloss	"champion of champions/championship record-holders/record champion"	"record title-holder (club with the most championships)"	First two glosses are invented paraphrases; only the third is on target.
nouns	nouns_013	Bergwelt	english	medium	gloss	"mountain world/alpine world"	"mountain scenery/the mountains"	Literal morpheme rendering of *-welt*, which is not "world" here.
nouns	nouns_013	Wasserhahn	english	medium	gloss	"faucet/water tap", CEFR C1	"tap"; CEFR ~A2	US term placed first in a British-English app, and an everyday household word tagged C1.
nouns	nouns_013	Gips	english	medium	gloss	"cast/gypsum/orthopedic cast"	"plaster (cast)/gypsum"	US spelling "orthopedic" plus a redundant duplicate gloss.
nouns	nouns_013	Tanke	english	medium	gloss	"gas station (colloquial)"	"petrol station (colloquial)"	Purely American term in a British-English bank.
nouns	nouns_013	Bürgersteig	english	medium	gloss	"footpath/pavement/sidewalk"	"pavement"	British and American forms in the same gloss — the brief forbids the doublet.
nouns	nouns_013	US spellings and US-first doublets (group)	english	medium	gloss	`Fernsehprogramm` "TV program/television program"; `Kinderprogramm` "children's program"; `Unterhaltungsprogramm` "entertainment program"; `Fußballfeld` "…/soccer field"; `Strandurlaub` "…/beach vacation"; `Sommerurlaub` "summer vacation/summer holiday"; `Bahnübergang` "grade crossing/level crossing"; `Wunschkennzeichen` "personalized license plate/custom plate"; `Verfärbung` "discoloration/discolouration/…"; `Botenstoff` "…/signaling molecule"; `Eifer` "…/ardor/…"; `Hackfleisch` "ground meat/minced meat"; `Praline` "chocolate candy/…"; `Rechtsanwältin` "advocate/attorney/barrister"; `Selbstbehalt` "deductible"	programme; football pitch; beach holiday; summer holiday; level crossing; personalised number plate; discolouration; signalling molecule; ardour; mince/minced meat; chocolate; solicitor/barrister; excess	British-only spelling and terminology; no UK/US doublets, and never the US form first.
nouns	nouns_013	Fernsehproduktion	cefr	medium	cefr	A1	~B2	Compound of two non-A1 elements; grossly under-levelled.
nouns	nouns_013	Duplicated spelling variants inside one gloss (group)	english	low	gloss	`Rallye` "rally/rallye"; `Greif` "griffin/gryphon"; `Haustürschlüssel` "front door key/front-door key"; `Hoden` "testicle/testicles"; `Tischplatte` "tabletop/table top"; `Wikinger` "Viking/viking"; `Ampere` "ampere/ampère"; `Plane` "…/tarp/tarpaulin"	keep one form each	Same word listed twice; adds no information and clutters the card.
nouns	nouns_013	Obscure or archaic sense placed first (group)	english	low	gloss	`Abhandlung` "disquisition/…"; `Auftrieb` "boom/buoyant force/…"; `Drehung` "gyration/…"; `Eifer` "alacrity/…"; `Hungersnot` "dearth/famine"; `Kiebitz` "green plover/kibitzer/…"; `Lappen` "banknote/botch/cloth"; `Nachtisch` "afters/dessert/pudding"; `Schlitz` "fissure/fly/groove"; `Sinnbild` "allegory/symbol"; `Winterzeit` "standard time/wintertide/…"; `Abzweig` "bifurcation/…"	lead with the everyday sense (treatise; buoyancy/upturn; rotation; eagerness; famine; lapwing; cloth/rag; dessert; slot/slit; symbol; wintertime; turn-off/junction)	Alphabetical gloss sorting has pushed the learner-relevant sense down the list.
nouns	nouns_013	Doubtful plurals on mass/abstract nouns (group)	plural	low	plural	`Erdboden→Erdböden`; `Haarausfall→Haarausfälle`; `Rüstzeug→Rüstzeuge`; `Sprachgebrauch→Sprachgebräuche`; `Ressourcenverbrauch→Ressourcenverbräuche`; `Wuchs→Wüchse`; `Sichtschutz→Sichtschutze`; `Totholz→Tothölzer`; `Arbeitskleidung→Arbeitskleidungen`; `Glukose→Glukosen`; `Osteoporose→Osteoporosen`; `Filmmusik→Filmmusiken`; `Ironie→Ironien`; `Neutralität→Neutralitäten`; `Aggressivität→Aggressivitäten`; `Staatssicherheit→Staatssicherheiten`; `Sicherheitspolitik→Sicherheitspolitiken`; `Familienpolitik→Familienpolitiken`; `Schuldienst→Schuldienste`; `Zivildienst→Zivildienste`; `Atomausstieg→Atomausstiege`	`—` for most	These are mass or abstract nouns whose plurals are at best marginal; several are simply invented.
nouns	nouns_013	Non-words / awkward coinages in glosses (group)	english	low	gloss	`Grillgut` "…/grillables/grills"; `Konstrukteur` "constructer/…"; `Politikwissenschaftler` "…/politologist"; `Nobelpreisträger` "…/Nobelist"; `Gülle` "slurry/swill"; `Biss` "bite/drive"; `Laufschuh` "…/walking shoe"; `Kindergruppe` "child group"; `Generierung` "…/natural language generation"	drop the invented/incorrect halves	Not English words, or senses that do not belong to the German lemma.
nouns	nouns_013	Proper nouns and brand names as headwords (group)	word	low	junk	`Raiffeisenbank` (gloss untranslated), `Masters` (golf tournament), `Bahncard`, `Bundesverkehrsministerium`	remove, or gloss descriptively	Named entities rather than dictionary vocabulary.
nouns	nouns_013	Schulabgänger	english	low	gloss	"school graduate"	"school leaver"	"School leaver" is the British term; "graduate" implies university.
nouns	nouns_013	Final	word	low	junk	`der Final` / `Finals` / "final"	`das Finale` / `Finale`	Swiss regional variant duplicating the live standard word.
nouns	nouns_013	Graphik	word	low	junk	`die Graphik`	`die Grafik`	Superseded spelling variant of a word the bank should teach in its current form.
nouns	nouns_013	Verwaltungskosten	word	low	junk	`die Verwaltungskosten` / plural `Verwaltungskosten`	mark explicitly as plural-only	*Kosten* is plurale tantum; presented as if it had a singular.
nouns	nouns_013	Juristin	cefr	low	cefr	A1, gloss "jurist"	~B1; "lawyer"	"Jurist" is a stilted English rendering, and the level is too low.
nouns	nouns_013	Gästebuch / Subjekt / Himmelsrichtung	cefr	low	cefr	A1	~B1 (Gästebuch, Himmelsrichtung), B1+ for the grammatical term *Subjekt*	None is A1 core vocabulary.
nouns	nouns_013	Schnitzeljagd	english	low	gloss	"scavenger hunt"	"treasure hunt/paper chase"	"Scavenger hunt" is chiefly North American.
nouns	nouns_013	Straßenverkehrsordnung	english	low	gloss	"rules of the road"	"road traffic regulations/the Highway Code"	Vague paraphrase for a named body of law.
nouns	nouns_013	Aufwind	english	low	gloss	"impetus/upcurrent/upwind"	"updraught; (figurative) boost/impetus"	"Upwind" is a direction adverb, not a translation of the noun.
nouns	nouns_013	Werbespot	english	low	gloss	"commercial/ad spot"	"advert/TV commercial"	"Ad spot" is not idiomatic British English.
nouns	nouns_013	Filz	english	low	gloss	"felt/miser"	"felt; (figurative) cronyism/old-boy network"	"Miser" is archaic; the common political sense is missing.
nouns	nouns_013	Ostdeutsche	english	low	gloss	"east German"	"East German"	Capitalisation of a demonym.
nouns	nouns_014	Kontur	article	high	article	der Kontur / Konturen / "contour/outline"	die Kontur	Kontur is feminine in all senses; `der` is simply wrong.
nouns	nouns_014	Versäumnis	article	high	article	die Versäumnis / Versäumnisse	das Versäumnis	Standard gender is neuter; `die` is a regional/obsolete variant.
nouns	nouns_014	Scherben	article	high	junk	der Scherben / — / "shards/pieces of broken glass"	die Scherbe, pl. Scherben, "shard/fragment (of broken glass or pottery)"	The headword is the Austrian/Bavarian variant *and* is actually the plural of die Scherbe; the gloss is given in the plural and the plural field says "no plural".
nouns	nouns_014	Nanopartikel	article	high	article	die Nanopartikel	das Nanopartikel (pl. die Nanopartikel)	*das* Partikel is the physics/matter sense; *die* Partikel is the grammatical particle.
nouns	nouns_014	Microsoft	word	high	junk	das Microsoft / — / "Microsoft"	delete	Company name, takes no article; not a dictionary entry.
nouns	nouns_014	Podest	article	medium	article	der Podest	das Podest (der is secondary)	Neuter is the primary Duden form; also gloss "podium" should be "platform/dais".
nouns	nouns_014	Kataster / Kajak / Avis / Break / Frame	article	low	article	der Kataster, der Kajak, der Avis, der Break, der Frame	das Kataster, das Kajak, das Avis, das Break, das Frame (der secondary in each)	All five are primarily neuter in Duden; the less-useful gender was chosen.
nouns	nouns_014	Python	article	low	article	der Python / "python/python (snake)"	die Python for the snake; drop the duplicated parenthetical	Snake sense is feminine; *der* Python reads as the programming language. Gloss also repeats itself.
nouns	nouns_014	Laster	article	medium	article	das Laster / "vice/bad habit"	keep das Laster = vice, but the far commoner learner word at B1 is **der Laster** = lorry	Dual-gender pair; the rarer lexeme was picked and the lorry sense is absent from the bank at this rank.
nouns	nouns_014	Schrott	plural	high	plural	Schrotte	— ; gloss should lead with "scrap (metal)"	Mass noun, no plural; "rubbish" first also displaces the core sense.
nouns	nouns_014	Schulbeginn	plural	high	plural	Schulbeginne	—	-beginn forms no plural.
nouns	nouns_014	Torf	plural	high	plural	Torfe	—	Mass noun.
nouns	nouns_014	Gebärmutterhalskrebs	plural	high	plural	Gebärmutterhalskrebse	—	Krebs "cancer" has no plural; Krebse means crabs.
nouns	nouns_014	Kernenergie	plural	medium	plural	Kernenergien	—	Mass/abstract noun.
nouns	nouns_014	Schutzkleidung / Sportbekleidung	plural	medium	plural	Schutzkleidungen, Sportbekleidungen	— for both	-kleidung is a collective mass noun.
nouns	nouns_014	Schienenverkehr / Schriftverkehr	plural	medium	plural	Schienenverkehre, Schriftverkehre	— for both	-verkehr forms no plural (cf. Personenverkehr, correctly "—" in this batch).
nouns	nouns_014	Biologieunterricht / Englischunterricht	plural	medium	plural	Biologieunterrichte, Englischunterrichte	— for both	Unterricht has no plural; Kunstunterricht in the same batch correctly has "—".
nouns	nouns_014	Nichts	plural	medium	plural	Nichtse	—	For the glossed sense "nothingness" there is no plural; Nichtse only exists for "nonentity (person)".
nouns	nouns_014	Nostalgie / Popkultur / Krafttraining / Korrektheit / Syntax / Bravour / Kulturpolitik / Partnersuche / Selbstreflexion	plural	low	plural	Nostalgien, Popkulturen, Krafttrainings, Korrektheiten, Syntaxen, Bravouren, Kulturpolitiken, Partnersuchen, Selbstreflexionen	"—" for all	Abstract/mass nouns given routine -en/-s plurals that are not used.
nouns	nouns_014	Bergmann	plural	high	plural	Bergmänner / "digger/miner"	Bergleute; gloss "miner"	-mann occupational nouns pluralise in -leute; "digger" is not a translation of Bergmann.
nouns	nouns_014	Fasching	plural	medium	plural	Faschings	Faschinge (rare) or "—"	"Faschings" is the genitive singular, not a plural.
nouns	nouns_014	Brunch	plural	medium	plural	Brunche	Brunches (also Brunchs)	English loan takes -es/-s, not the German -e.
nouns	nouns_014	Musikgeschichte	plural	medium	plural	Musikgeschichten	—	Musikgeschichten means "music stories"; the glossed sense "history of music" has no plural.
nouns	nouns_014	Header	plural	low	plural	Headers	Header	-er loans in German are zero-plural; "Headers" is the English plural.
nouns	nouns_014	Avis	plural	low	plural	Avis	Avise	Duden gives Avise.
nouns	nouns_014	Röntgen / Schießen / Anbringen	plural	low	plural	Röntgen, Schießen, Anbringen listed with plurals	"—" for all three	Nominalised infinitives do not pluralise.
nouns	nouns_014	adjNoun citation plurals	plural	medium	plural	Vertraute→Vertrauten, Älteste→Ältesten, Wilde→Wilden, Standesbeamte→Standesbeamten, Verliebte→Verliebten, Arbeitsuchende→Arbeitsuchenden, Kriegsgefangene→Kriegsgefangenen, Radikale→Radikalen	bare citation plurals: Vertraute, Älteste, Wilde, Standesbeamte, Verliebte, Arbeitsuchende, Kriegsgefangene, Radikale	Systematic across all eight adjNoun entries in this batch — the weak plural is given instead of the citation form.
nouns	nouns_014	Blasen / Fühlen / Verwalten / Lüften / Anbringen	word	high	junk	das Blasen "blowing", das Fühlen "feeling", das Verwalten "administering/managing", das Lüften "airing/ventilating", das Anbringen "attachment/mounting"	delete all five	Bare nominalised infinitives with no lexicalised noun meaning; corpus junk. (das Blasen additionally carries a crude colloquial sense.)
nouns	nouns_014	Nachsehen	english	medium	gloss	das Nachsehen / "checking/looking up"	"das Nachsehen haben" = to be left empty-handed / come off worst	The only lexicalised use of the noun is the idiom; the given gloss is the bare infinitive meaning.
nouns	nouns_014	Privatleute	word	medium	junk	die Privatleute / Privatleute / "private individuals"	der Privatmann, pl. Privatleute	Plurale-tantum form given as a lemma with a (plural) article.
nouns	nouns_014	Meeresfrüchte	word	low	junk	die Meeresfrüchte / Meeresfrüchte / "sea food/seafood"	singular lemma die Meeresfrucht (usually plural); gloss "seafood" only	Plural lemma; also a spelling doublet in one gloss.
nouns	nouns_014	Reflektion	word	medium	junk	die Reflektion "reflection"	die Reflexion	Non-standard spelling; Selbstreflexion in the same batch uses the correct -xion.
nouns	nouns_014	Calcium / Kalzium	word	low	junk	both listed as separate entries, identical gloss "calcium"	keep one (Kalzium is the German-spelled form)	Duplicate lemma pair.
nouns	nouns_014	Marienkirche	word	low	junk	die Marienkirche "St Mary's Church"	delete	Proper name of buildings, not a common noun.
nouns	nouns_014	Bete	word	medium	gloss	die Bete "beet"	only occurs as "Rote Bete" = beetroot	Bare "Bete" is not usable standalone, and "beet" (US) should be "beetroot".
nouns	nouns_014	Amp	english	low	gloss	der Amp "amp"	"amplifier (slang)" — or delete	Circular gloss; ambiguous with the electrical unit.
nouns	nouns_014	Mini	english	medium	gloss	der Mini "mini"	"miniskirt"	Circular gloss that teaches nothing.
nouns	nouns_014	Morbus	word	low	junk	der Morbus / Morbi "disease"	delete	Latin bound form used only in disease names (Morbus Crohn); not a free German noun.
nouns	nouns_014	Foundation	word	low	junk	die Foundation "foundation"	gloss "foundation (make-up)" or delete	Only borrowed in the cosmetics sense; bare "foundation" invites the false-friend reading.
nouns	nouns_014	Konservierung	english	high	gloss	"conservation/momification/mothballing"	"preservation/conservation"	"momification" is not an English word (mummification), and "mothballing" is a marginal sense.
nouns	nouns_014	Lotto	english	high	gloss	"lotto/sweapstakes"	"lottery/the lottery"	"sweapstakes" is a misspelling of "sweepstakes", and Lotto is the national lottery, not a sweepstake.
nouns	nouns_014	Wirbelsturm	english	medium	gloss	"whirlwind"	"cyclone/hurricane/tornado"	Whirlwind is Wirbelwind; a Wirbelsturm is a full-scale cyclonic storm.
nouns	nouns_014	Rabe	english	medium	gloss	"crow/raven"	"raven"	Crow is Krähe; the alphabetical ordering puts the wrong bird first.
nouns	nouns_014	Garn	english	medium	gloss	"cotton/yarn"	"yarn/thread"	Cotton is Baumwolle; alphabetical ordering has displaced the core sense.
nouns	nouns_014	Ruder	english	medium	gloss	"oar/rudder/webfoot"	"oar/rudder/helm"	"webfoot" (Ruderfuß) is not a sense of Ruder.
nouns	nouns_014	Fernsehgerät	english	medium	gloss	"television/television set/television viewer"	"television set/TV set"	"television viewer" is Fernsehzuschauer — wrong translation.
nouns	nouns_014	Poststelle	english	medium	gloss	"post office/mailroom"	"post room/mailroom (internal)"	A Poststelle is an organisation's internal mail room; a public post office is Postfiliale/Postamt.
nouns	nouns_014	Auftragsdatenverarbeitung	english	medium	gloss	"order data processing"	"commissioned data processing / data processing on behalf of a controller"	Morpheme-mangled compound: Auftrag here is "commission/mandate", not "order (for goods)".
nouns	nouns_014	Breitensport	english	medium	gloss	"popular sport"	"grassroots sport/mass-participation sport"	"popular sport" reads as a sport that is well liked, not the amateur tier opposite Leistungssport.
nouns	nouns_014	Analysis	english	medium	gloss	"analysis/calculus/mathematical analysis"	"calculus/mathematical analysis"	German Analysis never means general "analysis" (that is Analyse); the false friend is put first.
nouns	nouns_014	Restauration	english	medium	gloss	"restoration"	"the Restoration (historical period); (dated) restaurant"	Restoring an artwork or building is Restaurierung; the entry conflates the two.
nouns	nouns_014	Leuchtmittel	english	medium	gloss	"illuminant"	"light bulb/lamp"	Technical term placed where the everyday sense belongs.
nouns	nouns_014	Darmerkrankung	english	medium	gloss	"enteropathy"	"bowel disease/intestinal disease"	Obscure medical Latinate as the only gloss.
nouns	nouns_014	Eingangshalle	english	medium	gloss	"vestibule"	"entrance hall/foyer/lobby"	Obscure register for a plain word.
nouns	nouns_014	Priorisierung	english	medium	gloss	"precedence/priority"	"prioritisation"	The -ierung nominalisation names the act, not the state.
nouns	nouns_014	Losung	english	medium	gloss	"bible quote/droppings/password"	"slogan/watchword/password"	Alphabetical ordering puts two marginal senses ahead of the core one.
nouns	nouns_014	Schließfach	english	medium	gloss	"safe deposit box"	"locker (station, gym); safe deposit box"	The everyday learner sense — a station/gym locker — is missing.
nouns	nouns_014	Konservierungsstoff	english	medium	gloss	"antidegradant/preservative/preserving agent"	"preservative"	Alphabetical ordering leads with an industrial-chemistry term.
nouns	nouns_014	Marder	english	medium	gloss	"Mustelidae/marten"	"marten"	Latin family name given as the first English gloss.
nouns	nouns_014	Ausschreitung	english	medium	gloss	"dissoluteness/riot/rioting"	"riot/violent disturbance"	Archaic sense placed first by alphabetical sort.
nouns	nouns_014	Schlepper	english	medium	gloss	"tout/tractor/tug"	"people smuggler/trafficker; tug; tractor"	"tout" first is misleading; the current-affairs sense (people smuggler) is missing.
nouns	nouns_014	Arbeitslohn	english	medium	gloss	"hire/income/pay"	"wages/pay"	"hire" is not a translation of Lohn.
nouns	nouns_014	Lebensgefährtin	english	medium	gloss	"cohabitee/companion/companion in life"	"partner (female), life partner"	Legalistic "cohabitee" first; the everyday word "partner" is absent.
nouns	nouns_014	Tröpfchen	english	medium	gloss	"driblet/droplet/good wine"	"droplet"	"driblet" is near-obsolete and "good wine" is a stray sense of Tropfen, not Tröpfchen.
nouns	nouns_014	Geschlechtsverkehr	english	low	gloss	"coitus/copulation/sexual intercourse"	"sexual intercourse"	Two clinical synonyms placed ahead of the ordinary term.
nouns	nouns_014	Plattenspieler	english	low	gloss	"gramophone/record player"	"record player/turntable"	"Gramophone" (Grammophon) is a different, older device.
nouns	nouns_014	Doktortitel	english	low	gloss	"doctor's degree/doctoral level/doctorate"	"doctorate/doctoral title"	"doctoral level" is not a rendering of Titel.
nouns	nouns_014	Symphonieorchester	english	low	gloss	"philharmonic orchestra/symphony orchestra"	"symphony orchestra"	Philharmonic is Philharmonie; alphabetical ordering again.
nouns	nouns_014	Guss	english	low	gloss	"affusion/cast/casting"	"casting; downpour; icing"	"affusion" is an obscure baptismal term put first.
nouns	nouns_014	Beisetzung	english	low	gloss	"burial/inhumation/sepulture"	"burial/funeral"	Two archaic Latinate fillers.
nouns	nouns_014	Ansammlung	english	low	gloss	"accumulation/accumulativeness/aggregation"	"accumulation/gathering/crowd"	"accumulativeness" is not an English noun in this sense.
nouns	nouns_014	Randbedingung	english	low	gloss	"boundary condition/constraint/fringe condition"	"boundary condition/constraint"	"fringe condition" is not a term.
nouns	nouns_014	Milliardär	english	low	gloss	"billionaire/multimillionaire"	"billionaire"	A multimillionaire is a Multimillionär — different order of magnitude.
nouns	nouns_014	Laubbaum	english	low	gloss	"broad-leaved/deciduous tree"	"broad-leaved tree/deciduous tree"	First gloss is a bare adjective, so it reads as a non-noun.
nouns	nouns_014	Beiname	english	low	gloss	"nickname/sobriquet/soubriquet"	"epithet/byname"	sobriquet/soubriquet is the same word twice; Beiname is not an ordinary nickname (Spitzname).
nouns	nouns_014	Kommode	english	low	gloss	"chest of drawers/commode/dresser"	"chest of drawers"	English "commode" means a toilet chair — a false friend that should not be offered.
nouns	nouns_014	Mehr	english	low	gloss	das Mehr "plus"	"increase/surplus (ein Mehr an …); majority (Swiss)"	"plus" does not render either real sense.
nouns	nouns_014	Gründerzeit	english	low	gloss	"Gründerzeit"	"the Gründerzeit (German boom period, c.1871–1873)"	Gloss is the German word untranslated.
nouns	nouns_014	Telematikinfrastruktur	english	low	gloss	"teleinformatics infrastructure"	"telematics infrastructure"	Invented English compound.
nouns	nouns_014	Insektensterben	english	low	gloss	"decline in insect populations/insects dying-off/insects extinction"	"insect decline"	Second and third variants are ungrammatical English.
nouns	nouns_014	Umweltbewusstsein / Umweltorganisation	english	low	gloss	"environment awareness", "environment organisation"	"environmental awareness", "environmental organisation"	Attributive noun used where the adjective is required.
nouns	nouns_014	Kleinschreibung	english	low	gloss	"lower case printing/lower case writing"	"lower-case spelling/writing in lower case"	Awkward calque.
nouns	nouns_014	Funkgerät	english	low	gloss	"radio"	"two-way radio/walkie-talkie"	Bare "radio" collides with Radio (broadcast receiver).
nouns	nouns_014	Titan / Lama	english	low	gloss	"titanium/titanium (element)", "llama/llama (animal)"	"titanium", "llama"	Gloss repeats itself with a redundant parenthetical.
nouns	nouns_014	Vorsprache	english	low	gloss	"formal appointment/appearance in person"	"calling on someone (in person), representation to an authority"	"formal appointment" is Termin, not Vorsprache.
nouns	nouns_014	Wilde	english	low	gloss	"wild one/savage"	"wild man/wild one" with a dated/offensive marker	"savage" is offensive in modern British English and needs a register warning.
nouns	nouns_014	Tücke	english	low	gloss	"guile/malice/vice"	"malice/treachery; (pl.) snags, pitfalls"	"vice" is not a sense of Tücke.
nouns	nouns_014	Haltepunkt	english	low	gloss	"halt"	"stopping point; (rail) halt; (computing) breakpoint"	Single-word gloss is too thin to disambiguate.
nouns	nouns_014	US spellings	english	medium	gloss	Landesarbeitsgericht "labor court", Radioprogramm "radio program", Rüstungsgut "defense equipment", Anämie "anemia", Kinderlexikon "children's encyclopedia", Parodontitis "pyorrhea"	labour, programme, defence, anaemia, encyclopaedia, pyorrhoea	App is British English throughout.
nouns	nouns_014	UK/US doublets in one gloss	english	low	gloss	Nichtraucher "non-smoker/nonsmoker", Reihenhaus "terraced house/row house", Homöopathie "homeopathy/homoeopathy/homœopathy", Östrogen "oestrogen/œstrogen", Unterwelt "nether world/netherworld/underworld", Vollnarkose "general anaesthesia/general anesthesia", Haartrockner "hairdrier/hairdryer/hand hairdryer", Meeresfrüchte "sea food/seafood", Bahnlinie "railroad line/railway line"	keep one British form each	The rule is a single form, British only.
nouns	nouns_014	American term placed before the British one	english	medium	gloss	Müllabfuhr "garbage collection/…", Urlaubsreise "vacation trip/holiday trip", Warteschlange "line/queue/…", Windschutzscheibe "windshield/windscreen", Wohnungseigentümer "apartment owner/flat owner", Gänsehaut "goose bumps/…", Autounfall "auto accident/bingle/car accident", Gummistiefel "Wellington boot/gumboot/rainboot", Kuscheltier "plush toy/plushie/stuffed animal", Schulnote "grade/mark"	British form first (rubbish collection, holiday trip, queue, windscreen, flat owner, goose pimples, car accident, wellington boot, cuddly toy, mark)	Learner sees the US form first in each case. Autounfall additionally offers "bingle", Australian slang.
nouns	nouns_014	Drogeriemarkt	english	medium	gloss	"drugstore"	"chemist's/drugstore chain"	US-only term as the sole gloss.
nouns	nouns_014	Turnschuh	english	medium	gloss	"sneaker"	"trainer"	US-only term as the sole gloss.
nouns	nouns_014	Rennwagen	english	medium	gloss	"race car/racecar"	"racing car"	Two US spellings and no British form.
nouns	nouns_014	Arsch	english	medium	gloss	"butt/bottom (vulgar)"	"arse (vulgar)/backside"	The direct British equivalent is missing; "butt" is US and "bottom" is too mild for the register.
nouns	nouns_014	Puma	english	medium	gloss	"cougar/mountain lion/panther"	"puma/cougar"	Two US terms first, and "panther" is a different animal.
nouns	nouns_014	Likör / Schnaps	english	low	gloss	"cordial/liqueur", "liquor/spirits"	"liqueur", "schnapps/spirits"	"cordial" and "liquor" are US/dated usages placed first.
nouns	nouns_014	Nachnahme	english	low	gloss	"collect on delivery"	"cash on delivery (COD)"	US phrasing.
nouns	nouns_014	Paprika	english	low	gloss	"capsicum/pepper"	"pepper/sweet pepper"	"capsicum" is Australian usage placed first.
nouns	nouns_014	Kurzform (A1, rank 8672) / Metzgerei (A1, rank 8683)	cefr	low	cefr	A1	B1 or higher	Grammar-metalanguage and low-frequency vocabulary tagged as first-lesson words.
nouns	nouns_014	Rindfleisch (C1) / Arbeitskollege (C1) / Lederhose (C1)	cefr	low	cefr	C1	A2–B1	Everyday concrete nouns tagged as advanced.
nouns	nouns_014	Hallig (A2) / Hochseilgarten (A2)	cefr	low	cefr	A2	B2/C1	Rare regional/specialist words tagged as elementary.
nouns	nouns_015	Autoradio	article	high	article	der Autoradio / "automobile radio/car radio"	das Autoradio; gloss "car radio"	base noun is *das Radio*, so the compound is neuter — this is the same `der Radio` defect as elsewhere in the bank.
nouns	nouns_015	Münster	article	high	article	der Münster — "cathedral/minster"	das Münster	the church is neuter (*das Ulmer Münster*); *der Münster* exists only as a place/cheese name.
nouns	nouns_015	Zucchini	article	high	article	der Zucchini	die Zucchini (pl. Zucchini/Zucchinis); gloss "courgette" only	standard German is feminine; *der Zucchini* is an Austrian/Swiss regionalism. Gloss also carries a UK/US doublet (courgette/zucchini) — keep "courgette".
nouns	nouns_015	Wirren	article	high	junk	das Wirren / Wirren / "disturbances/riots"	die Wirren (plurale tantum), no singular	fabricated neuter singular headword for a plural-only noun; *das Wirren* does not exist.
nouns	nouns_015	Kästen	word	high	junk	die Kästen / Kästen / "boxes/cases"	delete — the lemma is *der Kasten*, pl. *Kästen*	the plural of a masculine noun has been entered as its own feminine headword.
nouns	nouns_015	Posen	word	high	junk	das Posen / "Posen/Poznań (city)"	delete	a place name (and a homograph of the infinitive *posen*), not a dictionary noun.
nouns	nouns_015	Food	word	high	junk	das Food / — / "food"	delete (use *das Essen* / *die Lebensmittel*)	not a German lexeme; only occurs as a marketing prefix (*Food-Trend*). Teaches a learner a word that does not exist.
nouns	nouns_015	Log	plural	high	plural	das Log → Loge	das Log → Logs	"Loge" is a different lexeme (*die Loge*, theatre box); the plural has been borrowed from another word.
nouns	nouns_015	Leitthema	plural	high	plural	Leitthemata	Leitthemen	*Thema* takes -en in compounds; *Themata* is an archaic Latinism and wrong here.
nouns	nouns_015	Giebel	english	high	gloss	"Prussian carp/gable/gables"	"gable"	alphabetical sorting has put a rare fish sense first and the core architectural sense third; "gable/gables" is also a duplicate.
nouns	nouns_015	Leiste	english	high	gloss	"band/bar/fess"	"strip/batten/skirting board; groin (anatomy)"	primary senses lost entirely — the learner gets a heraldic term (*fess*) and no skirting board and no anatomical "groin".
nouns	nouns_015	Ausspruch	english	high	gloss	"observation/pronouncement/pronunciation"	"saying/remark/utterance"	"pronunciation" is flatly wrong (that is *Aussprache*), and the core sense "saying/quotation" is absent.
nouns	nouns_015	Fließ	article	medium	article	der Fließ	das Fließ	the Brandenburg/Low German watercourse noun is neuter.
nouns	nouns_015	adjNoun citation plurals	plural	medium	plural	Neugierige→Neugierigen, Schutzsuchende→Schutzsuchenden, Sechsjährige→Sechsjährigen, Konservative→Konservativen, Kurze→Kurzen, Mitreisende→Mitreisenden	bare citation plurals — Neugierige, Schutzsuchende, Sechsjährige, Konservative, Kurze, Mitreisende	all six adjectival nouns list the weak/definite-article form instead of the citation plural.
nouns	nouns_015	Zielgerade	plural	medium	plural	Zielgerade → Zielgerade	Zielgeraden	opposite error to the above — this one is lexicalised and does take -n.
nouns	nouns_015	Invented plurals on mass/abstract nouns	plural	medium	plural	Sodbrennen→Sodbrennen, Sparsamkeit→Sparsamkeiten, Steinkohle→Steinkohlen, Umweltverschmutzung→Umweltverschmutzungen, Akupunktur→Akupunkturen, Baukunst→Baukünste, Fachwelt→Fachwelten, Klimaforschung→Klimaforschungen, Knete→Kneten, Collagen→Collagene, Elfenbein→Elfenbeine, Egoismus→Egoismen, Anglistik→Anglistiken, Ausbildungsbeginn→Ausbildungsbeginne, Upcycling→Upcyclings, Voraussicht→Voraussichten, Vorherrschaft→Vorherrschaften, Wohnungsnot→Wohnungsnöte, Stromproduktion→Stromproduktionen, Lobbyarbeit→Lobbyarbeiten, Warenwirtschaft→Warenwirtschaften, Melancholie→Melancholien	`—` for all of these	mass, abstract or subject-name nouns given fabricated plurals; *Anglistiken* and *Ausbildungsbeginne* are the most clearly non-existent.
nouns	nouns_015	Bafög / BAföG	word	medium	junk	two separate entries — "das Bafög = student financial aid (BAföG)" and "das BAföG = Federal Training Assistance Act"	one entry, das BAföG, "student grant/loan (German student finance)"	duplicate lemma differing only in casing, with two unreconciled glosses.
nouns	nouns_015	Herzensangelegenheit	english	medium	gloss	"matter close to one?s heart"	"matter close to one's heart"	mojibake — the apostrophe has been replaced by a literal question mark.
nouns	nouns_015	Mailbox	english	medium	gloss	"mailbox"	"voicemail (mailbox)"	German *die Mailbox* almost always means the voicemail service on a phone; the bare English lookalike teaches the wrong thing at A2.
nouns	nouns_015	Flat	english	medium	gloss	"flat-rate/flatshare"	"flat rate (mobile/internet tariff)"	"flatshare" is wrong (*WG*); and the entry gives no warning that German *Flat* never means a dwelling.
nouns	nouns_015	Vollkaskoversicherung	english	medium	gloss	"collision damage insurance"	"fully comprehensive (car) insurance"	CDW is a car-hire waiver, not the German comprehensive motor policy.
nouns	nouns_015	Genussmittel	english	medium	gloss	"stimulant"	"semi-luxury food/drink (coffee, tobacco, alcohol)"	mistranslation; nothing pharmacological is meant.
nouns	nouns_015	Blutbahn	english	medium	gloss	"circulatory system"	"bloodstream"	*Blutbahn* is the bloodstream (*Kreislauf* is the circulatory system).
nouns	nouns_015	Belüftung	english	medium	gloss	"aeration/oxygenation"	"ventilation/aeration"	the everyday sense "ventilation" is missing entirely.
nouns	nouns_015	Begleiterscheinung	english	medium	gloss	"accompaniment/concomitant/concomitant phenomenon"	"side effect/concomitant phenomenon"	the usable sense "side effect" is absent; "accompaniment" is misleading.
nouns	nouns_015	Abzweigung	english	medium	gloss	"branch/branch duct/branch-off"	"turn-off/junction/fork"	the road sense a learner actually needs is missing; the glosses are plumbing jargon.
nouns	nouns_015	Hochrechnung	english	medium	gloss	"expansion/extrapolation/projection"	"projection/extrapolation (esp. election forecast)"	"expansion" is wrong and sits first through alphabetical sorting.
nouns	nouns_015	Drehkreuz	english	medium	gloss	"lug wrench/transport hub/turnstile"	"turnstile; hub"	"lug wrench" (*Kreuzschlüssel*) is wrong and heads the list.
nouns	nouns_015	Null	english	medium	gloss	"cipher/loser/zero"	"zero/nought; (fig.) nobody"	the core numeral sense is buried behind an archaic and a slang sense.
nouns	nouns_015	Einhorn	english	medium	gloss	"Monoceros/unicorn"	"unicorn"	the constellation name is placed before the everyday sense.
nouns	nouns_015	Sonnenblume	english	medium	gloss	"helianthus/sunflower"	"sunflower"	Latin botanical name first.
nouns	nouns_015	Melancholie	english	medium	gloss	"megrim/melancholia/melancholy"	"melancholy"	"megrim" is archaic and leads; also see invented-plural bullet.
nouns	nouns_015	Zufluss	english	medium	gloss	"affluent/tributary"	"tributary; inflow"	"affluent" as a noun is obsolete and reads as the adjective — a false friend in first position.
nouns	nouns_015	Würze	english	medium	gloss	"flavour/malt liquor"	"seasoning/spice; (brewing) wort"	the primary sense "seasoning" is missing and "malt liquor" is a bad rendering of *wort*.
nouns	nouns_015	Latte	english	medium	gloss	"bar/crossbar/hard-on"	"batten/slat; crossbar"	vulgar slang in a learner deck, and the everyday "batten/lath" sense is absent.
nouns	nouns_015	Spielleiter	english	medium	gloss	"emcee/master of ceremonies"	"director (theatre); game master/referee"	neither gloss covers the usual senses; "emcee" is US slang.
nouns	nouns_015	Mitreisende	english	medium	gloss	"traveller"	"fellow traveller/fellow passenger"	the *mit-* morpheme is dropped, losing the whole meaning.
nouns	nouns_015	Waschtisch	english	medium	gloss	"sink"	"washbasin/washstand"	"sink" reads as a kitchen sink (*Spüle*) in British English.
nouns	nouns_015	Umgehung	english	medium	gloss	"avoidance/beltway/bypassing"	"circumvention/evasion; bypass (road)"	"beltway" is both US-only and the wrong road type (*Ring*, not *Umgehungsstraße*).
nouns	nouns_015	Laufrad	english	medium	gloss	"running wheel"	"balance bike; (running) wheel"	today's dominant sense — the child's balance bike — is missing.
nouns	nouns_015	Erwarten / Gasen	word	medium	junk	das Erwarten "expectation"; das Gasen "gassing/off-gassing"	delete both	nominalised infinitives with no independent dictionary life — *Erwarten* only survives in *wider Erwarten*, *Gasen* is not a lexicalised noun.
nouns	nouns_015	Other nominalised infinitives	word	low	junk	das Händewaschen, das Zähneputzen, das Klopfen, das Inverkehrbringen	consider removing or marking as gerund forms	corpus-derived infinitive nominalisations rather than learner vocabulary (*Ableben*, *Aufeinandertreffen*, *Ersuchen*, *Entsetzen* are genuinely lexicalised and fine).
nouns	nouns_015	Semesterferien / Behandlungskosten	word	low	junk	listed as singular headwords with plural = same form	mark as plurale tantum	both are plural-only; presenting them as singular lemmas is misleading. uncertain: yes
nouns	nouns_015	American spellings	english	low	gloss	Zwangsarbeiter "forced laborer"; Hirntumor "brain tumor"; Axt "ax/axe"; Enzyklopädie "encyclopaedia/encyclopedia"; Zubau "annex"	labourer, tumour, axe, encyclopaedia, annexe	British-only spelling required, and no UK/US doublets in one gloss.
nouns	nouns_015	American terms used or placed first	english	medium	gloss	Studentenwohnheim "student dormitory/residence hall"; Vorgarten "front yard"; Wanderparkplatz "hikers' parking lot"; Wohnküche "eat-in kitchen"; Traumurlaub "dream holiday/dream vacation"; Skiurlaub "ski vacation/ski holiday"; Postbote "mailman/postman"; Lehrerschaft "faculty/teaching staff"; Assistenzarzt "resident/assistant physician"; Einberufung "call-up/military draft"; Rückstau "backup"; Föhn "blow dryer/blow-dryer/blowdryer"; Riesenrad "...ferris wheel"; Mitschnitt "aircheck/recording"	hall of residence; front garden; hikers' car park; kitchen-diner; dream holiday; ski holiday; postman; teaching staff; junior doctor/registrar; call-up/conscription; tailback; hairdryer; big wheel; recording	US vocabulary in a British-English app, several times ahead of the British equivalent; *Föhn* additionally lists three spellings of one US term.
nouns	nouns_015	Obscure/archaic sense placed first	english	low	gloss	Meerschweinchen "cavy/..."; Singvogel "Passerine/songbird"; Besen "besom/broom/brush"; Grotte "grot/grotto"; Botschafterin "ambassador/ambassadress"; Fraktur "blackletter script/fracture"; Auditorium "auditorium/auditory"	put the everyday sense first and drop the archaisms	alphabetical gloss ordering has promoted rare or obsolete words.
nouns	nouns_015	Non-words and typos in glosses	english	low	gloss	Biennale "biennal"; Regionalität "regionness"; Anglistik "anglistics"; Armaturenbrett "facia"; Gesamtkunstwerk "Gesamtkunstwerk"	biennial/biennale; regional character; English studies; fascia; total work of art	invented or misspelt English, and one gloss that just repeats the German headword.
nouns	nouns_015	Traditionsunternehmen	english	low	gloss	"traditional company"	"long-established company"	morpheme-literal rendering; the German means a firm with a long history, not one that is "traditional".
nouns	nouns_015	Volkskrankheit	english	low	gloss	"common illness/disease of the people"	"widespread disease"	second gloss is a literal morpheme calque.
nouns	nouns_015	Herzfehler	english	low	gloss	"congenital heart defect"	"heart defect"	"congenital" is added without warrant (*angeboren* is not in the compound).
nouns	nouns_015	Kraftfahrer	english	low	gloss	"professional driver"	"motorist/driver"	over-narrow.
nouns	nouns_015	Klassensprecher	english	low	gloss	"class spokesman"	"class representative"	standard British school term; also avoids the gendered form.
nouns	nouns_015	Anrufbeantworter	english	low	gloss	"answering machine/answerphone/mailbox"	"answerphone/answering machine"	"mailbox" is not a sense of this word.
nouns	nouns_015	Blondine	english	low	gloss	"blond/blonde"	"blonde (woman)"	UK/US-style doublet of one word, and the referent is unclear.
nouns	nouns_015	Täterin / Zahnärztin / Aktivistin	english	low	gloss	"criminal/culprit/offender", "dentist", "activist" — no gender marked	add "(female)" as done for Spenderin, Übersetzerin, Gegnerin etc.	inconsistent handling of -in forms within the same batch; *Täterin* should also lead with "perpetrator".
nouns	nouns_015	Liegestuhl	english	low	gloss	"deck chair/deckchair/lounger"	"deckchair"	the same word listed twice with and without the space.
nouns	nouns_015	Vorsteuer	english	low	gloss	"input tax/pre-tax/prior tax"	"input tax (VAT)"	"pre-tax" and "prior tax" are not senses of *Vorsteuer*.
nouns	nouns_015	Abstract	article	low	article	der Abstract	das Abstract (Duden main form)	neuter is the primary listing; masculine is a secondary variant. uncertain: yes
nouns	nouns_015	Interessensgruppe	word	low	junk	die Interessensgruppe	die Interessengruppe	the linking -s- form is a non-standard variant of the live headword.
nouns	nouns_015	Geweih	english	low	gloss	"antler/horns"	"antlers"	"horns" is a different structure (*Hörner*); *Geweih* is collective.
nouns	nouns_015	CEFR outliers	cefr	low	cefr	Silbe C1, Skateboard C1, Steinkohle C1, Traumurlaub A1	roughly B1 / A2 / B2 / B1	two transparent everyday words tagged C1 and a compound holiday word tagged A1. uncertain: yes
nouns	nouns_015	Jakobsweg	word	low	junk	der Jakobsweg "Way of St James"	consider removing	a proper route name rather than general vocabulary. uncertain: yes
nouns	nouns_016	Array	article	high	article	der Array	das Array (Plural Arrays)	Duden lists Array as neuter in computing; masculine is wrong.
nouns	nouns_016	Gruppenfoto	article	high	article	die Gruppenfoto	das Gruppenfoto	head noun is *das Foto*; compounds take the head's gender.
nouns	nouns_016	Pflegeeltern	article	high	article	das Pflegeeltern / Pflegeeltern	die Pflegeeltern (plurale tantum, no singular)	*Eltern* is plural-only; a neuter singular article is impossible.
nouns	nouns_016	Rohdaten	article	high	article	das Rohdaten / Rohdaten	die Rohdaten (plurale tantum)	same fault — plural-only noun given a neuter singular article.
nouns	nouns_016	Shorts	article	high	article	das Shorts / Shorts	die Shorts (plurale tantum)	German *Shorts* exists only as a plural.
nouns	nouns_016	Ozon	article	high	article	der Ozon	das Ozon	standard gender is neuter; masculine is a rare technical variant only.
nouns	nouns_016	Neunziger	article	high	article	das Neunziger, plural Neunziger	der Neunziger (man in his nineties) / die Neunziger (the 1990s, plural only)	neuter is wrong for both senses the gloss lists, and the two senses have different genders.
nouns	nouns_016	Preview	article	low	article	der Preview	die/das Preview	masculine is the least-attested of the three; cf. *das Interview*.
nouns	nouns_016	Yoga	article	low	article	der Yoga	das Yoga (der as secondary variant)	neuter is the commoner form for learners.
nouns	nouns_016	Keks	plural	high	plural	Keks	Kekse	uninflected plural is wrong; also gloss carries a UK/US doublet (see spelling bullet).
nouns	nouns_016	Krebsrisiko	plural	high	plural	Krebsrisikos	Krebsrisiken	*Risiko* pluralises in ‑ken, not ‑s.
nouns	nouns_016	Semesterbeginn	plural	high	plural	Semesterbeginne	—	*Beginn* has no plural; invented form.
nouns	nouns_016	Atomkraft	plural	high	plural	Atomkräfte	—	mass noun ("nuclear energy"); *Atomkräfte* would mean physical nuclear forces, a different lexeme.
nouns	nouns_016	Schlafmangel	plural	high	plural	Schlafmängel	—	mass noun; *Mängel* is the "defects" plural of the free-standing *Mangel*.
nouns	nouns_016	Abluft	plural	high	plural	Ablüfte	—	*Luft* compounds of this type have no plural; invented.
nouns	nouns_016	Dienstpost	plural	high	plural	Dienstposten	— (die Dienstpost is uncountable)	*Dienstposten* is a separate masculine lexeme meaning "post, position" — plural borrowed from another word.
nouns	nouns_016	Gicht	plural	high	plural	Gichten	—	gout is uncountable; *Gichten* belongs to the metallurgical *Gicht* (furnace throat).
nouns	nouns_016	Schach	plural	high	plural	Schachs	—	the game name has no plural.
nouns	nouns_016	Brennholz	plural	high	plural	Brennhölzer	—	mass noun; *Hölzer* means "types/pieces of wood", not firewood.
nouns	nouns_016	Erbgut	plural	high	plural	Erbgüter	—	"genetic material" is uncountable; *Erbgüter* reads as inherited estates.
nouns	nouns_016	Cellulite	plural	medium	plural	Celluliten	—	uncountable medical condition; invented plural.
nouns	nouns_016	Popcorn	plural	medium	plural	Popcorns	—	mass noun; gloss also lists three junk spellings (see spelling bullet).
nouns	nouns_016	Bronzezeit	plural	medium	plural	Bronzezeiten	—	a named historical epoch has no plural.
nouns	nouns_016	Bewunderung	plural	medium	plural	Bewunderungen	—	abstract emotion; no plural in use.
nouns	nouns_016	Schwarzarbeit	plural	medium	plural	Schwarzarbeiten	—	mass noun for the activity.
nouns	nouns_016	Aufenthaltsdauer	plural	medium	plural	Aufenthaltsdauern	—	*Dauer* has no plural.
nouns	nouns_016	Einzelunterricht / Berufsschulunterricht / Förderunterricht	plural	medium	plural	Einzelunterrichte / Berufsschulunterrichte / Förderunterrichte	— for all three	*Unterricht* is uncountable in German; all three plurals are invented.
nouns	nouns_016	Adjectival nouns given the weak-oblique plural	plural	medium	plural	Sterbenden, Vermissten, Benachteiligten, Trauernden, Verheirateten, Zehnten, Zweitplatzierten	Sterbende, Vermisste, Benachteiligte, Trauernde, Verheiratete, Zehnte, Zweitplatzierte	all seven `adjNoun` entries cite the *die ‑n* form instead of the bare citation plural.
nouns	nouns_016	Abstract/mass nouns given a formally possible but unused plural	plural	low	plural	Nutztierhaltungen, Platzbedarfe, Weltgemeinschaften, Sozialrechte, Gegenwehren, Gamifications, Brandbekämpfungen, Familienplanungen, Spitzenforschungen, Sterbehilfen, Abrüstungen, Fehlersuchen, Arbeitssuchen, Bundespolitiken, Verkehrspolitiken, Geschäftswelten, Feminismen, Übertragbarkeiten, Überlegenheiten, Vertrauenswürdigkeiten, Umweltverträglichkeiten, Chancengerechtigkeiten, Gegenseitigkeiten, Flugbetriebe, Forschungsbedarfe, Bildungsstände, Artensterben	— in each case	grouped low-confidence set; these are process/abstract nouns a learner will never pluralise.
nouns	nouns_016	Schreck	plural	low	plural	Schrecke	— (or *Schrecken*)	dictionary-listed but effectively never used; misleading to teach.
nouns	nouns_016	Recherchieren	word	high	junk	das Recherchieren — "researching"	delete; use *die Recherche*	bare nominalised infinitive, corpus artefact.
nouns	nouns_016	Rufen	word	high	junk	das Rufen — "calling"	delete; use *der Ruf*	bare nominalised infinitive.
nouns	nouns_016	Wählen	word	high	junk	das Wählen — "voting/dialling"	delete; use *die Wahl*	bare nominalised infinitive, and the two glosses belong to two unrelated verb senses.
nouns	nouns_016	Chatten	word	high	junk	das Chatten — "chatting"	delete; use *der Chat*	bare nominalised infinitive.
nouns	nouns_016	Schalke	word	high	junk	die Schalke, plural Schalken — "Schalke (football club)"	delete	proper noun (a Gelsenkirchen district / club name), and *Schalken* is a fabricated plural.
nouns	nouns_016	Movie	word	medium	junk	der Movie, Movies — "movie/film"	delete; use *der Film*	not an established German noun; teaches a pseudo-anglicism.
nouns	nouns_016	Faxe	word	medium	junk	die Faxe — "antics/silly faces"	die Faxen (plurale tantum) for "antics"; the singular means only "grimace"	singular headword back-formed from a plural-only idiom (*Faxen machen*).
nouns	nouns_016	Kaffeetrinken	word	low	junk	das Kaffeetrinken	keep only if the "afternoon coffee" sense is put first	borderline nominalised infinitive; only the lexicalised social sense justifies it.
nouns	nouns_016	Wirtschaftsweise	english	high	gloss	die Wirtschaftsweise — "economic expert/economic adviser"	die Wirtschaftsweise = "mode of economic activity, economic system"; the expert is *der Wirtschaftsweise* (masc. adjectival noun, plural die Wirtschaftsweisen)	two different lexemes conflated; the feminine word never means "economic expert".
nouns	nouns_016	Gier	english	high	gloss	"avidity/craving/cupidity"	"greed/greediness"	the core meaning is missing entirely; all three glosses are literary/archaic.
nouns	nouns_016	Leuchte	english	high	gloss	"luminaire/lustre/shining star"	"light, lamp, light fitting (/ figurative: luminary)"	the everyday meaning "lamp/light" is absent; "lustre" is wrong.
nouns	nouns_016	Waggon	english	medium	gloss	"carload/freight car/waggon"	"railway carriage/wagon/truck (rail)"	"carload" is not a translation of the noun and "freight car" is US; the ordinary sense is missing.
nouns	nouns_016	Lebensretter	english	medium	gloss	"life preserver/saver of life"	"lifesaver, rescuer"	"life preserver" is an object (lifebuoy), not a person.
nouns	nouns_016	Treibhauseffekt	english	medium	gloss	"global warming/greenhouse effect"	"greenhouse effect"	global warming is *die Erderwärmung*; wrong sense placed first.
nouns	nouns_016	Gefolge	english	medium	gloss	"consequence/entourage/retinue"	"entourage, retinue (im Gefolge von = in the wake of)"	alphabetical sort put a sense that exists only inside a fixed phrase first.
nouns	nouns_016	Gerade	english	medium	gloss	"jab/straight/straight line"	"straight line (geometry); straight (boxing punch)"	boxing jargon promoted above the core geometric sense.
nouns	nouns_016	Kür	english	medium	gloss	"choice/freestyle exercise/inventiveness"	"freestyle programme/routine (skating, gymnastics)"	"choice" and "inventiveness" are not usable senses.
nouns	nouns_016	Charge	english	medium	gloss	"a small character part/batch/charge"	"batch, lot (production); bit part (theatre)"	an obscure theatre sense sorted to the front, written as a phrase not a gloss.
nouns	nouns_016	Höflichkeit	english	medium	gloss	"complaisance/politeness/suavity" (A1)	"politeness, courtesy"	archaic glosses first on an A1 word; "suavity" is wrong.
nouns	nouns_016	Zauberei	english	medium	gloss	"witchcraft/wizardry"	"magic, conjuring (/ sorcery)"	the neutral everyday sense is missing.
nouns	nouns_016	Gesellschaftsform	english	medium	gloss	"company form"	"type of society, social system (/ legal form of a company)"	morpheme-mangled: *Gesellschaft* read as "company" only; primary sense is sociological.
nouns	nouns_016	Profilierung	english	medium	gloss	"profiling"	"raising one's profile, self-promotion (/ shaping, profiling — technical)"	false-friend gloss; German *Profilierung* is not data or racial profiling (*Profiling*).
nouns	nouns_016	Rauchentwicklung	english	medium	gloss	"smoke development"	"smoke generation, production of smoke"	morpheme-by-morpheme rendering; "smoke development" is not English.
nouns	nouns_016	Ruhepause	english	medium	gloss	"respite"	"rest, break, breather"	the plain sense is missing; "respite" is wrong register for a compound of *Pause*.
nouns	nouns_016	Machthaber	english	medium	gloss	"power broker/power holder/strongman"	"ruler, person in power"	"power broker" is a different concept; the neutral gloss is absent.
nouns	nouns_016	Schlaufe	english	medium	gloss	"becket/loop"	"loop, strap"	obscure nautical term sorted first.
nouns	nouns_016	Begleiterin	english	low	gloss	"accompanist/companion"	"companion (/ accompanist — music)"	specialist musical sense first.
nouns	nouns_016	Rübe	english	low	gloss	"beet/root vegetable/storage organ"	"turnip, beet"	"storage organ" is botanical jargon, not a gloss.
nouns	nouns_016	Armutsgrenze	english	low	gloss	"breadline/poverty line"	"poverty line"	colloquial term first.
nouns	nouns_016	Schicksalsschlag	english	low	gloss	"blow/blow of fate/stroke"	"blow of fate, stroke of misfortune"	alphabetical sort left two bare fragments.
nouns	nouns_016	Vokabular	english	low	gloss	"list of words/vocabulary"	"vocabulary"	paraphrase before the real gloss.
nouns	nouns_016	Regenschirm	english	low	gloss	"brolly/umbrella" (A1)	"umbrella"	colloquialism first on an A1 word.
nouns	nouns_016	Krug	english	low	gloss	"flagon/jug/pitcher"	"jug (/ mug, tankard)"	archaic term first; "pitcher" is the US form.
nouns	nouns_016	Waise	english	low	gloss	"orphan/orphan rhyme"	"orphan"	typographic jargon appended pointlessly.
nouns	nouns_016	Zehnte	english	low	gloss	"tenth"	"the tenth (one); (historical) tithe"	bare ordinal gloss hides the substantive historical sense.
nouns	nouns_016	Kapitalgeber	english	low	gloss	"lender of capital"	"investor, financial backer"	literal rendering, not idiomatic.
nouns	nouns_016	Hausordnung / Bürgerrecht / Frauenrecht / Anführungszeichen	english	low	gloss	"house rule" / "civil rights" / "women's rights" / "quotation marks"	number of gloss should match the headword: "house rules"; "civil right"; "woman's right"; "quotation mark"	singular/plural mismatch between lemma and gloss in both directions.
nouns	nouns_016	Schwerhörigkeit	english	low	gloss	"hearing loss"	"hardness of hearing, impaired hearing"	*Hörverlust* is hearing loss; this is the condition of being hard of hearing.
nouns	nouns_016	Kollekte	english	low	gloss	"offertory"	"collection (in church)"	liturgical term where a plain gloss is needed.
nouns	nouns_016	Meisterbrief	english	low	gloss	"master craftman's certificate/master craftsman's diploma"	"master craftsman's certificate"	typo ("craftman's") plus a duplicate variant.
nouns	nouns_016	Dattel	english	low	gloss	"date"	"date (fruit)"	ambiguous with the calendar sense.
nouns	nouns_016	Wade	english	low	gloss	"calf"	"calf (of the leg)"	ambiguous with the young cow.
nouns	nouns_016	US terms or US-first ordering	english	medium	gloss	Notendurchschnitt "grade point average"; Segelboot "sailboat"; Sojabohne "soy bean"; Spritpreis "…/gas price"; Sprit "gas/petrol/…"; Sparbuch "bankbook/passbook"; Wäschetrockner "clothes dryer/laundry dryer"; Wohnungsbrand "apartment fire/flat fire"; Bahntrasse "railroad line/railway line"; Immobilienkäufer "real estate buyer"; Frühchen "preemie"; Krematorium "crematory"; Weste "vest/waistcoat"; Angel "fishing pole/fishing rod/…"; Blitzer "photo radar/red light camera/speed camera"; Flüsschen "creek/…"; Diele "…/entryway/…"; Basketballer "…/hoopster"; Bügeleisen "flat iron/iron"; Wippe "seesaw/teeter board/teeter-totter"	British form only and first — average grade; sailing boat; soya bean; fuel price / petrol; savings book/passbook; tumble dryer; flat fire; railway line; property buyer; premature baby; crematorium; waistcoat; fishing rod; speed camera; stream/brook; hall; basketball player; iron; seesaw	app is British English; US terms are either wrong or wrongly placed first.
nouns	nouns_016	Two spellings of the same word in one gloss	english	low	gloss	Keks "biscuit/cookie"; Zar "czar/tsar"; Fjord "fiord/fjord"; Furore "furor/furore/sensation"; Motorhaube "bonnet/engine hood/hood"; Bauernmarkt "farmers market/farmers' market"; Ortsname "place name/placename/toponym"; Geburtenrate "birth rate/birthrate/natality"; Popcorn "pop corn/popcorn/popped corn"; Satteldach "double pitch roof/double-pitched roof/gable roof"; Schatzkammer "treasure chamber/treasure room/treasure vault"; Lichterkette "chain of beacons/chain of lights/fairy lights"; Wiederwahl "reelection"	one British form only — biscuit; tsar; fjord; furore; bonnet; farmers' market; place name; birth rate; popcorn; gable roof; treasury/treasure chamber; fairy lights (first); re-election	house rule is a single British form per sense; Lichterkette additionally buries the everyday sense last.
nouns	nouns_016	Abholzung	english	low	gloss	"clearing/cutting down/deforesting"	"deforestation, felling"	gerunds used where a noun is required.
nouns	nouns_016	Sterbehilfe	english	low	gloss	"euthanasia/medicide"	"euthanasia, assisted dying"	"medicide" is not standard English.
nouns	nouns_016	Befinden	cefr	medium	cefr	A1, "condition/health/judgement"	B2+; gloss should lead with "state of health, how one feels"	an abstract nominalised infinitive is nowhere near A1, and "judgement" belongs to *nach eigenem Befinden* only.
nouns	nouns_017	Hauptmann	plural	high	plural	Hauptmänner	Hauptleute	Personal-title compounds in -mann take -leute; Hauptmänner is not standard.
nouns	nouns_017	Kontodaten	article	high	article	das Kontodaten / plural Kontodaten	die Kontodaten (plurale tantum, no singular)	Plural-only noun given a neuter singular article.
nouns	nouns_017	Schwiegereltern	article	high	article	das Schwiegereltern	die Schwiegereltern (plurale tantum)	Same fault — "Eltern" has no singular and never takes *das*.
nouns	nouns_017	Geisel	article	high	article	der Geisel	die Geisel	Standard German is feminine regardless of the hostage's sex.
nouns	nouns_017	Polster	article	high	article	der Polster	das Polster	*der Polster* is Austrian regional; standard German is neuter.
nouns	nouns_017	Kelten	word	high	junk	das Kelten, pl. Kelten, "Celts"	der Kelte, pl. Kelten, "Celt" (weak noun)	Back-formed headword from a plural, with an impossible neuter article.
nouns	nouns_017	Iren	word	high	junk	das Iren, pl. Irene, "Irish people/the Irish"	der Ire, pl. Iren, "Irishman/Irish person" (weak noun)	Plural taken as the lemma and given a fabricated plural "Irene".
nouns	nouns_017	Stromzähler	english	high	gloss	electric metre/electricity metre/power metre	electricity meter/electric meter	"metre" is the unit of length; the device is spelled *meter* in British English too — all three glosses are wrong.
nouns	nouns_017	Sekret	english	high	gloss	secret/secreta/secretion	secretion	"secret" is a false friend (= Geheimnis) placed first; "secreta" is not English.
nouns	nouns_017	Rille	english	high	gloss	crease/furrow/glyph	groove/channel	The core sense "groove" is absent; "glyph" is nonsense here.
nouns	nouns_017	Hebe	word	high	junk	die Hebe, pl. Heben, "lift/raising"	delete (use die Hebung / der Hebel)	Not a current German noun; corpus artefact.
nouns	nouns_017	Spaghetto	word	high	junk	der Spaghetto, pl. Spaghetti, "single strand of spaghetti"	delete (die Spaghetti is the usable entry)	Italianate back-singular no German speaker uses; teaches a false lemma.
nouns	nouns_017	Arge	word	medium	junk	die Arge, pl. Argen, "ARGE (joint working agency)"	delete	Acronym/proper-noun institution, not a dictionary noun; gloss just repeats the German.
nouns	nouns_017	Modem	article	medium	article	der Modem	das Modem	Duden gives neuter as standard.
nouns	nouns_017	Baguette	article	medium	article	die Baguette	das Baguette	Neuter is the far commoner and primary Duden form; feminine is a secondary variant.
nouns	nouns_017	Kiwi	article	low	article	der Kiwi, "kiwi"	die Kiwi for the fruit (der Kiwi = the bird)	The learner-relevant fruit sense is feminine; gloss does not disambiguate.
nouns	nouns_017	Quinoa	article	medium	plural	der Quinoa, pl. Quinoas	die Quinoa (Duden), pl. —	Mass noun given an invented plural, and the less usual gender.
nouns	nouns_017	Irre	plural	medium	plural	der Irre, pl. Irren	Irre	adjNoun — bare citation plural expected.
nouns	nouns_017	Ungeborene	plural	medium	plural	das Ungeborene, pl. Ungeborenen	Ungeborene	adjNoun — bare citation plural expected.
nouns	nouns_017	Verfolgte	plural	medium	plural	der Verfolgte, pl. Verfolgten	Verfolgte	adjNoun — bare citation plural expected.
nouns	nouns_017	Kunstschaffende	plural	medium	plural	der Kunstschaffende, pl. Kunstschaffenden	Kunstschaffende	adjNoun — bare citation plural expected.
nouns	nouns_017	Schuldige	plural	medium	plural	der Schuldige, pl. Schuldigen	Schuldige	adjNoun — bare citation plural expected.
nouns	nouns_017	Chemieunterricht	plural	medium	plural	Chemieunterrichte	—	*Unterricht* has no plural in standard use; invented form.
nouns	nouns_017	Klimaerwärmung	plural	medium	plural	Klimaerwärmungen	—	Unique/mass phenomenon; no plural.
nouns	nouns_017	Rückhand	plural	medium	plural	Rückhände	—	Sporting stroke term has no plural; the umlauted form is fabricated.
nouns	nouns_017	Löwenzahn	plural	medium	plural	Löwenzähne / "dandelion/hawkbit"	— (mass) / "dandelion"	Plant mass noun given a fabricated umlaut plural; "hawkbit" is a different genus (Leontodon).
nouns	nouns_017	Minimalismus	plural	medium	plural	Minimalismen	—	-ismus abstract; invented plural.
nouns	nouns_017	Arroganz	plural	medium	plural	Arroganzen	—	Abstract quality noun; invented plural.
nouns	nouns_017	Kinderlähmung	plural	medium	plural	Kinderlähmungen / "infantile paralysis/polio/poliomyelitis"	— / "polio/poliomyelitis"	Disease name has no plural; the archaic "infantile paralysis" is placed first.
nouns	nouns_017	Interpret	english	medium	gloss	interpreter/performer	performer/performing artist (interpreter of a work)	"interpreter" reads as *Dolmetscher* — the false-friend sense leads.
nouns	nouns_017	Kehle	english	medium	gloss	chamfer/throat	throat	Everyday body-part sense displaced by a joinery term.
nouns	nouns_017	Spion	english	medium	gloss	peephole/spy	spy/peephole	Core sense demoted to second place.
nouns	nouns_017	Admiral	english	medium	gloss	Red Admiral/admiral	admiral (Red Admiral butterfly)	Butterfly species placed ahead of the naval rank.
nouns	nouns_017	Schwan	english	medium	gloss	swan/yellow-tail	swan	"yellow-tail" is a fish, unrelated to Schwan.
nouns	nouns_017	Schornsteinfeger	english	medium	gloss	chimney sweep/ringlet	chimney sweep	"ringlet" (a butterfly) is a spurious second sense.
nouns	nouns_017	Schwiegermutter	english	medium	gloss	mother-in-law/staple remover	mother-in-law	"staple remover" is office jargon/joke, not a dictionary sense.
nouns	nouns_017	Eichel	english	medium	gloss	acorn/acorns/clitoral glans	acorn (anat. glans)	Singular and plural listed as two glosses; the anatomical sense is normally the glans penis.
nouns	nouns_017	Razzia	english	medium	gloss	bust/ghazwa/raid	raid (police raid)	"ghazwa" is an Arabic loan no English learner needs; core sense placed last.
nouns	nouns_017	Chorleiter	english	medium	gloss	choirmaster/choister	choirmaster/choir director	"choister" is a misspelling of *chorister* — and a chorister is a singer, not the leader.
nouns	nouns_017	Wiederkehr	english	medium	gloss	recurrency/return	recurrence/return	"recurrency" is not an English word.
nouns	nouns_017	Fertighaus	english	medium	gloss	prefab/prefabricate house/prefabricated house	prefabricated house/prefab	"prefabricate house" is ungrammatical.
nouns	nouns_017	Kuhmilch	english	medium	gloss	cow milk/cow's milk/cowmilk	cow's milk	"cowmilk" is a non-word and the correct form is buried second.
nouns	nouns_017	Glasur	english	medium	gloss	enamel/glaze/gloss	glaze/icing (on a cake)	"gloss" is wrong and the everyday baking sense (icing) is missing.
nouns	nouns_017	Rosine	english	medium	gloss	currant/raisin	raisin	A currant is a different dried fruit (Korinthe); wrong sense leads.
nouns	nouns_017	Erregung	english	medium	gloss	excitation	excitement/agitation/arousal (phys. excitation)	Only the technical physiology sense is given; the everyday sense is absent.
nouns	nouns_017	Lagerstätte	english	medium	gloss	deposition/depository	(mineral) deposit; resting place	Neither gloss is a correct rendering; "deposition" is the wrong nominalisation.
nouns	nouns_017	Krach	english	medium	gloss	crash/noise/quarrel	noise/din; row, quarrel (fin. crash)	Rare stock-market sense placed ahead of the two everyday senses.
nouns	nouns_017	Kölsch	english	medium	gloss	Colognian/Kölsch	Kölsch (Cologne beer); Cologne dialect	The beer — the sense a learner meets — is missing entirely.
nouns	nouns_017	Umkleidekabine	english	medium	gloss	cabin/changing room	changing cubicle/changing room	"cabin" is wrong and leads.
nouns	nouns_017	Taxe	english	medium	gloss	cab/taxi	charge, fee, set rate (regional: taxi)	The standard sense "fixed charge/fee" is missing; the taxi sense is regional/dated.
nouns	nouns_017	Kanne	english	medium	gloss	can/jug/pitcher	pot (coffee/tea), jug, watering can	"can" first is misleading (not a tin), the everyday pot sense is missing, and "pitcher" is American.
nouns	nouns_017	Straßenfest	english	medium	gloss	block party	street party	American-only term; the British equivalent is absent.
nouns	nouns_017	Spülmittel	english	medium	gloss	dish soap/washing-up liquid	washing-up liquid	American term placed before the British one.
nouns	nouns_017	Herdplatte	english	medium	gloss	burner/hotplate	hotplate/hob ring	American "burner" leads; also C1 is a harsh tag for a basic kitchen word.
nouns	nouns_017	Kochfeld	english	medium	gloss	cooking top/cooktop/hob	hob	The British term is third behind an Americanism and a non-word ("cooking top").
nouns	nouns_017	Tiefgang	english	medium	gloss	(AE) draft/(BE) draught/profoundness	draught (of a ship); depth, profundity	Explicit AE/BE doublet in the gloss; "profoundness" is stilted.
nouns	nouns_017	Reifendruck	english	medium	gloss	tire pressure / pl. Reifendrücke	tyre pressure / pl. —	American spelling (contrast *Reifenwechsel* "tyre change" in the same batch); plural is not idiomatic.
nouns	nouns_017	Radfahrerin	english	medium	gloss	bicyclist	cyclist (female)	American term; other -in entries in this batch mark the female form, this one does not.
nouns	nouns_017	Nagellack	english	low	gloss	nail polish	nail varnish/nail polish	British form absent.
nouns	nouns_017	Americanisms and BE/AE doublets (group)	english	low	gloss	`Ausbildungsrichtung` "specialization"; `Hochkultur` "advanced civilization"; `Nanometer` "nanometer/nanometre"; `Ödem` "edema/oedema"; `Schminke` "make-up/makeup"; `Whisky` "whiskey/whisky"; `Schlüsselanhänger` "key chain/…/keychain"; `Operationssaal` "operating room/operating theatre"; `Fundbüro` "lost property office/lost and found"; `Lieferwagen` "…/delivery truck/…"; `Verteidigungsministerin` "…/secretary of defence"; `Rundumblick` "all-around view"; `Bastler` "do-it-yourselfer"; `Startelf` "starting lineup"; `Pfändung` "garnishment"; `Gesundheitsbehörde` "health department"	one British form only, first	App is British English; doublets and AE-first orderings should be normalised.
nouns	nouns_017	Nominalised infinitives (group)	word	low	junk	`das Kegeln`, `das Niesen`, `das Saugen`, `das Selbermachen`, `das Einhalten`, `das Hacken`	drop, or keep only the lexicalised ones (Kegeln, Selbermachen)	Corpus-derived gerunds rather than dictionary lemmas; *Einhalten*, *Hacken*, *Saugen* in particular are just verb forms.
nouns	nouns_017	Proper nouns / institution names (group)	word	low	junk	`die Eurovision`, `der Bundesfinanzhof`, `die Speicherstadt`, `die Trinkwasserverordnung`, `das Weißwasser`, `der Mainzer`	drop	Named entities, not general vocabulary; *Weißwasser* is also a place name.
nouns	nouns_017	Anglicism stubs with tautological glosses (group)	english	low	junk	`das Cash` "cash", `der Benefit` "benefit", `der Mod` "mod"	drop	The gloss teaches nothing; these are not established German lexemes at learner level.
nouns	nouns_017	Invented plurals on abstract/mass nouns (group)	plural	low	plural	`Perspektivlosigkeiten`, `Aufgeschlossenheiten`, `Ausgeglichenheiten`, `Traurigkeiten`, `Selbstverwirklichungen`, `Abfallvermeidungen`, `Weltspitzen`, `Prominenzen`, `Originalitäten`, `Äquatoren`, `Lavendel`, `Rhabarber`, `Holzkohlen`, `Recyclingpapiere`, `Neurodermitiden`, `Soge`, `Korrosionen`, `Schizophrenien`, `Telearbeiten`, `Nahrungsaufnahmen`, `Grafikdesigns`	— for all of these	Mass, abstract or unique-referent nouns given countable plurals.
nouns	nouns_017	Regionalisms presented as standard (group)	word	low	junk	`der Stecken` (S. German/Austrian "stick"), `die Steige` (S. German "crate"), `der Jeck` (Rhineland, at least marked)	mark as regional or drop	Only *Jeck* carries a regional marker; the others read as standard German.
nouns	nouns_017	Poller	english	low	gloss	bitt/bollard	bollard	Obscure nautical term first.
nouns	nouns_017	Scholle	english	low	gloss	clod/plaice	plaice (fish); clod, floe	The food/fish sense a learner meets is second.
nouns	nouns_017	Zirkel	english	low	gloss	circle/compass/pair of compasses	pair of compasses; circle (group)	"compass" alone reads as a navigational compass (Kompass).
nouns	nouns_017	Klausurtagung	english	low	gloss	conclave/convention/retreat	closed-door meeting/retreat	"conclave" (papal) leads.
nouns	nouns_017	Knecht	english	low	gloss	farmworker/servant/slave	farmhand/servant	"slave" is wrong (Sklave).
nouns	nouns_017	Tüftler	english	low	gloss	handyman/tinkerer	tinkerer/inventive type	"handyman" is Handwerker, not Tüftler.
nouns	nouns_017	Komiker	english	low	gloss	comedian/comedy writer/comic	comedian/comic	"comedy writer" is Komödienautor.
nouns	nouns_017	Stellvertretung	english	low	gloss	deputy/representation	deputising/proxy, representation	"deputy" is the person (Stellvertreter), not the abstract noun.
nouns	nouns_017	Rinne	english	low	gloss	rain gutter	gutter/channel/groove	Over-narrow and Americanised; Rinne covers any channel or groove.
nouns	nouns_017	Symbolik	english	low	gloss	symbolics/symbolism	symbolism	"symbolics" is not standard English.
nouns	nouns_017	Tiefpunkt	english	low	gloss	low/minima	low point/nadir	"minima" is a plural form used as a singular gloss.
nouns	nouns_017	Floß	english	low	gloss	float/raft	raft	"float" is a different object (Schwimmer/Boje).
nouns	nouns_017	Krankschreibung	english	low	gloss	sick certificate	sick note; being signed off sick	Not idiomatic British English.
nouns	nouns_017	Männlichkeit	english	low	gloss	manliness	masculinity/manhood	Narrow, dated rendering of a neutral abstract noun.
nouns	nouns_017	Klarinette	english	low	gloss	clarinet/clarionet	clarinet	"clarionet" is an archaic variant spelling.
nouns	nouns_017	Steppe	english	low	gloss	steppe/veld/veldt	steppe	Two spellings of a South-African-specific term added needlessly.
nouns	nouns_017	Stadtbus	english	low	gloss	City bus	city bus	Stray capitalisation.
nouns	nouns_017	Liebeskummer	english	low	gloss	lover's grief/lovesickness	heartache/lovesickness	"lover's grief" is not idiomatic.
nouns	nouns_017	Tolle	english	low	gloss	pompadour	quiff	British equivalent missing.
nouns	nouns_017	Humus	english	low	gloss	humus/mould	humus/leaf mould	Bare "mould" reads as fungus.
nouns	nouns_017	Implementation	word	low	junk	die Implementation	prefer die Implementierung	Much rarer variant of the live word.
nouns	nouns_017	Therapeutin	cefr	low	cefr	A1 at rank 7572	B1/B2	Out of line with comparable -in professions in this batch (Produzentin B2, Kommissarin B2).
nouns	nouns_018	Barometer	article	high	article	der Barometer / Barometer / barometer	das Barometer	Standard gender is neuter (`das Barometer`); `der` is non-standard/regional.
nouns	nouns_018	Acne	word	high	junk	die Acne / Acnen / acne	die Akne / — / acne	German headword is spelt *Akne*; "Acne" is the Latin/medical form, and the noun has no plural.
nouns	nouns_018	Volum	word	high	junk	das Volum / Volume / volume	das Volumen / Volumen (Volumina)	`Volum` is not a current German lemma; the word is *Volumen*, and "Volume" is not its plural.
nouns	nouns_018	Wie	word	high	junk	das Wie / — / how	delete	Nominalised interrogative particle, not a dictionary noun ("das Wie und Warum" only).
nouns	nouns_018	Einstein	word	high	junk	der Einstein / Einsteins / boulder	delete	Not a standard common noun; a learner will only ever read this as the proper name. "Boulder" is *der Findling/Felsblock*.
nouns	nouns_018	Ignoranz	english	high	gloss	bigotry/ignorance/inobservance	ignorance (wilful ignorance)	Leading sense "bigotry" is wrong; "inobservance" is not a usable English gloss.
nouns	nouns_018	Oktave	english	high	gloss	Cayley algebra/Cayley numbers/octave	octave	Core musical sense buried behind two obscure maths senses.
nouns	nouns_018	Saxophon	english	medium	gloss	horn/sax/saxophone	saxophone/sax	"horn" first is wrong — it is a different instrument in English.
nouns	nouns_018	Grausamkeit	english	medium	gloss	atrocity/coldness/cruelty	cruelty/atrocity	Core sense "cruelty" is third; "coldness" is not a meaning of *Grausamkeit*.
nouns	nouns_018	Gratulation	english	medium	gloss	congratulations/gratulation	congratulations	"gratulation" is a non-word in modern English.
nouns	nouns_018	Widmung	english	medium	gloss	dedication/devotement	dedication/inscription	"devotement" is a non-word.
nouns	nouns_018	Wandlung	english	low	gloss	conversion/transformation/transsubstantiation	… / transubstantiation	Misspelt English term (single -s-).
nouns	nouns_018	Sehhilfe	english	medium	gloss	visual aid	corrective eyewear/glasses (vision aid)	In English "visual aid" means a teaching aid — false friend; *Sehhilfe* = spectacles/contact lenses.
nouns	nouns_018	Ruheraum	english	medium	gloss	rest room/quiet room	quiet room/relaxation room	"rest room" reads as "toilet" to many readers; misleading lead sense.
nouns	nouns_018	Aussiedler	english	medium	gloss	emigrant/resettler	ethnic German repatriate/resettler	*Aussiedler* is an in-migrant of German descent, not an emigrant.
nouns	nouns_018	Aufwärtstrend	english	medium	gloss	uptick	upward trend	"uptick" denotes a small momentary rise, not a trend; also chiefly American.
nouns	nouns_018	Ausnahmesituation	english	medium	gloss	exception situation	exceptional situation/emergency	Morpheme-by-morpheme calque, not English.
nouns	nouns_018	Eisberg	english	medium	gloss	growler/iceberg	iceberg	Obscure nautical term "growler" placed before the core sense.
nouns	nouns_018	Benzinmotor	english	medium	gloss	Otto engine/gasoline engine/petrol engine	petrol engine	Technical calque first, US term second, British form last.
nouns	nouns_018	Bettdecke	english	medium	gloss	bedspread/blanket/comforter	duvet/quilt	Core sense (duvet) absent; "comforter" is US; "bedspread" is *Tagesdecke*.
nouns	nouns_018	Jogginghose	english	medium	gloss	sweatpants	tracksuit bottoms/joggers	US-only gloss in a British-English app.
nouns	nouns_018	Strumpfhose	english	medium	gloss	pantyhose/tights	tights	American term leads the British one.
nouns	nouns_018	Etagenwohnung	english	medium	gloss	apartment/flat	flat	American term leads the British one.
nouns	nouns_018	Bahngleis	english	medium	gloss	railroad track/track	railway track/platform track	"railroad" is US-only and leads.
nouns	nouns_018	Bankleitzahl	english	medium	gloss	routing number; bank sort code	sort code/bank code	US term leads; also uses `;` instead of the `/` separator used everywhere else.
nouns	nouns_018	Vertragsrecht	plural	medium	plural	Vertragsrechte / contract law	—	In the "contract law" sense there is no plural; *Vertragsrechte* means "contractual rights", a different lexeme.
nouns	nouns_018	Vorsaison	plural	medium	plural	Vorsaisonen	Vorsaisons	*Saison* pluralises in -s; *-saisonen* is not standard.
nouns	nouns_018	Cappuccino	plural	medium	plural	Cappuccino	Cappuccinos (also Cappuccini)	Zero plural is wrong for this loanword.
nouns	nouns_018	Neubeginn	plural	medium	plural	Neubeginne	—	*Beginn* and its compounds have no plural — invented plural.
nouns	nouns_018	Atomenergie	plural	medium	plural	Atomenergien	—	Mass noun; invented plural.
nouns	nouns_018	Grünkohl	plural	medium	plural	Grünkohle	—	Mass noun (kale); invented plural.
nouns	nouns_018	Gelatine	plural	medium	plural	Gelatinen / gelatin/jelly	— / gelatine	Mass noun with invented plural; "gelatin" is the US spelling and "jelly" is a different substance.
nouns	nouns_018	Ungunst	plural	medium	plural	Ungunsten	—	No plural; *Ungunsten* survives only in the fixed phrase *zu jemandes Ungunsten*.
nouns	nouns_018	Wetterverhältnisse	word	medium	junk	die Wetterverhältnisse / Wetterverhältnisse	das Wetterverhältnis / Wetterverhältnisse	Lemma is the plural of an existing singular noun, listed with `die` and a self-identical plural.
nouns	nouns_018	Klebe	word	medium	junk	die Klebe / Kleben / glue/adhesive	der Klebstoff / der Kleber	Regional colloquialism presented as standard; the standard entry *der Kleber* is already in this batch.
nouns	nouns_018	Verwenden, Einatmen, Ertrinken, Navigieren, Töten, Aufspüren	word	medium	junk	separate entries (`das Verwenden` "use", `das Einatmen` "inhaling", `das Ertrinken` "drowning", `das Navigieren` "navigating", `das Töten` "killing", `das Aufspüren` "detection")	delete (keep only lexicalised ones such as `das Erwachen`, `das Augenzwinkern`)	Bare nominalised infinitives — corpus junk, productive for any verb.
nouns	nouns_018	Volljährige, Adelige, Adlige, Andersdenkende, Dreijährige, Zweijährige, Zwölfjährige, Gefallene	plural	medium	plural	Volljährigen, Adeligen, Adligen, Andersdenkenden, Dreijährigen, Zweijährigen, Zwölfjährigen, Gefallenen	Volljährige, Adelige, Adlige, Andersdenkende, Dreijährige, Zweijährige, Zwölfjährige, Gefallene	`adjNoun` citation plural is the strong (bare) form, not the weak -en form.
nouns	nouns_018	Kalkül	article	low	article	der Kalkül / calculations/calculus	das Kalkül (calculation, consideration); der Kalkül only = calculus	The learner-relevant "calculation/consideration" sense is normally neuter; gloss mixes both lexemes.
nouns	nouns_018	Poker	article	low	gloss	der Poker / four of a kind/poker/quads	das Poker / poker	Neuter is the primary gender; "four of a kind"/"quads" are hand names, not the word's meaning, and lead the entry.
nouns	nouns_018	Dekor	article	low	article	der Dekor	das Dekor (also der)	Neuter is the more usual gender.
nouns	nouns_018	Hybride	word	low	junk	der Hybride / Hybriden / crossbreed/hybrid	die Hybride (biology) or der Hybrid (vehicle)	The masculine weak form is the rarest of three competing forms; a learner needs *der Hybrid*.
nouns	nouns_018	Backstein	english	low	gloss	brick/clinker	brick	"clinker" is *Klinker*, a different (harder-fired) brick.
nouns	nouns_018	Fußballspieler	english	low	gloss	football player/footballer/kicker	footballer/football player	"kicker" means a specialist American-football role; wrong in British English.
nouns	nouns_018	Leihe	english	low	gloss	loan/loan for use/pawnshop	loan/loan for use	"pawnshop" is *Leihhaus*, a different word.
nouns	nouns_018	Lebertransplantation	english	low	gloss	hepatic transplantation/liver transplantation	liver transplant	Medical Latinate form placed before the everyday one.
nouns	nouns_018	Strähne	english	low	gloss	hank/skein/strand	strand (of hair)/streak	Textile senses precede the everyday hair sense.
nouns	nouns_018	Rückblende	english	low	gloss	cutback/flashback	flashback	"cutback" is an archaic film term.
nouns	nouns_018	Wisch	english	low	gloss	piece of bumph/piece of paper/wisp	(scrap of) paper, bit of bumf	"wisp" is not a sense of *Wisch*; "bumph" is misspelt (bumf) and very marked.
nouns	nouns_018	Wohltat	english	low	gloss	benefit/relief	good deed/act of kindness; blessing, relief	Core "good deed" sense missing.
nouns	nouns_018	Koppel	english	low	gloss	coupler/paddock	paddock/pasture	Technical "coupler" (organ stop) leads the everyday sense.
nouns	nouns_018	Fachschaftsrat	english	low	gloss	student representatives	departmental student council	Singular noun glossed with a plural phrase.
nouns	nouns_018	Auswurf	english	low	gloss	sputum	discharge, ejection; (medical) sputum	Only the narrow medical sense is given.
nouns	nouns_018	Redundanz	english	low	gloss	redundance/redundancy	redundancy	"redundance" is archaic; one form only.
nouns	nouns_018	Buddha / Nikolaikirche / Christuskirche / Dortmunder / Reichsmark / Xi / Exodus	word	low	junk	entered as ordinary nouns	delete or mark as proper nouns	Proper names, demonyms, a currency name and a Greek letter — not general vocabulary.
nouns	nouns_018	Feeling / Goodie / Paper / Print / Exploit	word	low	junk	anglicisms glossed by their English source word	delete or replace with the German equivalent (*Gefühl*, *Werbegeschenk*, *Fachartikel*, *Printmedien*)	Circular entries that teach nothing; `der Print` in particular is not an established German noun.
nouns	nouns_018	Abseits, Umsatzplus, Vorstellungsvermögen, Beige	plural	low	plural	plural identical to the singular	—	All four are non-count in the sense glossed.
nouns	nouns_018	Anthropologie, Blasmusik, Objektivität, Variabilität, Kunstpädagogik, Wohlfahrt, Wärmeerzeugung, Unfähigkeit, Europarecht, Strafvollzug, Renommee, Überzeugungsarbeit, Wahlheimat, Gleichgewichtssinn, Informationsbedarf, Spritverbrauch, Eigenverbrauch, Bearbeitungsdauer, Behandlungsdauer, Samt, Ingwer, Zweisamkeit, Urbanisierung	plural	low	plural	regular -en/-e/-s plurals supplied	— (or plural marked as rare)	Abstract, mass or discipline nouns given invented plurals.
nouns	nouns_018	American spellings and US-only terms (group)	english	low	gloss	`Arbeitseinkommen` labor income; `Beratungsdienst` counseling; `Immunabwehr` immune defense; `Kinderkrankenschwester` pediatric; `Blütenpracht` splendor; `Anästhesiologie` anaesthesiology/anesthesiology; `Weichmacher` plasticiser/plasticizer; `Untermieter` roomer; `Urlaubsland` vacation country; `Aktivurlaub` active vacation; `Bestatter` mortician; `Dunstabzugshaube` range hood; `Gehaltserhöhung` pay raise (first); `Müllentsorgung` garbage disposal; `Abfallbehälter` garbage can; `Ablaufdatum` expiration date (first); `Bordstein` curb (first); `Raststätte` rest stop; `Straßenverkehrsamt` DMV; `Volksschule` elementary school; `Berufsoberschule` vocational high school; `Fahrradweg` bike lane; `Mietauto` rental car (first); `Finanzberater` advisor; `Hauptgewinn` grand prize; `Konserve` canned food; `Außenministerium` State Department; `Außenspiegel` outside mirror; `Aufschub` continuance	British forms only — labour, counselling, defence, paediatric, splendour, anaesthesiology, plasticiser, lodger, holiday destination, activity holiday, undertaker, extractor hood, pay rise, waste disposal, (waste) bin, expiry date, kerb, services, driver-licensing authority, primary school, vocational college, cycle lane, hire car, adviser, first prize, tinned food, Foreign Office, wing mirror, postponement	App is British English; one form only, no US/UK doublets and no US term in first position.
nouns	nouns_019	Jemand	word	high	junk	`der Jemand / Jemande / somebody`	delete	indefinite pronoun entered as a noun, with a fabricated plural.
nouns	nouns_019	Kerle	word	high	junk	`der Kerle / Kerle / blokes/guys`	lemma is `der Kerl / Kerle / bloke, guy`	plural of *Kerl* entered as the headword; gloss is plural too.
nouns	nouns_019	Bosse	word	high	junk	`die Bosse / Bossen / bosses/Bosse (surname)`	delete (lemma is `der Boss / Bosse`)	plural of *Boss* entered as a feminine lemma, with a surname glued into the gloss.
nouns	nouns_019	Qualitativ	word	high	junk	`das Qualitativ / Qualitative / qualitative aspect`	delete	*qualitativ* is an adjective; there is no such noun.
nouns	nouns_019	Bellevue	word	high	junk	`die Bellevue / Bellevuen / Bellevue (Berlin presidential palace)`	delete	proper noun (Schloss Bellevue, so neuter anyway) with an invented plural.
nouns	nouns_019	Landen	word	high	junk	`das Landen / — / landing`	delete (use `die Landung`)	nominalised infinitive, not a dictionary lemma.
nouns	nouns_019	Morden	word	high	junk	`das Morden / — / murdering/killing`	delete (use `der Mord`)	nominalised infinitive.
nouns	nouns_019	Abbiegen	word	high	junk	`das Abbiegen / — / turning`	delete	nominalised infinitive.
nouns	nouns_019	Eiffelturm	word	medium	junk	`der Eiffelturm / — / Eiffel tower`	delete	proper noun (landmark name), not vocabulary.
nouns	nouns_019	Zugspitze	word	medium	junk	`die Zugspitze / Zugspitzen / Zugspitze (mountain)`	delete	proper noun; plural is meaningless.
nouns	nouns_019	Gif / GIF	word	low	junk	two adjacent entries `das Gif / Gifs / gif` and `das GIF / GIFs / GIF`	keep one (`das GIF / GIFs`)	same lexeme duplicated by capitalisation.
nouns	nouns_019	Eth	word	low	junk	`das Eth / Eths / edh/eth`	delete	name of an Old English/Icelandic letter; useless to a German learner, and the gloss lists two spellings.
nouns	nouns_019	Dornröschen	word	low	junk	`das Dornröschen / — / Sleeping Beauty`	delete	fairy-tale character name.
nouns	nouns_019	Gezeit	word	medium	junk	`die Gezeit / Gezeiten / tide`	lemma `die Gezeiten` (plurale tantum)	the singular *Gezeit* is effectively non-existent in modern German.
nouns	nouns_019	Schnarchen / Bedauern	word	low	junk	`das Schnarchen`, `das Bedauern`	arguably delete	nominalised infinitives; both are more lexicalised than *das Landen*, so lower confidence.
nouns	nouns_019	Nutzungsart	article	high	article	`der Nutzungsart`	`die Nutzungsart`	head is *die Art*; all *-art* compounds are feminine.
nouns	nouns_019	Alu	article	medium	article	`die Alu`	`das Alu`	clipping of *das Aluminium*, keeps neuter.
nouns	nouns_019	Loft	article	medium	article	`der Loft` (also tagged A1 at rank 8637)	`das Loft`	standard gender is neuter; *der* is a rare secondary variant. CEFR A1 is also wrong for a rank-8637 loanword.
nouns	nouns_019	Mikrometer	article	medium	article	`der Mikrometer / micrometer/micrometre`	`das Mikrometer` for the unit (µm); `der Mikrometer` only for the measuring gauge	the gloss leads with the unit sense but gives the tool's gender — and gives both US and British spellings.
nouns	nouns_019	Kit	article	low	article	`der Kit`	`das Kit`	neuter is the Duden form; *der Kit(t)* is the unrelated word for putty.
nouns	nouns_019	Aerobic	article	low	article	`die Aerobic`	`das Aerobic`	neuter is the standard gender.
nouns	nouns_019	Herpes	plural	high	plural	`Herpetes`	`—`	fabricated pseudo-Greek plural; *Herpes* is a mass noun in German.
nouns	nouns_019	Genesis	plural	high	plural	`Genesen`	`—`	*Genesen* is the plural of *die Genese*; the biblical book has no plural.
nouns	nouns_019	Unfallrisiko	plural	high	plural	`Unfallrisikos`	`Unfallrisiken`	*-risiko* takes *-risiken*.
nouns	nouns_019	Strauß	plural	medium	plural	`Sträuße` for gloss `bouquet/ostrich`	split — `Strauß/Sträuße` = bouquet; `Strauß/Strauße` = ostrich	the given plural belongs to only one of the two senses packed into the entry.
nouns	nouns_019	Infizierte, Krankenversicherte, Liebende, Oppositionelle, Parteivorsitzende, Vereinsvorsitzende, Westdeutsche, Dunkle, Gesandte	plural	medium	plural	weak `-en` plurals (`Infizierten`, `Krankenversicherten`, `Liebenden`, `Oppositionellen`, `Parteivorsitzenden`, `Vereinsvorsitzenden`, `Westdeutschen`, `Dunklen`, `Gesandten`)	bare citation plurals (`Infizierte`, `Krankenversicherte`, `Liebende`, …)	every `adjNoun` in this batch carries the wrong plural form — the systemic defect again.
nouns	nouns_019	Harn, Humanismus, Kohlenmonoxid, Spyware, Orchestermusik, Darmflora, Proviant, Zahnschmelz, Schwerelosigkeit	plural	medium	plural	`Harne`, `Humanismen`, `Kohlenmonoxide`, `Spywares`, `Orchestermusiken`, `Darmfloren`, `Proviante`, `Zahnschmelze`, `Schwerelosigkeiten`	`—` for all	invented plurals on mass/abstract nouns (*Spywares* is the same defect as *Softwares*).
nouns	nouns_019	Geschäftsleben, Lebensmittelhandel, Süßwasser, Polizeiarbeit, Europapolitik, Massentierhaltung, Meeresforschung, Staatsverschuldung, Webentwicklung, Hartnäckigkeit, Finanzkraft, Abrieb, Autofokus, Warenverkehr, Geografie, Innenarchitektur, Invalidität, Schichtarbeit, Massenproduktion, Briefpapier	plural	low	plural	plurals supplied (identical form or `-en`/`-e`)	`—` in normal usage	abstract/mass nouns given plurals that are at best technical jargon; grouped as low because a few are defensible in specialist text.
nouns	nouns_019	Plazenta	plural	low	plural	`Plazentas`	`Plazenten`	Latinate plural is the standard form.
nouns	nouns_019	Lehranstalt	english	high	gloss	`apprenticeship asylum`	`educational institution / academy`	morpheme-by-morpheme mistranslation producing a nonsense phrase.
nouns	nouns_019	Kopfzerbrechen	english	medium	gloss	`headache`	`puzzling, racking one's brains; (figurative) headache`	the literal *headache* is *Kopfschmerzen*; this word means mental effort/trouble.
nouns	nouns_019	Wermutstropfen	english	medium	gloss	`disadvantage/downer/wormwood`	`fly in the ointment`	"wormwood" is the literal morpheme, not the idiom's meaning.
nouns	nouns_019	Ausdrucksweise	english	medium	gloss	`diction/enunciation`	`way of expressing oneself / phrasing / style of speech`	"enunciation" is *Aussprache* — a false-friend slide into pronunciation.
nouns	nouns_019	Elektromobil	english	medium	gloss	`electromobile`	`electric vehicle`	"electromobile" is not current English.
nouns	nouns_019	Stromquelle	english	medium	gloss	`current source`	`power source / electricity supply`	*Strom* rendered with the wrong technical sense; "current source" is a specialised circuit-theory term.
nouns	nouns_019	Laudator	english	medium	gloss	`laudator`	`speaker giving the tribute / eulogist`	"laudator" is not an English word in ordinary use — a bare Latin passthrough.
nouns	nouns_019	Kinderlied	english	medium	gloss	`nursery rhyme`	`children's song`	nursery rhyme is *Kinderreim*; a *Kinderlied* is sung, not recited.
nouns	nouns_019	Gesandte	english	medium	gloss	`ambassador`	`envoy / minister (diplomatic rank below ambassador)`	ambassador is *Botschafter*; the ranks are distinct.
nouns	nouns_019	Genitalverstümmelung	english	medium	gloss	`MGM/genital mutilation`	`genital mutilation (FGM)`	the obscure acronym "MGM" sorts first and will be unreadable to a learner.
nouns	nouns_019	Abschwung	english	medium	gloss	`dismount/downhill turn/downturn`	`downturn / decline` first	gymnastics and skiing senses displace the everyday economic sense (alphabetical-sort artefact).
nouns	nouns_019	Joch	english	medium	gloss	`acre/ridge/yoke`	`yoke` first	an obsolete land measure leads instead of the core meaning.
nouns	nouns_019	Halteverbot	english	medium	gloss	`clearway/no standing at any time/stopping restriction`	`no-stopping zone / no stopping (sign)`	"no standing at any time" is US signage wording; "clearway" is a different UK road category.
nouns	nouns_019	Metal	english	medium	gloss	`der Metal / — / metal`	`metal (music genre)`	bare "metal" collides with *das Metall*; the learner will map it to the wrong word.
nouns	nouns_019	Liquid	english	medium	gloss	`der Liquid / Liquide / liquid/liquid consonant`	restrict to `liquid consonant (phonetics)` or `e-liquid`	the everyday "liquid" is *die Flüssigkeit*; as written the entry teaches a false equivalence.
nouns	nouns_019	Stuten	english	medium	gloss	`der Stuten / Stuten / sweet bread`	`sweet white loaf (regional)` — or drop	obscure regional word whose form is identical to the plural of *die Stute* (listed directly above), and "sweet bread" reads as *sweetbread* (offal).
nouns	nouns_019	Halm	english	low	gloss	`culm/stalk`	`stalk / blade (of grass)` first	"culm" is botanical jargon placed first.
nouns	nouns_019	Kobold	english	low	gloss	`kobold/sprite`	`goblin / imp`	"kobold" is an untranslated German loan, not an English gloss.
nouns	nouns_019	Kleinbuchstabe	english	low	gloss	`minuscule/small letter`	`lower-case letter`	palaeographic term first; the everyday English term is missing.
nouns	nouns_019	Meeresschildkröte	english	low	gloss	`sea turtle/tortoise`	`sea turtle`	a tortoise is a land animal — factually wrong second sense.
nouns	nouns_019	Lawine	english	low	gloss	`avalanche/landslide`	`avalanche`	landslide is *Erdrutsch*.
nouns	nouns_019	Muskelkater	english	low	gloss	`aching, sore muscles/muscle ache/muscle fever`	`sore muscles / DOMS`	"muscle fever" is a calque, not English.
nouns	nouns_019	Süßwasser	english	low	gloss	`fresh water/freshwater/soft water`	`fresh water`	"soft water" is *weiches Wasser*; also lists two spellings of the same word.
nouns	nouns_019	Tierseuche	english	low	gloss	`epizootic/epizootic disease`	`animal disease outbreak / livestock epidemic`	veterinary jargon only.
nouns	nouns_019	Austrocknung	english	low	gloss	`desiccation/exsiccation`	`drying out / dehydration`	"exsiccation" is effectively a non-word for learners.
nouns	nouns_019	Bedürftigkeit	english	low	gloss	`indigence`	`neediness / need`	archaic register.
nouns	nouns_019	Auskunftei	english	low	gloss	`enquiry agency/information bureau`	`credit reference agency`	in practice this is a credit bureau, not a general enquiry office.
nouns	nouns_019	Pneumologie	english	low	gloss	`pneumology`	`respiratory medicine / pulmonology`	"pneumology" is not used in British medical English.
nouns	nouns_019	Flurbereinigung	english	low	gloss	`enclosure/land consolidation`	`land consolidation` first	"enclosure" evokes a different (English historical) process.
nouns	nouns_019	Gebrauchsgegenstand	english	low	gloss	`implement/utensil`	`everyday object / article of daily use`	gloss is narrower than the German.
nouns	nouns_019	Öse / Flirt / Gelenkschmerz / Abberufung / Auflauf / Dispokredit / Fettleibigkeit / Fernweh / Riemen / Schenkel	english	low	gloss	obscure or secondary sense sorted first — `cringle/eye/eyelet`, `coquetry/flirt/flirtation`, `arthralgia/joint pain`, `calling home/dismissal/recalling`, `baked pudding/casserole/crowd`, `drawing credit/overdraft`, `adiposity/obesity`, `itchy feet/wanderlust`, `oar/strap`, `drumsticks/thigh`	lead with `eyelet`, `flirtation`, `joint pain`, `dismissal`, `bake/gratin`, `overdraft`, `obesity`, `wanderlust`, `strap`, `thigh`	alphabetical sorting pushed the learner-relevant sense out of first place.
nouns	nouns_019	Abwandlung	english	low	gloss	`adaption/modification/variation`	`adaptation/modification/variation`	"adaption" is a non-standard form.
nouns	nouns_019	Fachwerk	english	low	gloss	`frame-work/framework/half-timber construction`	`half-timbered construction`	"frame-work" is a mis-hyphenation duplicating the next item.
nouns	nouns_019	Alphabetisierung / Privatvermögen / Violett / Schachspiel / Aktenordner / Trainerteam / Stresstest / Vorwarnung / Alterungsprozess / Betäubungsmittelgesetz	english	low	gloss	`literacy`, `assets`, `purple/violet`, `chess`, `folder`, `coach team`, `stress testing`, `warning`, `ageing`, `narcotic act`	`literacy education`, `private assets`, `violet` first (purple = *Lila*), `chess set / game of chess`, `ring binder / lever-arch file`, `coaching staff`, `stress test`, `advance warning`, `ageing process`, `Narcotics Act`	each gloss is a shade off the German or drops the head noun.
nouns	nouns_019	Geschwisterkind	english	low	gloss	`sibling`	`sibling; (regional) cousin, nephew/niece`	the word is regionally ambiguous and "sibling" alone is *Geschwister*.
nouns	nouns_019	Perfekt	english	low	gloss	`das Perfekt / Perfekte / perfect`	`perfect tense`; plural `—`	bare "perfect" reads as the adjective; the plural is not used.
nouns	nouns_019	Telefonseelsorge, Tumorgewebe, Berufsberater, Wanderurlaub, Müllsack, Zebrastreifen, Schnuller, Fertiggericht, Tischkicker, Fußballmannschaft, Schmalspurbahn, Neubauwohnung, Banknote, Blinker, Auffahrunfall, Bungalow, Bestattungsunternehmen	english	medium	gloss	US spelling or US term, in several cases sorted ahead of the British one — `telephone counseling`, `tumor tissue`, `career counselor/careers adviser`, `hiking vacation`, `garbage bag`, `crosswalk/marked crosswalk/zebra`, `pacifier/dummy/soother`, `TV dinner/convenience food`, `foosball/table football`, `football team/soccer team`, `narrow gauge railroad/…railway`, `new-build apartment`, `banknote/bill/note`, `blinker/indicator`, `rear ender/rear-end collision`, `bungalow/ranch house`, `funeral home`	`counselling`, `tumour tissue`, `careers adviser`, `hiking holiday`, `bin bag / rubbish bag`, `zebra crossing`, `dummy`, `ready meal`, `table football`, `football team`, `narrow-gauge railway`, `new-build flat`, `banknote/note`, `indicator`, `rear-end collision`, `bungalow`, `funeral director's`	this is a British-English app; US forms must not appear, and must never sort first.
nouns	nouns_019	Mikrometer, Savanne, Pointe, Fensterbank, Buchladen, Checkpoint, Eistee, Ukulele, Milchzahn, Altersheim, Raute, Routineuntersuchung	english	low	gloss	two or three spellings/variants of the same English word in one gloss — `micrometer/micrometre`, `savanna/savannah`, `punch line/punchline`, `window sill/windowsill`, `bookshop/bookstore`, `check point/check-point/checkpoint`, `ice tea/iced tea`, `uke/ukelele/ukulele`, `baby tooth/deciduous tooth/milk tooth`, `old folk's home/old people's home`, `lozenge/rhomb/rhombus`, `routine check/routine check-up/routine examination`	one British form each — `micrometre`, `savannah`, `punchline`, `windowsill`, `bookshop`, `checkpoint`, `iced tea`, `ukulele`, `milk tooth`, `old people's home`, `rhombus`, `routine check-up`	the one-form-only rule; "ice tea", "ukelele" and "old folk's" are also simply wrong.
nouns	nouns_019	Loft	cefr	low	cefr	`A1` at rank 8637	B2/C1	rare loanword tagged as beginner vocabulary. (Also see article above.)
nouns	nouns_020	Rollo	article	high	article	`die Rollo` / Rollos / "roller blind"	`das Rollo`	Standard German is *das Rollo* (Austrian *der*); *die* is not attested.
nouns	nouns_020	Urlaubsfoto	article	high	article	`die Urlaubsfoto` / "vacation photo/holiday photo"	`das Urlaubsfoto`; gloss "holiday photo" only	Head noun is *das Foto*; also US "vacation" placed before British "holiday".
nouns	nouns_020	Adoptiveltern	article	high	article	`das Adoptiveltern` / Adoptiveltern	`die Adoptiveltern` (plurale tantum)	Same defect as `das Gasteltern` — plural-only noun given a neuter singular article.
nouns	nouns_020	Emscher	article	high	junk	`das Emscher` / — / "Emscher (river)"	remove (proper noun); if kept, `die Emscher`	River name, not a dictionary word, and the gender is wrong as well.
nouns	nouns_020	Messi	article	high	junk	`die Messi` / Messis / "hoarder (slang)/Messi"	`der Messie`, pl. `Messies`, "compulsive hoarder"	Lemma misspelt, gender wrong, and the second "gloss" is the footballer's surname.
nouns	nouns_020	Schotten	word	high	junk	`der Schotten` / — / "Scots/the Scottish"	`der Schotte`, pl. `Schotten`, "Scot" (weak masc.)	Plural entered as the lemma; the gloss even admits it is plural.
nouns	nouns_020	Kratzen / Polieren / Schmelzen / Schreien / Erhitzen / Aufwachen / Rodeln	word	medium	junk	seven neuter nominalised infinitives entered as headwords (`das Kratzen`, `das Polieren`, `das Schmelzen`, `das Schreien`, `das Erhitzen`, `das Aufwachen`, `das Rodeln`)	drop; teach the verbs (*kratzen*, *polieren*, *schmelzen*, *schreien*, *erhitzen*, *aufwachen*, *rodeln*)	Corpus artefacts, not vocabulary items. (`Rodeln` additionally glossed with US "sledding".)
nouns	nouns_020	Skale	word	medium	junk	`die Skale` / Skalen / "scale"	`die Skala`, pl. `Skalen`	Archaic/technical variant duplicating the live lemma *Skala*.
nouns	nouns_020	Xbox	word	medium	junk	`die Xbox` / — / "Xbox"	remove	Company product name, same class as `das Microsoft`.
nouns	nouns_020	Zehntausend	word	medium	junk	`die Zehntausend` / Zehntausenden / "ten thousand"	remove, or `Zehntausende` "tens of thousands"	Numeral dressed as a noun; the plural given is the dative form.
nouns	nouns_020	Zigeuner	english	medium	gloss	"Gypsy/Romani person (offensive term)"	remove from the deck, or gloss "Roma person (**Zigeuner** is a slur — avoid)"	A slur taught with the slur itself leading the gloss; the warning trails it.
nouns	nouns_020	Werd	word	low	junk	`das Werd` / Werde / "river island"	`der Werder`	Obsolete variant; the live form is *Werder*. uncertain: yes
nouns	nouns_020	Neunzigerjahre / Sechzigerjahre	word	low	junk	entered as singular lemmas with identical "plural"	mark as plurale tantum	Plural-only nouns given a singular slot.
nouns	nouns_020	Kursbeginn	plural	high	plural	Kursbeginne	—	*Beginn* has no plural — the exact `Beginn→Beginne` defect.
nouns	nouns_020	Verletzungsrisiko	plural	high	plural	Verletzungsrisikos	Verletzungsrisiken	*das Risiko* pluralises *Risiken*, never *Risikos*.
nouns	nouns_020	Schaulustige	plural	high	plural	`der Schaulustige` / Schaulustigen (flag `adjNoun`)	Schaulustige	Adjectival noun given the weak *-en* plural instead of the citation form.
nouns	nouns_020	Drogenabhängige	plural	high	plural	`der Drogenabhängige` / Drogenabhängigen (flag `adjNoun`)	Drogenabhängige	Same adjectival-noun defect.
nouns	nouns_020	Krebsforschung	plural	medium	plural	Krebsforschungen / "Cancer research"	— / "cancer research"	*Forschung* here is a mass noun; gloss also mid-sentence capitalised.
nouns	nouns_020	Obdachlosigkeit	plural	medium	plural	Obdachlosigkeiten	—	Abstract *-keit* noun; no plural exists.
nouns	nouns_020	Angemessenheit	plural	medium	plural	Angemessenheiten	—	Abstract *-keit*, invented plural.
nouns	nouns_020	Endlichkeit	plural	medium	plural	Endlichkeiten	—	Abstract; a plural only exists in specialist mathematics.
nouns	nouns_020	Aktionismus	plural	medium	plural	Aktionismen	—	*-ismus* abstract with no plural in this sense.
nouns	nouns_020	Wahn	plural	medium	plural	Wahne	—	*der Wahn* is uncountable.
nouns	nouns_020	Unterholz	plural	medium	plural	Unterhölzer	—	Mass noun ("undergrowth"); the umlauted plural is invented.
nouns	nouns_020	Vollbeschäftigung	plural	medium	plural	Vollbeschäftigungen	—	Economic abstract, no plural.
nouns	nouns_020	Gegenwartskunst	plural	medium	plural	Gegenwartskünste	—	*Kunst* as a mass noun here; *Künste* means "the arts/skills".
nouns	nouns_020	Chormusik	plural	medium	plural	Chormusiken	—	The known `Musik→Musiken` defect.
nouns	nouns_020	Cholesterin	plural	medium	plural	Cholesterine	—	Substance mass noun.
nouns	nouns_020	Bauchspeicheldrüsenkrebs	plural	medium	plural	Bauchspeicheldrüsenkrebse	—	Disease *Krebs* has no plural; *Krebse* is "crabs".
nouns	nouns_020	Büroalltag	plural	medium	plural	Büroalltage	—	*Alltag* is uncountable.
nouns	nouns_020	Mikrokosmos	plural	low	plural	—	Mikrokosmen	A real plural exists and is used.
nouns	nouns_020	Toilettenpapier	plural	low	plural	Toilettenpapiere / "loo paper/toilet paper"	— / "toilet paper"	Mass noun; colloquial "loo paper" should not lead.
nouns	nouns_020	Immergrün	plural	low	plural	Immergrüne	Immergrün	Duden gives the uninflected plural. uncertain: yes
nouns	nouns_020	Luftaustausch	plural	low	plural	Luftaustausche	—	Process noun, plural barely attested. uncertain: yes
nouns	nouns_020	Blumenkohl	plural	low	plural	Blumenkohle	—	Normally uncountable in German. uncertain: yes
nouns	nouns_020	Streichholz	english	high	gloss	"Congreve match/lighting stick/match"	"match"	B1 everyday word buried behind a 19th-century term and the non-word "lighting stick".
nouns	nouns_020	Umweltzerstörung	english	high	gloss	"ecocide"	"environmental destruction/environmental damage"	B1 transparent compound glossed only with a rare legal-activist term; the plain sense is absent.
nouns	nouns_020	Dehnung	english	high	gloss	"dilatation/dilation/distension"	"stretching/extension" (also vowel lengthening)	Core everyday sense (stretching, as in warm-up) missing entirely; also two spellings of the same word.
nouns	nouns_020	Kotflügel	english	medium	gloss	"fender/mud guard/mud wing"	"wing/mudguard"	US "fender" leads and "mud wing" is not English.
nouns	nouns_020	Rohstoffpreis	english	medium	gloss	"commodity price/price/raw materials"	"commodity price/raw-material price"	Morpheme-mangled — the last two "senses" are fragments of the compound.
nouns	nouns_020	Physiotherapeutin	english	medium	gloss	"therapist"	"physiotherapist (female)"	A1 entry loses the *Physio-* element entirely.
nouns	nouns_020	Nebenfluss	english	medium	gloss	"affluent/tributary"	"tributary"	"affluent" as a noun is archaic and reads as the adjective.
nouns	nouns_020	Resignation	english	medium	gloss	"resignation"	"resignation (despondency)/giving up"	False friend — German *Resignation* never means quitting a job (*Kündigung/Rücktritt*).
nouns	nouns_020	Schwachsinn	english	medium	gloss	"folly/mental deficiency/nonsense"	"nonsense/rubbish"	"mental deficiency" is an offensive obsolete clinical term; the everyday sense is last.
nouns	nouns_020	Waisenhaus	english	medium	gloss	"orphanage/orphanry"	"orphanage"	"orphanry" is not an English word.
nouns	nouns_020	Gießkanne	english	medium	gloss	"ewer/watering can/watering pot"	"watering can"	"ewer" is a jug, a different object, and it leads.
nouns	nouns_020	Druckwerk	english	medium	gloss	"printing unit"	"printed work/publication"	The common sense (a printed publication) is missing; only the press-machine sense given.
nouns	nouns_020	Bücherbus	english	medium	gloss	"bookmobile"	"mobile library"	US-only term with no British form offered.
nouns	nouns_020	Landesdurchschnitt	english	medium	gloss	"national average"	"state average (average for the Land)"	*Land* is a federal state; "national" is *Bundes-*. uncertain: yes
nouns	nouns_020	Hochebene	english	low	gloss	"mesa/plateau/tableland"	"plateau"	A specific American landform leads.
nouns	nouns_020	Lieferschein	english	low	gloss	"bordereau/delivery note/docket"	"delivery note"	Obscure French commercial term first.
nouns	nouns_020	Konfitüre	english	low	gloss	"confiture/jam"	"jam"	"confiture" is not ordinary English and leads.
nouns	nouns_020	Belletristik	english	low	gloss	"belletristic literature/fiction"	"fiction/literary fiction"	"belletristic" is obscure and leads.
nouns	nouns_020	Kämmerer	english	low	gloss	"chamberlain/treasurer"	"treasurer (local authority)"	Historical sense leads; the modern municipal sense is what learners meet.
nouns	nouns_020	Pudding	english	low	gloss	Puddinge / "blancmange/pudding"	Puddings / "blancmange-style dessert, pudding"	"blancmange" leads at B1; *Puddings* is the usual plural.
nouns	nouns_020	Demut	english	low	gloss	"humbleness/humility/lowliness"	"humility"	The natural English word is second.
nouns	nouns_020	Pfütze	english	low	gloss	"pool/puddle"	"puddle"	"pool" misleads.
nouns	nouns_020	Ortung	english	low	gloss	"localisation"	"locating/positioning/detection"	"localisation" in English means adapting for a locale.
nouns	nouns_020	Stellwand	english	low	gloss	"folding screen"	"partition/display panel"	A folding screen is a *Wandschirm/Paravent*. uncertain: yes
nouns	nouns_020	Springer	english	low	gloss	"jumper/knight/spare"	"knight (chess)/stand-in, floater (worker)"	British "jumper" reads as a pullover; "spare" is unclear.
nouns	nouns_020	Nordlicht	english	low	gloss	"northern light"	"northern lights/aurora borealis"	The phenomenon is plural in English.
nouns	nouns_020	Mordserie	english	low	gloss	"murder series"	"series of murders/killing spree"	Literal calque.
nouns	nouns_020	Jahresrückblick	english	low	gloss	"review of the year's event/year in review"	"review of the year's events/year in review"	Typo — singular "event".
nouns	nouns_020	Jalousie	english	low	gloss	"Venetian blinds/jalousie/window blind"	"Venetian blind"	Plural head for a singular lemma; "jalousie" is not current English.
nouns	nouns_020	Kaltmiete	english	low	gloss	"bare rent/base rent/basic rent"	"rent excluding bills/basic rent"	Three near-identical non-idiomatic renderings, none explanatory.
nouns	nouns_020	Länderebene	english	low	gloss	"state level/country level"	"state level (Bundesland level)"	"country level" contradicts the first sense.
nouns	nouns_020	Religionspädagogik	english	low	gloss	"religious pedagogics/religious pedagogy"	"religious education (as a discipline)"	"pedagogics" is not idiomatic and leads.
nouns	nouns_020	Radwanderweg	english	low	gloss	"bicycle trail"	"cycle route/cycle path"	US register; British learners say cycle route.
nouns	nouns_020	Fernwanderweg	english	low	gloss	"distance hiking trail"	"long-distance footpath/long-distance hiking trail"	"long-" dropped, leaving a non-phrase.
nouns	nouns_020	Elternsprechtag	english	low	gloss	"parent-teacher conference day"	"parents' evening/parent-teacher meeting"	US school register.
nouns	nouns_020	Einzelspieler	english	low	gloss	"singleplayer"	"single player/solo player"	Not an English noun as one word.
nouns	nouns_020	Absteiger	english	low	gloss	"demoted man/relegated athlete/relegated team"	"relegated team/relegated player"	"demoted man" is not English usage and leads.
nouns	nouns_020	Bauherrin	english	low	gloss	"client/constructor/owner"	"client, property developer (female)"	"constructor" is the builder, i.e. the opposite party.
nouns	nouns_020	Baugrund	english	low	gloss	"building ground"	"building land/subsoil"	Calque.
nouns	nouns_020	Kormoran	english	low	gloss	"Great Cormorant/cormorant"	"cormorant"	Capitalised species name duplicates the plain word.
nouns	nouns_020	Uhu	english	low	gloss	"eagle-owl/glue"	"eagle owl"	"glue" is the trademark *UHU*, not the common noun.
nouns	nouns_020	Wasserspiegel	english	low	gloss	"water surface"	"water level"	The usual sense is the level, not the surface.
nouns	nouns_020	Selbstmedikation	english	low	gloss	"self medication"	"self-medication"	Missing hyphen.
nouns	nouns_020	Arzttermin	english	low	gloss	"doctor’s appointment" (curly apostrophe U+2019)	"doctor's appointment"	Only entry in the batch using a typographic apostrophe; inconsistent with the rest of the data.
nouns	nouns_020	Influencerin / Lektorin / Projektmanagerin / Finanzministerin / Sopranistin	english	low	gloss	glossed with no "(female)" marker	add "(female)", as `Herausgeberin`, `Kunsthistorikerin`, `Asylbewerberin`, `Zeitzeugin` and `Fußgängerin` do	Inconsistent treatment of feminine agent nouns within the same batch.
nouns	nouns_020	US spelling / US term, grouped	english	low	gloss	`Kinobesucher` "moviegoer"; `Marienkäfer` "ladybug"; `Scheibenwischer` "windshield wiper"; `Frontscheibe` "windshield" first; `Prolog` "prolog"; `Tagesprogramm` "daily program"; `Textverarbeitungsprogramm` "word processing program"; `Verfallsdatum` "expiration date" first; `Erholungsurlaub` "vacation leave"; `Frontalunterricht` "teacher-centered"; `Grauton` "gray tone" first; `Fettstoffwechselstörung` "dyslipidemia"; `Bettler` "panhandler"; `Glätteisen` "flat iron"; `Unkostenbeitrag` "toward"; `Trockenbau` "drywall"; `Reiserücktrittsversicherung` "trip cancellation"	single British form only — filmgoer, ladybird, windscreen wiper, windscreen, prologue, programme, expiry date, annual leave, teacher-centred, grey, dyslipidaemia, beggar, hair straightener, towards, plasterboard/dry-lining, travel cancellation	British-English app; US spellings and US-first ordering throughout.
nouns	nouns_020	Both spellings in one gloss, grouped	english	low	gloss	`Kichererbse` "chick-pea/chickpea"; `Tipi` "teepee/tepee/tipi"; `Vlies` "non-woven fabric/nonwoven"; `Vollpension` "full board/full-board"; `Fladenbrot` "flat bread/flatbread"; `Klavierkonzert` "piano concert/piano concerto"	one form each — chickpea, tepee, non-woven fabric, full board, flatbread, piano concerto	House rule forbids listing two spellings of the same word.
nouns	nouns_021	Handelnde	plural	high	plural	Handelnden	Handelnde	adjNoun citation plural must be the bare form, not the weak `-en` form.
nouns	nouns_021	Jahrgangsbeste	plural	high	plural	Jahrgangsbesten / "top of the class/valedictorian"	Jahrgangsbeste / "top of the year/best in year"	adjNoun weak plural; "valedictorian" is a US-only school role with no British equivalent.
nouns	nouns_021	Jobsuchende	plural	high	plural	Jobsuchenden	Jobsuchende	adjNoun citation plural must be the bare form.
nouns	nouns_021	Mächtige	plural	high	plural	Mächtigen	Mächtige	adjNoun citation plural must be the bare form.
nouns	nouns_021	Schwerverletzte	plural	high	plural	Schwerverletzten	Schwerverletzte	adjNoun citation plural must be the bare form.
nouns	nouns_021	Synodale	plural	high	plural	Synodalen	Synodale	adjNoun citation plural must be the bare form.
nouns	nouns_021	Untote	plural	high	plural	Untoten	Untote	adjNoun citation plural must be the bare form.
nouns	nouns_021	Bundesfreiwillige	plural	high	plural	Bundesfreiwilligen	Bundesfreiwillige	adjNoun citation plural must be the bare form.
nouns	nouns_021	Europaabgeordnete	plural	high	plural	Europaabgeordneten	Europaabgeordnete	adjNoun citation plural must be the bare form.
nouns	nouns_021	Krankenpflegerin	english	high	gloss	caregiver	nurse (female)	An A1 rank-1709 word glossed with a US care-sector term that is not what the word means; "carer" is the British word and neither is "nurse".
nouns	nouns_021	Landsmann	plural	high	plural	Landsmänner	Landsleute	`-mann` compound denoting a class of people takes `-leute`; `Landsmänner` is not standard.
nouns	nouns_021	Kaff	plural	high	plural	Kaffe	Kaffs (rarely Käffer)	Invented plural; "Kaffe" is not a German form at all. (Gloss "hicksville" is also US slang — prefer "dump/backwater".)
nouns	nouns_021	Seide	english	high	gloss	dodder/silk	silk	The botanical parasite sense sorts first and buries the everyday meaning of a B2 word.
nouns	nouns_021	Seeleute	word	high	junk	die Seeleute, plural Seeleute, "sailors/seafarers"	der Seemann, plural Seeleute	Plurale-tantum plural entered as a headword — same defect as `die Feuerwehrleute`/`die Bergleute`.
nouns	nouns_021	MIT	word	high	junk	der MIT — "MIT (Massachusetts Institute of Technology)"	delete	A foreign proper-noun acronym, not a German lexeme; the article is also fabricated.
nouns	nouns_021	Zepter	article	high	article	der Zepter / "scepter/sceptre"	das Zepter / "sceptre"	Standard gender is neuter; the gloss also carries both the US and British spelling.
nouns	nouns_021	Volksmusik	plural	high	plural	Volksmusiken	—	Invented plural on a mass noun (the known `Musik→Musiken` defect).
nouns	nouns_021	Endnote	english	high	gloss	endnote	final grade/final mark	Morpheme-level false friend — `die Endnote` is a school/exam mark; the English "endnote" is *Endnote/Anmerkung* in the bibliographic sense only.
nouns	nouns_021	Behindertenparkplatz	english	high	gloss	disabled parking space/handicapped parking spot/traffic handicapped parking	disabled parking space	"handicapped" is dated and offensive in British usage, and "traffic handicapped parking" is not English at all.
nouns	nouns_021	Wirtschaftsgeschichte	plural	medium	plural	Wirtschaftsgeschichten	—	`Geschichten` is the "stories" plural; the abstract "history" sense has no plural.
nouns	nouns_021	Baugeschichte	plural	medium	plural	Baugeschichten	—	Same "stories"-plural error on an abstract noun.
nouns	nouns_021	Bergbaugeschichte	plural	low	plural	Bergbaugeschichten	—	Same "stories"-plural error.
nouns	nouns_021	Entwicklungsgeschichte	plural	low	plural	Entwicklungsgeschichten	—	Same "stories"-plural error.
nouns	nouns_021	Gulasch	article	medium	article	der Gulasch	das Gulasch	Neuter in standard German; masculine is Austrian regional usage presented as standard.
nouns	nouns_021	Hafer	plural	medium	plural	Hafer / "oat"	— / "oats"	Mass noun with no plural, and English uses the plural "oats" for the grain.
nouns	nouns_021	Hecht	english	medium	gloss	dandy/pike	pike (fish)	The alphabetically-first slang sense buries the only meaning a learner needs.
nouns	nouns_021	Hufe	word	medium	junk	die Hufe — "oxgang"	delete, or gloss "hide (obsolete land measure)"	Obsolete land unit glossed with an equally obsolete English term; easily confused with `der Huf` (hoof).
nouns	nouns_021	Jahresfrist	english	medium	gloss	annual deadline/one-year period	period of one year	"annual deadline" (recurring yearly cut-off) is not what `Jahresfrist` means.
nouns	nouns_021	Klugheit	english	medium	gloss	prudence	cleverness/intelligence/prudence	Core everyday sense missing; plural `Klugheiten` is also all but non-existent.
nouns	nouns_021	Kreditzins	english	medium	gloss	credit interest	loan interest/borrowing rate	"credit interest" reads as interest *earned*, the opposite of what a borrower pays.
nouns	nouns_021	Lamelle	english	medium	gloss	fin	slat/louvre/lamella (mushroom: gill)	"fin" is simply wrong for every normal use of the word.
nouns	nouns_021	Lebenshaltung	english	medium	gloss	standard of living / Lebenshaltungen	cost of living/living expenses / —	"standard of living" is *Lebensstandard*; the plural is invented.
nouns	nouns_021	Magister	english	medium	gloss	magister	master's degree (holder)	Untranslated Latin — no English content for the learner.
nouns	nouns_021	Näherin	english	medium	gloss	seamstress/sewer	seamstress	"sewer" is a homograph of the drain and unusable as a gloss.
nouns	nouns_021	Off	english	medium	gloss	the off (in 'aus dem Off')	off-screen/off-camera (voice-over)	Gives an example frame instead of a translation.
nouns	nouns_021	Pantomime	english	medium	gloss	mime/pantomime	mime (art of mime)	British "pantomime" means the Christmas theatre genre — a false friend that must not appear in an A1 entry. Note also `der Pantomime` = the performer vs `die Pantomime` = the art form.
nouns	nouns_021	Radsport	plural	medium	plural	Radsporte	—	Invented plural on a mass/activity noun.
nouns	nouns_021	Saisonbeginn	plural	medium	plural	Saisonbeginne	—	The known `Beginn→Beginne` invented-plural defect.
nouns	nouns_021	Schnittlauch	plural	medium	plural	Schnittlauche	—	Mass noun (herb); no plural exists.
nouns	nouns_021	Weltmusik	plural	medium	plural	Weltmusiken	—	Invented plural on a mass noun.
nouns	nouns_021	Soli	english	medium	gloss	solidarity surcharge (slang)/solos	solidarity surcharge (colloquial)	"solos" is the plural of `das Solo`, a different lexeme leaking into this entry.
nouns	nouns_021	Songtext	english	medium	gloss	lyrics/songtext	lyrics/song lyrics	"songtext" is not an English word — the German lemma leaking into the gloss.
nouns	nouns_021	Verkehrssicherungspflicht	english	medium	gloss	traffic safety obligation/duty to maintain safety	duty to maintain safe premises (occupier's duty of care)	Morpheme-mangled — `Verkehr` here means public access to a property, not road traffic.
nouns	nouns_021	Verschreibung	english	medium	gloss	prescription/wrong writing	prescription/slip of the pen	"wrong writing" is not English.
nouns	nouns_021	Zeitangabe	english	medium	gloss	time declaration	time reference/statement of the time	Word-by-word calque; misleading for an A1 entry.
nouns	nouns_021	Analphabetismus	english	medium	gloss	analphabetism/illiteracy	illiteracy	"analphabetism" is a non-word in English and sorts first.
nouns	nouns_021	Backstage	word	medium	junk	die Backstage, plural Backstages — "backstage"	delete	Not a German noun (adverbial loan); the feminine article and plural are both fabricated.
nouns	nouns_021	Dolmetsch	word	medium	junk	der Dolmetsch — "interpreter"	der Dolmetscher	Archaic/Austrian variant duplicating the live lemma — same class as `der Kursus`.
nouns	nouns_021	Unterhemd	english	medium	gloss	undershirt	vest	US-only term; "vest" is the British word (and means something else in US English).
nouns	nouns_021	Schienenfahrzeug	english	medium	gloss	rolling stock	rail vehicle	"rolling stock" is a mass/collective term; the singular lemma needs a singular gloss.
nouns	nouns_021	Weitsicht	english	medium	gloss	far-sightedness/farsightedness/foresight	foresight/vision	The optical sense belongs to `Weitsichtigkeit`; the gloss also lists one spelling twice.
nouns	nouns_021	American spellings	english	low	gloss	Nachrichtensendung "news program"; Arbeitsminister "labor minister/minister of labor"; Arbeitsministerin "minister of labor"; Blutvergiftung "septicemia"; Durchfallerkrankung "diarrheal illness"; Fäkalie "faeces/feces"; Kurzsichtigkeit "near-sightedness"; Hyäne "hyaena/hyena"; Brennwert "caloric value"; Obduktion "post mortem/postmortem"; Aufgebot "lineup"	programme, labour, septicaemia, diarrhoeal, faeces, short-sightedness, hyena, calorific, post-mortem, line-up	British-English app; one form only, and `Arbeitsministerin` even mixes "labour" and "labor" in a single entry.
nouns	nouns_021	US terms ordered first / US-only terms	english	low	gloss	Strandpromenade "boardwalk/promenade"; Krippenplatz "daycare place/nursery place"; Aubergine "aubergine/eggplant"; Wattestäbchen "cotton bud/cotton swab"; Eisenbahnlinie "railroad line"; Werkfeuerwehr "plant fire department"; Zusteller "deliveryman/letter carrier"; Kartellrecht "antitrust law"; Fahrgemeinschaft "carpool"; Ehevertrag "premarital agreement/prenup"; Gymnasiallehrer "high school teacher"; Raser "speeder"	promenade; nursery place; aubergine; cotton bud; railway line; works fire brigade; postman/delivery driver; competition law; car share; marriage contract; grammar-school teacher; speeding driver	Either the US variant leads the gloss or it is the only form given.
nouns	nouns_021	Kodierung / Codierung	word	low	junk	both `die Kodierung` (13564) and `die Codierung` (14100) present; `der Kode` (13563) alongside the usual `Code`	keep the `C-` spellings only	Duplicate headwords for one lexeme; the `K-` spellings are the rarer variant.
nouns	nouns_021	Kunststoffverarbeitung	plural	low	plural	Kunststoffverarbeitungen	—	Process noun; plural not used.
nouns	nouns_021	Invented plurals on mass/abstract nouns	plural	low	plural	Heiterkeiten, Laktoseintoleranzen, Mayonnaisen, Migrationspolitiken, Militärdienste, Modernitäten, Mundgerüche, Musikindustrien, Platzmängel, Röntgenstrahlungen, Rückenmuskulaturen, Schiffsverkehre, Schilfe, Schulpolitiken, Sportlichkeiten, Stressbewältigungen, Strombedarfe, Tragkräfte, Volllasten, Vortriebe, Zeitdauern, Liebesleben, Bundesrechte, Außenwirtschaften, Babynahrungen, Elektriken, Deflationen	— in every case	Abstract/mass nouns given regular plurals they do not have.
nouns	nouns_021	Brokkoli	plural	low	plural	Brokkoli	—	Mass noun; a plural form is not used.
nouns	nouns_021	Ballast	plural	low	plural	Ballaste	—	Duden lists a rare plural, but for a learner deck `—` is the honest value.
nouns	nouns_021	Isländer	english	low	gloss	Icelander/icelandic horse	Icelander/Icelandic horse	Lower-case proper adjective.
nouns	nouns_021	Konzession	english	low	gloss	admission/concession/licence	licence/concession	"admission" is an alphabetical artefact and misleads.
nouns	nouns_021	Konzertbesucher	english	low	gloss	concert patron	concertgoer	"patron" suggests a sponsor.
nouns	nouns_021	Kopfsteinpflaster	english	low	gloss	cobblestone pavement	cobbles/cobbled paving	In British English "pavement" is the footpath, so the gloss reads wrongly.
nouns	nouns_021	Listenpreis	english	low	gloss	catalogue price/scheduled price	list price	The standard English term is absent.
nouns	nouns_021	Quellensteuer	english	low	gloss	PAYE/pay as you earn/withholding tax	withholding tax	PAYE is the British payroll system (`Lohnsteuer`), not withholding tax at source.
nouns	nouns_021	Mangold	english	low	gloss	Swiss chard/chard/mangold	chard/Swiss chard	English "mangold" is a fodder beet — a different plant.
nouns	nouns_021	Zärtlichkeit	english	low	gloss	caresses/solicitousness/tenderness	tenderness/affection	The plural-only sense leads and "solicitousness" is off-register.
nouns	nouns_021	Blöße	english	low	gloss	clearing/nudity/target	bareness/nakedness (idiom: sich eine Blöße geben — to show a weakness)	Forestry sense sorts first; the common idiomatic sense is missing.
nouns	nouns_021	Luftblase	english	low	gloss	air pocket/bleb/bubble	air bubble	"bleb" is obscure medical jargon sitting ahead of the plain sense.
nouns	nouns_021	Aktivkohle	english	low	gloss	activated carbon/activated coal	activated charcoal/activated carbon	"activated coal" is not English.
nouns	nouns_021	Augenring	english	low	gloss	dark circle/eye-circle	dark circle (under the eye)	"eye-circle" is a non-word.
nouns	nouns_021	Albatros	english	low	gloss	albatross/double-eagle	albatross	"double eagle" is the US golf term for the same score; irrelevant to the bird.
nouns	nouns_021	Werwolf	english	low	gloss	Werwolf/werewolf	werewolf	The German lemma leaks into the gloss.
nouns	nouns_021	Whistleblower / Tretboot / Seepferdchen / Ziegenkäse	english	low	gloss	"whistle blower/whistle-blower/whistleblower"; "paddle boat/paddle-boat/paddleboat"; "sea horse/seahorse"; "goat cheese/goat's cheese"	one form each — whistleblower; pedalo/pedal boat; seahorse; goat's cheese	Same word repeated in two or three spellings inside one gloss.
nouns	nouns_021	Viereck	english	low	gloss	quadrangle/quadrilateral/square	quadrilateral/four-sided figure	"square" is `Quadrat` and will be misremembered.
nouns	nouns_021	Tischtennis	english	low	gloss	ping-pong/table tennis	table tennis	The colloquial form leads the neutral one.
nouns	nouns_021	Tropfsteinhöhle	english	low	gloss	dripstone cave	stalactite cave/limestone cave	Calque; "dripstone" is not current British usage.
nouns	nouns_021	Steig	english	low	gloss	climb/pass/steep path	steep path/trail	"climb"/"pass" are not what the noun denotes.
nouns	nouns_021	Schneiderin	english	low	gloss	tailor/tailoress	dressmaker/seamstress	"tailoress" is archaic.
nouns	nouns_021	Pflegemittel	english	low	gloss	care products	care product	Singular lemma glossed as a plural.
nouns	nouns_021	Bischöfin / Ermittlerin	english	low	gloss	"bishop"; "investigator"	"bishop (female)"; "investigator (female)"	Other `-in` entries in this batch mark the feminine; these two do not.
nouns	nouns_021	Bellen / Eislaufen	word	low	junk	das Bellen "barking"; das Eislaufen "skating"	drop `das Bellen`; gloss `Eislaufen` as "ice skating"	Nominalised infinitives as headwords; "skating" alone loses the ice.
nouns	nouns_021	Lenz	english	low	gloss	spring	spring (poetic)	Register not marked — a learner will use it for the ordinary season.
nouns	nouns_021	Zeitlang	word	low	junk	die Zeitlang — "while/period of time"	drop; it only occurs in `eine Zeit lang`/`eine Zeitlang`	Not an independent headword.
nouns	nouns_021	Mekka / Ritalin	word	low	junk	das Mekka "Mecca"; das Ritalin "Ritalin"	drop, or gloss Mekka only in the figurative "mecca for…" sense	Place name and drug brand name.
nouns	nouns_021	Studi	article	low	article	die Studi	der Studi (die Studi only for a female student)	The colloquial clipping is normally masculine as the default citation form.
nouns	nouns_021	Paintball	article	low	article	der Paintball	das Paintball	Sport names taken from English are normally neuter (`das Fußball` pattern aside, cf. `das Bowling`).
nouns	nouns_021	Pogrom	article	low	article	der Pogrom	das Pogrom (also der)	Neuter is the primary Duden gender.
nouns	nouns_021	Atlas	english	low	gloss	"atlas; satin"	"atlas/satin", with plural Atlanten (atlas) vs Atlasse (satin)	Uses a semicolon where every other entry uses `/`, and the two senses have different plurals.
nouns	nouns_021	Täufer	english	low	gloss	baptist	Anabaptist; (Johannes der Täufer) John the Baptist	Lower-case "baptist" reads as the denomination member, which is `Baptist`.
nouns	nouns_021	Abenteuerlust	english	low	gloss	adventuresomeness/love of adventure	thirst for adventure/love of adventure	"adventuresomeness" is vanishingly rare in British English.
nouns	nouns_021	Urenkel	english	low	gloss	great-grandson	great-grandchild/great-grandson	The generic sense is the commoner one.
nouns	nouns_022	Fünfjährige	plural	high	plural	der Fünfjährige / Fünfjährigen	Fünfjährige	`adjNoun` citation plural is the bare strong form, not the weak `-en`.
nouns	nouns_022	Hausangestellte	plural	high	plural	der Hausangestellte / Hausangestellten	Hausangestellte	same adjectival-noun plural defect.
nouns	nouns_022	Heimatvertriebene	plural	high	plural	der Heimatvertriebene / Heimatvertriebenen	Heimatvertriebene	same adjectival-noun plural defect.
nouns	nouns_022	Herrschende	plural	high	plural	der Herrschende / Herrschenden	Herrschende	same adjectival-noun plural defect.
nouns	nouns_022	Kriegstote	plural	high	plural	der Kriegstote / Kriegstoten	Kriegstote	same adjectival-noun plural defect.
nouns	nouns_022	Schwerkranke	plural	high	plural	der Schwerkranke / Schwerkranken	Schwerkranke	same adjectival-noun plural defect.
nouns	nouns_022	Sechste	plural	high	plural	der Sechste / Sechsten "sixth"	Sechste — and the lemma itself is a bare ordinal, marginal as a dictionary headword	weak plural; an ordinal nominalisation is corpus noise rather than vocabulary.
nouns	nouns_022	Siebenjährige	plural	high	plural	der Siebenjährige / Siebenjährigen	Siebenjährige	same adjectival-noun plural defect.
nouns	nouns_022	Streikende	plural	high	plural	der Streikende / Streikenden	Streikende	same adjectival-noun plural defect.
nouns	nouns_022	Verwundete	plural	high	plural	der Verwundete / Verwundeten	Verwundete	same adjectival-noun plural defect.
nouns	nouns_022	Frauenbeauftragte / Hilfsbedürftige	flags	low	plural	no `adjNoun` flag, though both are adjectival nouns (plurals happen to be right)	tag both `adjNoun`	inconsistent tagging; the app will decline them as ordinary nouns.
nouns	nouns_022	Röteln	article	high	article	das Röteln	die Röteln	plurale tantum — there is no singular *das Röteln*; classic "plurale-tantum given a singular article".
nouns	nouns_022	Outback	article	medium	article	der Outback / Outbacks	das Outback / — (proper-noun region, no plural)	loanword gender wrong; the Australian Outback is not countable.
nouns	nouns_022	Standby	article	medium	article	der Standby / Standbys	das Stand-by / das Standby	loanword gender wrong (Duden: *das*).
nouns	nouns_022	Milchbauer	plural	high	plural	Milchbauer	Milchbauern	*Bauer* takes the weak plural *-n*; identical singular/plural is wrong.
nouns	nouns_022	Aberglaube	plural	medium	plural	Aberglauben	—	mass noun; *Aberglauben* is the oblique/variant singular, not a plural.
nouns	nouns_022	Kork	plural	medium	plural	Korke, gloss "cork/plug/stopper"	— (material sense); the stopper is *der Korken*, plural *Korken*	plural and gloss borrowed from a different lexeme (*Korken*).
nouns	nouns_022	Lieblingsmusik	plural	medium	plural	Lieblingsmusiken	—	invented plural on a mass noun (same family as the known `Musik→Musiken` defect).
nouns	nouns_022	Schrifttum	plural	medium	plural	Schrifttümer	—	collective/mass noun; *Schrifttümer* is not used.
nouns	nouns_022	Finanzpolitik / Fleischproduktion / Holzwirtschaft / Regionalverkehr / Zugverkehr / Überfischung / Kalorienverbrauch / Alkoholgehalt / Altholz / Freibier / Koriander / Lichtgeschwindigkeit / Skispringen / Pi	plural	low	plural	Finanzpolitiken, Fleischproduktionen, Holzwirtschaften, Regionalverkehre, Zugverkehre, Überfischungen, Kalorienverbräuche, Alkoholgehalte, Althölzer, Freibiere, Koriander, Lichtgeschwindigkeiten, Skispringen, Pis	— in each case	mass/abstract/unique-referent nouns given a countable plural.
nouns	nouns_022	Forschergeist / Interaktivität / Rationalität / Preisgabe / Selbstsicherheit / Spielfreude / Vielschichtigkeit / Zielstrebigkeit	plural	low	plural	countable plurals on abstract qualities	— (or at least rare)	abstract nouns pluralised by rule rather than by usage.
nouns	nouns_022	Apostelgeschichte	plural	low	plural	Apostelgeschichten	—	title of a single biblical book; no plural.
nouns	nouns_022	Anime	plural	low	plural	Anime	Animes	loanword takes *-s*.
nouns	nouns_022	Industriedenkmal	plural	low	gloss	Industriedenkmale / "industry monument"	Industriedenkmäler (commoner) / "industrial monument, industrial heritage site"	literal morpheme-by-morpheme gloss; *-mäler* is the everyday plural.
nouns	nouns_022	Halsschmerz	word	medium	junk	der Halsschmerz, plural Halsschmerzen	die Halsschmerzen (plural only)	singular back-formed from a plurale-tantum ailment; nobody says *ein Halsschmerz*.
nouns	nouns_022	Textbaustein	english	high	gloss	lyric brick	text module / boilerplate text / standard paragraph	morpheme-mangled compound (*Text*→"lyric", *Baustein*→"brick"); tagged A1, so a learner meets it early.
nouns	nouns_022	Schlafanzug	english	high	gloss	nightgown/pair of pyjamas	pyjamas	"nightgown" is *Nachthemd* — a different garment, and it leads the gloss.
nouns	nouns_022	Wasserzähler	english	high	gloss	water metre	water meter	"metre" is the unit of length; a *Zähler* is a meter. Teaches a spelling error.
nouns	nouns_022	Getränkemarkt	english	medium	gloss	beverage market	drinks shop / beverage store (a retail outlet)	read as an economics term; it is a shop, not a market sector.
nouns	nouns_022	Gehversuch	english	medium	gloss	walking attempt/walking test	first steps / tentative first attempt	"walking test" is not a sense of the word; the figurative "first steps" sense is missing.
nouns	nouns_022	Verfahrensrecht	english	medium	gloss	adjective law/procedural law	procedural law	"adjective law" is an archaic jurisprudential term placed first by alphabetical sort.
nouns	nouns_022	Abwasserkanal	english	medium	gloss	sewage/sewage system/sewer	sewer	"sewage" is the effluent itself, not the channel; it leads the gloss.
nouns	nouns_022	Willenserklärung	english	medium	gloss	declaration of will	declaration of intent	standard English legal term; "declaration of will" reads as a testament.
nouns	nouns_022	Zollamt	english	medium	gloss	custom office/customhouse/customs	customs office	"custom office" is a typo/non-phrase and sorts first.
nouns	nouns_022	Testflug	english	medium	gloss	check flight	test flight	mistranslation; "check flight" is a pilot-proficiency check.
nouns	nouns_022	Textverarbeitung	english	medium	gloss	text processing	word processing	the established English term; "text processing" is a different (computing) concept.
nouns	nouns_022	Privatklinik	english	medium	gloss	clinic	private clinic / private hospital	the whole point of the compound (*Privat-*) is dropped.
nouns	nouns_022	Lebenszeichen	english	medium	gloss	life signs/sign of life/vital signs	sign of life	"vital signs" is *Vitalzeichen*, a medical term; and the plural form leads.
nouns	nouns_022	Röntgenaufnahme	english	medium	gloss	radiograph/roentgenogram	X-ray (image)	the everyday word is absent; both given forms are technical.
nouns	nouns_022	Umkleide	english	medium	gloss	cabin/changing room/locker room	changing room	"cabin" is not a sense of the word and sorts first.
nouns	nouns_022	Unteroffizier	english	medium	gloss	junior officer/non-commissioned officer/noncommissioned officer	non-commissioned officer / NCO	"junior officer" is factually wrong (an NCO is not an officer); also both hyphenations listed.
nouns	nouns_022	Gratulant	english	medium	gloss	congratulator	well-wisher / person offering congratulations	"congratulator" is barely English.
nouns	nouns_022	Moslem	english	medium	gloss	Moslem/Muslem/Muslim	Muslim	"Muslem" is a non-word; "Moslem" is dated and mildly offensive in English. One form only.
nouns	nouns_022	Nummernschild	english	medium	gloss	licence plate/licence tag	number plate	British term is "number plate"; "licence plate" is a US/UK spelling hybrid and "licence tag" is not English.
nouns	nouns_022	Kanzel	english	medium	gloss	cockpit/pulpit	pulpit / cockpit	alphabetical sort buried the primary sense.
nouns	nouns_022	Pfeife	english	medium	gloss	loser/pipe/whistle	whistle / pipe (…, colloquially "wimp")	a slang pejorative leads a B2 entry; core senses come last.
nouns	nouns_022	Loge	english	medium	gloss	box seat/gallery	box (theatre) / lodge (masonic) / porter's lodge	"gallery" is a different part of the theatre; the "lodge" sense is missing entirely.
nouns	nouns_022	Schleppe	english	medium	gloss	train	train (of a dress or robe)	bare "train" will be read as a railway train.
nouns	nouns_022	Tranche	english	medium	gloss	block/cut/part	tranche / instalment	the direct English cognate — the actual finance term — is missing.
nouns	nouns_022	Geiger	english	medium	gloss	fiddler/violinist	violinist / fiddler	alphabetical ordering puts the informal sense first.
nouns	nouns_022	Rückversicherung	english	low	gloss	reassurance/reinsurance	reinsurance / (figuratively) backing, safety net	"reassurance" leads and is a near-false-friend for *Beruhigung*.
nouns	nouns_022	Kaskade	english	low	gloss	acrobatic leap/cascade/waterfall	cascade / waterfall	the stunt sense (from *Kaskadeur*) is rare and sorts first.
nouns	nouns_022	Keuchhusten	english	low	gloss	pertussis/whooping cough	whooping cough	medical term precedes the everyday one.
nouns	nouns_022	Oberkiefer	english	low	gloss	maxilla/upper jaw	upper jaw	anatomical Latin leads.
nouns	nouns_022	Haselnuss	english	low	gloss	hazel/hazelnut/hazelnut tree	hazelnut	the tree/shrub senses precede the nut.
nouns	nouns_022	Steinbock / Widder	english	low	gloss	Capricorn/ibex · Aries/ram	ibex / Capricorn · ram / Aries	zodiac names sort ahead of the animals a learner actually needs.
nouns	nouns_022	Muttertier	english	low	gloss	dam/mother	mother animal / dam	"dam" is a specialist breeding term placed first.
nouns	nouns_022	Frischling	english	low	gloss	boar piglet/freshman/shoat	young wild boar / (figuratively) newcomer	"freshman" is US-specific and "shoat" is US farming dialect.
nouns	nouns_022	Lokalmatador	english	low	gloss	local hero/local heroine/local jock	local hero / local favourite	"local jock" is US slang and out of register.
nouns	nouns_022	Förmchen	english	low	gloss	tart mould	small mould (esp. a child's sand mould) / patty tin	gloss is far narrower than the word.
nouns	nouns_022	Geschenkpapier	english	low	gloss	gift wrap paper	wrapping paper / gift wrap	non-idiomatic doubling.
nouns	nouns_022	Zahnstein	english	low	gloss	calculus/tartar	tartar / dental plaque	"calculus" first reads as mathematics.
nouns	nouns_022	Leichenschau	english	low	gloss	post-mortem examination/coroner's inquest	post-mortem examination	a coroner's inquest is a legal hearing, not the examination.
nouns	nouns_022	Tusch	english	low	gloss	flourish/sting	fanfare / flourish	"sting" is broadcast jargon and opaque here.
nouns	nouns_022	Lügenpresse	english	low	gloss	lying press	"lying press" (Nazi-era and far-right propaganda term)	highly loaded term given with no register warning.
nouns	nouns_022	Gauleiter	english	low	gloss	gauleiter	Gauleiter (Nazi Party regional leader)	circular gloss; historical context missing.
nouns	nouns_022	Vizekanzler	english	low	gloss	Vice-Chancellor/vice chancellor	vice-chancellor (deputy head of government)	same word twice in two casings; in Britain "Vice-Chancellor" primarily means a university head.
nouns	nouns_022	Jahrmillion / Forschungszweck	english	low	gloss	"millions of years" · "research purposes"	"million years" · "research purpose"	singular lemmas glossed with plural English.
nouns	nouns_022	Vorankündigung	english	low	gloss	preannouncement	advance notice / advance announcement	"preannouncement" is barely English.
nouns	nouns_022	Kundenberatung / Gemüsebrühe / Parkplatzsuche / Trauzimmer / Küchentuch	english	low	gloss	client advice · vegetable broth · car park search · marriage room/wedding room · kitchen towel	customer advice/customer service · vegetable stock · looking for a parking space · wedding room (at a registry office) · tea towel	literal renderings that miss the ordinary British phrasing.
nouns	nouns_022	Hauptverkehrsstraße	english	low	gloss	arterial road/main artery road/main road	main road / arterial road	"main artery road" is not a phrase.
nouns	nouns_022	Weltausstellung	english	low	gloss	expo/universal Exposition/world exhibition	world's fair / world exposition	broken capitalisation mid-gloss; the usual English name is missing.
nouns	nouns_022	Sonnenliege	english	low	gloss	Sun lounger	sun lounger	stray capital.
nouns	nouns_022	Unterhose	english	low	gloss	briefs/pants/shorts	underpants / pants	to a British learner "shorts" means outerwear.
nouns	nouns_022	Liebespaar / Straßenkreuzung / Spürnase	english	low	gloss	couple · crossing/intersection · good nose/flair	pair of lovers · crossroads/junction · nose (for something); also "sleuth" (a person)	over-generalised or US-leaning renderings; *Spürnase* also denotes a person.
nouns	nouns_022	Filmset, Filmtheater, Frischhaltefolie, Geldschein, Grundkapital, Grundschullehrerin, Heimkind, Hirnblutung, Hundekot, Modellprogramm, Müllberg, Mutti, Reformhaus, Ruderboot, Schwefeldioxid, Tatkraft, Telefonzelle, Wohnblock, Fußgängerüberweg, Taschenmesser, Zeugenaussage	english	medium	gloss	"movie set", "movie theatre", "plastic wrap", "bill", "capital stock" (first), "elementary school teacher" (first), "institutionalized", "hemorrhage", "feces", "program", "garbage heap", "mommy" (first), "health food store", "rowboat", "sulfur", "vigor", "telephone booth" (first), "apartment block/apartment building", "crosswalk", "jackknife" (first), "deposition" (first)	film set · cinema · cling film · banknote/note · share capital · primary school teacher · institutionalised · haemorrhage · dog mess/faeces · programme · rubbish heap · mummy · health food shop · rowing boat · sulphur · vigour · telephone box · block of flats · pedestrian crossing · penknife · testimony	US spellings, US-only terms, or the US variant sorted ahead of the British one.
nouns	nouns_022	Naivität	english	medium	gloss	naivete/naivety/naiveté	naivety	three competing spellings, two of them non-British.
nouns	nouns_022	Lupine	english	medium	gloss	lupine/lupinus	lupin	"lupine" is the US spelling/adjective and "lupinus" is Latin genus, not English.
nouns	nouns_022	Satiriker	english	medium	gloss	satiriser/satirist/satirizer	satirist	two invented agent nouns, one in each of -ise/-ize.
nouns	nouns_022	Vollkornbrot / Lohnabrechnung / Waschanlage / Veranda / Trolley	english	low	gloss	whole-grain/wholemeal/wholewheat · pay slip/payslip · car wash/carwash/wash system · porch/veranda/verandah · roller suitcase/rolling suitcase/trolley case	wholemeal bread · payslip · car wash · veranda · wheeled suitcase / trolley case	same word listed in multiple spellings, or the US variant leading.
nouns	nouns_022	Fußgängerüberweg	english	medium	gloss	crosswalk/zebra	pedestrian crossing / zebra crossing	US term first, and bare "zebra" is the animal.
nouns	nouns_022	Gießen	word	medium	junk	das Gießen "pouring/casting"	drop — nominalised infinitive (and a homograph of the city Gießen)	defect class 7; not a dictionary headword.
nouns	nouns_022	Klauen	word	medium	junk	das Klauen "stealing"	drop — nominalised infinitive of *klauen*	defect class 7.
nouns	nouns_022	Klingeln	word	medium	junk	das Klingeln "ringing/buzzing"	drop — nominalised infinitive of *klingeln*	defect class 7.
nouns	nouns_022	Pfeifen	word	medium	junk	das Pfeifen "whistling"	drop — nominalised infinitive; duplicates *die Pfeife* two rows earlier	defect class 7.
nouns	nouns_022	Schlendern	word	medium	junk	das Schlendern "strolling"	drop — nominalised infinitive	defect class 7.
nouns	nouns_022	Abbrennen	word	medium	junk	das Abbrennen "burning down/burning off"	drop — nominalised infinitive	defect class 7.
nouns	nouns_022	IRS	word	medium	junk	der IRS "IRS"	drop — the acronym of a US government agency, not German vocabulary	defect class 7 (proper noun / non-German lexeme).
nouns	nouns_022	Für	word	medium	junk	das Für "the pros (in 'das Für und Wider')"	drop, or store the whole idiom *das Für und Wider*	a preposition captured as a noun because of one fixed phrase.
nouns	nouns_022	Hehl	word	low	junk	der Hehl "secret (in 'kein Hehl daraus machen')"	keep only as the idiom *kein Hehl aus etwas machen*	the bare lemma never occurs outside that phrase.
nouns	nouns_022	Hole	word	low	junk	das Hole / Holes "hole"	drop — English lexeme used only inside golf jargon	defect class 7 (non-German lexeme, cf. *das Food*).
nouns	nouns_022	Freiburger / Nürnberger	word	low	junk	"person from Freiburg" / "person from Nuremberg"	drop — demonyms derived from place names	proper-noun derivatives, no learner value; *Nürnberger* is far commoner as an adjective/sausage.
nouns	nouns_022	Mainufer / Martinskirche / Novemberrevolution	word	low	junk	"bank of the Main" / "St. Martin's Church" / "November Revolution"	drop — proper nouns	named places and a historical event, not vocabulary.
nouns	nouns_022	Apache	english	low	gloss	apache (lowercase)	Apache (member of the Apache people)	ethnonym must be capitalised; lowercase "apache" is a different (dated French slang) word.
nouns	nouns_022	Schraubendreher / Schraubenzieher	word	low	junk	two separate entries, both glossed "screwdriver"	keep one (*Schraubenzieher* is the everyday form) and cross-reference	exact duplicates in the same batch.
nouns	nouns_022	Interessenskonflikt	word	medium	junk	der Interessenskonflikt	der Interessenkonflikt	the standard form has no linking *-s-*; teaching the variant is a spelling trap.
nouns	nouns_022	Membrane	word	low	junk	die Membrane	die Membran (plural Membranen)	dated side form duplicating the live lemma.
nouns	nouns_022	Stabstelle	word	low	junk	die Stabstelle	die Stabsstelle	missing linking *-s-*.
nouns	nouns_022	Antipasto	article	low	article	der Antipasto / Antipasti	das Antipasto (usually cited as plural *die Antipasti*)	loanword gender.
nouns	nouns_022	Abbrucharbeit	word	low	junk	die Abbrucharbeit	die Abbrucharbeiten (used in the plural)	singular back-formed from a normally plural collocation.
nouns	nouns_022	Kameradin / Generalsekretärin / Superintendentin	english	low	gloss	"comrade", "general secretary", "superintendent" with no female marking	add "(female)" as done elsewhere in this batch (e.g. Geigerin, Prüferin, Reiseleiterin)	inconsistent treatment of *-in* forms within the same batch.
nouns	nouns_023	Salami	article	high	article	`der Salami` / plural `Salami`	`die Salami` / plural `Salamis`	Salami is feminine in standard German; an A1-tagged food word teaching the wrong gender.
nouns	nouns_023	Augentropfen	article	high	article	`das Augentropfen`	`die Augentropfen` (plurale tantum; singular *der Augentropfen* = one drop)	Neuter is impossible — *Tropfen* is masculine, and the eye-drops sense is plural-only.
nouns	nouns_023	Aw	word	high	junk	`der Aw` / `—` / "Av"	delete	Not a German word; gloss "Av" is not English either. Pure corpus junk.
nouns	nouns_023	Konsorte	english	high	gloss	"consort"	"associate/crony (usually pl. *Konsorten* = and his ilk)"	False friend — *Konsorte* never means royal consort (that is *Gemahl/Prinzgemahl*).
nouns	nouns_023	Korken	english	high	gloss	"plug/stopper"	"cork"	The everyday primary sense (bottle cork) is missing entirely.
nouns	nouns_023	Sättigung	english	high	gloss	"satiety/saturación/saturation"	"saturation/satiety"	"saturación" is Spanish — a non-English token inside the gloss.
nouns	nouns_023	Armutsrisiko	plural	high	plural	`Armutsrisikos`	`Armutsrisiken`	*Risiko* pluralises as *Risiken*; `-s` is a fabricated form.
nouns	nouns_023	Influenzavirus	article	low	article	`der Influenzavirus` / "influenza virus/influenzavirus"	`das Influenzavirus` / "influenza virus"	Standard gender for *Virus* is neuter; "influenzavirus" as one word is not English.
nouns	nouns_023	Formaldehyd	article	low	article	`der Formaldehyd`	`das Formaldehyd`	Duden gives *das* as standard, *der* only as technical variant — learner should get *das*.
nouns	nouns_023	Graffiti	word	medium	junk	`das Graffiti` / plural `Graffitis`	lemma `das Graffito`, plural `Graffiti`	The plural has been entered as the headword and then re-pluralised.
nouns	nouns_023	Photograph	word	medium	junk	`der Photograph`	`der Fotograf`	Pre-1996 spelling duplicating the live lemma; teaches an outdated form.
nouns	nouns_023	Nickname	plural	medium	plural	plural `Nicknamen`, flagged `weak`	plural `Nicknames`, not a weak noun	English loan takes `-s`; the weak declension is invented.
nouns	nouns_023	Auftauchen	word	medium	junk	`das Auftauchen` / "appearance"	delete (nominalised infinitive); gloss would be "surfacing/emergence"	Corpus junk headword, and "appearance" is the wrong noun anyway.
nouns	nouns_023	Ausatmen	word	medium	junk	`das Ausatmen`	delete (nominalised infinitive)	Not a dictionary lemma; *die Ausatmung* is the real noun.
nouns	nouns_023	Seilen	word	medium	junk	`das Seilen` / "roping/use of ropes"	delete	Nominalised infinitive, not a usable entry.
nouns	nouns_023	Gestern	word	medium	junk	`das Gestern` / "yesterday"	delete, or gloss "the past/yesteryear"	Nominalised adverb; glossing it "yesterday" invites `*das Gestern` for the adverb.
nouns	nouns_023	Niagarafälle	word	medium	junk	`die Niagarafälle` / "Niagara Falls"	delete	Proper noun, no learner value in a general word bank.
nouns	nouns_023	Mainzelmännchen	word	low	junk	"Mainzelmaennchen (ZDF mascot)"	delete	Trademarked TV mascot; the gloss is also an ASCII-mangled repeat of the German.
nouns	nouns_023	Queen	word	low	junk	`die Queen` / "Queen"	delete, or gloss "the British Queen"	Untranslated proper noun used as headword.
nouns	nouns_023	Monsieur	word	low	junk	`der Monsieur` / "Monsieur"	delete	French form of address, gloss untranslated; not German vocabulary.
nouns	nouns_023	Landwehr	english	low	gloss	"Landwehr"	"militia/territorial reserve"	Gloss simply repeats the German lemma.
nouns	nouns_023	Beauty	word	low	junk	`die Beauty` / `Beautys`	delete	Only occurs in German as a compound element (*Beauty-Produkt*), not a free noun.
nouns	nouns_023	Landbeschäler	word	low	junk	"state stud stallion"	delete	Extremely rare administrative-veterinary term; no learner value.
nouns	nouns_023	Invented plurals on mass/abstract nouns	plural	medium	plural	`Ausbildungsdauern`, `Barockzeiten`, `Bodenerosionen`, `Brüderlichkeiten`,	`—` for all of these	Mass/abstract/unique-referent nouns; `Klaviermusiken` and `Nordpole` in particular are
nouns	nouns_023	Begünstigte	plural	medium	plural	`Begünstigten` — correct: `Begünstigte`	`Begünstigte`	`adjNoun` citation plural is the bare strong form.
nouns	nouns_023	Bürgerbeauftragte	plural	medium	plural	`Bürgerbeauftragten` — correct: `Bürgerbeauftragte`	`Bürgerbeauftragte`	same.
nouns	nouns_023	Erwerbslose	plural	medium	plural	`Erwerbslosen` — correct: `Erwerbslose`	`Erwerbslose`	same.
nouns	nouns_023	Getötete	plural	medium	plural	`Getöteten` — correct: `Getötete`	`Getötete`	same.
nouns	nouns_023	Geübte	plural	medium	plural	`Geübten` / "practiced person" — correct: `Geübte` / "practised person"	`Geübte` / "practised person"	weak plural, plus US spelling "practiced".
nouns	nouns_023	Inhaftierte	plural	medium	plural	`Inhaftierten` — correct: `Inhaftierte`	`Inhaftierte`	same.
nouns	nouns_023	Kriminalbeamte	plural	medium	plural	`Kriminalbeamten` — correct: `Kriminalbeamte`	`Kriminalbeamte`	same.
nouns	nouns_023	Kurzentschlossene	plural	medium	plural	`Kurzentschlossenen` — correct: `Kurzentschlossene`	`Kurzentschlossene`	same.
nouns	nouns_023	Landesdatenschutzbeauftragte	plural	medium	plural	`Landesdatenschutzbeauftragten` — correct: `Landesdatenschutzbeauftragte`	`Landesdatenschutzbeauftragte`	same.
nouns	nouns_023	Leidtragende	plural	medium	plural	`Leidtragenden` — correct: `Leidtragende`	`Leidtragende`	same.
nouns	nouns_023	Neunjährige	plural	medium	plural	`Neunjährigen` — correct: `Neunjährige`	`Neunjährige`	same.
nouns	nouns_023	Protestierende	plural	medium	plural	`Protestierenden` — correct: `Protestierende`	`Protestierende`	same.
nouns	nouns_023	Ratsvorsitzende	plural	medium	plural	`Ratsvorsitzenden` — correct: `Ratsvorsitzende`	`Ratsvorsitzende`	same.
nouns	nouns_023	Schwächste	plural	medium	plural	`Schwächsten` — correct: `Schwächste`	`Schwächste`	weak plural; the superlative-nominalisation headword is also marginal as a lemma.
nouns	nouns_023	Gecko	plural	low	plural	`Geckonen`	`Geckos`	`Geckonen` is a rare secondary variant; the everyday plural is `Geckos`.
nouns	nouns_023	Geiz	english	medium	gloss	"avarice/penury/stinginess", plural `Geize`	"meanness/stinginess", plural `—`	"penury" means destitution, not miserliness; *Geiz* has no plural.
nouns	nouns_023	Hiobsbotschaft	english	medium	gloss	"Job's news/bad tidings"	"bad news/terrible news"	"Job's news" is a literal calque, not English.
nouns	nouns_023	Güterzug	english	medium	gloss	"cargo train/freighttrain/wagon train"	"goods train/freight train"	"freighttrain" is a misspelling and "wagon train" means a convoy of covered wagons.
nouns	nouns_023	Filmszene	english	medium	gloss	"filmstrip/movie scene"	"film scene"	"filmstrip" is a different thing (*Filmstreifen*) and leads; "movie" is US.
nouns	nouns_023	Fibel	english	medium	gloss	"brooch/fibula/primer"	"primer (first reading book)/fibula (brooch)"	The archaeological sense is placed first; the everyday sense is the schoolbook.
nouns	nouns_023	Bordell	english	medium	gloss	"bawdy-house/brothel/house of ill fame"	"brothel"	Two archaic euphemisms sort ahead of the plain word.
nouns	nouns_023	Belagerung	english	medium	gloss	"beleaguerment/siege"	"siege"	"beleaguerment" is vanishingly rare and leads.
nouns	nouns_023	Gewaltenteilung	english	medium	gloss	"checks and balances/separation of powers"	"separation of powers"	"Checks and balances" is a distinct concept (*Gewaltenverschränkung*) and leads.
nouns	nouns_023	Observation	english	medium	gloss	"observation"	"surveillance (police)"	False friend — general observation is *Beobachtung*; *Observation* is police tailing.
nouns	nouns_023	Reiseapotheke	english	medium	gloss	"first-aid kit"	"travel medicine kit"	A first-aid kit is a *Verbandskasten*; *Reiseapotheke* is medicines, not dressings.
nouns	nouns_023	Hauptamt	english	medium	gloss	"main office"	"full-time post (as opposed to *Ehrenamt*)/head office"	The dominant modern sense — salaried, full-time position — is missing.
nouns	nouns_023	Rednerin	english	medium	gloss	"lecturer/orator/speaker"	"speaker/orator"	"lecturer" (= *Dozentin*) is wrong and sorts first.
nouns	nouns_023	Schreibe	english	medium	gloss	"pen/way of writing/written language", plural `Schreiben`	"(one's) writing style" (colloquial), plural `—`	"pen" is flatly wrong, and `Schreiben` collides with *das Schreiben* "letter".
nouns	nouns_023	Kommende	english	medium	gloss	"commandery/coming one"	"commandery (of a knightly order)" — or delete as too obscure	"coming one" is not English; the entry is near-unusable as it stands.
nouns	nouns_023	Schwefel	english	medium	gloss	"brimstone/sulfur"	"sulphur"	Archaic "brimstone" leads and "sulfur" is the US spelling.
nouns	nouns_023	Heiligkeit	english	medium	gloss	"holiness/holyness"	"holiness/sanctity"	"holyness" is a misspelling — a non-word in the gloss.
nouns	nouns_023	Feriengast	english	medium	gloss	"vacationist"	"holidaymaker"	"vacationist" is archaic US; British learners need "holidaymaker".
nouns	nouns_023	Fernsehfilm	english	medium	gloss	"made‐for‐TV movie/telefilm/telepicture"	"television film/TV drama"	All three are US trade jargon; the string also uses non-ASCII hyphens.
nouns	nouns_023	Landarzt	english	medium	gloss	"country doc"	"country doctor/rural GP"	"doc" is informal US register in a neutral dictionary entry.
nouns	nouns_023	Digitalfunk	english	medium	gloss	"digital broadcasting"	"digital radio communications (emergency-services network)"	Broadcasting is *Digitalradio/DAB*; *Digitalfunk* is two-way radio.
nouns	nouns_023	Krake	english	medium	gloss	"kraken/octopus"	"octopus"	The mythical sea monster leads; the real animal is the everyday sense.
nouns	nouns_023	Kurkuma	english	medium	gloss	"Indian saffron/curcuma/turmeric", plural `Kurkumen`	"turmeric", plural `—`	The usable English word is last; the two leading terms are obscure, plural invented.
nouns	nouns_023	Paroli	english	medium	gloss	"raise"	"*Paroli bieten* — to stand up to / match someone"	Only the obsolete card-game sense is given; the idiom is the only living use.
nouns	nouns_023	Kittel	english	low	gloss	"coat"	"overall/smock/lab coat"	"coat" alone suggests outerwear.
nouns	nouns_023	Sprachstörung	english	low	gloss	"language disorder"	"speech disorder/speech impediment"	Everyday sense is speech, not linguistic-competence disorder.
nouns	nouns_023	Sprachprüfung	english	low	gloss	"language certificate/language exam"	"language exam"	A certificate is a *Sprachzertifikat*; wrong sense leads.
nouns	nouns_023	Polizeikraft	english	low	gloss	"police force"	"police officer (usually pl. *Polizeikräfte* = police personnel)"	The institution is *die Polizei*; this word counts individuals.
nouns	nouns_023	Aufklärer	english	low	gloss	"enlightener"	"Enlightenment thinker/educator/reconnaissance aircraft"	"enlightener" is barely English and omits both live senses.
nouns	nouns_023	Bademeister	english	low	gloss	"pool attendant/swimming-master"	"pool attendant/lifeguard"	"swimming-master" is not current English.
nouns	nouns_023	Eingabegerät	english	low	gloss	"control input/input device/input unit"	"input device"	"control input" is not a device and leads.
nouns	nouns_023	Eigenwert	english	low	gloss	"eigenvalue"	"intrinsic value/eigenvalue"	The maths term leads; general German usage is "intrinsic value".
nouns	nouns_023	Freibauer	english	low	gloss	"passed pawn"	"freeholder/free peasant; (chess) passed pawn"	Only the chess sense is given.
nouns	nouns_023	Demoskopie	english	low	gloss	"opinion poll/opinion research/opinion survey"	"opinion research (the discipline)"	An individual poll is *Meinungsumfrage*.
nouns	nouns_023	Girlande	english	low	gloss	"festoon/garland/swag"	"garland"	Alphabetical sort puts the rarer word first.
nouns	nouns_023	Peitsche	english	low	gloss	"scourge/whip"	"whip"	"scourge" leads and is figurative/archaic.
nouns	nouns_023	Pose	english	low	gloss	"float/pose"	"pose"	The angling "float" sense leads.
nouns	nouns_023	Innerei	english	low	gloss	"innards"	"offal (usually pl. *Innereien*)"	Culinary British term missing; the lemma is effectively plural-only.
nouns	nouns_023	Kohlrabi	english	low	gloss	"German turnip/kohlrabi"	"kohlrabi"	Obscure calque leads.
nouns	nouns_023	Lügner	english	low	gloss	"liar/lying so-and-so/storyteller"	"liar"	"storyteller" is misleading; the middle item is odd register.
nouns	nouns_023	Maschinenfabrik	english	low	gloss	"machine factory"	"engineering works/machinery manufacturer"	Morpheme-by-morpheme rendering.
nouns	nouns_023	Kinderzulage	english	low	gloss	"child bonus"	"child allowance/child benefit"	"bonus" is not the term used for this payment.
nouns	nouns_023	Organisationskomitee	english	low	gloss	"organisation committee"	"organising committee"	Fixed English collocation.
nouns	nouns_023	Herzdruckmassage	english	low	gloss	"cardiac massage"	"chest compressions"	Current first-aid terminology.
nouns	nouns_023	Fußballweltmeisterschaft	english	low	gloss	"football world championship"	"football World Cup"	The event's English name.
nouns	nouns_023	Profifußball	english	low	gloss	"pro football"	"professional football"	"pro football" reads as American football to a British learner.
nouns	nouns_023	Funkloch	english	low	gloss	"dead spot/skip zone"	"mobile blackspot/no-signal area"	"skip zone" is radio-propagation jargon, not the everyday sense.
nouns	nouns_023	Spanplatte	english	low	gloss	"particle board"	"chipboard"	British trade term.
nouns	nouns_023	Landschaftsgärtner	english	low	gloss	"landscaper"	"landscape gardener"	British usage.
nouns	nouns_023	Heroin	english	low	gloss	"heroin/heroin (drug)"	"heroin"	Duplicated sense.
nouns	nouns_023	Klärschlamm	english	low	gloss	"effluent sludge/sewage sludge/sludge", plural `Klärschlamme`	"sewage sludge", plural `—`	Standard term is third; mass noun given a plural.
nouns	nouns_023	Autozulieferer	english	low	gloss	"auto supplier"	"automotive supplier/car-parts supplier"	"auto" as a noun modifier is US.
nouns	nouns_023	Double	cefr	low	cefr	A1, gloss "double"	not A1; gloss "stand-in/body double (film)"	A specialist film/sport term tagged as beginner vocabulary with a vague gloss.
nouns	nouns_023	US spellings and US-first ordering across the batch	english	low	gloss		`Beruhigungsmittel` "tranquilizer" → "tranquilliser";	App is British English; US-only terms, US spellings, and mixed BE/US pairs in one gloss
nouns	nouns_024	Transsexuelle	plural	high	plural	der Transsexuelle / Transsexuellen	Transsexuelle	`adjNoun` citation plural is the bare strong form, not the weak `-en` form.
nouns	nouns_024	Außerirdische	plural	high	plural	der Außerirdische / Außerirdischen	Außerirdische	same adjectival-noun plural error.
nouns	nouns_024	Eisheilige	plural	high	plural	der Eisheilige / Eisheiligen	Eisheilige	same adjectival-noun plural error.
nouns	nouns_024	Gejagte	plural	high	plural	der Gejagte / Gejagten	Gejagte	same adjectival-noun plural error.
nouns	nouns_024	Gerechte	plural	high	plural	der Gerechte / Gerechten	Gerechte	same adjectival-noun plural error.
nouns	nouns_024	Hungernde	plural	high	plural	der Hungernde / Hungernden	Hungernde	same adjectival-noun plural error.
nouns	nouns_024	Indigene	plural	high	plural	der Indigene / Indigenen	Indigene	same adjectival-noun plural error.
nouns	nouns_024	Zollbeamte	plural	high	plural	der Zollbeamte / Zollbeamten	Zollbeamte	same adjectival-noun plural error.
nouns	nouns_024	End	word	high	junk	das End / Ends / "end (colloquial)"	delete — the German lemma is `das Ende` (pl. `Enden`)	`End` is not a German noun; it is a bound compound element / corpus artefact.
nouns	nouns_024	Basics	word	high	junk	das Basics / Basics / "basics"	delete	English plural noun entered as a German singular with `das`; not a German lemma.
nouns	nouns_024	Forschungsstandort	article	high	article	das Forschungsstandort	der Forschungsstandort	head noun is `der Standort`; every other `-standort` compound is masculine.
nouns	nouns_024	Heimtextilien	article	high	article	das Heimtextilien / Heimtextilien	die Heimtextilien (plurale tantum; singular `das Heimtextil` is not used)	plural-only noun given a neuter singular article.
nouns	nouns_024	Fettpolster	article	medium	article	der Fettpolster	das Fettpolster	standard German is `das Polster`; `der Polster` is Austrian regional.
nouns	nouns_024	Ecstasy	article	medium	article	die Ecstasy	das Ecstasy	the drug is neuter in standard German.
nouns	nouns_024	Tapa	article	medium	article	der Tapa / Tapas	die Tapa / Tapas	Spanish loanword is feminine in German (usually cited as plural `die Tapas`).
nouns	nouns_024	Weitwinkel	article	medium	article	das Weitwinkel	der Weitwinkel	short form of `das Weitwinkelobjektiv` but lexicalised on `der Winkel` — Duden lists masculine.
nouns	nouns_024	Hybrid	article	low	article	das Hybrid / Hybride	der Hybrid (technical) / die Hybride (biological)	neuter is not a listed gender for this loanword.
nouns	nouns_024	Außenalster	word	medium	junk	die Außenalster / "Outer Alster"	delete	proper noun — a specific lake in Hamburg, not vocabulary.
nouns	nouns_024	Freiheitsstatue / Zauberflöte	word	low	junk	entries for "Statue of Liberty" and "magic flute"	delete (or mark as proper nouns)	proper nouns (a monument and a Mozart opera), no general-vocabulary value.
nouns	nouns_024	Nominalised infinitives	word	low	junk	das Anhalten, das Busfahren, das Durchkommen, das Erschließen, das Erwärmen, das Erzeugen, das Vernehmen	delete — these are productive gerunds, not dictionary lemmas	defect class 7; `das Vernehmen` is additionally glossed "hearing", but the only live use is `dem Vernehmen nach` = "by all accounts".
nouns	nouns_024	Fixed-phrase fragments	word	low	junk	der Fug ("right, in 'mit Fug und Recht'"), der Garaus / Garaus ("demise, in 'den Garaus machen'")	delete, or move to a phrase list; `Garaus` certainly has no plural	neither noun exists outside one idiom; the plural on `Garaus` is fabricated.
nouns	nouns_024	Demonyms from place names	word	low	junk	der Trierer, der Chemnitzer, der Dresdner, die Hamburgerin, die Kölnerin	drop from a learner bank	mechanically derivable inhabitant names; no learner value and they crowd out real vocabulary.
nouns	nouns_024	Filmfestspiele	plural	low	junk	die Filmfestspiele / Filmfestspiele	mark as plurale tantum	plural-only noun presented as a singular headword.
nouns	nouns_024	Streu	plural	medium	plural	Streuen	—	mass noun (animal bedding/litter); the plural is invented.
nouns	nouns_024	Südpol	plural	medium	plural	Südpole	—	there is one South Pole; unique referent takes no plural.
nouns	nouns_024	Tanzmusik	plural	medium	plural	Tanzmusiken	—	`Musik→Musiken` is the confirmed invented-plural pattern.
nouns	nouns_024	Umtrunk	plural	medium	plural	Umtrunke	Umtrünke	missing umlaut on the standard plural.
nouns	nouns_024	Abendland	plural	medium	plural	Abendländer	—	singulare tantum; `Abendländer` is a different lexeme meaning "Westerners (people)".
nouns	nouns_024	Blutkrebs	plural	medium	plural	Blutkrebse / "blood Cancer"	— / "leukaemia, blood cancer"	disease name is a mass noun (and `Blutkrebse` reads as "blood crabs"); "Cancer" is wrongly capitalised.
nouns	nouns_024	Fernunterricht	plural	medium	plural	Fernunterrichte	—	`Unterricht` has no plural.
nouns	nouns_024	Glut	plural	medium	plural	Gluten / "ardour/embers/glow"	— / "embers/glow/ardour"	mass noun, and the invented plural spells the English word "gluten"; alphabetical sorting also puts the figurative sense first.
nouns	nouns_024	Wärmeenergie	plural	low	plural	Wärmeenergien	—	mass/abstract noun.
nouns	nouns_024	Dopamin	plural	low	plural	Dopamine	—	substance mass noun; the form given is also the English plural.
nouns	nouns_024	Glucose	plural	low	plural	Glucosen	—	substance mass noun.
nouns	nouns_024	Apfelessig	plural	low	plural	Apfelessige	—	mass noun.
nouns	nouns_024	Klassizismus	plural	low	plural	Klassizismen	—	name of a single art-historical period.
nouns	nouns_024	Aktiv	plural	low	plural	Aktive	—	grammatical voice; also collides with `die Aktiven` ("active members").
nouns	nouns_024	Vorstellungskraft	plural	low	plural	Vorstellungskräfte	—	abstract faculty, no plural in normal use.
nouns	nouns_024	Kulturaustausch	plural	low	plural	Kulturaustausche	—	`Austausch` is not normally pluralised.
nouns	nouns_024	Widerstandskämpfer	english	high	gloss	resistance fighter/resistor	resistance fighter	"resistor" is an electronic component — flatly wrong.
nouns	nouns_024	Donner	english	high	gloss	Thor/thunder	thunder	the Norse god sorts first alphabetically and displaces the everyday A1/B1 sense.
nouns	nouns_024	Angina	english	medium	gloss	angina/tonsillitis	tonsillitis (throat infection); note that it does *not* mean English "angina"	classic false friend — German `Angina` is a throat infection, not `Angina pectoris`.
nouns	nouns_024	Hexenwerk	english	medium	gloss	rocket science	witchcraft/sorcery (idiom: `kein Hexenwerk` = "not rocket science")	the idiomatic English rendering has been substituted for the actual meaning.
nouns	nouns_024	Grundfunktion	english	medium	gloss	basis function	basic function	"basis function" is a specific mathematical term; morpheme-mangled compound.
nouns	nouns_024	Grundierung	english	medium	gloss	foundation	primer/undercoat (paint); also make-up foundation	primary DIY/painting sense is missing entirely.
nouns	nouns_024	Flieder	english	medium	gloss	elder/lilac	lilac	"elder" (= Holunder) sorts first and displaces the only current sense.
nouns	nouns_024	Vorspiel	english	medium	gloss	foreplay/prelude/prologue	prelude/overture/prologue (also: foreplay)	alphabetical sorting puts the sexual sense first for a learner-facing entry.
nouns	nouns_024	Sucher	english	medium	gloss	finder/seeker	viewfinder (camera); also seeker	the concrete everyday sense (camera viewfinder) is absent.
nouns	nouns_024	Spross	english	medium	gloss	cion/offspring/scion	shoot/sprout (plant); offspring, scion	"cion" is an archaic misspelling of "scion", and the botanical primary sense is missing.
nouns	nouns_024	Vita	english	medium	gloss	vita	CV/curriculum vitae; life story	gloss just repeats the Latin word and translates nothing.
nouns	nouns_024	Kehre	english	medium	gloss	U-turn	hairpin bend/switchback	a `Kehre` is a road bend, not a manoeuvre; `Kehrtwende` (next entry) is the U-turn.
nouns	nouns_024	Stellwerk	english	medium	gloss	interlocking station/signal box/switch tower	signal box	British term is buried between an obscure technical term and a US one.
nouns	nouns_024	Streifenwagen	english	medium	gloss	panda car/patrol car/prowl car	patrol car/police car	dated British slang leads, US "prowl car" trails; the neutral term is second.
nouns	nouns_024	Badeanzug	english	medium	gloss	bathers/bathing costume/bathing suit	swimming costume/swimsuit	A1 entry led by an Australian regionalism.
nouns	nouns_024	Eisenbahner	english	medium	gloss	railroader	railway worker/railwayman	US-only term with no British form given.
nouns	nouns_024	Autobahnkreuz	english	medium	gloss	freeway junction/highway junction/interchange	motorway interchange/motorway junction	two US terms lead; no British form present.
nouns	nouns_024	"metre" for a measuring device	english	medium	gloss	Blutdruckmessgerät = "blood pressure metre"; Gaszähler = "gas metre"	"blood pressure meter/monitor"; "gas meter"	over-Britishisation — `metre` is the unit of length; an instrument is a `meter` in British English too.
nouns	nouns_024	Erdgeschoß	word	medium	junk	das Erdgeschoß / Erdgeschoße	das Erdgeschoss / Erdgeschosse	pre-reform/Austrian spelling; the reformed standard form is what a learner needs.
nouns	nouns_024	Ingenieurswissenschaft	word	low	junk	die Ingenieurswissenschaft	die Ingenieurwissenschaft	intrusive linking -s-; the standard form has none.
nouns	nouns_024	Verehrer	english	low	gloss	admirer/lover	admirer/suitor	"lover" overstates the relationship.
nouns	nouns_024	Volksgruppe	english	low	gloss	ethnic group/ethnical group	ethnic group	"ethnical" is not current English.
nouns	nouns_024	Volksverhetzung	english	low	gloss	incitement of the people/sedition	incitement to hatred (German criminal-law offence)	literal calque leads; "sedition" is a different offence.
nouns	nouns_024	Wohlwollen	english	low	gloss	benevolence/good will/positivity	goodwill/benevolence	"positivity" is not a translation of `Wohlwollen`.
nouns	nouns_024	Dramatiker	english	low	gloss	dramatist/dramaturg/dramaturge	dramatist/playwright	a `Dramaturg` is a different profession (literary manager), wrongly folded in.
nouns	nouns_024	Stecknadel	english	low	gloss	ballhead pin/pin/sewing pin	pin	invented compound sorts ahead of the plain word.
nouns	nouns_024	Besenreis	english	low	gloss	idiopathic telangiectases/spider veins	spider veins/thread veins	Latin medical term placed first.
nouns	nouns_024	Achsel	english	low	gloss	armpit/axilla/oxter	armpit	"oxter" is Scots/Irish dialect, "axilla" is anatomical Latin.
nouns	nouns_024	Ganove	english	low	gloss	criminal/crook/ganef	crook/criminal	"ganef" is obscure Yiddish-English.
nouns	nouns_024	Bratkartoffel	english	low	gloss	German fried potatoes/German fries/fried potatoes	fried potatoes/sauté potatoes	"German fries" is not an English dish name.
nouns	nouns_024	Couchtisch	english	low	gloss	coffee table/end table/occasional table	coffee table	an "end table" is a `Beistelltisch`, not a `Couchtisch`.
nouns	nouns_024	Gänseblümchen	english	low	gloss	common daisy/daisy/english daisy	daisy	"english" is uncapitalised and the entry is triple-redundant.
nouns	nouns_024	Kaffeehaus	english	low	gloss	coffee shop	coffee house/café (Viennese-style)	"coffee shop" reads as a chain outlet and loses the cultural sense.
nouns	nouns_024	Katarakt	article	low	gloss	der Katarakt / "cataract"	der Katarakt = rapids/waterfall; die Katarakt = cataract (eye)	gender selects the sense, and the gloss given belongs to the feminine entry.
nouns	nouns_024	Whiskey	word	low	gloss	der Whiskey / "whiskey"	der Whisky / "whisky"	`Whisky` is the standard German headword, and British English uses "whisky".
nouns	nouns_024	Doc	word	low	junk	der Doc / Docs / "doc"	drop	colloquial English clipping, not a teachable German lemma.
nouns	nouns_024	US terms/spellings with no British form, or ordered before it	english	medium	gloss	Zeltplatz "campground" · Immobilienverkauf "real estate sale" · Bundesbahn "federal railroad/…" · Hosenbein "pant leg/trouser leg" · Taxifahrt "cab ride/taxi ride" · Ferienunterkunft "…/vacation rental" · Grundimmunisierung "basic immunization/…" · Immatrikulationsbescheinigung "certificate of enrollment" · Duschkabine "…/shower stall" · Durchlauferhitzer "…/tankless water heater" · Trinkbrunnen "…/water bubbler/…" · Joghurtbecher "yogurt cup/yogurt pot" · Antiquariat "…/antiquarian bookstore"	campsite · property sale · federal railway · trouser leg · taxi ride · holiday rental · basic immunisation · certificate of enrolment · shower cubicle · instantaneous water heater · drinking fountain · yoghurt pot · antiquarian bookshop	British-English app — US spellings/terms must not appear, and must never precede the British form.
nouns	nouns_024	Both British and American spellings in one gloss	english	low	gloss	Kaliber "caliber/calibre" · Donut "donut/doughnut" · Zugluft "draft/draught" · Waschsalon "launderette/laundrette/laundromat" · Erzfeind "arch enemy/archenemy" · Diakonat "deaconate/diaconate"	calibre · doughnut · draught · launderette · archenemy · diaconate	one form only, British — `Waschsalon` even lists two spellings of the same British word plus the US one.
nouns	nouns_024	Statist	cefr	low	cefr	A1	B2/C1	"film extra / supernumerary" is not beginner vocabulary.
nouns	nouns_025	Magenbeschwerden	article	high	article	`das Magenbeschwerden` / pl. `Magenbeschwerden`	`die Magenbeschwerden` (plurale tantum; sg. would be `das Magenbeschwerde`—not used)	plurale tantum given a neuter singular article — teaches a gender that does not exist.
nouns	nouns_025	Weichteile	article	high	article	`der Weichteile` / pl. `Weichteile` / "private parts/soft parts/soft tissue"	`das Weichteil` pl. `Weichteile`, or `die Weichteile` (pl.); gloss "soft tissue" first	plural lemma carrying a masculine singular article; also leads with the euphemistic sense.
nouns	nouns_025	Normale	plural	high	plural	`Normalen`	`Normale`	adjectival noun (`adjNoun`) — citation plural is the bare form, not the weak `-en`.
nouns	nouns_025	Rechtsradikale	plural	high	plural	`Rechtsradikalen`	`Rechtsradikale`	adjNoun weak-plural error.
nouns	nouns_025	Tabellenletzte	plural	high	plural	`Tabellenletzten`	`Tabellenletzte`	adjNoun weak-plural error.
nouns	nouns_025	Übergewichtige	plural	high	plural	`Übergewichtigen`	`Übergewichtige`	adjNoun weak-plural error.
nouns	nouns_025	Zuständige	plural	high	plural	`Zuständigen`	`Zuständige`	adjNoun weak-plural error.
nouns	nouns_025	Autonome	plural	high	plural	`Autonomen`	`Autonome`	adjNoun weak-plural error.
nouns	nouns_025	Betrunkene	plural	high	plural	`Betrunkenen`	`Betrunkene`	adjNoun weak-plural error.
nouns	nouns_025	Platzgründe	word	high	junk	headword `die Platzgründe`, pl. `Platzgründe`, "reasons of space"	drop, or lemmatise as `der Platzgrund`	plural entered as a lemma; occurs only in the fixed phrase *aus Platzgründen*.
nouns	nouns_025	Tops	word	high	junk	`das Tops`, pl. `Tops`, "tops"	`das Top`, pl. `Tops` ("top", garment)	plural entered as lemma, with the gloss also left in the plural.
nouns	nouns_025	Aberglauben	word	medium	junk	headword `der Aberglauben`	`der Aberglaube` (gen. `des Aberglaubens`)	an oblique/variant form used as the citation form.
nouns	nouns_025	Pullus	word	medium	junk	`der Pullus`, pl. `Pulli`, "chick/young bird"	remove	Latin zoological term, not German learner vocabulary; the "plural" collides with *Pulli* (jumpers).
nouns	nouns_025	Regens	word	medium	junk	`der Regens`, pl. `Regentes`, "rector (church)"	remove	Latin ecclesiastical title with a Latin plural; no place in a general word bank.
nouns	nouns_025	Windpocke	word	medium	junk	sg. `die Windpocke`, pl. `Windpocken`, "chicken pox"	`die Windpocken` (plurale tantum), gloss "chickenpox"	invented singular back-formed from a plural-only disease name.
nouns	nouns_025	Mikrophon	word	medium	junk	`das Mikrophon`	`das Mikrofon`	superseded spelling duplicating the live lemma.
nouns	nouns_025	Symposion	word	low	junk	`das Symposion`, pl. `Symposien`	`das Symposium`	Greek-form variant duplicating the standard German lemma.
nouns	nouns_025	Leverkusener / Lausitzer	word	low	junk	"person from Leverkusen", "person from Lusatia"	remove	place-name demonyms — corpus residue, not dictionary vocabulary.
nouns	nouns_025	Schneewittchen	word	low	junk	`das Schneewittchen` = "Snow White"	remove	proper noun (fairy-tale character).
nouns	nouns_025	Magenkrebs	plural	medium	plural	`Magenkrebse`	`—`	disease/mass noun; `Krebse` is the plural of the *crab/crayfish* sense.
nouns	nouns_025	Mohn	plural	medium	plural	`Mohne`	`—`	mass noun (poppy/poppy seed); invented plural.
nouns	nouns_025	Milchsäure	plural	medium	plural	`Milchsäuren`	`—`	mass noun (lactic acid).
nouns	nouns_025	Weihrauch	plural	medium	plural	`Weihrauche`	`—`	mass noun (frankincense).
nouns	nouns_025	Zahnseide	plural	medium	plural	`Zahnseiden`	`—`	mass noun (dental floss).
nouns	nouns_025	Sportkleidung	plural	medium	plural	`Sportkleidungen` (A1)	`—`	`-kleidung` is a mass noun; invented plural on an A1 word is doubly damaging.
nouns	nouns_025	Berufskleidung	plural	medium	plural	`Berufskleidungen`	`—`	same mass-noun error.
nouns	nouns_025	Nachtwäsche	plural	medium	plural	`Nachtwäschen`	`—`	`Wäsche` is a mass noun.
nouns	nouns_025	Ransomware	plural	medium	plural	`Ransomwares`	`—`	`-ware` software mass noun (cf. `Software→Softwares`).
nouns	nouns_025	Autobahnpolizei	plural	medium	plural	`Autobahnpolizeien`; "highway police"	`—`; "motorway police"	`Polizei` has no plural; and *highway* is the US term.
nouns	nouns_025	Papierherstellung	plural	medium	plural	`Papierherstellungen`	`—`	process noun; no plural.
nouns	nouns_025	Musikalität	plural	medium	plural	`Musikalitäten`	`—`	abstract quality noun.
nouns	nouns_025	Neige	plural	medium	plural	`Neigen`; "decline/depletion/dreg"	`—`; "dregs, remains (of something)"	essentially singular, surviving in *zur Neige gehen*; the plural is invented.
nouns	nouns_025	Augenlicht	plural	medium	plural	`Augenlichter`	`—`	mass/abstract noun (eyesight).
nouns	nouns_025	Ungeziefer	plural	low	plural	`Ungeziefer`	`—`	collective mass noun; a plural form is not used.
nouns	nouns_025	Schulalter	plural	low	plural	`Schulalter`	`—`	abstract; no plural in use.
nouns	nouns_025	Zöliakie / Umweltfreundlichkeit / Werbewirtschaft / Zentralabitur / Subsidiarität / Stagnation / Selbstverteidigung / Saugkraft / Luftzirkulation / Primärenergie / Bedeutsamkeit / Vorruhestand / Wasserknappheit / Weihnachtsstimmung	plural	low	plural	regular `-en/-e` plurals supplied	`—` for most	abstract/mass nouns given textbook plurals that do not occur in practice.
nouns	nouns_025	Nasenspray	article	low	article	`der Nasenspray`	`das Nasenspray`	Duden gives *das* as the main form (*der* only as a variant); same for `der Pfefferspray`.
nouns	nouns_025	Tetraeder	article	low	article	`der Tetraeder`	`das Tetraeder`	neuter is the standard gender for the `-eder` solids.
nouns	nouns_025	Steuersystem	english	medium	gloss	"control system/steering system/tax system"	"tax system" first	alphabetical sorting buried the everyday sense behind two engineering readings.
nouns	nouns_025	Veilchen	english	medium	gloss	"black eye/shiner/violet"	"violet (flower)" first	the flower is the primary sense; the slang "black eye" now leads.
nouns	nouns_025	Auskommen	english	medium	gloss	"agreement/compromise/livelihood"	"livelihood, living" first	*sein Auskommen haben* is the core sense, sorted last.
nouns	nouns_025	Tyrann	english	medium	gloss	"flycatcher/tyrant"	"tyrant, despot"	an obscure ornithological sense leads; the everyday meaning is second.
nouns	nouns_025	Regression	english	medium	gloss	"marine regression/regression"	"regression"	a geology sense leads over the general/statistical one.
nouns	nouns_025	Mole	english	medium	gloss	"mole"	"pier, jetty, breakwater"	bare "mole" reads as the animal (*Maulwurf*) or the chemical unit (*das Mol*) — neither is `die Mole`.
nouns	nouns_025	Mandarin	english	medium	gloss	`der Mandarin` = "mandarin"	"mandarin (Chinese official)"	unqualified, the learner will take this for the fruit — which is `die Mandarine`.
nouns	nouns_025	Niete	english	medium	gloss	"blank/duffer/good-for-nothing"	add "rivet" and "losing lottery ticket"	the concrete technical sense (rivet) is missing entirely.
nouns	nouns_025	Anrichte	english	medium	gloss	"credenza/dresser/pantry"	"sideboard, dresser"	"pantry" is wrong and "credenza" is an unhelpful US-leaning first gloss.
nouns	nouns_025	Privatdozent	english	medium	gloss	"docent"	"private lecturer, adjunct university lecturer (post-doctoral teaching qualification)"	"docent" means a museum guide to most English readers — a false friend.
nouns	nouns_025	Auffassungsgabe	english	medium	gloss	"perspicacity/readiness of mind"	"powers of comprehension, quick grasp, aptitude"	two rare/archaic renderings, neither of which a B2 learner would recognise.
nouns	nouns_025	Wildfleisch	english	medium	gloss	"bush meat/game meat/wild meat"	"game, venison"	"bush meat" is a specific (African) term and misleads as first gloss.
nouns	nouns_025	Namensgeberin	english	medium	gloss	"namesake (female)"	"person after whom something is named, eponym"	reversed — a *Namensgeberin* gives the name, a namesake receives it.
nouns	nouns_025	Bankautomat	english	medium	gloss	"ABM/ATM/automated teller"	"cash machine, cashpoint, ATM"	leads with a Canadian abbreviation; no British term at all.
nouns	nouns_025	Nebenwohnung	english	medium	gloss	"neighbouring apartment/secondary residence"	"secondary residence"	US "apartment"; and the "flat next door" reading is not the usual sense.
nouns	nouns_025	Maßeinheit	english	medium	gloss	"scale unit/unit of measure/unit of measurement"	"unit of measurement"	"scale unit" is not idiomatic English and leads.
nouns	nouns_025	Schwefelsäure	english	medium	gloss	"oil of vitriol/sulfuric acid/sulphuric acid"	"sulphuric acid"	archaic term first, plus both US and British spellings in one gloss.
nouns	nouns_025	Aas	english	low	gloss	"beast/carcass/carrion"	"carrion, carcass" first	the abusive "beast" sense (which also takes the plural `Äser`) leads.
nouns	nouns_025	Napf	english	low	gloss	"cup/porringer/small dish"	"bowl (esp. for a pet)"	leads with "cup"; "porringer" is archaic.
nouns	nouns_025	Kunstwissenschaft	english	low	gloss	"art history/science of art/theory of art"	"art studies, art scholarship"	"art history" is `Kunstgeschichte`, a narrower discipline.
nouns	nouns_025	Langhaus	english	low	gloss	"longhouse"	"nave (of a church); longhouse"	the architectural sense is by far the commoner one in German.
nouns	nouns_025	Tarifzone	english	low	gloss	"pay scale zone"	"fare zone; pay-scale zone"	the everyday public-transport sense is missing.
nouns	nouns_025	Stichpunkt	english	low	gloss	"note" (A1)	"bullet point, key point"	"note" is too vague for the A1 learner meeting this in exam instructions.
nouns	nouns_025	Traubenzucker	english	low	gloss	"corn sugar/dextrose/glucose"	"glucose, dextrose"	"corn sugar" is a US food-industry term and leads.
nouns	nouns_025	Rubel	english	low	gloss	"rouble/rubl"	"rouble"	"rubl" is not an English word.
nouns	nouns_025	Mufflon	english	low	gloss	"moufflon/mouflon/muflon"	"mouflon"	three spellings of one word, one of them not English.
nouns	nouns_025	Mantra	english	low	gloss	"mantra/mantram"	"mantra"	"mantram" is a rare variant adding nothing.
nouns	nouns_025	Politologe	english	low	gloss	"political scientist/politologist"	"political scientist"	"politologist" is not current English.
nouns	nouns_025	Augenweide	english	low	gloss	"eye candy"	"a feast for the eyes, a sight to behold"	register mismatch — the German is admiring, "eye candy" is dismissive.
nouns	nouns_025	Ausspielung	english	low	gloss	"playout"	"draw (lottery); playing out"	"playout" is broadcast jargon; the lottery-draw sense is the usual one.
nouns	nouns_025	Vermessungswesen	english	low	gloss	"geodesy/geodetics"	"surveying"	leads with the technical science rather than the ordinary term.
nouns	nouns_025	Wärmespeicher	english	low	gloss	"thermal reservoir"	"heat store, heat accumulator"	"thermal reservoir" is a thermodynamics abstraction, not the device.
nouns	nouns_025	Abrundung	english	low	gloss	"rounding/truncation"	"rounding (off/down)"	truncation is the opposite operation.
nouns	nouns_025	Restposten	english	low	gloss	"remainder"	"remaindered stock, clearance items"	too vague to be usable.
nouns	nouns_025	Leidensdruck	english	low	gloss	"level of suffering"	"distress, pressure of suffering (that drives someone to seek help)"	misses the "motivating" component that defines the word.
nouns	nouns_025	Waffensystem / Sportartikel / Rückläufer	english	low	gloss	"weapon systems", "sporting goods", "returns"	singular glosses — "weapon system", "item of sports equipment", "returned item"	plural English glosses on singular lemmas.
nouns	nouns_025	Zisterzienserkloster	english	low	gloss	"cistercian monastery"	"Cistercian monastery"	proper adjective not capitalised.
nouns	nouns_025	Regenjacke	english	low	gloss	"rain coat" (A1)	"raincoat" (or "rain jacket")	written as two words.
nouns	nouns_025	Nomen	english	low	gloss	"naming word/nominal/noun" (A1)	"noun"	alphabetical order puts a schoolroom paraphrase before the actual term.
nouns	nouns_025	American spellings (British-English app)	english	low	gloss	`Kunstdünger` "chemical fertiliser/chemical fertilizer"; `Luftzug` "draft/draught";	British form only — fertiliser, draught, defence, sulphuric, apnoea, programme,	US spellings, and in four cases both spellings inside one gloss, which the style rule forbids.
nouns	nouns_025	American terms placed before / instead of British ones	english	medium	gloss	`Plüschtier` "stuffed animal"; `Zapfsäule` "gas pump/petrol pump";	cuddly toy / soft toy; petrol pump; rocket; measuring jug; rubbish bin;	British English is the target variety; the US term currently leads or is the only one given.
nouns	nouns_025	Mango	cefr	low	cefr	C1	A2/B1	an everyday fruit tagged near-mastery level.
nouns	nouns_025	Bergsteigen	word	low	junk	`das Bergsteigen` "mountaineering"	keep only if lexicalised; otherwise drop as a nominalised infinitive	same pattern as `das Fallen`/`das Reisen`, though this one is arguably established.
nouns	nouns_026	Elternverein	article	high	article	`das Elternverein`	`der Elternverein`	head noun is *der Verein*; every compound in *-verein* is masculine.
nouns	nouns_026	Flitterwochen	article	high	article	`das Flitterwochen` (C1)	`die Flitterwochen` (plurale tantum)	plural-only noun given the neuter singular article; *die Woche* is feminine anyway.
nouns	nouns_026	Memoiren	article	high	article	`das Memoiren`	`die Memoiren` (plurale tantum)	plural-only noun given a neuter singular article.
nouns	nouns_026	Leggings	article	high	article	`das Leggings`	`die Leggings` (plural only)	Duden lists it as a plurale tantum; `das` is not an attested standard gender.
nouns	nouns_026	Fondue	article	medium	article	`die Fondue` (B1)	`das Fondue`	standard German is neuter; `die` is a Swiss/Austrian regionalism presented as standard.
nouns	nouns_026	Hauptthema	plural	high	plural	`Hauptthemata` (A2)	`Hauptthemen`	invented Latinising plural; *Thema* pluralises as *Themen* in German.
nouns	nouns_026	Brünette	plural	medium	plural	`Brünette`	`Brünetten`	weak feminine noun, plural takes *-n*.
nouns	nouns_026	Drittplatzierte	plural	medium	plural	`Drittplatzierten` (adjNoun)	`Drittplatzierte`	adjectival noun must show the bare citation plural, not the weak *-en* form.
nouns	nouns_026	Hochqualifizierte	plural	medium	plural	`Hochqualifizierten` (adjNoun)	`Hochqualifizierte`	same adjectival-noun defect.
nouns	nouns_026	Industrielle	plural	medium	plural	`Industriellen` (adjNoun)	`Industrielle`	same adjectival-noun defect.
nouns	nouns_026	Krebskranke	plural	medium	plural	`Krebskranken` (adjNoun)	`Krebskranke`	same adjectival-noun defect.
nouns	nouns_026	Latex	plural	medium	plural	`Latizes`	`—`	mass noun; the Latin plural is a fabrication for this material sense.
nouns	nouns_026	Eisenbahnverkehr	plural	medium	plural	`Eisenbahnverkehre`	`—`	*Verkehr* is a mass noun; no everyday plural.
nouns	nouns_026	Erfindergeist	plural	medium	plural	`Erfindergeister`	`—`	abstract quality ("inventiveness"); *Erfindergeister* would mean "inventive spirits", a different reading.
nouns	nouns_026	Hausgebrauch	plural	medium	plural	`Hausgebräuche`	`—`	mass noun fixed in *für den Hausgebrauch*; the plural given reads as "household customs" (different lexeme, *Gebrauch* vs *Brauch*).
nouns	nouns_026	Kopierschutz	plural	medium	plural	`Kopierschutze`	`—`	mass/abstract; the form given is not a German plural of *Schutz*.
nouns	nouns_026	Leberkrebs	plural	medium	plural	`Leberkrebse`	`—`	disease mass noun; *Krebse* is the crab/crustacean plural.
nouns	nouns_026	Landleben	plural	medium	plural	`Landleben`	`—`	*Leben* in this abstract sense has no plural.
nouns	nouns_026	Damenmode	plural	medium	plural	`Damenmoden` / "lady fashion" (A1)	`—` / "women's fashion"	mass noun in this sense, and "lady fashion" is not idiomatic English.
nouns	nouns_026	Meersalz, Mulch, Orgelmusik, Leuchtkraft, Hausarrest, Imperialismus, Modedesign, Milchschaum, Bodenfreiheit, Fachlichkeit, Impfpflicht	plural	low	plural	`Meersalze`, `Mulche`, `Orgelmusiken`, `Leuchtkräfte`, `Hausarreste`, `Imperialismen`, `Modedesigns`, `Milchschäume`, `Bodenfreiheiten`, `Fachlichkeiten`, `Impfpflichten`	`—` in each case	mass/abstract nouns given constructed plurals a learner would never need.
nouns	nouns_026	Bierdeckel	english	medium	gloss	"beer coaster/beer mat/bottle cap"	"beer mat/coaster"	"bottle cap" is flatly wrong (that is *Kronkorken*, itself present at rank 17487); British "beer mat" should lead.
nouns	nouns_026	Blutzuckermessgerät	english	medium	gloss	"…/glucose metre"	"blood glucose meter"	hypercorrected British spelling — "metre" is the unit of length; a measuring device is a "meter" in British English too.
nouns	nouns_026	Dachrinne	english	medium	gloss	"eaves trough/rain gutter"	"gutter/guttering"	both glosses are North American; the ordinary British word is absent.
nouns	nouns_026	Feuerwehrfahrzeug	english	medium	gloss	"fire truck"	"fire engine"	US-only term in a British-English app.
nouns	nouns_026	Hitzewallung	english	medium	gloss	"hot flash"	"hot flush"	US-only term; British is "hot flush".
nouns	nouns_026	Hosenanzug	english	medium	gloss	"pantsuit"	"trouser suit"	US-only term.
nouns	nouns_026	Duschwanne	english	medium	gloss	"shower tub"	"shower tray"	"shower tub" is not a British fixture term.
nouns	nouns_026	Football	english	medium	gloss	"football"	"American football"	in British English "football" means soccer — precisely the sport *der Football* does **not** denote. Actively misleading.
nouns	nouns_026	Gully	english	medium	gloss	"gully"	"drain/road drain/gully (drain)"	false friend — German *Gully* is a street drain, English "gully" is a ravine/channel.
nouns	nouns_026	Kreuzfahrer	english	medium	gloss	"cruiser/crusader"	"crusader"	"cruiser" is wrong and leads; it conflates *Kreuzfahrer* with *Kreuzfahrt/Kreuzer*.
nouns	nouns_026	Morgenröte	english	medium	gloss	"aurora"	"dawn/red sky at dawn"	"aurora" pushes the learner toward *Polarlicht* (northern lights); the ordinary sense is missing.
nouns	nouns_026	Melone	english	medium	gloss	"bowler hat/melon"	"melon/bowler hat"	the everyday fruit sense is displaced by the hat sense through alphabetical sorting.
nouns	nouns_026	Laufstall	english	medium	gloss	"freestall barn/play-pen"	"playpen"	US agricultural term leads; the everyday sense a learner needs is second and hyphenated oddly.
nouns	nouns_026	Gauner	english	medium	gloss	"chiseler/chiseller/con"	"crook/swindler/rogue"	obscure US slang plus both spelling variants of it; the plain equivalent is missing.
nouns	nouns_026	Lampenfieber	english	medium	gloss	"glossophobia/stage fright"	"stage fright"	clinical term sorted ahead of the everyday sense.
nouns	nouns_026	Lasche	english	medium	gloss	"butt strap/fishplate/flap"	"tab/flap/tongue (of a shoe)"	two engineering senses lead; the common everyday sense is buried.
nouns	nouns_026	Garnier	word	medium	junk	`das Garnier` = "garnish"	entry should be *die Garnierung* (or removed)	*Garnier* is not a standard German noun; it is a verb stem / French surname.
nouns	nouns_026	Bevormundung	english	low	gloss	"paternalism/patronage"	"paternalism/patronising treatment"	"patronage" is a different concept (*Schirmherrschaft/Förderung*) — lookalike error.
nouns	nouns_026	Kapellmeister	english	low	gloss	"bandleader"	"conductor/musical director"	the German term is overwhelmingly orchestral/choral, not a dance-band leader.
nouns	nouns_026	Musiksaal	english	low	gloss	"music hall/music room"	"music room"	"music hall" in British English is a Victorian variety-theatre genre — misleading lead sense.
nouns	nouns_026	Mitläufer	english	low	gloss	"follower"	"fellow traveller/bandwagon jumper/passive collaborator"	loses the pejorative political sense the word almost always carries.
nouns	nouns_026	Emeritierung	english	low	gloss	"emeritation/retirement (academic)"	"(academic) retirement / conferral of emeritus status"	"emeritation" is not an English word.
nouns	nouns_026	Mürbeteig	english	low	gloss	"shortcrust pastry/shortpastry"	"shortcrust pastry"	"shortpastry" is a non-word.
nouns	nouns_026	Geburtstermin	english	low	gloss	"due date/due day"	"due date"	"due day" is a non-word.
nouns	nouns_026	Erdenbürger	english	low	gloss	"earthling/citizen of the world"	"earthling/inhabitant of the earth"	"citizen of the world" is *Weltbürger*, a different word.
nouns	nouns_026	Gerichtsvollzieher	english	low	gloss	"bailiff/constable"	"bailiff/enforcement officer"	"constable" is a police rank, not a court enforcement officer.
nouns	nouns_026	Dorsch	english	low	gloss	"cod/codfish/pollock"	"cod (Baltic cod)"	"pollock" is a different fish (*Pollack/Seelachs*).
nouns	nouns_026	Flosse	english	low	gloss	"fin/flipper/foot"	"fin/flipper; (slang) hand/paw"	"foot" is wrong; the colloquial sense refers to hands.
nouns	nouns_026	Busen	english	low	gloss	"bosom/breast/cleavage"	"bosom/bust"	"cleavage" is *Dekolleté*, not *Busen*.
nouns	nouns_026	Kochwasser	english	low	gloss	"boiling water/cooking water"	"cooking water"	"boiling water" is *kochendes Wasser* — different thing.
nouns	nouns_026	Blaualge	english	low	gloss	"cyanobacteria/cyanophyta"	"blue-green alga/cyanobacterium"	singular headword glossed with plural/taxonomic-only forms; the transparent English equivalent is missing.
nouns	nouns_026	Herzkranzgefäß	english	low	gloss	"coronary arteries/coronary vessels"	"coronary artery/coronary vessel"	singular headword glossed in the plural.
nouns	nouns_026	Blutabnahme	english	low	gloss	"blood draw/blood sample collection"	"taking of a blood sample/blood test"	"blood draw" is US clinical usage.
nouns	nouns_026	Halbjahreszeugnis	english	low	gloss	"mid-year report card"	"mid-year school report"	"report card" is US; British schools issue a "report".
nouns	nouns_026	Kartellamt	english	low	gloss	"antitrust agency"	"competition authority/cartel office"	"antitrust" is US legal vocabulary.
nouns	nouns_026	Ordination	english	low	gloss	"doctor's office/surgery (Austrian)" (B1)	"surgery/doctor's surgery (Austrian)"	US term ordered before the British one.
nouns	nouns_026	Mietfahrzeug	english	low	gloss	"rental car/hire vehicle"	"hire car/hire vehicle"	US term first.
nouns	nouns_026	Netzkabel	english	low	gloss	"power cord/mains cable"	"mains cable/mains lead"	US term first.
nouns	nouns_026	Gutmensch	english	low	gloss	"bleeding heart liberal/do-gooder"	"do-gooder"	US political idiom ordered before the British equivalent.
nouns	nouns_026	Kantersieg	english	low	gloss	"blowout/emphatic win/hands-down victory"	"emphatic win/thrashing"	"blowout" is US sports slang and leads.
nouns	nouns_026	Großkatze	english	low	gloss	"big feline"	"big cat"	the standard English collocation is missing.
nouns	nouns_026	Grünstreifen	english	low	gloss	"green strip"	"verge/grass verge; central reservation"	literal calque; no idiomatic British equivalent given.
nouns	nouns_026	Lindenallee	english	low	gloss	"linden avenue"	"lime tree avenue"	British English calls the tree a lime, not a linden.
nouns	nouns_026	Eichenwald	english	low	gloss	"oak grove"	"oak wood/oak forest"	*Wald* is a forest, not a grove (*Hain*).
nouns	nouns_026	Existenzgrundlage	english	low	gloss	"basis of existence"	"livelihood/means of subsistence"	literal calque, misses the usual English word.
nouns	nouns_026	Konformitätserklärung	english	low	gloss	"certificate of conformity"	"declaration of conformity"	*Erklärung* is a declaration; a certificate is *Zertifikat/Bescheinigung*.
nouns	nouns_026	Dienstanweisung	english	low	gloss	"service instruction/official instruction"	"official directive/standing instruction"	"service instruction" is a morpheme-by-morpheme rendering that reads as equipment servicing.
nouns	nouns_026	Nachzug	english	low	gloss	"follow-up move"	"subsequent arrival; family reunification (*Familiennachzug*); later train"	the given gloss captures no common use of the word.
nouns	nouns_026	Kinderstube	english	low	gloss	"nursery/childhood home"	"upbringing/manners; (dated) nursery"	the live idiomatic sense (*keine Kinderstube haben*) is absent.
nouns	nouns_026	Miene	english	low	gloss	"attitude/countenance/expression" (C1)	"facial expression/look"	everyday sense sorted third; "attitude" is misleading.
nouns	nouns_026	Fußspur	english	low	gloss	"spoor/track"	"footprint/footmark/track"	obscure hunting term leads.
nouns	nouns_026	Furt	english	low	gloss	"crossing/ford"	"ford"	the precise term is second behind a vague one.
nouns	nouns_026	Gangart	english	low	gloss	"gait/lode/way of walking"	"gait/pace; (mining) gangue"	"lode" is the wrong mining term for *Gangart*.
nouns	nouns_026	Hohlweg	english	low	gloss	"defile/hollow-way/ravine"	"sunken lane/holloway"	military/obscure senses lead.
nouns	nouns_026	Galopp	english	low	gloss	"canter/gallop/galop"	"gallop"	"galop" (a 19th-century dance) is junk here and "canter" is *Kanter/Handgalopp*.
nouns	nouns_026	Disagio	english	low	gloss	"accretion of discount/disagio/discount point"	"discount/disagio"	obscure accounting phrase sorted first.
nouns	nouns_026	Dispositionskredit	english	low	gloss	"drawing credit/overdraft"	"overdraft (facility)"	the everyday banking word is second.
nouns	nouns_026	Entgiftung	english	low	gloss	"decontamination/detoxification"	"detoxification/detox"	the medical sense a learner meets is second.
nouns	nouns_026	Herleitung	english	low	gloss	"argumentation/deduction/derivation"	"derivation"	the precise sense is last.
nouns	nouns_026	Einschüchterung	english	low	gloss	"browbeating/intimidation"	"intimidation"	the plain word is second behind a colloquialism.
nouns	nouns_026	Kulturstätte	english	low	gloss	"ancient monument/cultural site"	"cultural site/heritage site"	"ancient monument" is a specific UK heritage designation, not the general sense.
nouns	nouns_026	Funktionstaste	english	low	gloss	"Fn/function key"	"function key"	the abbreviation is sorted ahead of the actual translation.
nouns	nouns_026	Liebesfilm	english	low	gloss	"love film" (A2)	"romantic film/romance"	"love film" is not an English genre name.
nouns	nouns_026	Glotze	english	low	gloss	"TV/TV set" (C1)	"telly/goggle-box (slang)"	neutral gloss hides that the German is slang — a register trap.
nouns	nouns_026	Insektenstich	english	low	gloss	"insect bite"	"insect sting/insect bite"	*Stich* is a sting; the bite sense is *Biss*.
nouns	nouns_026	Kniescheibe	english	low	gloss	"kneecap/kneepan/patella"	"kneecap/patella"	"kneepan" is archaic.
nouns	nouns_026	DIA	word	medium	junk	`die DIA` = "DIA"	remove	bare acronym glossed as itself; teaches nothing and duplicates *das Dia* (slide) directly above it.
nouns	nouns_026	Gorleben	word	medium	junk	`das Gorleben` = "Gorleben"	remove	place name (Lower Saxony village), not a dictionary lexeme.
nouns	nouns_026	Fun	word	medium	junk	`der Fun` = "fun"	remove	English lexeme entered as a German headword; not standard German.
nouns	nouns_026	Ma	word	medium	junk	`die Ma` = "ma"	remove	corpus fragment, not a German noun.
nouns	nouns_026	Haufe	word	medium	junk	`der Haufe` (weak) = "heap/multitude"	use `der Haufen`	archaic variant duplicating the live lemma *Haufen*, which is the form learners meet.
nouns	nouns_026	Knobel	word	medium	junk	`der Knobel` = "dice"	remove (or use *der Knobelbecher* / the verb *knobeln*)	dialectal fragment; not standard German for "dice" (*der Würfel*).
nouns	nouns_026	LaTeX	word	low	junk	`das LaTeX` = "LaTeX"	remove	software product name; also collides confusingly with *das Latex* one row above.
nouns	nouns_026	Kiddie	word	low	junk	`das Kiddie` = "kiddie/kiddy"	remove	English slang borrowing glossed by itself, in two spellings.
nouns	nouns_026	Os	word	low	junk	`der Os` (pl. `Oser`) = "esker/os"	remove	specialist glaciology term glossed with an equally opaque synonym; no learner value.
nouns	nouns_026	Leite	word	low	junk	`die Leite` = "slope/hillside"	remove	regional/archaic word surviving mainly in place names.
nouns	nouns_026	Brotbacken, Kiffen, Küssen	word	low	junk	nominalised infinitives entered as headwords	remove or key to the verbs *backen*, *kiffen*, *küssen*	same defect class as *das Fallen* / *das Waschen*.
nouns	nouns_026	Bundesjugendspiele	word	low	junk	`die Bundesjugendspiele` (pl. `Bundesjugendspiele`) = "Federal Youth Games"	mark as plural-only proper noun or remove	institution name with no singular; also *Bundesarchiv* and *Bundesnachrichtendienst* nearby are proper nouns with fabricated plurals.
nouns	nouns_026	Manual	word	low	gloss	`das Manual` = "manual"	"manual (organ keyboard)" — the handbook sense is *das Handbuch*	false-friend gloss; German *Manual* is chiefly the organ keyboard.
nouns	nouns_026	Bezugsrecht, Blutbildung, Filmprogramm, Gehirntumor, Modularisierung, Muttermal, Nichtwähler, Gallenstein	english	low	gloss	"preemptive", "hematopoiesis", "film program", "brain tumor", "modularization", "nevus", "nonvoter", "gall-stone"	"pre-emptive", "haematopoiesis", "film programme", "brain tumour", "modularisation", "naevus", "non-voter", "gallstone"	US spellings in a British-English app.
nouns	nouns_026	Fehleinschätzung, Laube, Haftanstalt, Eigennutz, Minispiel, Organigramm, Militärputsch	english	low	gloss	"misjudgment/misjudgement", "arbor/arbour/arcade/bower", "detention centre/gaol/jail", "self interest/self-interest", "mini game/mini-game/minigame", "organigram/organigramme/organisation chart", "military coup/military coup d’état"	one form only — "misjudgement", "arbour/bower", "detention centre/jail", "self-interest", "mini-game", "organisation chart", "military coup"	rival spellings of the same word listed side by side; the rule is a single British form.
nouns	nouns_026	Ellbogen	cefr	low	cefr	`C1`	~A2	basic body-part vocabulary tagged near-native level.
nouns	nouns_027	Porträtierte / Sehende / Strafgefangene / Tabellenzweite / Unschuldige / Vierjährige / Alteingesessene / Angeschuldigte / Binnenvertriebene	plural	high	plural	`Porträtierten`, `Sehenden`, `Strafgefangenen`, `Tabellenzweiten`, `Unschuldigen`, `Vierjährigen`, `Alteingesessenen`, `Angeschuldigten`, `Binnenvertriebenen`	bare citation plurals — `Porträtierte`, `Sehende`, `Strafgefangene`, `Tabellenzweite`, `Unschuldige`, `Vierjährige`, `Alteingesessene`, `Angeschuldigte`, `Binnenvertriebene`	every `adjNoun` in this batch carries the weak `-en` plural instead of the strong citation form.
nouns	nouns_027	die Warmmiete	english	high	gloss	heating/including/rent	rent including heating and service charges	the compound has been shredded into three unconnected words; the gloss is unreadable.
nouns	nouns_027	der Privatmann	plural	high	plural	Privatmänner	Privatleute	`-mann` nouns of this class form `-leute`; `Privatmänner` is at best archaic.
nouns	nouns_027	die Tortur	english	high	gloss	torture	ordeal / gruelling experience	classic false friend — "torture" in the literal sense is *Folter*; *Tortur* is figurative in modern German.
nouns	nouns_027	der Polyeder	article	high	article	der	das Polyeder	standard gender is neuter.
nouns	nouns_027	das Palladium	plural	medium	plural	Palladien	—	`Palladien` is the plural of the "protective talisman" sense; the chemical element has no plural.
nouns	nouns_027	der Parkschein	english	medium	gloss	parking ticket	parking ticket (pay-and-display) / parking permit	in British English "parking ticket" is the fine — the exact opposite; rank 3250 *Strafzettel* carries the same gloss.
nouns	nouns_027	der Postkasten	english	medium	gloss	collection box/drop box/letter box	postbox / letterbox	alphabetical ordering buries the real sense behind an American term ("drop box").
nouns	nouns_027	das Putten / das Schmecken / das Vergrößern / das Betteln	word	medium	junk	entries as headwords	remove (use *puttten*, *schmecken*, *vergrößern*, *betteln* as verbs)	nominalised infinitives, not dictionary nouns.
nouns	nouns_027	der Quell	word	medium	junk	der Quell / Quelle / spring/source (poetic)	remove — the live lemma is *die Quelle*	poetic/archaic duplicate whose plural form is identical to the singular of the real word, guaranteeing learner confusion.
nouns	nouns_027	das Re	word	medium	junk	das Re / Res / re/regarding	remove	the German noun *das Re* is a card-game bid; the gloss given is the Latin/English abbreviation, not this word.
nouns	nouns_027	der Rechtsberater	english	medium	gloss	law adviser	legal adviser	morpheme-by-morpheme rendering; "law adviser" is not English.
nouns	nouns_027	der Sandwich	article	medium	article	der Sandwich, plural Sandwichs	das Sandwich, plural Sandwiches	dual-gender word; neuter is far the commoner and the more useful form for an A1–B1 learner.
nouns	nouns_027	die Säuglingsnahrung	plural	medium	plural	Säuglingsnahrungen	—	mass noun; invented plural.
nouns	nouns_027	der Safety	word	medium	junk	der Safety / Safetys / safety	remove	not a German lexeme (an American-football position at best); "safety" as a noun is *die Sicherheit*.
nouns	nouns_027	das Schlafsofa	english	medium	gloss	day bed/sleeper/sofa bed	sofa bed	primary sense sorted last behind an American term ("sleeper") and a wrong one ("day bed").
nouns	nouns_027	die Schweinegrippe	plural	medium	plural	Schweinegrippen / hog flu/pig flu/swine flu	— / swine flu	disease mass noun given an invented plural; "hog flu" is a non-standard US form placed first.
nouns	nouns_027	die Shareware	plural	medium	plural	Sharewares / share ware/shareware	— / shareware	mass noun with invented plural; "share ware" is a non-word.
nouns	nouns_027	der Sonderling	english	medium	gloss	eccentric/queer fellow/singular man	eccentric / oddball / loner	"queer fellow" is archaic and now misreads; "singular man" is not English.
nouns	nouns_027	der Sozialhilfeempfänger	english	medium	gloss	welfare recipient	benefits claimant / income-support claimant	"welfare" is the American term; British benefits vocabulary is different.
nouns	nouns_027	der Speis	article	medium	article	der Speis / pantry/mortar	die Speis = pantry (regional, S. German); der Speis = mortar	two different words with different genders merged; the leading gloss belongs to the feminine one.
nouns	nouns_027	der Staphylococcus	word	medium	junk	der Staphylococcus / Staphylococcen	der Staphylokokkus, plural Staphylokokken	Latin headword with a hybrid non-existent plural; the German lemma is spelled with k.
nouns	nouns_027	das Tele	word	medium	junk	das Tele / Tele / telephoto/tele	remove (or *das Teleobjektiv* = telephoto lens)	clipping, not a dictionary noun; plural is wrong too (*Teles*).
nouns	nouns_027	der Tempomat	plural	medium	plural	Tempomate	Tempomaten	`-mat` nouns inflect like *Automat → Automaten*.
nouns	nouns_027	das Tomatenmark	english	medium	gloss	tomate paste/tomato purée	tomato purée	"tomate" is a misspelling; the leading gloss is a non-word.
nouns	nouns_027	das Total	word	medium	junk	das Total / Totale / total	remove — *die Totale* (long shot) and Swiss *das Total* are separate marginal words	two lexemes conflated into a headword no learner needs; German for "total" is *die Summe/Gesamtzahl*.
nouns	nouns_027	das Tränengas	english	medium	gloss	lachrymatory agent/tear gas	tear gas	obscure technical term sorted before the everyday sense.
nouns	nouns_027	die Verkehrsverhältnisse	word	medium	junk	die Verkehrsverhältnisse / Verkehrsverhältnisse	das Verkehrsverhältnis, plural Verkehrsverhältnisse	plural entered as the lemma with a feminine article.
nouns	nouns_027	der Vikar	english	medium	gloss	vicar	curate / trainee pastor	false friend — an English vicar is a *Pfarrer*; a German *Vikar* is in training or assisting.
nouns	nouns_027	die Vorzugsaktie	english	medium	gloss	preferred stock	preference share	American finance term; the British equivalent is different in both words.
nouns	nouns_027	der Wagner	english	medium	gloss	cartwright/waggoner/wagoner	cartwright / wheelwright	a *Wagner* builds carts, he does not drive them; "waggoner/wagoner" is both wrong and doubly spelled.
nouns	nouns_027	die Waschküche	english	medium	gloss	launderette/laundry room	laundry room / utility room	a launderette is a public coin laundry (*Waschsalon*), not a *Waschküche*.
nouns	nouns_027	das Wechselgeld	plural	medium	plural	Wechselgelder	—	mass noun; invented plural.
nouns	nouns_027	das Wider	word	medium	junk	das Wider / the cons (in 'Für und Wider')	remove, or lemmatise as *das Für und Wider*	never occurs as a standalone noun.
nouns	nouns_027	die Wikidata	word	medium	junk	die Wikidata / Wikidata	remove	proper noun / brand name, not vocabulary.
nouns	nouns_027	die Winterjacke	english	medium	gloss	winter coat	winter jacket	an A1 clothing word glossed as the wrong garment (*Jacke* ≠ *Mantel*).
nouns	nouns_027	der Wochenbeginn	plural	medium	plural	Wochenbeginne	—	same invented-plural pattern as *Beginn → Beginne*.
nouns	nouns_027	der Zipfel	english	medium	gloss	corner/cusp/dip	tip / corner / end (of bread, cloth)	"dip" is simply wrong.
nouns	nouns_027	das Zuckerrohr	plural	medium	plural	Zuckerrohre / sugar cane/sugarcane	— / sugar cane	mass noun with invented plural plus two spellings of one word.
nouns	nouns_027	der Zynismus	english	medium	gloss	cynicism/cynism	cynicism	"cynism" is not an English word.
nouns	nouns_027	die Ablösesumme	english	medium	gloss	key money/one-off payment/transfer fee	transfer fee	the everyday (football) sense is sorted last behind a property-rental sense.
nouns	nouns_027	die Abwrackprämie	english	medium	gloss	cash for clunkers/scrap bonus/scrappage premium	scrappage scheme / scrappage bonus	the US programme name leads; British readers know "scrappage scheme".
nouns	nouns_027	die Altbauwohnung	english	medium	gloss	old apartment	period flat / flat in a pre-war building	American "apartment", and "old" misses the specific Altbau sense — this is an A1 entry.
nouns	nouns_027	die Ammer	english	medium	gloss	bunting/sparrow	bunting	"sparrow" is *der Sperling/Spatz* — a different bird family.
nouns	nouns_027	der Anstand	plural	medium	plural	Anstände	—	in the "decency" sense the word is uncountable; *Anstände* belongs to the hunting-stand / (Austrian) objection senses.
nouns	nouns_027	die Antwortzeit	english	medium	gloss	answer time	response time	part-by-part translation; "answer time" is not a term.
nouns	nouns_027	der Audiofile	article	medium	junk	der Audiofile / Audiofiles	die Audiodatei (or at least *das Audiofile*)	barely-attested loan with the wrong gender — German uses *das File* — and the native word is standard.
nouns	nouns_027	die Automotive	word	medium	junk	die Automotive / — / automotive	remove	an English adjective, not a German noun.
nouns	nouns_027	der Bergkristall	english	medium	gloss	berg crystal/mountain crystal/rock crystal	rock crystal	the first two are calques; "berg crystal" is a non-word.
nouns	nouns_027	der Besatzer	english	medium	gloss	occupant	occupier / occupying force	"occupant" means *Insasse/Bewohner*; this word is military.
nouns	nouns_027	die Beule	english	medium	gloss	boil/bump/dent	bump / lump / dent	"boil" (*Furunkel*) is wrong, and alphabetical sorting puts it first.
nouns	nouns_027	der Blasenkrebs	plural	medium	plural	Blasenkrebse	—	disease mass noun; invented plural.
nouns	nouns_027	der Potsdamer / der Stuttgarter / der Augsburger	word	low	junk	"person from Potsdam", "person from Stuttgart/Stuttgart resident", "person from Augsburg/Augsburg resident"	remove	productive demonyms from place names; no learner value and endlessly extendable.
nouns	nouns_027	die Pandemie	english	low	gloss	pandemic/pestilence	pandemic	"pestilence" is *die Pest/Seuche*, not a sense of *Pandemie*.
nouns	nouns_027	der Pesto	article	low	article	der	das Pesto (preferred)	both genders are listed by Duden but neuter dominates real usage.
nouns	nouns_027	das Pontifikat / der Regenradar	article	low	article	der Pontifikat, der Regenradar	das Pontifikat, das Regenradar (both preferred)	the neuter is the primary Duden form in each case.
nouns	nouns_027	die Piraterie / die Pyrotechnik / die Ratlosigkeit / die Radikalität / die Sommerhitze / der Skilanglauf / der Splitt / die Tarifautonomie / die Übermacht / die Viehhaltung / das Webhosting / der Anarchismus / das Beamtenrecht / die Zumutbarkeit / der Wasserbedarf / das Alpenvorland / das Basilikum	plural	low	plural	Piraterien, Pyrotechniken, Ratlosigkeiten, Radikalitäten, Sommerhitzen, Skilangläufe, Splitte, Tarifautonomien, Übermächte, Viehhaltungen, Webhostings, Anarchismen, Beamtenrechte, Zumutbarkeiten, Wasserbedarfe, Alpenvorlande, Basilikums	— for all	mass/abstract nouns (and one region name) given manufactured plurals.
nouns	nouns_027	das Poloshirt	english	low	gloss	polo/polo shirt	polo shirt	bare "polo" is the sport.
nouns	nouns_027	die Rapunzel	english	low	gloss	corn salad	lamb's lettuce	British name for the salad leaf; "corn salad" is rarely used in the UK.
nouns	nouns_027	das Rauschgift	english	low	gloss	dope/drug	narcotic / (illegal) drug	slang sorted first; *Rauschgift* is a formal, official-register word.
nouns	nouns_027	der Salto	english	low	gloss	salto/somersault	somersault	"salto" is not English.
nouns	nouns_027	der Schulkamerad	english	low	gloss	school buddy	schoolmate / school friend	"buddy" is American register.
nouns	nouns_027	die Sinfonie	english	low	gloss	sinfonia/symphony	symphony	a *sinfonia* is a different (Baroque) form; it leads only by alphabet.
nouns	nouns_027	die Spindel	english	low	gloss	newel/spindle	spindle	obscure architectural sense first.
nouns	nouns_027	der Spitzberg	word	low	junk	pointed mountain/Spitzberg	remove	half toponym, half transparent compound.
nouns	nouns_027	der Strommast	plural	low	plural	Strommaste	Strommasten	*Masten* is the usual plural; *Maste* is nautical/rare.
nouns	nouns_027	das Unix	word	low	junk	das Unix / Unices	remove	product name with a Latin plural no German source uses.
nouns	nouns_027	die Zwetschge	english	low	gloss	bullace/damson/plum	damson / plum	"bullace" is an obscure fruit name placed first by alphabet.
nouns	nouns_027	die Personenkontrolle	english	low	gloss	identity check/person check	identity check	"person check" is not English.
nouns	nouns_027	die Schuldentilgung	english	low	gloss	debt redemption	debt repayment	"redemption" applies to bonds, not to debt generally.
nouns	nouns_027	die Schürfwunde	english	low	gloss	abrasion	graze / abrasion	everyday British word missing; "abrasion" alone is clinical.
nouns	nouns_027	die Schlammschlacht	english	low	gloss	mud fight	mudslinging match / slanging match	the figurative political sense — by far the commoner one — is absent.
nouns	nouns_027	die Russin	english	low	gloss	Russian	Russian (female)	feminine marking given elsewhere in this batch (*Politikwissenschaftlerin*, *Songwriterin*) but omitted here.
nouns	nouns_027	der Ausschank	english	low	gloss	alcoholic drink/bar/counter	serving of drinks / bar counter	*Ausschank* is the act or the counter, never the drink itself.
nouns	nouns_027	die Belustigung	english	low	gloss	amusement/disport/merriment	amusement	"disport" is archaic to the point of being unusable.
nouns	nouns_027	der Beobachtungsturm	english	low	gloss	fire lookout tower/fire tower/lookout tower	observation tower / lookout tower	fire-specific senses lead a general word.
nouns	nouns_027	die Bindehautentzündung	english	low	gloss	conjunctivitis/madras eye/pink eye	conjunctivitis	"madras eye" is Indian English, "pink eye" American.
nouns	nouns_027	die Blumenerde	english	low	gloss	potting soil	potting compost	British gardening term.
nouns	nouns_027	der Bioladen / der Barkeeper	english	low	gloss	organic store; bartender	organic shop / health-food shop; barman / bartender	American retail and bar vocabulary.
nouns	nouns_027	der Werfer	english	low	gloss	bowler/pitcher/thrower	thrower	two sport-specific senses precede the general one.
nouns	nouns_027	die Wiedervernässung	english	low	gloss	rehydration/rewetting	rewetting (of peatland)	"rehydration" is medical and misleading here.
nouns	nouns_027	die Verkörperung	english	low	gloss	embodiment/impersonation/personification	embodiment / personification	"impersonation" is *Imitation/Nachahmung*.
nouns	nouns_027	das Zusammengehörigkeitsgefühl	english	low	gloss	communal spirit	sense of belonging / feeling of togetherness	the gloss loses the "feeling" element that the word is built on.
nouns	nouns_027	der Wassermann	english	low	gloss	Aquarian/Aquarius	Aquarius (also: merman, water sprite)	the person born under the sign leads the sign itself, and the folklore sense is missing.
nouns	nouns_027	der Strafprozess	english	low	gloss	criminal procedure	criminal trial / criminal proceedings	"criminal procedure" names the body of law (*Strafprozessrecht*), not the trial.
nouns	nouns_027	der Sonnenblumenkern	english	low	gloss	sunflower seeds	sunflower seed	plural gloss on a singular headword.
nouns	nouns_027	die Atembeschwerden / das Altkleid	word	low	junk	*Atembeschwerden* lemmatised as plural; *Altkleid* lemmatised as singular	*die Atembeschwerde* (sg.) / *die Altkleider* (pl. only in practice)	both are entered in the number they are not normally used in.
nouns	nouns_027	die Babyklappe / das Beuteschema / der Bohrhammer / die Ausfuhrgenehmigung / das Antwortschreiben	english	low	gloss	baby flap/baby hatch · prey pattern/type · drifter drill/hammer drill/hammering drill · export approval · answer letter	baby hatch · prey preference/"type" · hammer drill · export licence · letter of reply	literal part-by-part renderings leading (or replacing) the idiomatic English.
nouns	nouns_028	Eckball	article	high	article	`das Eckball` / Eckbälle / "corner/corner kick"	`der Eckball`	head is *der Ball*; all `-ball` compounds are masculine.
nouns	nouns_028	Hochschulsystem	article	high	article	`der Hochschulsystem` / Hochschulsysteme	`das Hochschulsystem`	head is *das System*.
nouns	nouns_028	Früh	article	high	article	`der Früh` / — / "morning (Austrian)"	`die Früh` (only in the fixed phrase *in der Früh*)	the Austrian/Bavarian noun is feminine; as given it teaches a non-existent form. Marginal as a headword at all.
nouns	nouns_028	Drumset	article	low	article	`der Drumset`	`das Drumset`	Duden lists the neuter; *der* is at best non-standard.
nouns	nouns_028	Fernost	article	low	junk	`der Fernost` / — / "Far East"	article-less *Fernost* (*nach Fernost*), or lemma `der Ferne Osten`	Fernost is used without an article; supplying *der* invents a paradigm.
nouns	nouns_028	Eingeweihte, Elfjährige, Erfahrene, Flüchtige, Gehbehinderte, Geringqualifizierte, Illegale, Intersexuelle	plural	high	plural	Eingeweihten, Elfjährigen, Erfahrenen, Flüchtigen, Gehbehinderten, Geringqualifizierten, Illegalen, Intersexuellen	Eingeweihte, Elfjährige, Erfahrene, Flüchtige, Gehbehinderte, Geringqualifizierte, Illegale, Intersexuelle	all eight are `adjNoun`; the citation plural is the bare strong form, not the weak `-en` form.
nouns	nouns_028	Gemeine	word	medium	junk	`die Gemeine` / Gemeinen / "the common/lowly"	`der Gemeine` (adjNoun, plural *Gemeine*) = "private (soldier)", or drop	gloss is not English and not a translation; the live lexeme is the masculine adjectival noun, and the `adjNoun` flag is missing.
nouns	nouns_028	Butterbrot	english	high	gloss	"bread and butter/**buttershag**/sandwich"	"slice of bread and butter/open sandwich"	"buttershag" is a non-word (and reads as obscene) sitting in an A1 entry.
nouns	nouns_028	Fritz	word	high	junk	`der Fritz` / Fritze / "Fritz/Jerry/Kraut"	remove	proper name plus three wartime ethnic slurs; not a dictionary entry for a learner app.
nouns	nouns_028	Kabelbinder	english	medium	gloss	"cable tie/hose tie/**steggel tie**"	"cable tie"	"steggel tie" is not an English word.
nouns	nouns_028	Luftreiniger	english	medium	gloss	"air cleaner/air purifier/**clean airsystem**"	"air purifier"	"clean airsystem" is corrupted machine output.
nouns	nouns_028	Dystopie	english	low	gloss	"dystopia/**dystopy**"	"dystopia"	"dystopy" is not a word.
nouns	nouns_028	Divergenz	english	low	gloss	"divergence/**divergency**"	"divergence"	"divergency" is obsolete.
nouns	nouns_028	Medaillon	english	low	gloss	"**medaillon**/medallion"	"medallion/locket"	first form is the German spelling, not English.
nouns	nouns_028	Doppelsieg	english	medium	gloss	"doubles victory"	"one-two finish/clean sweep of the top two places"	nothing to do with doubles matches — it is two athletes of one team taking 1st and 2nd.
nouns	nouns_028	Hereingabe	english	medium	gloss	"input"	"cross (football)"	"input" is a mistranslation of the parts; the live sense is the football cross.
nouns	nouns_028	Eisschild	english	medium	gloss	"ice shield"	"ice sheet"	morpheme-by-morpheme rendering; *Schild* here is the geological sheet/shield term, and English says "ice sheet".
nouns	nouns_028	Glätte	english	medium	gloss	"smoothness"	"slipperiness (of roads)/smoothness"	the everyday sense (*Glätte*, *Straßenglätte* = icy/slippery roads) is missing entirely.
nouns	nouns_028	Glatze	english	medium	gloss	"bald head/**skinhead**"	"bald head/bald patch"	*Glatze* never means skinhead (that is *Skinhead*/*Glatzkopf* at a stretch); teaches a false equivalence.
nouns	nouns_028	Fessel	english	medium	gloss	"ankle/chain/fetter"	"shackle/fetter/bond; (horse) pastern"	alphabetical ordering puts a marginal anatomical sense first; the core sense is the restraint.
nouns	nouns_028	Milde	english	medium	gloss	"balminess/benignity/clemency"	"mildness/leniency"	the two everyday senses are absent; what survives is alphabetically-first obscurity.
nouns	nouns_028	Irrgarten	english	medium	gloss	"**knot garden**/labyrinth/maze"	"maze/labyrinth"	"knot garden" (*Knotengarten*) is a different thing and leads only because of alphabetical sorting.
nouns	nouns_028	Klangkörper	english	medium	gloss	"resonator"	"orchestra/musical ensemble; (also) resonating body"	the usual journalistic sense — an orchestra — is missing.
nouns	nouns_028	Gründonnerstag	english	medium	gloss	"Covenant Thursday/Great and Holy Thursday/Maundy Thursday"	"Maundy Thursday"	the British term is buried third behind two Orthodox calques.
nouns	nouns_028	Grundschulbereich	english	medium	gloss	"elementary school area"	"primary-school sector/primary level"	US "elementary school" for British "primary school", plus a literal "area" for *Bereich*.
nouns	nouns_028	Geschirrtuch	english	medium	gloss	"dish towel/dishtowel/tea cloth"	"tea towel"	the British word is absent; two spellings of the US word plus a near-miss.
nouns	nouns_028	Konfektion	english	medium	gloss	"clothing industry/make/manufacture"	"off-the-peg clothing/ready-to-wear"	the product sense is missing and "make" is not an English gloss here.
nouns	nouns_028	Bolide	english	medium	gloss	"bolide"	"racing car (high-performance); (astronomy) bolide/fireball"	the everyday German sense (*Formel-1-Bolide*) is absent; "bolide" alone is opaque to an English learner.
nouns	nouns_028	Maisfeld	english	medium	gloss	"cornfield"	"maize field"	in British English "corn" is not maize; "cornfield" reads as a wheat field.
nouns	nouns_028	Durchsetzungsvermögen	plural	medium	gloss	plural "Durchsetzungsvermögen"; "assertiveness/**perseverance**"	plural `—`; "assertiveness/ability to assert oneself"	abstract `-vermögen` has no plural, and "perseverance" is *Durchhaltevermögen*.
nouns	nouns_028	Geruchssinn	plural	medium	gloss	plural "Geruchssinne"; "olfaction/sense of smell"	plural `—`; "sense of smell"	no plural for a sense-faculty noun, and the technical term leads.
nouns	nouns_028	Ich	plural	medium	gloss	`das Ich` / plural "Ich" / "I" (A2)	plural "Ichs"; gloss "the self/the ego"	the nominalised *das Ich* means self/ego; glossing it "I" teaches the pronoun under a noun entry, and the plural is unformed.
nouns	nouns_028	Ebenbild	english	low	gloss	"counterpart/spitting image"	"image/likeness (of); spitting image"	"counterpart" is the wrong relation.
nouns	nouns_028	Empirie	english	low	gloss	"empiricism"	"empirical evidence/empirical enquiry"	"empiricism" is *Empirismus*; false-friend pairing.
nouns	nouns_028	Brause	english	low	gloss	"fizzy lemonade/soda"	"fizzy drink; (also) shower head/sprinkler rose"	"soda" is US, and the equally common shower-head sense is missing.
nouns	nouns_028	Fehlinvestition	english	low	gloss	"bad investment/**false investment**/malinvestment"	"bad investment"	"false investment" is not English.
nouns	nouns_028	Grünspecht	english	low	gloss	"green woodpecker/**sprite**/yaffle"	"green woodpecker"	"sprite" is spurious; "yaffle" is dialect.
nouns	nouns_028	Flügeltür	english	low	gloss	"double wing door/leaf door/swing door"	"double door/French doors"	all three are literal calques; no idiomatic English form given.
nouns	nouns_028	Gemach	english	low	gloss	"**apartment**/chamber/room"	"chamber (archaic/literary)"	US "apartment" leads a word that means a grand chamber, not a flat.
nouns	nouns_028	Hügelkette	english	low	gloss	"ridge"	"range of hills/chain of hills"	a ridge is *Bergrücken*/*Kamm*.
nouns	nouns_028	Laubholz	english	low	gloss	"hardwood/deciduous wood"	"deciduous wood/broadleaf timber"	"hardwood" is *Hartholz* (also in this batch); the two entries now collide.
nouns	nouns_028	Leberwert	english	low	gloss	"liver value"	"liver function value/liver enzyme level"	literal calque; "liver value" is not used in English.
nouns	nouns_028	Lebenselixier	english	low	gloss	"life elixir"	"elixir of life"	word order.
nouns	nouns_028	Familienforschung	english	low	gloss	"family research"	"genealogy/family history research"	the established English term is missing.
nouns	nouns_028	Fragesteller	english	low	gloss	"asker/**interrogator**/questioner"	"questioner/person asking the question"	"interrogator" is the wrong register (police/military).
nouns	nouns_028	Konferenzteilnehmer	english	low	gloss	"**conferee**/conference delegate/conference member"	"conference delegate/participant"	obscure form leads by alphabetical accident.
nouns	nouns_028	Gastredner	english	low	gloss	"guest lecturer/guest speaker/invited lecturer"	"guest speaker"	the general term should lead the academic one.
nouns	nouns_028	Eskapade	english	low	gloss	"amorous adventure/escapade/reckless adventure"	"escapade"	the direct cognate is buried behind two alphabetically-earlier paraphrases.
nouns	nouns_028	Geisterbahn	english	low	gloss	"dark ride/ghost train"	"ghost train"	the British fairground term should lead.
nouns	nouns_028	Ferienflieger	english	low	gloss	"holiday flight/holiday airline"	"holiday charter airline (or its aircraft)"	it is the carrier/plane, not the flight.
nouns	nouns_028	Kniekehle	english	low	gloss	"back of the knee/hollow of the knee/**knee pit**"	"back of the knee"	"knee pit" is a calque.
nouns	nouns_028	Innensenator	english	low	gloss	"interior senator"	"senator for the interior (city-state minister)"	literal rendering of a German office.
nouns	nouns_028	Hafenrundfahrt	english	low	gloss	"conducted boat tour of the harbour"	"harbour cruise/harbour boat tour"	stilted; no one says "conducted boat tour".
nouns	nouns_028	Heißhunger	english	low	gloss	"ravenousness"	"ravenous hunger/craving"	rare noun form; the everyday sense is a food craving.
nouns	nouns_028	Höhenangst	english	low	gloss	"acrophobia"	"fear of heights"	clinical term only, at a word learners meet colloquially.
nouns	nouns_028	Hirnhaut	english	low	gloss	"meninx"	"meninges/membrane covering the brain"	"meninx" is a dictionary-only singular.
nouns	nouns_028	Infusionslösung	english	low	gloss	"infusion/infusion solution/**infusion-solution**"	"infusion solution/IV fluid"	third item is a hyphen variant of the second — list padding.
nouns	nouns_028	Clutch	english	low	gloss	"clutch/clutch bag/clutch **purse**"	"clutch bag"	bare "clutch" reads as the car part (*Kupplung*); "clutch purse" is US.
nouns	nouns_028	Clubmitglied	english	low	gloss	"member"	"club member"	the compound's first element is dropped from the gloss.
nouns	nouns_028	Bolognese	english	low	gloss	`der Bolognese` / "Bolognese"	disambiguate — "person from Bologna; Bolognese (dog breed)"; the sauce is `die Bolognese`	the gloss simply repeats the headword and leaves the gender/sense ambiguous.
nouns	nouns_028	Gemahl	english	low	gloss	"husband/spouse/husband (formal)"	"husband (formal/elevated)"	"husband" listed twice.
nouns	nouns_028	Gesprächspartnerin	english	low	gloss	"interlocutor"	"conversation partner (female)"	register far above the A2 word it glosses; sex not marked.
nouns	nouns_028	Kulturwissenschaftlerin	english	low	gloss	"cultural scientist"	"cultural studies scholar (female)"	inconsistent with the masculine entry two rows earlier, and "cultural scientist" is not used.
nouns	nouns_028	Einmaleins	english	low	gloss	"ABC/multiplication tables"	"times tables/multiplication tables; (figurative) basics"	"ABC" leads only by sorting.
nouns	nouns_028	Feldstein	english	low	gloss	"field boulder"	"fieldstone/erratic"	the standard English term is missing.
nouns	nouns_028	Flakon	english	low	gloss	"flacon/vial"	"small bottle (of perfume)/vial"	"flacon" is a Gallicism most English readers will not know.
nouns	nouns_028	Lübecker	english	low	gloss	"person from Lubeck"	"person from Lübeck"	umlaut dropped from the place name.
nouns	nouns_028	Eisscholle	english	low	gloss	"ice-floe"	"ice floe"	spurious hyphen.
nouns	nouns_028	Busfahrerin, Gärtnerin, Kanadierin, Landwirtin	english	low	gloss	"bus driver", "gardener", "Canadian", "farmer"	add "(female)" as done for Chorleiterin, Halterin, Finalistin, Kabarettistin	inconsistent within the same batch; the `-in` suffix is exactly what the learner needs signalled.
nouns	nouns_028	Erbmaterial, Graphit, Grieß, Hirse, Kaffeesatz, Kardamom, Kerzenlicht, Kinderbekleidung, Klopapier	plural	medium	plural	Erbmaterialien, Graphite, Grieße, Hirsen, Kaffeesätze, Kardamome, Kerzenlichter, Kinderbekleidungen, Klopapiere	`—` for all nine	uncountable substances/materials; these plurals are formed by rule, not attested in use.
nouns	nouns_028	Christianisierung, Damenwelt, Eindeutigkeit, Fundamentalismus, Funkstille, Gasaustausch, Gastfreundlichkeit, Gegenwartsliteratur, Geheimpolizei, Geschichtsdidaktik, Geschichtsforschung, Harninkontinenz, Homogenität, Immigration, Industrieproduktion, Judikative, Knochendichte, Kriegsführung, Landflucht, Legalität, Meeresgrund, Milcherzeugung, Milchproduktion, Milchwirtschaft, Mittelmaß	plural	low	plural	-ungen/-en/-e plurals throughout (Christianisierungen, Damenwelten, Geheimpolizeien, Milchproduktionen, Mittelmaße …)	`—`	abstract/institutional nouns with no usable plural; *Geheimpolizeien* repeats the known *Polizei→Polizeien* defect.
nouns	nouns_028	Geldmangel	plural	medium	plural	Geldmängel	`—`	umlauted plural of an abstract shortage noun; not used.
nouns	nouns_028	Monatsbeginn	plural	medium	plural	Monatsbeginne	`—`	same defect as the confirmed `Beginn→Beginne`.
nouns	nouns_028	Militärgeschichte	plural	low	plural	Militärgeschichten	`—`	the plural belongs to the other sense of *Geschichte* ("military stories"), not "military history".
nouns	nouns_028	Karat	plural	low	plural	Karate	`—` (or "Karat" after numerals)	the form given is homographic with *Karate*; after numerals German uses the uninflected *Karat*.
nouns	nouns_028	Erlangen, Geldverdienen, Klavierspielen, Klappern, Händeschütteln	word	medium	junk	`das Erlangen`, `das Geldverdienen`, `das Klavierspielen`, `das Klappern`, `das Händeschütteln`	remove (keep the verbs *erlangen*, *Geld verdienen*, *Klavier spielen*, *klappern*, *die Hand schütteln*)	nominalised infinitives, the confirmed `das Fallen` pattern. *Erlangen* is additionally a city name.
nouns	nouns_028	Karlsbrücke, Ländle, Internationale	word	medium	junk	`die Karlsbrücke` "Charles Bridge"; `das Ländle` "Swabia/the Ländle"; `die Internationale` "International/The Internationale"	remove	a named bridge in Prague, a regional nickname, and a song/organisation title — proper nouns, not vocabulary.
nouns	nouns_028	Mittelmeer	plural	medium	junk	plural "Mittelmeere"; gloss "mediterranean sea"	plural `—`; gloss "Mediterranean (Sea)"	proper noun given an invented plural and a lower-case gloss.
nouns	nouns_028	FSJ	word	low	junk	`das FSJ` / plural "FSJ" / "voluntary social year (FSJ)"	lemma `das Freiwillige Soziale Jahr`, plural `—`	an initialism entered as a headword with a fabricated plural field.
nouns	nouns_028	Mass	word	low	gloss	`die Mass` / Mass / "litre of beer (Bavarian)"	`die Maß`, plural *Maß*	*Mass* is the Swiss/pre-reform spelling; German-German uses *Maß*.
nouns	nouns_028	US spellings and US-only terms	english	low	gloss	"traveled" (Fahrtstrecke) · "harbor" (Fischereihafen) · "maneuver" (Handlungsraum) · "aid program/assistance program" (Hilfsprogramm) · "industrialized" (Industriegesellschaft) · "miniaturization" (Miniaturisierung) · "sold by the meter" (Meterware) · "pediatrics" first (Kinderheilkunde) · "lymphedema" (Lymphödem) · "thesis advisor" (Doktorvater) · "clarinetist" (Klarinettist) · "annual report card" (Jahreszeugnis) · "liverwurst" (Leberwurst) · "fireplug" (Hydrant) · "expiration date" (Haltbarkeitsdatum) · "camping vacation" (Campingurlaub) · "movie studio" (Filmstudio) · "railroad network" (Eisenbahnnetz) · "grocery list" before "shopping list" (Einkaufszettel) · "third grader" (Drittklässler)	travelled, harbour, manoeuvre, programme, industrialised, miniaturisation, metre, paediatrics, lymphoedema, adviser, clarinettist, school report, liver sausage only, drop "fireplug", best-before date, camping holiday only, film studio only, railway network only, shopping list first, "Year 3 pupil"	app is British English; US forms and US-first ordering throughout.
nouns	nouns_028	Kurzzeitkennzeichen	english	medium	gloss	"temporary license plate/short-term plate"	"temporary number plate"	British English has no "license plate"; the correct term is absent entirely.
nouns	nouns_028	Both spellings in one gloss	english	low	gloss	"groin/groyne" (Buhne) · "chili/chili sauce/chilli" (Chili) · "cineast/cineaste" (Cineast) · "guerilla/guerrilla" (Guerilla) · "tumo(u)r" (Geschwulst) · "haemophilia/hemophilia" (Hämophilie) · "caviar/caviare" (Kaviar) · "carat/karat" (Karat) · "camomile" ok but "pediatrics/paediatrics" (Kinderheilkunde)	keep the British form only — groyne, chilli, film buff, guerrilla, tumour, haemophilia, caviar, carat, paediatrics	the one-form-only rule; several also put the US form first.
nouns	nouns_029	Staatsfinanzen	article	high	article	`das Staatsfinanzen` / plural `Staatsfinanzen`	plurale tantum — `die Staatsfinanzen`, no singular	Defect class 1 — plurale-tantum given a singular neuter article; there is no *das Staatsfinanz.
nouns	nouns_029	Rund	word	high	junk	`das Rund` / `Runde` / "round" (A2)	delete; the learner word is `die Runde` (round, lap)	`das Rund` is a rare literary noun ("circle, expanse"); the plural `Runde` and the gloss "round" both belong to `die Runde`. An A2 tag on this is nonsense.
nouns	nouns_029	Zystis	word	high	junk	`die Zystis` / `Zysten` / "cyst"	`die Zyste` / `Zysten`	Fabricated headword — the German lemma is *Zyste*; *Zystis* is a Latin/anatomical stem, not a German dictionary entry.
nouns	nouns_029	Übergröße	english	high	gloss	"oversise/plus size"	"oversize/plus size" → better: "outsize/plus size"	"oversise" is a non-word (confirmed defect class 6); the British term is *outsize*.
nouns	nouns_029	Prozessbevollmächtigte	plural	high	plural	`Prozessbevollmächtigten`	`Prozessbevollmächtigte`	`adjNoun` — citation plural is the bare strong form, not the weak `-en`.
nouns	nouns_029	Schiffbrüchige	plural	high	plural	`Schiffbrüchigen`	`Schiffbrüchige`	`adjNoun` weak `-en` plural instead of the bare citation form.
nouns	nouns_029	Siebte	plural	high	plural	`Siebten`	`Siebte`	`adjNoun` weak `-en` plural; also a bare ordinal is a marginal noun-deck entry (gloss should read "seventh (of the month)").
nouns	nouns_029	Umweltbeauftragte	plural	high	plural	`Umweltbeauftragten`	`Umweltbeauftragte`	`adjNoun` weak `-en` plural instead of the bare citation form.
nouns	nouns_029	Unparteiische	plural	high	plural	`Unparteiischen`	`Unparteiische`	`adjNoun` weak `-en` plural; gloss should lead with "referee" (the live football sense), not "impartial party".
nouns	nouns_029	Untergebene	plural	high	plural	`Untergebenen`	`Untergebene`	`adjNoun` weak `-en` plural instead of the bare citation form.
nouns	nouns_029	Newtonmeter	article	medium	article	`der Newtonmeter`	`das Newtonmeter`	The unit noun is neuter in standard usage (Duden: *das Newtonmeter*).
nouns	nouns_029	Nachmittagsunterricht	plural	medium	plural	`Nachmittagsunterrichte`	`—`	*Unterricht* is uncountable; the plural is invented.
nouns	nouns_029	Schwimmunterricht	plural	medium	plural	`Schwimmunterrichte`	`—`	Same invented plural on an uncountable *-unterricht* compound.
nouns	nouns_029	Preisverfall	plural	medium	plural	`Preisverfälle`	`—`	*Verfall* has no plural; invented mass-noun plural.
nouns	nouns_029	Pilzbefall	plural	medium	plural	`Pilzbefälle`	`—`	*Befall* is uncountable; invented plural.
nouns	nouns_029	Rotkohl	plural	medium	plural	`Rotkohle`	`—`	Mass noun (vegetable); invented plural.
nouns	nouns_029	Sojamilch	plural	medium	plural	`Sojamilchen`	`—`	Mass noun; invented plural.
nouns	nouns_029	Müllvermeidung	plural	medium	plural	`Müllvermeidungen`	`—`	Abstract process noun; invented plural.
nouns	nouns_029	Teelicht	plural	medium	plural	`Teelichte`	`Teelichter`	Wrong plural form — *Licht* takes *-er* in the "lamp/candle" sense; *Lichte* is the (rare) "light-ray" plural.
nouns	nouns_029	Rollladen	plural	medium	plural	`Rollladen`	`Rollläden`	Umlaut plural is the standard form; the unumlauted variant is secondary.
nouns	nouns_029	Nachkriegsgeschichte	plural	medium	plural	`Nachkriegsgeschichten`	`—`	Plural belongs to the "story" sense of *Geschichte*, not the "history" sense the gloss gives. Same fault at **Regionalgeschichte** (`Regionalgeschichten`) and **Wissenschaftsgeschichte** (`Wissenschaftsgeschichten`).
nouns	nouns_029	Polizeigewalt	plural	medium	plural	`Polizeigewalten` / "police brutality/police violence"	`—` for the glossed sense	The plural exists only for the unglossed sense "police powers/authorities"; wrong-sense plural.
nouns	nouns_029	Rota	plural	medium	junk	`die Rota` / `Roten` / "Rota"	delete (proper noun); the plural `Roten` is not a form of *Rota*	Proper noun (papal tribunal) with a fabricated plural borrowed from *die Rote*; gloss just repeats the German.
nouns	nouns_029	Obergeschoß	word	medium	junk	`Obergeschoß` / `Obergeschoße`	`Obergeschoss` / `Obergeschosse`	Austrian spelling presented as standard; post-1996 German spells it with *-ss*.
nouns	nouns_029	Neger	word	medium	junk	`der Neger` / "Negro (offensive racial slur)"	remove from the learner deck	Racial slur; the label does not make it a teachable vocabulary item (defect class 6).
nouns	nouns_029	Refugee	word	medium	junk	`der Refugee` / "refugee"	teach `der Flüchtling` / `der Geflüchtete`	English lexeme used only in activist German; not a usable dictionary entry (defect class 7).
nouns	nouns_029	Perl	word	medium	junk	`das Perl` / "Perl"	delete	Proper noun (programming language / place name); gloss repeats the German.
nouns	nouns_029	Zeus	word	medium	junk	`der Zeus` / "Zeus"	delete	Proper noun.
nouns	nouns_029	Snap	word	medium	junk	`der Snap` / "hike/snap"	delete	English loan with no established German meaning; "hike" is the American-football snap sense and is meaningless here.
nouns	nouns_029	Rasseln	word	medium	junk	`das Rasseln` / "rattling"	delete; teach the verb `rasseln`	Nominalised infinitive (defect class 7). Same for **Riechen** ("smelling") and **Treppensteigen** ("climbing stairs").
nouns	nouns_029	Platt	english	medium	gloss	"dialect"	"Low German (dialect)"	*Platt* is specifically Low German/Plattdeutsch, not any dialect.
nouns	nouns_029	Pappkarton	english	medium	gloss	"cardboard/cardboard box"	"cardboard box"	"cardboard" alone is *Pappe*; leading with it teaches the wrong sense.
nouns	nouns_029	Parteiensystem	english	medium	gloss	"party structure"	"party system"	Morpheme-mangled compound — *-system* rendered as "structure".
nouns	nouns_029	Privateigentum	english	medium	gloss	"personal effects/personal property/private property"	"private property"	"personal effects" (= persönliche Habe) leads and is wrong; alphabetical sorting has buried the real sense.
nouns	nouns_029	Nichtbeachtung	english	medium	gloss	"inobservance/nonobservance"	"disregard/non-compliance"	Both glosses are obscure legalisms; the everyday sense is absent, and "nonobservance" is unhyphenated US style.
nouns	nouns_029	Paketbote	english	medium	gloss	"package deliverer"	"parcel delivery driver / postman"	"package deliverer" is not idiomatic English, and "package" is the US word for BrE *parcel* (cf. *Paketshop* = "parcel shop" two rows later).
nouns	nouns_029	Porridge	english	medium	gloss	"oatmeal/porridge/supawn"	"porridge"	US term ordered first (defect class 8), and "supawn" is a US regional non-word for cornmeal mush.
nouns	nouns_029	Schnellstraße	english	medium	gloss	"freeway/highway"	"dual carriageway / expressway"	Both glosses are US-only; a British learner is given no usable equivalent.
nouns	nouns_029	Stehlampe	english	medium	gloss	"floor lamp"	"standard lamp"	US-only term; the British word is missing.
nouns	nouns_029	Unterhaltszahlung	english	medium	gloss	"alimony payment"	"maintenance payment"	"alimony" is US legal usage; BrE is *maintenance*.
nouns	nouns_029	Vergaser	english	medium	gloss	"carbureter/carburetor/carburetter"	"carburettor"	Three spellings, one of them US, and the correct British form is absent from all three.
nouns	nouns_029	Vergeltung	english	medium	gloss	"nemesis/payback/quittance"	"retaliation/retribution"	Core sense missing; "quittance" is archaic and "nemesis" is wrong.
nouns	nouns_029	Vorhaltung	english	medium	gloss	"keeping available/provision"	"reproach/remonstration" (jdm Vorhaltungen machen)	The everyday sense is absent; only the technical *Vorhaltung* (of capacity) is given.
nouns	nouns_029	Vorzimmer	english	medium	gloss	"entrance hall"	"anteroom / outer office (secretary's office)"	"entrance hall" is the Austrian regional sense; in standard German a *Vorzimmer* is the outer office.
nouns	nouns_029	Zarge	english	medium	gloss	"apron/bezel/case"	"frame (door/window frame)"	The primary everyday sense (*Türzarge*) is missing entirely; only cabinetry/watchmaking senses survive.
nouns	nouns_029	Zwillingsbruder	english	medium	gloss	"fraternal twin/twin brother"	"twin brother"	"fraternal twin" is *zweieiiger Zwilling* — factually wrong and sorted first.
nouns	nouns_029	Totengräber	english	medium	gloss	"burying beetle/gravedigger"	"gravedigger"	Entomological sense sorted ahead of the everyday one (defect class 3).
nouns	nouns_029	Schneeball	english	medium	gloss	"guelder rose/snowball/snowball tree" (B2)	"snowball"	The shrub sense leads and displaces the primary meaning.
nouns	nouns_029	Trampelpfad	english	medium	gloss	"desire path"	"beaten track / worn path"	"desire path" is urban-planning jargon a learner will not recognise.
nouns	nouns_029	Trauzeugin	english	medium	gloss	"maid of honour"	"witness at a wedding (female)"	False equivalence — a *Trauzeugin* is a legal witness, not the US/UK bridal attendant role.
nouns	nouns_029	Ross	english	medium	gloss	"horse/idiot/knight"	"steed/horse"	"knight" is simply wrong; "idiot" is a Bavarian pejorative given no label.
nouns	nouns_029	Windstärke	english	medium	gloss	"wind speed"	"wind force (Beaufort scale)"	*Wind speed* is *Windgeschwindigkeit*; *Windstärke* is the graded force.
nouns	nouns_029	Zuckerwatte	plural	medium	gloss	`Zuckerwatten` / "candy floss/candyfloss/cotton candy"	`—` / "candy floss"	Invented mass-noun plural, two spellings of the British word, plus the US term — all three faults in one row.
nouns	nouns_029	Regierungsprogramm	english	medium	gloss	"government program/government programme"	"government programme"	US and British spelling in the same gloss, US first (forbidden, defect class 8).
nouns	nouns_029	US spellings (grouped)	english	low	gloss	"specialized tool" (Spezialwerkzeug), "top favorite" (Topfavorit), "pension equalization" (Versorgungsausgleich), "vacation photo" (Urlaubsbild), "nonswimmer" (Nichtschwimmer), "self perception" (Selbstwahrnehmung)	specialised, favourite, equalisation, holiday photo, non-swimmer, self-perception	British-English app; `-ize`, `-or`, US *vacation*, and unhyphenated US compounding.
nouns	nouns_029	Both British and US forms in one gloss (grouped)	english	low	gloss	"disc brake/disk brake" (Scheibenbremse), "clothes peg/clothespin" (Wäscheklammer), "shoe shop/shoe store" (Schuhgeschäft), "upper school student/high school student" (Oberschüler), "dump/garbage dump/landfill" (Mülldeponie)	keep the British form only — disc brake, clothes peg, shoe shop, upper-school pupil, rubbish tip/landfill	One form only, British (defect class 8).
nouns	nouns_029	Radlerin	english	low	gloss	"bicyclist"	"cyclist (female)"	"bicyclist" is US usage; BrE is *cyclist*. Sex also unmarked, unlike neighbouring *-in* entries.
nouns	nouns_029	Ohrläppchen	english	low	gloss	"ear lobe/ear-lap/ear-lobe"	"earlobe"	Three hyphenation variants of one word, and "ear-lap" is not English.
nouns	nouns_029	Schote	english	low	gloss	"pod/silique/pod (botany)"	"pod"	"pod" appears twice; *silique* is technical botany.
nouns	nouns_029	Paillette	english	low	gloss	"paillette/sequin/spangle"	"sequin"	The French loan leads and displaces the everyday word.
nouns	nouns_029	Terz	english	low	gloss	"Terce/major third/minor third"	"third (musical interval)"	The canonical-hour sense sorts first; the music sense is the one a learner needs.
nouns	nouns_029	Schachbrett	english	low	gloss	"chessboard/marbled white"	"chessboard"	"marbled white" is the butterfly *Schachbrettfalter*, not *Schachbrett*.
nouns	nouns_029	Sardine	english	low	gloss	"pilchard/sardine"	"sardine"	Alphabetical sorting puts the less useful synonym first.
nouns	nouns_029	Reiher	english	low	gloss	"egret/heron"	"heron"	*Egret* is *Silberreiher*; the generic sense should lead.
nouns	nouns_029	Robinie	english	low	gloss	"black locust"	"false acacia"	"black locust" is the American name for the tree; BrE uses *false acacia*.
nouns	nouns_029	Sprudel	english	low	gloss	"fizz/fizzy drink/pop"	"sparkling mineral water"	The primary German sense (carbonated water) is absent; "fizz" leads and is wrong.
nouns	nouns_029	Sechser	english	low	gloss	"Number 6/sixth-grader"	"a six (dice, lottery)"	"sixth-grader" is a US school term and not a *Sechser*; the common sense is missing.
nouns	nouns_029	Ried	english	low	gloss	"cane/cane brake/reed"	"reed / reed bed, marsh"	"cane"/"cane brake" are US-regional and sort ahead of the correct sense.
nouns	nouns_029	Ork	english	low	gloss	"Ork/orc"	"orc"	Gloss leaks the German lemma.
nouns	nouns_029	Zeitbombe	english	low	gloss	"clockwork bomb/time bomb"	"time bomb"	"clockwork bomb" is a calque, not English, and sorts first.
nouns	nouns_029	Worthülse	english	low	gloss	"catchword/empty phrase/empty word shell"	"empty phrase / hollow phrase"	"empty word shell" is a literal calque and not English.
nouns	nouns_029	Werbetrommel	english	low	gloss	"publicity campaign/advertising drive"	"(only in *die Werbetrommel rühren* — to drum up publicity)"	The noun does not occur outside the idiom; glossed as a free-standing noun it misleads.
nouns	nouns_029	Reisekostenabrechnung	english	low	gloss	"receipted expenses form/travel expense accounting/travel expense report"	"travel expenses claim"	Leading gloss is a non-idiom.
nouns	nouns_029	Riesenerfolg	english	low	gloss	"giant success"	"huge success / massive hit"	Morpheme-for-morpheme rendering; "giant success" is not idiomatic.
nouns	nouns_029	Varianz	english	low	gloss	"difference/variance"	"variance"	"difference" leads and is wrong for the statistical term.
nouns	nouns_029	Unterordnung	english	low	gloss	"hypotaxis/subordination"	"subordination"	Technical linguistics term sorts ahead of the general sense.
nouns	nouns_029	Nichterfüllung	english	low	gloss	"default/failure of performance/failure to perform"	"non-fulfilment / non-performance"	Plain sense missing; "default" alone is misleading.
nouns	nouns_029	Walking	english	low	gloss	"speed walking"	"(fitness) walking"	*Walking* as a German loan is fitness walking; speed walking is *Speedwalking / Gehen*.
nouns	nouns_029	Überzug	english	low	gloss	"coat"	"coating / cover, slipcover"	"coat" reads as the garment; the sense is a layer or a cover.
nouns	nouns_029	Pupille	english	low	gloss	"pupil"	"pupil (of the eye)"	Unmarked homograph — a learner will read the schoolchild sense.
nouns	nouns_029	Rekorder	english	low	gloss	"recorder"	"recorder (recording device)"	English "recorder" also names the instrument (*Blockflöte*), which *Rekorder* never means.
nouns	nouns_029	Staatsmann	english	low	gloss	"politician/statesman"	"statesman"	"politician" (= Politiker) sorts first and dilutes the sense.
nouns	nouns_029	Schutzplanke	english	low	gloss	"guardrail"	"crash barrier"	US term; BrE road-safety word is *crash barrier*.
nouns	nouns_029	Stofftier	english	low	gloss	"plush/plush toy/plushie" (C1)	"cuddly toy / soft toy"	The British everyday terms are absent; "plushie" is US fandom slang.
nouns	nouns_029	Zisterne	english	low	gloss	"cistern/cisterna"	"cistern"	"cisterna" is Latin/anatomical, not English.
nouns	nouns_029	Tensid	english	low	gloss	"surfactant/tenside"	"surfactant"	"tenside" is a Germanism, not standard English.
nouns	nouns_029	Schleichwerbung	english	low	gloss	`Schleichwerbungen` / "plug/product placement"	`—` / "surreptitious advertising"	Invented plural on a mass noun, and the leading gloss is colloquial and imprecise.
nouns	nouns_029	Schimpfwort	plural	low	plural	`Schimpfworte` / "curse/name/swearword"	`Schimpfwörter` / "swear word / insult"	Individual words take *-wörter*; the bare gloss "name" is unintelligible out of context.
nouns	nouns_029	Tausendsassa	plural	low	plural	`Tausendsassa`	`Tausendsassas`	Missing plural marker.
nouns	nouns_029	Verderben	plural	low	plural	`Verderben`	`—`	*das Verderben* has no plural.
nouns	nouns_029	Abstract nouns with invented plurals (grouped)	plural	low	plural	Nachhall→`Nachhalle`, Niemandsland→`Niemandsländer`, Musikgeschmack→`Musikgeschmäcker`, Privatheit→`Privatheiten`, Tiernahrung→`Tiernahrungen`, Rechtsfähigkeit→`Rechtsfähigkeiten`, Verfassungsmäßigkeit→`Verfassungsmäßigkeiten`, Unmittelbarkeit→`Unmittelbarkeiten`, Weiblichkeit→`Weiblichkeiten`, Willensstärke→`Willensstärken`, Zeitverschwendung→`Zeitverschwendungen`, Wasserverschmutzung→`Wasserverschmutzungen`, Wasserstoffperoxid→`Wasserstoffperoxide`, Schienenpersonennahverkehr→`Schienenpersonennahverkehre`, Privatrecht→`Privatrechte`, Waffenrecht→`Waffenrechte`, Zeugung→`Zeugungen`, Wasserdruck→`Wasserdrücke`	`—` in each case	Mass/abstract nouns given countable plurals a native speaker would not form.
nouns	nouns_029	Rein	word	low	junk	`die Rein` / `Reinen` / "roasting pan/baking dish"	mark as Austrian/Bavarian regional, or drop	Regionalism presented as standard German (cf. defect class 1).
nouns	nouns_029	Stiege	english	low	gloss	"stairs" (B1)	"stairs (Austrian/southern German)"	Regional word given no label; a learner will use it where *Treppe* is expected.
nouns	nouns_029	Pneu	word	low	junk	`der Pneu` / "tyre"	mark as Swiss/Austrian; standard German is *der Reifen*	Regional variant presented as standard.
nouns	nouns_029	Pier	english	low	gloss	"jetty"	"pier / jetty"	The obvious cognate translation is missing.
nouns	nouns_029	Unimog	word	low	junk	`der Unimog` / "Unimog (Mercedes-Benz vehicle)"	delete	Brand name, not a dictionary lemma (defect class 7).
nouns	nouns_029	Umschlagplatz	english	low	gloss	"place of transshipment"	"transhipment point / trading hub"	US double-*s* spelling and a stilted rendering.
nouns	nouns_029	Spanierin	english	low	gloss	"Spaniard"	"Spanish woman"	Feminine form glossed with a sex-neutral noun; the same applies to **Ukrainerin** ("Ukrainian") and **Regierungschefin** ("head of government"), while neighbouring rows do mark sex.
nouns	nouns_029	Mündigkeit	english	low	gloss	"maturity/adulthood"	"legal majority / coming of age"	The word is primarily legal; "maturity" reads as emotional maturity (*Reife*).
nouns	nouns_029	Normalbetrieb	plural	low	plural	`Normalbetriebe`	`—`	In the glossed "normal operation" sense the noun is uncountable; the plural belongs to *Betrieb* = "firm".
nouns	nouns_030	As	article	high	article	`der As` / plural `Asse` / "as/ace"	`das Ass`, plural `Asse`, "ace (playing card)"	`der` is wrong on both readings — `das Ass` = ace, `das As` = the note A-flat; "as" (Roman coin) leads.
nouns	nouns_030	Apfelmus	article	high	article	`der Apfelmus` / `Apfelmuse` / "apple sauce/applesauce"	`das Apfelmus` / `—` / "apple sauce"	`das Mus` → `das Apfelmus` (der is regional only); mass noun has no plural; US+UK spellings both given.
nouns	nouns_030	Betonmauer	article	high	article	`der Betonmauer`	`die Betonmauer`	head noun is `die Mauer`.
nouns	nouns_030	Hinterteil	article	high	article	`der Hinterteil` — "backside/behind"	`das Hinterteil`	in the glossed sense (buttocks) only `das` is standard; `der` is the nautical "stern" reading.
nouns	nouns_030	Abhängige, Asylberechtigte, Aufständische, Ausschussvorsitzende, Bankangestellte, Braune, Drogentote, Ermordete, Farbige, Finanzbeamte, Führende, Generalbevollmächtigte, Hauptverdächtige, Holocaustüberlebende	plural	high	plural	`Abhängigen`, `Asylberechtigten`, `Aufständischen`, `Ausschussvorsitzenden`, `Bankangestellten`, `Braunen`, `Drogentoten`, `Ermordeten`, `Farbigen`, `Finanzbeamten`, `Führenden`, `Generalbevollmächtigten`, `Hauptverdächtigen`, `Holocaustüberlebenden`	bare forms — `Abhängige`, `Asylberechtigte`, `Aufständische`, `Ausschussvorsitzende`, `Bankangestellte`, `Braune`, `Drogentote`, `Ermordete`, `Farbige`, `Finanzbeamte`, `Führende`, `Generalbevollmächtigte`, `Hauptverdächtige`, `Holocaustüberlebende`	all 14 `adjNoun` rows in this batch carry the weak `-en` form; grouped, one systemic defect. (Also: `Farbige` glossed "person of colour" — the German is dated/loaded and not equivalent; `Braune` gloss uses `;` not `/` and omits the Austrian coffee sense.)
nouns	nouns_030	Arbeitsgeber	word	high	junk	`der Arbeitsgeber` "employer"	`der Arbeitgeber` (already the real lemma)	misspelling — no linking `-s-` in Arbeitgeber; teaches a wrong spelling.
nouns	nouns_030	Adverbium	word	medium	junk	`das Adverbium` / `Adverbien`	drop; use `das Adverb` / `Adverbien`	archaic Latinate variant duplicating the live word.
nouns	nouns_030	Circus	word	medium	junk	`der Circus` / `Circusse`	`der Zirkus` / `Zirkusse`	obsolete spelling variant duplicating the live lemma.
nouns	nouns_030	Amiga	word	medium	junk	`der Amiga` / `Amigas` / "Amiga"	remove	proper noun (Commodore computer / GDR record label); gloss is circular.
nouns	nouns_030	Dremel	word	medium	junk	`der Dremel` "Dremel (rotary tool)"	remove	trademark, not a German lexeme.
nouns	nouns_030	Frei	word	medium	junk	`das Frei` "day off/time off"	remove (use `der freie Tag` / `die Freizeit`)	not a standard German noun; adjective mis-nominalised.
nouns	nouns_030	Dab	word	low	junk	`der Dab` / `Dabs` / "dab"	remove	ambiguous English loan (dance move / cannabis dose); gloss gives no usable sense.
nouns	nouns_030	Archivieren, Bekunden, Entkommen, Heulen	word	medium	junk	`das Archivieren`, `das Bekunden`, `das Entkommen`, `das Heulen`	remove — the verbs `archivieren`, `bekunden`, `entkommen`, `heulen` are the lemmas	nominalised infinitives entered as headwords (defect class 7). `Heulen` additionally omits the everyday "crying" sense.
nouns	nouns_030	Bielefelder, Bonner	word	low	junk	"person from Bielefeld" / "person from Bonn"	remove	city demonyms; unbounded class, no learner value.
nouns	nouns_030	Aschenputtel	word	low	junk	`das Aschenputtel` "Cinderella"	remove or gloss as "drudge, Cinderella figure"	fairy-tale proper noun as headword.
nouns	nouns_030	Bange	word	low	junk	`die Bange` "fear"	mark colloquial, fixed phrase only ("keine Bange")	never used as a free noun.
nouns	nouns_030	Alkoholmissbrauch	plural	medium	plural	`Alkoholmissbräuche` — correct: `—` — why: abstract mass noun.	`—` — why: abstract mass noun.	abstract mass noun.
nouns	nouns_030	Dickdarmkrebs	plural	medium	plural	`Dickdarmkrebse` / "colon Cancer"	`—` / "bowel cancer, colon cancer"	disease has no plural; stray capital C in gloss.
nouns	nouns_030	Falschgeld	plural	medium	plural	`Falschgelder` / "bad money/bogus money/counterfeit money"	`—` / "counterfeit money"	mass noun; "bad money" leads and is not a translation.
nouns	nouns_030	Geröll	plural	medium	plural	`Gerölle` / "boulder/detritus/scree"	`—` / "scree, rubble"	mass noun; "boulder" (= Findling/Felsblock) is wrong and sorts first.
nouns	nouns_030	Feuerholz, Blutplasma, Bioethanol, Hirntod, Gasverbrauch, Dill	plural	medium	plural	`Feuerhölzer`, `Blutplasmen`, `Bioethanole`, `Hirntode`, `Gasverbräuche`, `Dille`	`—` for all	mass/abstract nouns given fabricated plurals.
nouns	nouns_030	Anorexie, Entwaldung, Geldverschwendung, Ausdrucksstärke, Einheitlichkeit, Ängstlichkeit, Erlebnispädagogik, Demographie, Gewaltbereitschaft, Augenkontakt, Grütze, Fachjargon, Abwasserreinigung, Abwendung, Anfangsverdacht	plural	low	plural	`-en`/`-e`/`-s` plurals on abstracta	`—` in normal use	grouped; plurals exist only as marked technical counts, misleading for a learner.
nouns	nouns_030	Festredner	english	medium	gloss	"celebration lecturer" — correct: "guest speaker, keynote speaker (at a ceremony)"	"guest speaker, keynote speaker (at a ceremony)"	morpheme-by-morpheme calque, not English.
nouns	nouns_030	Gewerkschaftsmitglied	english	medium	gloss	"trade unionist/unionist" — correct: "trade union member"	"trade union member"	`-mitglied` is "member"; "unionist" is a political false friend in British English.
nouns	nouns_030	Gratwanderung	english	medium	gloss	"balancing/piece of acrobatics/ridge walk" — correct: "tightrope walk, balancing act"	"tightrope walk, balancing act"	the idiomatic sense is mangled; "piece of acrobatics" is not English.
nouns	nouns_030	Glosse	english	medium	gloss	"gloss" — correct: "satirical column, commentary (press)"; gloss/annotation second	"satirical column, commentary (press)"; gloss/annotation second	false friend; the everyday German sense is a newspaper column.
nouns	nouns_030	Alveole	english	medium	gloss	"alveole/teethridge" — correct: "alveolus (tooth socket; air sac)"	"alveolus (tooth socket; air sac)"	"alveole" is not an English word and "teethridge" is a non-word for "alveolar ridge".
nouns	nouns_030	Alttier	english	medium	gloss	"adult animal/old animal" — correct: "hind, adult female red deer (hunting)"	"hind, adult female red deer (hunting)"	hunting term, not a general word for an old animal.
nouns	nouns_030	Audienz	english	medium	gloss	"audience" — correct: "audience (formal meeting with a dignitary)"	"audience (formal meeting with a dignitary)"	bare "audience" invites the spectators reading, which is `Publikum`.
nouns	nouns_030	Gartenschere	english	medium	gloss	"garden (pair of) scissors" — correct: "secateurs, pruning shears"	"secateurs, pruning shears"	not an English collocation.
nouns	nouns_030	Fischadler	english	medium	gloss	"fish eagle/osprey" — correct: "osprey"	"osprey"	"fish eagle" is a different bird (Haliaeetus) and sorts first.
nouns	nouns_030	Hänger	english	medium	gloss	"hanger/trailer/blank moment" — correct: "trailer; mental blank; loose dress"	"trailer; mental blank; loose dress"	"hanger" (Kleiderbügel) is wrong and leads.
nouns	nouns_030	Du	english	medium	gloss	`das Du` "you" — correct: "the familiar form of address ('du')"	"the familiar form of address ('du')"	gloss is metalanguage-blind; teaches the pronoun, not the noun.
nouns	nouns_030	Herrschaftsbereich	english	low	gloss	"control area" — correct: "domain, realm, sphere of influence".	"domain, realm, sphere of influence".	
nouns	nouns_030	Holzfäller	english	low	gloss	"faller/feller/logger" — correct: "lumberjack, woodcutter"	"lumberjack, woodcutter"	obscure trade terms lead; the ordinary word is absent.
nouns	nouns_030	Hinterhalt	english	low	gloss	"ambuscade/ambush/backing" — correct: "ambush"	"ambush"	archaic form first; "backing" is not a sense of Hinterhalt.
nouns	nouns_030	Doktorspiel	english	low	gloss	"play doctor" — correct: "playing doctors (children's game)".	"playing doctors (children's game)".	
nouns	nouns_030	Benediktiner	english	low	gloss	"Benedictine/Order of Saint Benedict" — correct: "Benedictine (monk)"	"Benedictine (monk)"	the order is `Benediktinerorden`.
nouns	nouns_030	Blessur	english	low	gloss	"lesion/war injury/wound" — correct: "minor injury, knock".	"minor injury, knock".	
nouns	nouns_030	Abgangszeugnis	english	low	gloss	"diploma/leaving certificate" — correct: "leaving certificate"	"leaving certificate"	a Abgangszeugnis is issued *without* a qualification; "diploma" reverses the meaning.
nouns	nouns_030	Absolventenfeier	english	low	gloss	"graduate ceremony" — correct: "graduation ceremony".	"graduation ceremony".	
nouns	nouns_030	Abgabetermin	english	low	gloss	"date of delivery/deadline" — correct: "deadline, submission date" first.	"deadline, submission date" first.	
nouns	nouns_030	Einlauf	english	low	gloss	"enema" — correct: add "finish, arrival (of a race)", the commoner everyday sense.	add "finish, arrival (of a race)", the commoner everyday sense.	
nouns	nouns_030	Beifügung	english	low	gloss	"addendum" — correct: "adding, enclosure; (grammar) attribute".	"adding, enclosure; (grammar) attribute".	
nouns	nouns_030	Bindfaden	english	low	gloss	"packthread/twine" — correct: "string, twine"; "packthread" is archaic and sorts first.	"string, twine"; "packthread" is archaic and sorts first.	
nouns	nouns_030	Ausatmung	english	low	gloss	"expiration" — correct: "exhalation" (British usage; "expiration" reads as "expiry").	"exhalation" (British usage; "expiration" reads as "expiry").	
nouns	nouns_030	Grat	english	low	gloss	"burr/hip/ridge" — correct: "ridge (mountain)" first.	"ridge (mountain)" first.	
nouns	nouns_030	Ausleger	english	low	gloss	"cantilever/exegete/jib" — correct: "jib, boom; outrigger"; "exegete" is a separate rare sense.	"jib, boom; outrigger"; "exegete" is a separate rare sense.	
nouns	nouns_030	Halbkreis	english	low	gloss	"hemicycle/semicircle" — correct: "semicircle" first.	"semicircle" first.	
nouns	nouns_030	Höhenlinie	english	low	gloss	"contour line/isarithm/isoline" — correct: "contour line" only.	"contour line" only.	
nouns	nouns_030	Hirnrinde	english	low	gloss	"cerebral cortex/cortex/cortex of brain" — correct: "cerebral cortex"; the rest are duplicates.	"cerebral cortex"; the rest are duplicates.	
nouns	nouns_030	Hexenkessel	english	low	gloss	"madhouse/nuthouse/witch's cauldron" — correct: "cauldron of noise, bear pit"; drop "nuthouse".	"cauldron of noise, bear pit"; drop "nuthouse".	
nouns	nouns_030	Hallo	english	low	gloss	"hallo" — correct: "hello; (großes Hallo) commotion, hullabaloo".	"hello; (großes Hallo) commotion, hullabaloo".	
nouns	nouns_030	Heimathafen	english	low	gloss	"home harbour" — correct: "home port".	"home port".	
nouns	nouns_030	Heizwert	english	low	gloss	"heating value" — correct: "calorific value" (British standard term).	"calorific value" (British standard term).	
nouns	nouns_030	Hessin	english	low	gloss	"Hessian" — correct: "Hessian woman" (bare "Hessian" reads as the fabric).	"Hessian woman" (bare "Hessian" reads as the fabric).	
nouns	nouns_030	Feldwebel	english	low	gloss	"staff sergeant" — correct: "sergeant" (staff sergeant = Oberfeldwebel/Hauptfeldwebel).	"sergeant" (staff sergeant = Oberfeldwebel/Hauptfeldwebel).	
nouns	nouns_030	Erfinderin	english	low	gloss	"inventor" — correct: "inventor (female)", matching Adressatin/Anruferin/Ausstellerin in this batch.	"inventor (female)", matching Adressatin/Anruferin/Ausstellerin in this batch.	
nouns	nouns_030	Fürstin	english	low	gloss	"princess" — correct: "princess (consort/ruler of a principality)"; Prinzessin is the ordinary word.	"princess (consort/ruler of a principality)"; Prinzessin is the ordinary word.	
nouns	nouns_030	Baumwollstoff	english	low	gloss	"cotton fabric/scrim" — correct: drop "scrim" (a specific gauze).	drop "scrim" (a specific gauze).	
nouns	nouns_030	Bevorratung	english	low	gloss	"procurement/provisioning/stockage" — correct: "stockpiling"; "stockage" is not English.	"stockpiling"; "stockage" is not English.	
nouns	nouns_030	Fensterbrett	english	low	gloss	"window board/window sill" — correct: "windowsill" first.	"windowsill" first.	
nouns	nouns_030	Frostschaden	english	low	gloss	"frost damage/frostbite" — correct: "frost damage"; frostbite is `Erfrierung`.	"frost damage"; frostbite is `Erfrierung`.	
nouns	nouns_030	Flugbegleiterin	english	low	gloss	"flight attendant/stewardess" — correct: drop the dated "stewardess".	drop the dated "stewardess".	
nouns	nouns_030	Hauptgewinner	english	low	gloss	"main winner" — correct: "winner of the first prize, jackpot winner".	"winner of the first prize, jackpot winner".	
nouns	nouns_030	Grenzverlauf	english	low	gloss	"border course" — correct: "course of the border, borderline".	"course of the border, borderline".	
nouns	nouns_030	Aktionsform	english	low	gloss	"action form" — correct: "(grammar) voice" or remove	"(grammar) voice" or remove	the gloss is a literal calque with no identifiable meaning.
nouns	nouns_030	US term / US-first ordering	english	medium	gloss	`Autobahnbrücke` "highway bridge/motorway bridge"; `Eisenbahngesellschaft` "railroad company/railway company"; `Bauholz` "lumber/timber"; `Holzmarkt` "lumber market/timber market/wood market"; `Fußballnationalmannschaft` "national soccer team"; `Assel` "pill bug/slater/woodlouse"; `Amöbe` "ameba/amoeba/amœba"; `Dachgeschosswohnung` "top-floor apartment"; `Erdgeschosswohnung` "ground-floor apartment"; `Fleischwolf` "meat chopper/meat grinder/mincer"; `Dachpappe` "roofing felt/tar paper"; `Deichverband` "dike association"; `Fußballtraining` "football practice"; `Getreidefeld` "grainfield"; `Getränkedose` "beverage can"; `Ballverlust` "turnover"; `Dekret` "decree/executive order"; `Handbremse` "…/parking brake"; `Betreuungsschlüssel` "caregiver ratio"	motorway bridge; railway company; timber; timber market; national football team; woodlouse; amoeba; top-floor flat; ground-floor flat; mincer; roofing felt; dyke association; football training; cornfield/grain field; drinks can; loss of possession; decree; handbrake; carer ratio	grouped — US-only terms or US form sorted ahead of the British one.
nouns	nouns_030	Both spellings in one gloss	english	low	gloss	`Attrappe` "mock-up/mockup"; `Büroklammer` "paper clip/paperclip"; `Falafel` "falafel/felafel"; `Halbwüste` "semi-desert/semidesert"; `Doppeldeckerbus` "double-deck bus/double-decker bus"; `Hühnerstall` "hen house/henhouse"; `Hochstapler` "imposter/impostor"; `Brieffreund` "pen pal/penfriend"; `Filmstar` "film star/movie star"; `Familienfilm` "family film/family movie"; `Blätterteig` "puff paste/puff pastry"; `Hirnrinde` "cortex/cortex of brain"	one British form each — mock-up; paperclip; falafel; semi-desert; double-decker bus; henhouse; impostor; penfriend; film star; family film; puff pastry; cerebral cortex	grouped; house rule is one form only.
nouns	nouns_030	Bub, Buddel, Halbfinal	english	low	gloss	"lad/little boy"; "bottle"; "semi-final (Swiss)"	mark `Bub` as South German/Austrian and `Buddel` as North German colloquial	`Halbfinal` is correctly marked Swiss; the other two are unmarked regionalisms that a learner will take as standard.
nouns	nouns_030	Einkaufstasche, Grashalm, Blasinstrument	cefr	low	cefr	all tagged C1	A2–B1	"shopping bag", "blade of grass", "wind instrument" are elementary vocabulary.
nouns	nouns_031	Individualist	english	high	gloss	`der Individualist / Individualisten / cunning` (A1)	`individualist`	gloss is a completely unrelated word; teaches a flatly wrong translation of a high-frequency-ranked entry.
nouns	nouns_031	Kaulquappe	english	high	gloss	`polliwog/pollywog/porriwiggle`	`tadpole`	the only normal English word is absent; "polliwog/pollywog" are US/dialect and "porriwiggle" is not current English.
nouns	nouns_031	Rechtsakte	word	high	junk	`die Rechtsakte / Rechtsakten / legal act`	`der Rechtsakt / Rechtsakte`	the plural of *der Rechtsakt* entered as a feminine singular lemma; *die Akte* is a different word (file, dossier).
nouns	nouns_031	Kulturschock	plural	high	plural	`Kulturschocke`	`Kulturschocks`	*der Schock* pluralises `Schocks`; `Schocke` is invented.
nouns	nouns_031	Kronjuwel	article	high	article	`der Kronjuwel`	`das Kronjuwel`	standard gender of *Juwel* is neuter; `der Juwel` is a known regional/colloquial variant already listed as a confirmed defect.
nouns	nouns_031	Neunte	plural	high	plural	`der Neunte / Neunten` (adjNoun)	`Neunte`	adjectival noun given the weak `-en` plural instead of the bare citation plural.
nouns	nouns_031	Ortsansässige	plural	high	plural	`der Ortsansässige / Ortsansässigen` (adjNoun)	`Ortsansässige`	same adjectival-noun weak-plural defect.
nouns	nouns_031	Schlafende	plural	high	plural	`der Schlafende / Schlafenden` (adjNoun)	`Schlafende`	same adjectival-noun weak-plural defect.
nouns	nouns_031	Kameraleute	word	high	junk	`die Kameraleute / Kameraleute / camera operators`	lemma should be `der Kameramann` / `die Kamerafrau` (or the entry removed)	plurale tantum entered as a singular headword with a singular article — same class as `die Feuerwehrleute`.
nouns	nouns_031	Kartoffelpuffer	english	medium	gloss	`fried mashed potatoes/fried potato patty/latke`	`potato pancake/potato fritter`	Kartoffelpuffer are made from grated *raw* potato, so "fried mashed potatoes" is factually wrong.
nouns	nouns_031	Induktionskochfeld	english	medium	gloss	`induction cooker`	`induction hob`	*Kochfeld* is the hob/cooktop, not the whole cooker; British term is "hob".
nouns	nouns_031	Kunststofffolie	english	medium	gloss	`plastic foil`	`plastic film/plastic sheeting`	false friend — *Folie* is film/sheeting, "foil" is metal (*Alufolie*).
nouns	nouns_031	Raumfahrer	english	medium	gloss	`spaceman`	`astronaut/space traveller`	"spaceman" is childish/comic-book register for a neutral German term.
nouns	nouns_031	Rollschuh	english	medium	gloss	`roll skate/roller skate/roller-skate`	`roller skate`	"roll skate" is not English and sorts first; two further spelling variants pad the entry.
nouns	nouns_031	Remise	english	medium	gloss	`remise`	`carriage house/coach house/shed`	the German word is simply repeated; "remise" in English means only a fencing riposte.
nouns	nouns_031	Notizblock	english	medium	gloss	`note pad/notebook/sketchbook`	`notepad`	"sketchbook" is *Skizzenblock*, a different object; "notebook" also drags in the laptop sense.
nouns	nouns_031	Kaufmannsladen	english	medium	gloss	`toy shop/pretend shop`	`toy shop set/play shop (children's toy)`	as written it reads as a shop that sells toys, which is *Spielzeugladen*.
nouns	nouns_031	Limo	english	medium	gloss	`soda`	`fizzy drink/lemonade`	US-only term in a British-English app; "soda" also means *Natron* in Britain.
nouns	nouns_031	Mülltüte	english	medium	gloss	`garbage bag`	`bin bag/rubbish bag`	US-only term.
nouns	nouns_031	Penner	english	medium	gloss	`bum`	`tramp/down-and-out (derogatory)`	US-only slang and the derogatory register is unmarked.
nouns	nouns_031	Komplott	article	medium	article	`der Komplott`	`das Komplott`	neuter is the standard gender; masculine is a rare secondary variant and the less useful one to teach.
nouns	nouns_031	Nutella	article	medium	junk	`der Nutella` (—)	remove; if kept, `die/das Nutella`	brand/proper noun, and `der` is the one gender essentially nobody uses.
nouns	nouns_031	Mündel	article	medium	article	`der Mündel`	`das Mündel`	neuter is standard; masculine is legal-jargon only.
nouns	nouns_031	Pflegefachmann	plural	medium	plural	`Pflegefachmänner`	`Pflegefachleute` (official: Pflegefachpersonen)	`-fachmann` compounds pluralise in `-leute`, same defect as `Kaufmann→Kaufmänner`.
nouns	nouns_031	Manga	plural	medium	plural	`der Manga / Manga`	`Mangas`	zero plural is wrong for this loanword.
nouns	nouns_031	Schimpf	plural	medium	plural	`Schimpfe`	`—`	*Schimpf* survives only in the fixed phrase *mit Schimpf und Schande* and has no plural.
nouns	nouns_031	Kinderkleidung	plural	medium	plural	`Kinderkleidungen`	`—`	*Kleidung* is a mass noun; invented plural.
nouns	nouns_031	Oberbekleidung	plural	medium	plural	`Oberbekleidungen`	`—`	mass noun; invented plural.
nouns	nouns_031	Kinderliteratur	plural	medium	plural	`Kinderliteraturen`	`—`	abstract/mass noun; invented plural.
nouns	nouns_031	Religionsgeschichte	plural	medium	plural	`Religionsgeschichten`	`—`	invented plural that additionally reads as "religious stories", a different sense.
nouns	nouns_031	Körperlichkeit	english	medium	gloss	`carnality/corporality/corporeality`	`physicality/bodiliness`	the everyday sense is missing; all three glosses are archaic or theological.
nouns	nouns_031	Interim	english	medium	gloss	`arrangement/interim/meantime`	`interim/interim period`	alphabetical sorting has pushed a vague sense to the front.
nouns	nouns_031	Kopfnote	english	medium	gloss	`top note`	`conduct mark (school report); top note (perfumery)`	the German school sense — a mark for behaviour/effort — is missing entirely.
nouns	nouns_031	Oberbauch	english	medium	gloss	`Oberbäuche / epigastrium`	`upper abdomen`; plural `—`	unnecessarily clinical gloss for a body-part word, and the plural is not used.
nouns	nouns_031	Räuchern	english	medium	gloss	`smoking`	`smoking (of food)/curing`	unqualified "smoking" reads as *Rauchen* (tobacco).
nouns	nouns_031	Nominalised infinitives	word	medium	junk	`das Knacken`, `das Knirschen`, `das Läuten`, `das Raunen`	remove, or keep only if the noun is genuinely lexicalised	corpus-derived nominalised infinitives, the `das Fallen` / `das Waschen` class; they crowd the deck with non-entries.
nouns	nouns_031	Keil	english	medium	gloss	`gore/wedge`	`wedge/gusset`	the obscure tailoring sense "gore" sorts first and pushes the core meaning to second place.
nouns	nouns_031	Marone	english	medium	gloss	`bay bolete/chestnut/sweet chestnut`	`sweet chestnut/chestnut`	the mushroom sense leads by alphabetical accident.
nouns	nouns_031	Radiergummi	english	medium	gloss	`India rubber/eraser/rubber`	`rubber/eraser`	archaic "India rubber" leads; the British everyday word is buried third.
nouns	nouns_031	Nadelöhr	english	medium	gloss	`bottleneck/eye/eye of a needle`	`eye of a needle/bottleneck`	bare "eye" is uninterpretable and the literal sense sorts last.
nouns	nouns_031	Rüssel	english	low	gloss	`proboscis/snout/trunk`	`trunk (elephant)/snout`	the learner sense (elephant's trunk) sorts last behind a technical term.
nouns	nouns_031	Langsamkeit	english	low	gloss	`slackness/slowness/sluggishness`	`slowness`	alphabetical sorting puts a wrong-register word first.
nouns	nouns_031	Ortsangabe	english	low	gloss	`place name/location detail`	`statement of place/location (given)`	"place name" is *Ortsname*, a different word.
nouns	nouns_031	Schriftbild	english	low	gloss	`typeface/writing appearance`	`appearance of the writing/typography`	"typeface" is *Schriftart*.
nouns	nouns_031	US spellings	english	low	gloss	`colonizer` (Kolonialherr), `program` (Kulturmagazin), `fiber` (Muskelfaserriss), `paleontologist` (Paläontologe), `coorganizer` (Mitorganisator), `lasagna` (Lasagne), `life-guard` (Rettungsschwimmer)	coloniser, programme, fibre, palaeontologist, co-organiser, lasagne, lifeguard	app is British English; several entries also mix `-ise`/`-ize` within one gloss.
nouns	nouns_031	Both spellings in one gloss	english	low	gloss	`goiter/goitre` (Kropf), `bench vice/bench vise` (Schraubstock), `press-up/push-up` (Liegestütz), `puree/purée` (Püree), `north-west/northwest` (Nordwest), `jet lag/jet-lag/jetlag` (Jetlag), `Shari'a/sharia/shariah` (Scharia), `Yazidi/Yezidi` (Jeside), `ohm/ohm (unit)` (Ohm)	one form only	forbidden variant-stacking; the Ohm entry repeats itself verbatim.
nouns	nouns_031	US terms ordered first or used alone	english	low	gloss	`curling iron` (Lockenstab), `garbage dump` (Müllhalde), `school cafeteria` (Schulmensa), `test anxiety` (Prüfungsangst), `track-and-field athlete` (Leichtathlet), `all-around` (Mehrkampf), `lumbermill/sawmill` (Sägewerk), `rocker/rocking chair` (Schaukelstuhl), `can/tin` (Konservendose), `titmouse` (Meise), `real estate boom` (Immobilienboom), `name tag` (Namensschild), `cash register` (Ladenkasse), `immersion blender` (Pürierstab), `coleslaw/slaw` (Krautsalat), `punching bag` (Sandsack), `coast guard` (Küstenwache)	curling tongs, rubbish tip, school canteen, exam nerves, athletics athlete, all-round event, sawmill, rocking chair, tin/can, tit, property boom, name badge, till, hand blender, coleslaw, punchbag, coastguard	British equivalents should lead or replace the US form.
nouns	nouns_031	Non-English / coined glosses	english	low	gloss	`porriwiggle` (Kaulquappe, see above), `pizzaiolo/pizzamaker` (Pizzabäcker), `podologist` (Podologe), `coproprietor` (Miteigentümer), `coffeemill` (Kaffeemühle), `mouthorgan` (Mundharmonika), `horserider` (Reiterin), `horselover` (Pferdefreund), `test glass` (Reagenzglas), `floweret` (Röschen)	pizza maker, podiatrist, co-proprietor, coffee mill, mouth organ, horse rider, horse lover, test tube, floret	run-together or invented forms that are not standard English.
nouns	nouns_031	Invented plurals on mass/abstract nouns	plural	low	plural	`Ideenaustausche`, `Integralrechnungen`, `Islamisierungen`, `Kompostierungen`, `Krisenbewältigungen`, `Kurzatmigkeiten`, `Landschaftsmalereien`, `Lebensmittelversorgungen`, `Lichtverschmutzungen`, `Magensäuren`, `Möbelindustrien`, `Nachtarbeiten`, `Pornografien`, `Rassentrennungen`, `Raumnöte`, `Repräsentativitäten`, `Resozialisierungen`, `Sauerstoffsättigungen`, `Schädlingsbefälle`, `Kartoffelbreie`, `Kartoffelpürees`, `Pirschen`	`—` for all	abstract or mass nouns given a mechanically formed plural.
nouns	nouns_031	Letten	word	low	junk	`der Letten / Letten / loam/clay`	likely a mis-lemmatised plural of `der Lette` (Latvian)	the clay sense is a genuine but very rare word; the shape strongly suggests corpus contamination from the nationality plural.
nouns	nouns_031	Nationalelf	plural	low	plural	`Nationalelfen`	`—` (or avoid; collides with *Elfen* "elves")	the plural of *die Elf* is technically `Elfen` but is never used of national teams and reads as "elves".
nouns	nouns_031	Präsens	plural	low	plural	`Präsentia`	`—` (grammar term, no practical plural)	a Latinate plural of debatable currency on a grammar-metalanguage entry.
nouns	nouns_031	Kostümbildner	english	low	gloss	`costume artist`	`costume designer`	standard industry term.
nouns	nouns_031	Lernschwäche	english	low	gloss	`learning disability/learning disorder`	`learning difficulty`	*Lernschwäche* is milder than "disability", which in Britain implies a formal diagnosis.
nouns	nouns_031	Kränkung	english	low	gloss	`slight`	`insult/affront/hurt feelings`	"slight" alone is too narrow and easily misread as the adjective.
nouns	nouns_031	Schachzug	english	low	gloss	`move`	`chess move; (figurative) manoeuvre/gambit`	bare "move" loses both the chess anchor and the common figurative use.
nouns	nouns_031	Schreckgespenst	english	low	gloss	`bogey`	`spectre/bugbear/nightmare scenario`	"bogey" is ambiguous (golf, nasal) and misses the figurative political use.
nouns	nouns_031	Musikleben	english	low	gloss	`music life`	`musical life`	ungrammatical compounding.
nouns	nouns_031	Personenbeschreibung	english	low	gloss	`person description`	`description of a person`	ungrammatical compounding.
nouns	nouns_031	Industriegebäude	english	low	gloss	`industrial building/industry building`	`industrial building`	second variant is not English.
nouns	nouns_031	Philister	english	low	gloss	`Philistines/philistine`	`philistine; (biblical) Philistine`	a plural, capitalised form leads a singular lemma.
nouns	nouns_031	Rosenkohl	english	low	gloss	`Brussels sprout`	`Brussels sprouts`	the German is a mass noun; the singular English form misleads.
nouns	nouns_031	Rippchen	english	low	gloss	`spareribs`	`cured pork rib`	plural gloss on a singular lemma, and *Rippchen* are cured, not barbecue spareribs.
nouns	nouns_031	Priesterin	english	low	gloss	`churchwoman/priestess`	`priest (female)/priestess`	"churchwoman" leads by alphabetical accident and means something else.
nouns	nouns_031	Kosmetiker	english	low	gloss	`cosmetician`	`beautician`	"cosmetician" is rare in British English.
nouns	nouns_031	Pumps	english	low	gloss	`pump shoe`	`court shoe (BrE)/pumps`	"pump shoe" is not an English term.
nouns	nouns_031	Landzunge	english	low	gloss	`headland`	`spit (of land)/promontory`	*Landzunge* is specifically a narrow spit, not a headland.
nouns	nouns_031	Schulbegleiter	english	low	gloss	`school aide`	`learning support assistant/teaching assistant`	US-flavoured term with no British currency.
nouns	nouns_031	Kaskoversicherung	english	low	gloss	`collision damage insurance/partially comprehensive insurance`	`comprehensive motor insurance`	Kasko covers the vehicle generally; "collision damage" is the hire-car waiver, a different product.
nouns	nouns_031	Juniorpartner	english	low	gloss	`junior associate`	`junior partner`	"associate" is a distinct and lower rank in British firms.
nouns	nouns_031	Lachmuskel	english	low	gloss	`laugh muscle`	`laughter muscle` (usually plural, *sich die Lachmuskeln strapazieren*)	non-idiomatic compound.
nouns	nouns_031	Instrumentenbauer	english	low	gloss	`instrument builder`	`instrument maker`	"maker" is the standard collocation.
nouns	nouns_031	Ingenieurleistung	english	low	gloss	`engineering services`	`engineering achievement/feat`	plural gloss for a singular lemma, and the usual sense is a feat, not a service offering.
nouns	nouns_031	Leerrohr	english	low	gloss	`empty conduit`	`conduit/ducting`	"empty" is a literal calque; a conduit is empty by definition.
nouns	nouns_031	Lichtkegel	english	low	gloss	`light cone`	`beam of light/cone of light`	"light cone" is physics jargon for a different concept.
nouns	nouns_031	Lautstärkeregler	english	low	gloss	`volume controller`	`volume control/volume knob`	"controller" suggests a separate device.
nouns	nouns_031	Kochbox	english	low	gloss	`cooking box/meal kit`	`meal kit/recipe box`	the calque leads.
nouns	nouns_031	Mucke	english	low	gloss	`die Mucke / Mucken / music (slang)`	plural `—`; also note *Mucken* is the plural of a different word (whims/quirks)	the given plural belongs to another lexeme.
nouns	nouns_031	Kirchenvater	english	low	gloss	`Christian Fathers/Church Fathers/Early Church Fathers`	`Church Father`	three plural glosses on a singular lemma.
nouns	nouns_032	adjNoun plurals carry the weak `-en` ending	plural	high	plural	`Süchtigen`, `Vermögenden`, `Verrückten`, `Verwaltungsangestellten`, `Verwaltungsbeamten`, `Auserwählten`, `Allerwertesten`, `Bahnreisenden`	`Süchtige`, `Vermögende`, `Verrückte`, `Verwaltungsangestellte`, `Verwaltungsbeamte`, `Auserwählte`, `Allerwerteste`, `Bahnreisende`	adjectival nouns take the bare citation plural, not the weak declension; all 8 `adjNoun` rows in this batch are wrong.
nouns	nouns_032	American spellings	english	medium	gloss	Schwerstarbeit "hard **labor**"; Sympathisant "sympath**ize**r"; Unterzuckerung "hypoglyc**e**mia"; Achalasie "**e**sophageal achalasia"; Alterserscheinung "sign of **aging**"; Aufwachraum "post-**anes**thesia care unit"	labour, sympathiser, hypoglycaemia, oesophageal, ageing, anaesthesia	app is British English.
nouns	nouns_032	American terms used, or ordered before the British equivalent	english	medium	gloss	Serpentine "switchback"; Spülkasten "toilet tank"; Straßenbahnhaltestelle "**streetcar stop**/tram stop"; Terrassenwohnung "terrace **apartment**"; Unrat "**trash**/waste"; Abenteuerurlaub "adventure holiday/adventure **vacation**"; Autowerkstatt "**auto repair shop**/garage"; Bekleidungsgeschäft "clothing **store**"; Zugpferd "**draft** horse/draught horse"; Assistenzärztin "assistant doctor/**resident**"; Sechstklässler "**sixth-grader**/year-six pupil"; Tieflader "…/**lowboy**"	hairpin bend; cistern; tram stop; terrace flat; rubbish/refuse; drop "vacation"; garage; clothes shop; draught horse only; junior doctor/registrar; Year 6 pupil; drop "lowboy"	British learner app; `Zugpferd` also breaks the "never both spellings in one gloss" rule.
nouns	nouns_032	Feminine agent nouns glossed with the bare masculine English	english	low	gloss	Seglerin "sailor"; Standesbeamtin "registrar"; Teamleiterin "team leader"; Afrikanerin "African"	mark as female, as the batch does elsewhere ("forest owner (female)", "outsider (female)")	inconsistent within the same batch; learner cannot tell the form is feminine.
nouns	nouns_032	Nominalised infinitives entered as headwords	word	medium	junk	`das Stromsparen`, `das Verbreiten`, `das Zugfahren`, `das Zwitschern`, `das Abfließen`, `das Abseilen`, `das Wassern`	remove; the real lemmas are the verbs (`Strom sparen`, `verbreiten` → `die Verbreitung`, `abfließen`, `zwitschern`)	corpus junk, not dictionary entries; `das Wassern` additionally glossed "splashdown", which is the spacecraft term (Wassern = ditching/alighting on water).
nouns	nouns_032	Invented plurals on mass/abstract nouns	plural	medium	plural	Selbstbehauptungen, Sicherungsverwahrungen, Stammkundschaften, Stromgewinnungen, Sturheiten, Suffizienzen, Tagesbedarfe, Terrorismusbekämpfungen, Thronfolgen, Toxizitäten, Treffsicherheiten, Überheblichkeiten, Unerfahrenheiten, Unfallfluchten, Vergangenheitsbewältigungen, Wahrhaftigkeiten, Wochenmitten, Zahnerhaltungen, Zellulosen, Zerstörungskräfte, Zuströme, Adoleszenzen, Anarchien, Apathien, Astrofotografien, Allgemeinbevölkerungen, Abfallrechte, Abfalltrennungen, Abfallverbringungen, Aufnahmefähigkeiten, Beliebigkeiten, Berechenbarkeiten	`—` for all	abstract/mass nouns with no attested plural (same class as `Beginn→Beginne`).
nouns	nouns_032	Silberschmuck	plural	high	plural	Silberschmucke	—	`Schmuck` is a mass noun with no plural.
nouns	nouns_032	Sterberisiko	plural	high	plural	Sterberisikos	Sterberisiken	`Risiko` pluralises `Risiken` — the batch itself gets this right at `Ansteckungsrisiko`.
nouns	nouns_032	Verkehrspolizei	plural	high	plural	Verkehrspolizeien	—	`Polizei` has no plural.
nouns	nouns_032	Babykleidung	plural	high	plural	Babykleidungen	—	`Kleidung` is a mass noun; A2 word, so the error is highly visible.
nouns	nouns_032	Zimmermann	plural	high	plural	Zimmermänner	Zimmerleute	`-mann` occupational nouns take `-leute` (cf. Kaufleute).
nouns	nouns_032	Wirrwarr	plural	high	plural	Wirrwarre	—	singulare tantum; no plural exists.
nouns	nouns_032	Anziehsachen	article	high	article	das Anziehsachen / plural Anziehsachen	die Anziehsachen (plurale tantum)	a plural-only noun given a neuter singular article.
nouns	nouns_032	Tape	article	high	article	der Tape	das Tape	loanword gender wrong.
nouns	nouns_032	Wiesengrund	english	high	gloss	meadow basis	meadowland / meadow valley	morpheme-mangled compound — `Grund` here is "ground/valley bottom", not "basis".
nouns	nouns_032	Souterrain	article	medium	article	der Souterrain / "souterrain"	das Souterrain / "basement flat, lower ground floor"	wrong gender, and the gloss is the untranslated loanword (English "souterrain" means a prehistoric underground passage).
nouns	nouns_032	Tatar	article	medium	junk	der Tatar, pl. Tataren, "Tatar/steak tartare"	split — `der Tatar, -en` (Tatar person) vs `das Tatar, —` (steak tartare)	two lexemes with different genders and plurals merged into one entry.
nouns	nouns_032	Skisport	plural	medium	plural	Skisporte	—	mass noun.
nouns	nouns_032	Staatsrecht	plural	medium	plural	Staatsrechte	—	mass noun (a field of law); `Staatsrechte` would mean "rights of the state".
nouns	nouns_032	Sondereigentum	plural	medium	plural	Sondereigentume	—	`Eigentum` in this legal sense is not counted.
nouns	nouns_032	Askese	plural	medium	plural	Askesen	—	mass noun.
nouns	nouns_032	Adware	plural	medium	plural	Adwares	—	same class as `Software→Softwares`.
nouns	nouns_032	Anis	plural	medium	plural	Anise	—	spice/mass noun; the form also coincides with the English plural, suggesting a machine artefact.
nouns	nouns_032	Zahnpaste	word	medium	junk	die Zahnpaste	die Zahnpasta (pl. Zahnpasten)	variant headword duplicating the live standard word.
nouns	nouns_032	Ziffernblatt	word	medium	junk	das Ziffernblatt	das Zifferblatt	misspelled headword (no linking `-n-`).
nouns	nouns_032	Veste	word	medium	junk	die Veste "fortress (poetic)"	remove; live word is `die Feste`/`die Festung`	archaic variant duplicating a live lemma.
nouns	nouns_032	Wasen	word	low	junk	der Wasen "turf/sod"	remove or mark as regional (Swabian)	dialect word presented as standard.
nouns	nouns_032	Alert	word	low	junk	der Alert "alert"	remove	marginal English loan, not an established German headword; gender also doubtful.
nouns	nouns_032	Walker	english	medium	gloss	walker	Nordic walker / (textile) fuller	circular non-translation; the bare English word does not convey either German sense.
nouns	nouns_032	Alimentation	english	medium	gloss	alimentation	maintenance payments / support (of civil servants)	false friend — English "alimentation" means nourishment.
nouns	nouns_032	Suchauftrag	english	medium	gloss	search application	search request / search query	`Auftrag` mis-rendered as "application".
nouns	nouns_032	Spielaufbau	english	medium	gloss	game structure	build-up play (football)	the actual (sporting) sense is missing.
nouns	nouns_032	Urabstimmung	english	medium	gloss	secret ballot/strike ballot	strike ballot (union membership vote)	"secret ballot" (= geheime Abstimmung) is wrong and leads.
nouns	nouns_032	Ultra	english	medium	gloss	extremist	ultra (hardcore football fan)	the everyday German sense is the football one; "extremist" misleads.
nouns	nouns_032	Zivil	english	medium	gloss	civil life/civil status/civilian	plain clothes / civilian clothes ("in Zivil")	the actual noun sense is absent.
nouns	nouns_032	Backe	english	medium	gloss	buttock/cheek/cheek piece	cheek (face) first	alphabetical sorting has displaced the primary sense; C1-tagged but it is an everyday body-part word.
nouns	nouns_032	Barsch	english	medium	gloss	bass/perch	perch	`Barsch` is perch; bass is `Wolfsbarsch/Seebarsch`.
nouns	nouns_032	Bachforelle	english	medium	gloss	brook trout/brown trout/river trout	brown trout	"brook trout" is a different species (`Bachsaibling`).
nouns	nouns_032	Abenddämmerung	english	medium	gloss	crepuscule/dusk/twilight	dusk/twilight	obscure Latinate form sorted first.
nouns	nouns_032	Abgesang	english	medium	gloss	Abgesang/end/swan song	swan song / final chapter	gloss leaks the German lemma as its first item.
nouns	nouns_032	Ballermann	english	medium	gloss	Ballermann/Mallorca party area	(place name) Mallorca party strip	gloss leaks the German lemma; entry is essentially a proper noun.
nouns	nouns_032	Überraschungsei	english	medium	gloss	Kinder Egg/Kinder Surprise	surprise egg (chocolate egg with a toy inside)	brand names used as a translation.
nouns	nouns_032	Sommernachtstraum	english	medium	junk	A Midsummer Night's Dream	midsummer night's dream (or remove — play title)	glossed as a Shakespeare title; effectively a proper noun.
nouns	nouns_032	Telegramm	english	medium	gloss	dispatch/telegram/telegramme	telegram	"telegramme" is not an English word.
nouns	nouns_032	Auslöschung	english	medium	gloss	erasement/extermination/extinction	erasure/annihilation/extinction	"erasement" is a non-word and leads.
nouns	nouns_032	Wunschdenken	english	medium	gloss	wish-thinking/wishful thinking/wishthinking	wishful thinking	two of the three forms are non-words.
nouns	nouns_032	Unterleib	english	medium	gloss	abdomen/alvus	abdomen / lower abdomen	"alvus" is Latin, not English; plural `Unterleiber` is also dubious.
nouns	nouns_032	Totschlagargument	english	medium	gloss	deathblow argument/killer phrase/knockdown argument	knock-down argument / conversation-stopper	"deathblow argument" is a calque, not English.
nouns	nouns_032	Trapez	english	medium	gloss	trapeze/trapezium/trapezoid	trapeze (circus) / trapezium (geometry)	"trapezoid" is the US term and means the opposite shape in BrE — both cannot stand together.
nouns	nouns_032	Trübung	english	medium	gloss	clouding/straining/turbidity	clouding/turbidity/dimming	"straining" is a wrong derivation.
nouns	nouns_032	Unlust	english	medium	gloss	aversion	listlessness / reluctance / lack of enthusiasm	"aversion" is `Abneigung`; the given gloss misses the core sense.
nouns	nouns_032	Spiritus	plural	medium	plural	pl. Spiritus, "alcohol/spirit"	pl. Spiritusse (or —), "methylated spirits, surgical spirit"	plural form wrong and the gloss is too vague to identify the substance.
nouns	nouns_032	Agrarminister	english	medium	gloss	secretary of agriculture	agriculture minister	US office title for a German ministerial post.
nouns	nouns_032	Strickjacke	english	medium	gloss	cardigan/gilet	cardigan	a gilet is sleeveless — wrong garment.
nouns	nouns_032	Volksgemeinschaft	english	low	gloss	national community	add register marker — "(Nazi-era) national/ethnic community"	heavily NS-loaded term presented as neutral vocabulary.
nouns	nouns_032	Selbstkritik	english	low	gloss	auto-critique/self-criticism	self-criticism	"auto-critique" is a calque and sorts first.
nouns	nouns_032	Selbstüberschätzung	english	low	gloss	hubris/hybris/overconfidence	overconfidence/hubris	"hybris" is the German/Greek form, not English.
nouns	nouns_032	Sichel	english	low	gloss	crescent/sickle	sickle/crescent	the tool sense is primary.
nouns	nouns_032	Speiseöl	english	low	gloss	cooking oil/edible oil/nutritional oil	cooking oil/edible oil	"nutritional oil" is not English.
nouns	nouns_032	Spielerfahrung	english	low	gloss	game experience	playing experience	"game experience" reads as UX, not a player's experience.
nouns	nouns_032	Spitzel	english	low	gloss	spy	informer / police informant	a `Spitzel` informs, he is not a `Spion`.
nouns	nouns_032	Spüler	english	low	gloss	dishwasher/flusher	dishwasher (machine) / kitchen porter	"flusher" is not used this way in English.
nouns	nouns_032	Stehtisch	english	low	gloss	cocktail table/stand/standing table	standing table / high table / poseur table	"cocktail table" is US for a low coffee table.
nouns	nouns_032	Steiger	english	low	gloss	deputy/foreman/pit foreman	pit foreman (mining)	obscure sense sorted first.
nouns	nouns_032	Stoßdämpfer	english	low	gloss	damper/shock absorber	shock absorber	ordering.
nouns	nouns_032	Stichelei	english	low	gloss	jab	dig / snide remark / taunt	"jab" alone is ambiguous (injection/punch).
nouns	nouns_032	Teddybär	english	low	gloss	teddy bear/teddy-bear/teddybear	teddy bear	three spellings of one word.
nouns	nouns_032	Überschlag	english	low	gloss	flashover/rough calculation/somersault	rough calculation/somersault/flashover	technical sense sorted first.
nouns	nouns_032	Unternehmerschaft	english	low	gloss	entrepreneurship/business community	business community / employers collectively	"entrepreneurship" is `Unternehmertum`.
nouns	nouns_032	Ursprünglichkeit	english	low	gloss	originality/authenticity	unspoiltness / naturalness / authenticity	"originality" (= Originalität) misleads.
nouns	nouns_032	Verzeihung	english	low	gloss	excuse me/pardon	forgiveness, pardon (also as interjection "excuse me")	only the interjection use is given for a noun entry.
nouns	nouns_032	Völkerbund	word	low	junk	der Völkerbund "League of Nations"	—	proper noun (historical institution).
nouns	nouns_032	Andreaskirche	word	low	junk	die Andreaskirche "St Andrew's Church"	—	proper noun.
nouns	nouns_032	Aschenbrödel	word	low	junk	das Aschenbrödel "Cinderella"	keep only if the generic "drudge/skivvy" sense is added	otherwise a fairy-tale proper noun.
nouns	nouns_032	Vorbereitungsspiel	english	low	gloss	preparation game	warm-up match / friendly	literal calque.
nouns	nouns_032	Vorleben	english	low	gloss	previous life	past / previous history / background	"previous life" suggests reincarnation.
nouns	nouns_032	Wachdienst	english	low	gloss	guard service/security firm/sentry	guard duty / security firm	"sentry" is a person (`Wachposten`), not a service.
nouns	nouns_032	Wachmann	plural	low	plural	Wachmänner	Wachleute (Wachmänner regional/Austrian)	`-leute` is the standard plural for this occupational noun.
nouns	nouns_032	Waliser	english	low	gloss	Welsh/Welshman	Welshman	adjective leads a noun entry (cf. the `Engländer` defect).
nouns	nouns_032	Weißwurst	english	low	gloss	weisswurst	white sausage (Bavarian veal sausage)	untranslated German word as gloss.
nouns	nouns_032	Weltrang	english	low	gloss	world ranking	world class / international standing	"world ranking" is `Weltrangliste`.
nouns	nouns_032	Zisterzienser	english	low	gloss	Cistercians	Cistercian (monk)	plural gloss on a singular headword.
nouns	nouns_032	Zungenschlag	english	low	gloss	tongue click/accent	tone/undertone; slip of the tongue	"tongue click" is `Schnalzlaut`.
nouns	nouns_032	Zwangsstörung	english	low	gloss	OCD/obsessive-compulsive disorder	obsessive-compulsive disorder (OCD)	abbreviation sorted before the full term.
nouns	nouns_032	Zeitlimit	plural	low	plural	Zeitlimite	Zeitlimits	`Limite` is the Swiss form; standard plural of `Limit` is `Limits`.
nouns	nouns_032	Alleinerbe	english	low	gloss	residuary legatee/sole heir/universal successor	sole heir	obscure legal terms sorted first.
nouns	nouns_032	Anlasser	english	low	gloss	cranking motor/starter/starting motor	starter motor	obscure form leads.
nouns	nouns_032	Arrest	english	low	gloss	attachment/confinement/detention	detention (also legal attachment)	rare legal sense sorted first.
nouns	nouns_032	Aussichtslosigkeit	english	low	gloss	desperation/hopelessness	hopelessness / futility	"desperation" is `Verzweiflung`.
nouns	nouns_032	Balz	english	low	gloss	mating/mating foreplay/mating season	courtship display (of birds) / mating season	"mating foreplay" is not English usage.
nouns	nouns_032	Befreiungsschlag	english	low	gloss	liberating blow	clearance (football); decisive move to break free	calque; neither real sense is given.
nouns	nouns_032	Bekennerschreiben	english	low	gloss	avowal letter/claim of responsibility/letter claiming responsibility	letter claiming responsibility	"avowal letter" is not English and leads.
nouns	nouns_033	Erbbauzins	article	high	article	das Erbbauzins	der Erbbauzins	head noun `der Zins` is masculine; no neuter variant exists.
nouns	nouns_033	Furnier	article	high	article	die Furnier / Furniere	das Furnier	standard gender is neuter (das Furnier, die Furniere).
nouns	nouns_033	Cornflakes	article	high	article	das Cornflakes	die Cornflakes (plurale tantum)	plural-only loanword given a neuter singular article — defect class 1.
nouns	nouns_033	Dodekaeder	article	medium	article	der Dodekaeder	das Dodekaeder	geometric solids in -eder are neuter (das Tetraeder, das Oktaeder).
nouns	nouns_033	Großtrappe	article	medium	article	der Großtrappe / Großtrappen	die Großtrappe / Großtrappen	the bird is feminine (die Großtrappe, Otis tarda).
nouns	nouns_033	Holzhackschnitzel	article	medium	article	der Holzhackschnitzel, gloss "woodchips"	das Holzhackschnitzel, gloss "wood chip"	-schnitzel is neuter (cf. confirmed `der Schnitzel` error); gloss is plural for a singular lemma.
nouns	nouns_033	Brezen	article	medium	article	der Brezen	die Brezen	Duden gives the Bavarian/Austrian form as feminine.
nouns	nouns_033	Elbe	plural	high	plural	die Elbe / Elben / "Elbe"	no plural (`—`); ideally drop the entry — it is a river name	"Elben" is the plural of *Elb/Elbe* = **elves**, a different lexeme entirely.
nouns	nouns_033	Genua	plural	medium	gloss	die Genua / Genuas / "Genoa"	either das Genua (city, no plural) or gloss "genoa (foresail)"	article+plural fit the sail sense; the gloss gives the Italian city, which is neuter and pluralless.
nouns	nouns_033	Einzahl	plural	medium	plural	Einzahlen	—	grammatical category, no plural; "Einzahlen" reads as the verb *einzahlen*.
nouns	nouns_033	Besonnenheit	plural	medium	plural	Besonnenheiten	—	abstract quality, no plural in use.
nouns	nouns_033	Bewölkung	plural	medium	plural	Bewölkungen	—	mass/meteorological noun.
nouns	nouns_033	Bodenfeuchte	plural	medium	plural	Bodenfeuchten	—	mass noun (measurable quantity), invented plural.
nouns	nouns_033	Bruchrechnung	plural	medium	plural	Bruchrechnungen; gloss "fractions"	— ; gloss "fraction arithmetic"	name of a school subject/skill, no plural.
nouns	nouns_033	Chuzpe	plural	medium	plural	Chuzpen; gloss "chutzpah/hutzpah"	— ; gloss "chutzpah"	abstract noun with no plural; "hutzpah" is a stray variant spelling.
nouns	nouns_033	Diebesgut	plural	medium	plural	Diebesgüter	—	collective mass noun ("stolen goods"), no plural.
nouns	nouns_033	Dinkelmehl	plural	medium	plural	Dinkelmehle	—	substance noun.
nouns	nouns_033	Drogenmissbrauch	plural	medium	plural	Drogenmissbräuche	—	abstract mass noun.
nouns	nouns_033	Faulheit	plural	medium	plural	Faulheiten	—	abstract quality, no plural.
nouns	nouns_033	Forschungsliteratur	plural	medium	plural	Forschungsliteraturen	—	*Literatur* in this sense is a mass noun.
nouns	nouns_033	Frühlingsbeginn	plural	medium	plural	Frühlingsbeginne	—	canonical `Beginn→Beginne` invented plural.
nouns	nouns_033	Herbstbeginn	plural	medium	plural	Herbstbeginne	—	same `Beginn→Beginne` invention.
nouns	nouns_033	Braun	plural	low	plural	Braun	—	colour noun; a plural is not used.
nouns	nouns_033	Diskussionsbedarf	plural	low	plural	Diskussionsbedarfe	—	*Bedarf* is a mass noun; "Bedarfe" is bureaucratic jargon only.
nouns	nouns_033	Drogenpolitik / Friedenspolitik	plural	low	plural	Drogenpolitiken / Friedenspolitiken	— for both	*-politik* compounds do not pluralise in normal usage.
nouns	nouns_033	Entnazifizierung	plural	low	plural	Entnazifizierungen	—	unique historical process.
nouns	nouns_033	Erdrotation	plural	low	plural	Erdrotationen	—	single physical phenomenon.
nouns	nouns_033	Fettleber	plural	low	plural	Fettlebern	—	disease-state noun, no plural.
nouns	nouns_033	Funkenflug	plural	low	plural	Funkenflüge	—	mass phenomenon.
nouns	nouns_033	Glasindustrie / Histologie / Eutrophierung	plural	low	plural	Glasindustrien / Histologien / Eutrophierungen	— for all three	industry, discipline and process names; plurals are inventions.
nouns	nouns_033	Depressive	plural	medium	plural	Depressiven — correct: Depressive	Depressive	
nouns	nouns_033	Einjährige	plural	medium	plural	Einjährigen — correct: Einjährige	Einjährige	
nouns	nouns_033	Erstgeborene	plural	medium	plural	Erstgeborenen — correct: Erstgeborene	Erstgeborene	
nouns	nouns_033	Fromme	plural	medium	plural	Frommen — correct: Fromme	Fromme	
nouns	nouns_033	Gerettete	plural	medium	plural	Geretteten — correct: Gerettete	Gerettete	
nouns	nouns_033	Gesuchte	plural	medium	plural	Gesuchten — correct: Gesuchte	Gesuchte	
nouns	nouns_033	Hartgesottene	plural	medium	plural	Hartgesottenen — correct: Hartgesottene	Hartgesottene	
nouns	nouns_033	Gelbe	plural	medium	plural	das Gelbe / Gelben / "the yellow/yellow card"	plural "Gelbe"; gloss "the yellow part (das Gelbe vom Ei)" — the yellow card is *die Gelbe*	weak plural plus two different lexemes conflated under one gender.
nouns	nouns_033	Herrenmode	english	high	gloss	"Lord fashion" (A1)	"men's fashion"	morpheme-mangled compound — *Herren-* rendered as "Lord". Flatly wrong, and tagged A1.
nouns	nouns_033	Charm	word	medium	junk	der Charm / "charm"	der Charme	"Charm" is not a German spelling; the live lemma is *Charme*.
nouns	nouns_033	Dummie	word	medium	junk	der Dummie / Dummies	der Dummy / Dummys	misspelt headword.
nouns	nouns_033	Bob	english	medium	gloss	"bob"	"bobsleigh"	the gloss just repeats the German form; a learner gets no meaning (and "bob" in English is a haircut/coin).
nouns	nouns_033	Empire	english	medium	gloss	das Empire / "empire"	"Empire style (period/furniture)"; "empire" in general = *das Reich/Imperium*	false-friend gloss — *das Empire* in German is the art-historical period, not "an empire".
nouns	nouns_033	Gedankenexperiment	english	medium	gloss	"gedanken experiment/Gedankenexperiment"	"thought experiment"	gloss leaks the German lemma and offers no English equivalent.
nouns	nouns_033	Durchzug	english	medium	gloss	"draft"	"draught"	British English uses *draught* for a current of air; "draft" is the US spelling and in BrE means conscription/a first version.
nouns	nouns_033	Hagelkorn	english	medium	gloss	"chalazion/hailstone"	"hailstone/chalazion"	obscure ophthalmological sense placed first (alphabetical artefact) — defect class 3.
nouns	nouns_033	Häuptling	english	medium	gloss	"bigwig/boss/chief"	"chief (tribal leader)"	the core sense is buried third behind a colloquial one.
nouns	nouns_033	Grußformel	english	medium	gloss	"complimentary close/greeting/valediction" (A1)	"greeting/form of address (in a letter)"	at A1 the learner is shown a technical letter-writing term first.
nouns	nouns_033	Brandmeister	english	medium	gloss	"chief fireman/fire chief"	"fire officer / station officer (German fire-service rank)"	Brandmeister is a mid-level rank, not the chief; "fireman" also dated (→firefighter).
nouns	nouns_033	Brandherd	english	medium	gloss	"fire/flashpoint/hot spot"	"seat of the fire/source of the fire"	the literal, everyday sense is missing; "fire" alone is *das Feuer*.
nouns	nouns_033	Bodennähe	english	medium	gloss	"close to the ground"	"proximity to the ground / ground level"	gloss is an adjectival phrase, not a noun.
nouns	nouns_033	Distanzierung	english	medium	gloss	"disassociation/dissociation"	"distancing (oneself)/dissociation"	the ordinary political/social sense is absent.
nouns	nouns_033	Fernsehstudio	english	medium	gloss	"telestudio/television studio"	"television studio"	"telestudio" is not an English word and leads the gloss — defect class 6.
nouns	nouns_033	Gähnen	english	medium	gloss	"gape/hiation/yawn"	"yawn/yawning"	"hiation" is a non-word; the core sense sorts last.
nouns	nouns_033	Heute	word	medium	junk	das Heute / — / "today"	drop (adverb *heute*)	nominalised adverb, corpus junk — not a usable dictionary noun.
nouns	nouns_033	Bierbrauen	word	medium	junk	das Bierbrauen / — / "beer brewing"	drop (or use *das Brauen* / *die Bierbrauerei*)	nominalised infinitive, defect class 7 (unlike *das Fechten*, this one is not lexicalised).
nouns	nouns_033	Gegenpartei	english	low	gloss	"counterparty"	"opposing party/other side"	finance jargon given for a general legal/everyday word.
nouns	nouns_033	Gratifikation	english	low	gloss	"bonus/bonus payment/gratification"	"bonus/bonus payment"	"gratification" is a false friend and does not translate the German.
nouns	nouns_033	Goldgräber	english	low	gloss	"gold digger"	"gold prospector"	English "gold digger" now overwhelmingly means someone after another's money — a trap.
nouns	nouns_033	Hangar	english	low	gloss	"airdock/hangar/repair shed"	"hangar"	two junk fillers ahead of the real word.
nouns	nouns_033	Beschleuniger	english	low	gloss	"accelerant/accelerator/activator"	"accelerator/accelerant"	"accelerant" is the arson-specific sense and leads.
nouns	nouns_033	Blender	english	low	gloss	"imposter/impostor/show-off"	"impostor/fraud/show-off"	two spellings of the same word in one gloss (brief forbids this).
nouns	nouns_033	Cut / Cutter	english	low	gloss	"cut/cutaway/morning coat" · "cutter/editor"	"morning coat" · "film editor"	both lead with the bare English lookalike rather than the German meaning.
nouns	nouns_033	Drilling	english	low	gloss	"treble/triplet"	"triplet"	obscure hunting/gun sense first.
nouns	nouns_033	Endmoräne	english	low	gloss	"border moraine/end moraine/stadial moraine"	"terminal moraine"	the standard English term is absent.
nouns	nouns_033	Expansionskurs	english	low	gloss	"expansion course/expansion policy"	"expansionist course/policy of expansion"	"expansion course" is a part-by-part mistranslation of *Kurs*.
nouns	nouns_033	Felsenkeller	english	low	gloss	"rock basement"	"rock cellar (cellar cut into rock)"	literal morpheme rendering.
nouns	nouns_033	Fischerdörfchen	english	low	gloss	"fisher hamlet"	"little fishing village"	"fisher hamlet" is not idiomatic English.
nouns	nouns_033	Flusskrebs / Flusspferd	english	low	gloss	"European crayfish/broad-fingered crayfish/crayfish" · "hippo/hippopotamus/river horse"	"crayfish" · "hippopotamus/hippo"	technical variant leads in one; "river horse" is a calque, not English, in the other.
nouns	nouns_033	Filzhut	english	low	gloss	"fedora/felt hat"	"felt hat"	a specific hat style placed before the generic term.
nouns	nouns_033	Gymnasiastin	english	low	gloss	"grammar pupil/grammar school pupil/high school student"	"grammar-school pupil (female)"	"grammar pupil" is a non-phrase; "high school student" is US.
nouns	nouns_033	Heizstrahler	english	low	gloss	"patio heater"	"radiant heater"	over-specific; a patio heater is a *Terrassenheizstrahler*.
nouns	nouns_033	Haudegen	english	low	gloss	"warhorse"	"old campaigner/swashbuckler"	obscure idiom given as the only gloss.
nouns	nouns_033	Bruchstelle	english	low	gloss	"breaking point"	"break/fracture point (where something broke)"	"breaking point" is the figurative *Belastungsgrenze*.
nouns	nouns_033	Grenzfall	english	low	gloss	"edge case"	"borderline case"	software jargon for a general word.
nouns	nouns_033	Gleichstand	english	low	gloss	"tie"	"draw/level scores"	US sports term; British English says *draw*.
nouns	nouns_033	Heuschreckenart	english	low	gloss	"locust species"	"grasshopper species"	*Heuschrecke* is the general grasshopper; locust is *Wanderheuschrecke*.
nouns	nouns_033	Fernsehbildschirm / Firmeninhaber / Binnengewässer	english	low	gloss	"screen" · "owner" · "inland waters"	"television screen" · "company owner/proprietor" · "inland body of water"	the compound's first element is dropped from the gloss (or singular/plural mismatch).
nouns	nouns_033	Gepäckband	english	low	gloss	"automatic baggage conveyer/automatic baggage conveyor/baggage belt"	"baggage carousel/baggage belt"	same word spelt two ways; the everyday British term is missing.
nouns	nouns_033	Gesinde	english	low	gloss	"hands/servants"	"servants/household staff (historical)"	ambiguous "hands" leads; register (archaic) unmarked.
nouns	nouns_033	Frauenarbeit	english	medium	gloss	"womens' work"	"women's work"	misplaced apostrophe — visible typo in a learner-facing gloss.
nouns	nouns_033	Dachgeschoß	word	low	junk	das Dachgeschoß / Dachgeschosse	das Dachgeschoss / Dachgeschosse	Austrian ß-spelling as headword but reformed ss-spelling in the plural — internally inconsistent.
nouns	nouns_033	Binnenalster	word	medium	junk	die Binnenalster / — / "Inner Alster"	drop — a specific lake in Hamburg	proper noun, no learner value.
nouns	nouns_033	Elisabethkirche	word	low	junk	die Elisabethkirche / Elisabethkirchen / "St. Elisabeth's Church"	drop	building name, not a lexeme.
nouns	nouns_033	Biedermeier / Bismarckturm / Froschkönig / Guinness / Elbmündung	word	low	junk	entries for a period style, a monument type, a fairy-tale character, a beer brand, a river mouth	drop or mark as proper nouns	proper-noun corpus junk; `das Biedermeier` and `das Guinness` are also glossed with themselves.
nouns	nouns_033	Bib	word	low	junk	die Bib / Bibs / "library (slang)"	drop, or keep only as a usage note under *Bibliothek*	student clipping, marginal as a dictionary headword. (Same for `der Ersti`, `der FSJler`, `die Chia`.)
nouns	nouns_033	Funkeln	word	low	junk	das Funkeln / — / "sparkling/twinkling"	drop, or keep as gerund of *funkeln*	nominalised infinitive; borderline lexicalisation.
nouns	nouns_033	US spellings / US-only terms / both spellings in one gloss	english	low	gloss		`Epizentrum` epicenter → epicentre ·	the app is British English; one form only, British, and no US term ahead of its British equivalent.
nouns	nouns_034	Hörnchen	english	medium	gloss	cone/cornet/croissant	croissant/crescent roll (also: squirrel, in zoology)	the everyday bakery sense is sorted last behind two marginal "little horn" senses.
nouns	nouns_034	Hühnerauge	english	low	gloss	corn	corn (on the foot)	bare "corn" reads as the cereal; the foot sense needs the qualifier.
nouns	nouns_034	Hundeführerschein	english	low	gloss	dog handling license/dog owner license	dog handling licence/dog owner licence	British English uses -ce for the noun (see grouped US-spelling bullet).
nouns	nouns_034	Hungrige	plural	high	plural	Hungrigen	Hungrige	adjectival noun — citation plural is the bare strong form, not the weak -en form.
nouns	nouns_034	Hygienebeauftragte	plural	high	plural	Hygienebeauftragten	Hygienebeauftragte	same adjNoun weak-plural error.
nouns	nouns_034	Identitätsnachweis	english	low	gloss	identity certificate	proof of identity / identity verification	-nachweis is "proof", not "certificate" (that would be -bescheinigung).
nouns	nouns_034	Impulsivität	english	low	gloss	impetuosity	impulsiveness/impulsivity	archaic-leaning choice where the transparent cognate is the normal word.
nouns	nouns_034	Inquisition	plural	low	plural	Inquisitionen	—	used as a historical singular/institution; the plural is not a learner form.
nouns	nouns_034	Isomatte	english	low	gloss	ground pad/roll mat/sleeping mat	roll mat/sleeping mat	"ground pad" is US camping vocabulary and leads the gloss.
nouns	nouns_034	Junggesellenabschied	english	medium	gloss	bachelor party/stag party	stag do/stag party	US term ordered before the British one (alphabetical-sort artefact).
nouns	nouns_034	Kalorienbedarf	plural	medium	plural	Kalorienbedarfe	—	-bedarf is a mass/abstract noun; "Bedarfe" is jargon, not standard.
nouns	nouns_034	Karabiner	english	low	gloss	carabiner/carbine	karabiner (climbing) / carbine (rifle)	"carabiner" is the US spelling; UK climbing usage is "karabiner", and the two senses are unmarked.
nouns	nouns_034	Katz	word	medium	junk	die Katz / Katzen / "cat (in 'für die Katz')"	remove — the live lemma is `die Katze`	idiom-only clipped form entered as a headword; teaches a non-usable citation form.
nouns	nouns_034	Kauz	english	medium	gloss	eccentric/tawny owl/weirdo	owl (small owl, esp. tawny owl); figuratively: odd character	primary literal sense displaced to second place by alphabetical sorting.
nouns	nouns_034	Keksdose	english	medium	gloss	cookie jar	biscuit tin	US-only term; British learners will not recognise "cookie jar" as the target.
nouns	nouns_034	Keramiker	english	low	gloss	ceramist	potter/ceramicist	"ceramist" is a rare variant of the normal British term.
nouns	nouns_034	Kerngehäuse	english	low	gloss	core	core (of an apple/pear)	bare "core" is too generic for a concrete kitchen word.
nouns	nouns_034	Kinderspielzeug	english	low	gloss	child toy / Kinderspielzeuge	children's toys; plural better `—`	ungrammatical English compound; the German is a collective mass noun.
nouns	nouns_034	Kinoprogramm	english	medium	gloss	cinema program/movie listings	cinema programme/film listings	US spelling "program" plus US "movie"; British app requires programme/film.
nouns	nouns_034	Kirchenlied	english	medium	gloss	church song	hymn	literal compound rendering instead of the actual English word.
nouns	nouns_034	Kirchenvolk	plural	low	plural	Kirchenvölker	—	collective noun; the plural is not used in this sense.
nouns	nouns_034	Klarsichtfolie	english	low	gloss	cling film/plastic wrap/saran wrap	cling film	two US variants (one a trademark) appended to the correct British term.
nouns	nouns_034	Klassenfoto	article	high	article	die Klassenfoto	das Klassenfoto	Foto is neuter; every compound in -foto takes das.
nouns	nouns_034	Klatsch	plural	high	plural	Klatsche	—	"Klatsche" is the plural of a different lexeme (die Klatsche, swatter/thrashing); Klatsch "gossip" has no plural.
nouns	nouns_034	Klatschen	word	medium	junk	das Klatschen / clapping	remove — nominalised infinitive	corpus junk, not a dictionary headword (cf. das Fallen, das Reisen).
nouns	nouns_034	Klettersteig	english	medium	gloss	iron road/iron way/via ferrata	via ferrata (fixed-rope climbing route)	two literal calques sorted ahead of the only term used in English.
nouns	nouns_034	Klimakterium	english	low	gloss	climacteric	menopause/climacteric	the technical term leads and the everyday equivalent is absent.
nouns	nouns_034	Knäuel	english	medium	gloss	ball/knawel	ball (of wool/yarn), tangle	"knawel" is a plant name (Scleranthus) — a dictionary-scrape artefact, not a translation.
nouns	nouns_034	Kniebeuge	english	low	gloss	genuflection/genuflexion/squat	squat (exercise); genuflexion (church)	two spellings of the same word in one gloss, and the fitness sense (the common one) is last.
nouns	nouns_034	Kofferpacken	word	medium	junk	das Kofferpacken (A1) / packing the suitcase	remove — nominalised infinitive	not a lemma; also an odd A1 entry.
nouns	nouns_034	Kohleförderung	plural	medium	plural	Kohleförderungen	—	process/mass noun; invented plural.
nouns	nouns_034	Kokosraspel	article	high	article	der Kokosraspel / Kokosraspel	die Kokosraspel / Kokosraspeln	die Raspel is feminine with -n plural; the head noun's gender was lost.
nouns	nouns_034	Kontrabassist	english	low	gloss	contrabassist	double bass player/bassist	"contrabassist" is not idiomatic English.
nouns	nouns_034	Konzertkarte	english	high	gloss	concert billett	concert ticket	"billett" is not an English word (French/German leakage) — and this is an A1 entry.
nouns	nouns_034	Kopfende	english	medium	gloss	headboard	head end (of a bed/table)	headboard is das Kopfteil/Kopfbrett; Kopfende is the end, not the board.
nouns	nouns_034	Körperfett	english	low	gloss	adipose tissue/body fat / Körperfette	body fat; plural `—`	medical term sorted first over the everyday one; mass noun given a plural.
nouns	nouns_034	Krebspatientin	english	medium	gloss	Cancer patient	cancer patient (female)	capital C makes it read as the zodiac sign/constellation; female marker missing.
nouns	nouns_034	Kreischen	word	medium	junk	das Kreischen / Kreischen / screaming	remove — nominalised infinitive (and it is given a plural)	corpus junk headword.
nouns	nouns_034	Kriegswirren	article	high	article	das Kriegswirren	die Kriegswirren (plural only)	plurale tantum (die Wirren) given a neuter singular article — the exact `das Wirren` defect.
nouns	nouns_034	Kryptographie	plural	low	plural	Kryptographien	—	field/discipline name; invented plural.
nouns	nouns_034	Kunststoffbauteil	article	high	article	der Kunststoffbauteil	das Kunststoffbauteil	das Bauteil is the standard gender (cf. das Ersatzteil, das Einzelteil).
nouns	nouns_034	Kure	word	low	junk	der Kure / Curonian	remove or gloss as "Curonian (Baltic people)"	obscure historical ethnonym, easily confused with die Kur; no learner value.
nouns	nouns_034	Kurzarbeitergeld	plural	low	plural	Kurzarbeitergelder	—	benefit/mass noun; the plural is not used.
nouns	nouns_034	Labordiagnostik	plural	low	plural	Labordiagnostiken	—	discipline noun; invented plural.
nouns	nouns_034	Landeanflug	english	low	gloss	approach	landing approach/final approach	bare "approach" loses the aviation sense entirely.
nouns	nouns_034	Lauer	english	medium	gloss	lie in wait/lurk/on the lookout	(only in `auf der Lauer sein/liegen` = to lie in wait)	gloss gives verbs and a prepositional phrase, never a noun equivalent; the lemma occurs only in that idiom.
nouns	nouns_034	Laufmeter	english	low	gloss	linear metre/running meter	linear metre/running metre	British and US spellings of the same word in one gloss.
nouns	nouns_034	Leim	english	medium	gloss	glue/lime	glue, adhesive (archaic: birdlime)	"lime" reads as the fruit or the mineral; birdlime sense needs marking or removal.
nouns	nouns_034	Leinsamen	english	low	gloss	flaxseed/linseed	linseed/flaxseed	US term ordered before the British one.
nouns	nouns_034	Lese	plural	low	plural	Lesen	Lesen (rare) or —	the plural form collides with the far commoner nominalised infinitive `das Lesen`.
nouns	nouns_034	Lobbyismus	english	low	gloss	lobbyism	lobbying	"lobbyism" is vanishingly rare in English.
nouns	nouns_034	Löschwasser	english	low	gloss	fire water/firefighting water/water for firefighting	firefighting water	"fire water" reads as "firewater" (spirits).
nouns	nouns_034	Luzifer	word	low	junk	der Luzifer / Lucifer	remove — proper noun	name, not a common noun; carries an article it does not normally take.
nouns	nouns_034	Mach	word	low	junk	das Mach / Mach (number)	remove — unit/eponym	only occurs as `Mach 2`; not a usable noun entry.
nouns	nouns_034	Magermilchpulver	english	low	gloss	skim milk powder/skimmed milk powder	skimmed milk powder	US and British forms of the same term in one gloss.
nouns	nouns_034	Maisonette	english	medium	gloss	duplex apartment/maisonette	maisonette	US term ordered before the British equivalent.
nouns	nouns_034	Maisstärke	english	medium	gloss	cornstarch/maize starch / Maisstärken	cornflour (maize starch); plural `—`	"cornstarch" is US-only — British is cornflour; and the mass noun has an invented plural.
nouns	nouns_034	Mascara	article	medium	article	der Mascara	die Mascara	standard gender is feminine; masculine is a loanword-gender error of the documented type.
nouns	nouns_034	Marzipan	plural	low	plural	Marzipane	—	mass noun; invented plural.
nouns	nouns_034	Massenkommunikation	plural	low	plural	Massenkommunikationen	—	abstract mass noun.
nouns	nouns_034	Mauerkrone	english	medium	gloss	wall crown	wall coping/top of a wall	morpheme-by-morpheme calque; "wall crown" is not English.
nouns	nouns_034	Meereswasser	english	low	gloss	seawater/sea water	seawater	two spellings of one word in a single gloss.
nouns	nouns_034	Menu	word	medium	junk	das Menu / Menus	das Menü / Menüs	headword misspelt (Swiss variant aside, the German lemma is Menü); teaches a wrong spelling.
nouns	nouns_034	Mikrofaser	english	low	gloss	microfiber/microfibre	microfibre	US spelling first, both spellings present.
nouns	nouns_034	Milchpreis	english	low	gloss	price for milk	milk price	unidiomatic word-for-word rendering.
nouns	nouns_034	Ministerialbeauftragte	plural	high	plural	Ministerialbeauftragten	Ministerialbeauftragte	adjNoun weak-plural error again.
nouns	nouns_034	Mischling	english	medium	gloss	mongrel/mixed-race person	mongrel/cross-breed (of animals); the person sense is historically loaded and should be marked or dropped	unmarked, the human sense hands the learner a Nazi-era racial term.
nouns	nouns_034	Mittelmeerküste	english	low	gloss	mediterranean sea coast	Mediterranean coast	proper adjective not capitalised; "sea" redundant.
nouns	nouns_034	Mobil	word	high	junk	das Mobil / Mobile / "mobile (phone)" (A2)	remove — the phone is `das Handy`; `das Mobile` is a hanging mobile (art object)	fabricated headword with a flatly wrong gloss, presented at A2 as core vocabulary.
nouns	nouns_034	Molke	plural	low	plural	Molken	—	mass noun (whey).
nouns	nouns_034	Moses	word	medium	junk	der Moses / Moses	remove — proper noun	biblical name entered as a countable noun.
nouns	nouns_034	Müllwagen	english	low	gloss	dustbin lorry/dustcart/garbage truck	dustcart/bin lorry	"dustbin lorry" is not idiomatic and "garbage truck" is US.
nouns	nouns_034	Murmeln	word	medium	junk	das Murmeln / murmuring	remove — nominalised infinitive	corpus junk headword.
nouns	nouns_034	Muskat	plural	low	plural	Muskate	—	spice mass noun.
nouns	nouns_034	Muskeltonus	plural	low	plural	Muskeltoni	—	physiological mass concept; the Latin plural is not a learner form.
nouns	nouns_034	Nachgeschmack	plural	low	plural	Nachgeschmäcke	—	abstract noun; plural is at best marginal.
nouns	nouns_034	Näher	english	medium	gloss	seamster/sewer	machinist/sewer (person who sews) — better: remove, `Näherin`/`Schneider` are the live words	"sewer" is a homograph of the drain and "seamster" is not current English; the entry misleads.
nouns	nouns_034	Nasenbluten	english	low	gloss	epistaxis/nosebleed	nosebleed	medical term sorted ahead of the everyday one.
nouns	nouns_034	Naturverbundenheit	plural	low	plural	Naturverbundenheiten	—	abstract -heit noun.
nouns	nouns_034	Nachspiel	english	low	gloss	consequence	aftermath/repercussions (also: epilogue, postlude)	singular "consequence" misses the idiomatic `ein Nachspiel haben`.
nouns	nouns_034	Net	word	medium	junk	das Net / Nets / net	remove — not a German lexeme (das Netz)	English word entered as a German headword (cf. `das Food`).
nouns	nouns_034	Nissan	word	medium	junk	der Nissan / Nissan	remove — company/brand name	proper noun, no dictionary value (cf. `das Microsoft`).
nouns	nouns_034	Nocke	word	medium	gloss	die Nocke / cam/lobe	der Nocken = cam/lobe; die Nocke is an Austrian dumpling / a notch	the gloss belongs to a different lemma than the headword.
nouns	nouns_034	Notizzettel	english	low	gloss	memo/notepad	note/slip of paper	notepad is der Notizblock; Zettel is a single slip.
nouns	nouns_034	Nullstelle	english	low	gloss	zero	root/zero (of a function)	bare "zero" reads as the digit.
nouns	nouns_034	Nutrition	word	medium	junk	die Nutrition / Nutritionen / nutrition	remove — German is `die Ernährung`	English lexeme scraped in; the plural is doubly invented.
nouns	nouns_034	Obolus	plural	low	plural	Obolus	Obolusse (or Oboli)	unchanged plural is wrong for this noun.
nouns	nouns_034	Öffentlichkeitsfahndung	english	medium	gloss	public search	public appeal for information / public manhunt appeal	literal compound rendering; "public search" means nothing in English.
nouns	nouns_034	Opportunist	english	low	gloss	opportunist/temporizer/timeserver	opportunist	two obscure fillers, one with the US -izer spelling.
nouns	nouns_034	Osterbrunnen	english	low	gloss	Easter Well	Easter fountain (decorated well)	capitalised calque; needs a gloss of the custom.
nouns	nouns_034	Pak / PaK	word	medium	junk	two adjacent entries, `die Pak / Pak / AT gun...` and `die PaK / PaKs / anti-tank gun`	keep one, spelled `die Pak`, plural `Paks`	duplicate military abbreviation with conflicting plurals; "AT gun" is unexplained jargon.
nouns	nouns_034	Passepartout	english	low	gloss	mat/passepartout/master key	mount (picture framing); master key	"mat" is the US framing term; British is "mount".
nouns	nouns_034	Patriotismus	plural	low	plural	Patriotismen	—	abstract -ismus noun.
nouns	nouns_034	Personalverantwortung	plural	low	plural	Personalverantwortungen	—	abstract noun.
nouns	nouns_034	Peterskirche	word	low	junk	die Peterskirche / Peterskirchen / St. Peter's Church	proper noun; plural not meaningful	named building entered as a countable common noun.
nouns	nouns_034	Pferdeschwanz	english	low	gloss	horse's tail/pony-tail/ponytail	ponytail (hair); horse's tail	the same word appears twice in two spellings.
nouns	nouns_034	Pokemon	word	medium	junk	das Pokemon / Pokemon	remove — trademark	brand/proper noun, no dictionary value.
nouns	nouns_034	Pornographie	plural	low	plural	Pornographien	—	mass noun.
nouns	nouns_034	POS	word	low	junk	die POS / POS / point of sale	remove — English business abbreviation	not German vocabulary.
nouns	nouns_034	Postadresse	english	medium	gloss	mail address	postal address	"mail address" is US/non-idiomatic; British is postal address.
nouns	nouns_034	Poststraße	english	low	gloss	Poststrasse/post road	post road (historic mail route)	gloss leaks the German lemma (and with a wrong ss spelling).
nouns	nouns_034	Präteritum	english	medium	gloss	past simple/past time	preterite/simple past	"past time" is a mistranslation of the grammatical term; also odd as an A1 item.
nouns	nouns_034	Privatwohnung	english	low	gloss	private apartment/flat	private flat	US term ordered before the British one.
nouns	nouns_034	Programmzeitschrift	english	low	gloss	TV/radio listings magazine/program guide	TV/radio listings magazine	US spelling "program"; the second gloss adds nothing.
nouns	nouns_034	Psychotherapeutenkammer	english	low	gloss	psychotherapist chamber	chamber/professional body of psychotherapists	ungrammatical calque.
nouns	nouns_034	US spellings (grouped)	english	medium	gloss	`Hundeführerschein` license · `Landarbeiter` laborer · `Länderfinanzausgleich` equalization · `Lebertumor` tumor · `Leibspeise` favorite · `Lieblingslied` favorite · `Lieblingsspeise` favorite · `Kinoprogramm`/`Programmzeitschrift` program · `Mikrofaser` microfiber · `Laufmeter` meter · `Opportunist` temporizer	licence, labourer, equalisation, tumour, favourite, programme, microfibre, metre, temporiser	the app is British English; these are US-only spellings.
nouns	nouns_034	Female-marker inconsistency (grouped)	english	low	gloss	`Kinderbuchautorin` "children's book author", `Musiklehrerin` "music teacher", `Ökonomin` "economist", `Pröpstin` "provost", `Masseurin` "masseuse/massage therapist"	add "(female)" as done elsewhere in the batch (`Intendantin`, `Logopädin`, `Philosophin`)	inconsistent treatment of -in forms within the same batch.
nouns	nouns_034	Duplicated spelling variants in one gloss (grouped)	english	low	gloss	`Hundesitter` dog-sitter/dogsitter · `Kniebeuge` genuflection/genuflexion · `Magermilchpulver` skim/skimmed · `Meereswasser` seawater/sea water · `Mikrofaser` microfiber/microfibre · `Pferdeschwanz` pony-tail/ponytail · `Laufmeter` metre/meter · `Packeis` pack ice/pack-ice	one form only, British	house rule forbids listing two spellings of the same word.
nouns	nouns_035	Raumforschung	english	medium	gloss	spatial research	space research / (also: spatial planning research)	the everyday sense is astronautical "space research"; "spatial research" is the niche Raumordnung sense placed alone.
nouns	nouns_035	Real	word	high	junk	der Real / Reales / "real"	remove, or `der Real / Real (Reais) / Brazilian real (currency)`	"real" is not an English noun gloss; "Reales" is an invented plural; entry is unusable as it stands.
nouns	nouns_035	Rechtsgeschichte	plural	medium	plural	Rechtsgeschichten	—	abstract discipline name; "Rechtsgeschichten" would be "legal stories", a different lexeme.
nouns	nouns_035	Reisebeschreibung	english	medium	gloss	book of travel/description of a journey/itinerary	travelogue/account of a journey	"book of travel" is not English usage and "itinerary" is Reiseroute, a different word.
nouns	nouns_035	Reglung	word	low	junk	die Reglung	die Regelung	rare spelling variant duplicating the live headword; teaches a form learners should not produce.
nouns	nouns_035	Reizbarkeit	plural	low	plural	Reizbarkeiten	—	abstract quality noun; the plural is not usable.
nouns	nouns_035	Rettungsring	english	medium	gloss	life preserver/lifebuoy/spare tyre	lifebuoy/life ring (fig. spare tyre)	US "life preserver" sorted ahead of the British term.
nouns	nouns_035	Revers	article	medium	article	der Revers	das Revers (lapel); der Revers only in the legal "written undertaking" sense	the gloss leads with "lapel", which is the neuter word.
nouns	nouns_035	Roggenmehl	plural	medium	plural	Roggenmehle	—	mass noun; invented plural (cf. Blut→Blute class).
nouns	nouns_035	Rolex	word	high	junk	die Rolex / Rolexe / Rolex	remove	registered brand name, not a dictionary lemma; "Rolexe" is a fabricated plural.
nouns	nouns_035	Rollstuhlfahrerin	english	low	gloss	wheelchair user	wheelchair user (female)	feminine form unmarked, inconsistent with Schützin/Vizemeisterin/Studienrätin in the same batch.
nouns	nouns_035	Rubens	word	high	junk	der Rubens / Rubens / Rubens (painter)	remove	proper noun (a person's surname) entered as a common noun.
nouns	nouns_035	Rußpartikel	article	medium	article	die Rußpartikel	der/das Rußpartikel	"die Partikel" is only the grammatical particle; the physical particle is der/das.
nouns	nouns_035	Sabbatjahr	english	medium	gloss	Shmita/sabbatical/sabbatical year	sabbatical year/sabbatical	obscure Hebrew religious term sorted first ahead of the sense a learner needs.
nouns	nouns_035	Sandkiste	english	medium	gloss	sand box/sand jack/sandbox	sandpit	British term absent; "sand jack" is an unrelated lifting device; "sand box"/"sandbox" duplicates one form twice.
nouns	nouns_035	Satellitendaten	article	high	article	das Satellitendaten	die Satellitendaten (plurale tantum) — or singular das Satellitendatum	plural-only headword given a neuter singular article; flags field should read pluraleTantum.
nouns	nouns_035	Sattelzugmaschine	english	medium	gloss	bobtail/semi-trailer truck/tractor	tractor unit (of an articulated lorry)	US haulage slang sorted first; no British equivalent given.
nouns	nouns_035	Schachklub	word	low	junk	der Schachklub	der Schachclub (already present at rank 23405)	duplicate spelling variant of the immediately preceding entry.
nouns	nouns_035	Schächten	word	low	junk	das Schächten	—	nominalised infinitive; lexicalised in legal debate, so borderline, but out of place in a learner deck.
nouns	nouns_035	Schaumbad	english	medium	gloss	foam-bath	bubble bath	calque; "foam-bath" is not the ordinary English term.
nouns	nouns_035	Schlagschrauber	english	low	gloss	impact driver	impact wrench	an impact driver is a different (hex-drive) tool.
nouns	nouns_035	Schlammpeitzger	english	medium	gloss	bougfish/dojo loach/pond loach	weatherfish/pond loach	"bougfish" is a non-word and sorts first.
nouns	nouns_035	Schlaraffenland	english	low	gloss	Cockaigne	land of milk and honey/land of plenty (Cockaigne)	only a rare literary term is offered; no transparent gloss.
nouns	nouns_035	Schnörkel	english	low	gloss	curlicue/curlycue	flourish/squiggle	two spellings of the same word in one gloss, and neither is the natural British rendering.
nouns	nouns_035	Schraubzwinge	english	low	gloss	C-clamp/F-clamp/bar clamp	G-clamp/F-clamp	British "G-clamp" missing; "C-clamp" is the US name for it.
nouns	nouns_035	Scheideweg	english	low	gloss	crossroads/forking	crossroads (fig.)	"forking" is not an English noun in this sense.
nouns	nouns_035	Schweben	word	medium	junk	das Schweben / — / hovering/floating	remove (verb schweben)	nominalised infinitive entered as a headword.
nouns	nouns_035	Schwerhörige	plural	high	plural	Schwerhörigen	Schwerhörige	adjectival noun given the weak -en form instead of the bare citation plural.
nouns	nouns_035	Seemannsgarn	plural	medium	plural	Seemannsgarne	—	mass/idiomatic noun; the plural is invented.
nouns	nouns_035	Seilspringen	english	medium	gloss	jump rope/skip rope	skipping	both glosses are US; the British noun is absent, and neither is a natural English noun phrase.
nouns	nouns_035	Seitenstreifen	english	low	gloss	shoulder	hard shoulder	bare "shoulder" is the US road term; British motorway usage needs "hard".
nouns	nouns_035	Sendemast	plural	low	plural	Sendemaste	Sendemasten	Mast takes -en as the usual plural; -e is the rarer variant.
nouns	nouns_035	Siegerland	word	high	junk	das Siegerland / Siegerländer / Siegerland	remove	proper noun (region of NRW); "Siegerländer" is the inhabitant noun, not a plural.
nouns	nouns_035	Siegerpodest	article	medium	article	der Siegerpodest	das Siegerpodest	Podest is neuter.
nouns	nouns_035	Simsen	word	medium	junk	das Simsen / — / texting (SMS)	remove	nominalised infinitive of an already-obsolete verb.
nouns	nouns_035	Sonnendeck	english	low	gloss	Sun deck	sun deck	stray capitalisation.
nouns	nouns_035	Sowjetzeit	english	low	gloss	Soviet time	Soviet era/Soviet period	word-for-word calque.
nouns	nouns_035	Spachtel	plural	low	plural	Spachtel	Spachteln	der Spachtel takes -n in the plural.
nouns	nouns_035	Spätzle	article	low	article	das Spätzle / Spätzle	die Spätzle (normally plural only)	the food is used as a plural in practice; the neuter singular is a back-formation.
nouns	nouns_035	Speiche	english	medium	gloss	radius/spoke	spoke/(anat.) radius	the anatomical bone sorts ahead of the everyday bicycle sense.
nouns	nouns_035	Spezialkräfte	flags	low	junk	die Spezialkräfte, flags "-"	mark pluraleTantum (in the "special forces" sense)	plural-only lemma presented as an ordinary count noun.
nouns	nouns_035	Spital	article	medium	article	der Spital	das Spital	Austrian/Swiss standard is neuter; masculine is dialectal.
nouns	nouns_035	Sprechgesang	english	low	gloss	sprechgesang	speech-song/Sprechgesang	the "gloss" is the German word itself, giving the learner nothing.
nouns	nouns_035	Spülwasser	english	medium	gloss	rinsing water	washing-up water/dishwater	Spülwasser is the water you wash dishes in, not rinse water.
nouns	nouns_035	Stadtmensch	english	medium	gloss	citizen/urbanite	city dweller/urbanite	"citizen" (= Bürger/Staatsbürger) is a false friend and sorts first.
nouns	nouns_035	Stadtväter	article	high	article	das Stadtväter	die Stadtväter (plurale tantum)	plural-only headword given a neuter singular article.
nouns	nouns_035	Steckrübe	english	low	gloss	swede/rutabaga	swede	British and US names for the same vegetable in one gloss.
nouns	nouns_035	Steigbügel	english	low	gloss	stapes/stirrup	stirrup/(anat.) stapes	the ear bone sorts ahead of the riding sense.
nouns	nouns_035	Steinschleuder	english	low	gloss	slingshot	catapult (US slingshot)	US-only term; British children's word is "catapult".
nouns	nouns_035	Stelldichein	plural	low	plural	Stelldichein	Stelldicheins	takes -s in the plural.
nouns	nouns_035	Stieleiche	english	low	gloss	english oak	English oak/pedunculate oak	proper adjective not capitalised.
nouns	nouns_035	Straßenmusiker	english	low	gloss	street musician	busker/street musician	the ordinary British word is missing.
nouns	nouns_035	Straßensanierung	english	low	gloss	road redevelopment	road repair/resurfacing	"redevelopment" implies rebuilding a whole area.
nouns	nouns_035	Studentenverbindung	english	low	gloss	fraternity/student association/student fraternity	student fraternity/duelling corps (German-specific)	US campus term sorted first for an institution with no English equivalent.
nouns	nouns_035	Stündchen	english	medium	gloss	little hour	an hour or so/a little while	literal calque that is not English.
nouns	nouns_035	Stura	word	low	junk	der Stura / Sturas	der StuRa (or remove)	campus abbreviation, miscased, of no general use.
nouns	nouns_035	Süddeutsche	plural	high	plural	Süddeutschen / "south German"	Süddeutsche / "southern German (person)"	adjectival noun given the weak -en plural; gloss also lowercases the region.
nouns	nouns_035	Superreiche	plural	high	plural	Superreichen	Superreiche	adjectival noun given the weak -en plural.
nouns	nouns_035	Süppchen	english	low	gloss	soup	(a nice) little soup	diminutive force lost; identical to Suppe.
nouns	nouns_035	Tabellenfünfte	plural	high	plural	Tabellenfünften	Tabellenfünfte	adjectival noun given the weak -en plural.
nouns	nouns_035	Tagesgeschehen	plural	low	plural	Tagesgeschehen	—	abstract mass noun; no plural exists.
nouns	nouns_035	Television	word	medium	junk	die Television / — / television	remove (das Fernsehen)	not current German; an English lexeme in the German bank.
nouns	nouns_035	Textdichter	english	high	gloss	lyric poet	lyricist/librettist	outright wrong — a lyric poet is a Lyriker; a Textdichter writes song lyrics.
nouns	nouns_035	Thailänder	english	medium	gloss	Tai/Thai/Thailander	Thai	"Tai" is a language-family label and "Thailander" is a non-word; both sort ahead of the right answer.
nouns	nouns_035	Tierfilmer	english	low	gloss	animal filmmaker	wildlife film-maker	not the English collocation.
nouns	nouns_035	Todesanzeige	english	medium	gloss	obituary	death notice/announcement (obituary = Nachruf)	an obituary is an editorial appreciation; a Todesanzeige is the paid family notice.
nouns	nouns_035	Torbogen	plural	high	plural	Torbogen	Torbögen	missing umlaut — same defect as Regenbogen→Regenbogen.
nouns	nouns_035	Tränensack	english	medium	gloss	lachrymal sac	bag under the eye/eye bag (anat. lacrimal sac)	only the technical anatomical sense survives; the everyday sense a B2 learner meets is absent.
nouns	nouns_035	Trunkenheitsfahrt	english	low	gloss	drunk driving	drink-driving	US form; British is drink-driving.
nouns	nouns_035	Überbauung	english	medium	gloss	superstructure	development/built-over area (Swiss: housing development)	"superstructure" is Überbau, a different word.
nouns	nouns_035	Überfremdung	english	low	gloss	foreign infiltration	foreign infiltration (loaded, far-right register — avoid)	politically charged term (Unwort des Jahres 1993) offered with no register warning.
nouns	nouns_035	Übermut	english	medium	gloss	arrogance/boisterousness/bravado	high spirits/exuberance/recklessness	alphabetical sort puts "arrogance" (really Überheblichkeit) first, displacing the core sense.
nouns	nouns_035	Überschwang	plural	low	plural	Überschwänge	—	abstract mass noun; invented plural.
nouns	nouns_035	Ungläubige	plural	high	plural	Ungläubigen	Ungläubige	adjectival noun given the weak -en plural.
nouns	nouns_035	Untergewicht	plural	low	plural	Untergewichte	—	mass/state noun; no plural.
nouns	nouns_035	Untiefe	english	medium	gloss	abyss/depth/shallow	shallow/shoal (also: great depth)	the contronym's commonest sense ("shallow water, shoal") is buried last by alphabetical sorting.
nouns	nouns_035	Urgroßeltern	article	high	article	das Urgroßeltern	die Urgroßeltern (plurale tantum)	plural-only kinship noun given a neuter singular article; flags field should read pluraleTantum.
nouns	nouns_035	Vegetarierin	english	low	gloss	vegetarian	vegetarian (female)	feminine form unmarked, inconsistent with other -in entries in this batch.
nouns	nouns_035	Verblendung	english	medium	gloss	dazzlement/infatuation/veneer	delusion/blindness (also: facing, cladding)	the main figurative sense "delusion" is missing and "dazzlement" is not idiomatic.
nouns	nouns_035	Verhungern	word	medium	junk	das Verhungern / — / starving	remove (verb verhungern)	nominalised infinitive entered as a headword.
nouns	nouns_035	Vertragsarztsitz	english	low	gloss	SHI-accredited doctor's practice seat	panel-doctor practice licence	unexplained acronym plus a literal "seat"; opaque to a learner.
nouns	nouns_035	Verzichtserklärung	english	medium	gloss	disclaimer/notice of abandonment/quitclaim deed	waiver/declaration of renunciation	"disclaimer" is misleading and "quitclaim deed" is US conveyancing; the plain sense is absent.
nouns	nouns_035	Viktualienmarkt	word	medium	junk	der Viktualienmarkt / Viktualienmärkte	remove	proper noun — the name of one specific market in Munich.
nouns	nouns_035	Vintage	word	low	junk	das Vintage / — / vintage	remove	used in German almost exclusively as an invariable modifier, not a noun lemma.
nouns	nouns_035	Vokalmusik	plural	medium	plural	Vokalmusiken	—	invented plural on a mass noun (same defect as Musik→Musiken).
nouns	nouns_035	Volkspolizei	plural	medium	plural	Volkspolizeien	—	invented plural on an institution name (same defect as Polizei→Polizeien).
nouns	nouns_035	Völkerschlacht / Völkerschlachtdenkmal	word	low	junk	die Völkerschlacht (Völkerschlachten), das Völkerschlachtdenkmal (Völkerschlachtdenkmale)	remove, or mark as historical proper nouns	names of one specific 1813 battle and its monument, with pluralised forms that never occur.
nouns	nouns_035	Vorhalle	english	medium	gloss	hall	entrance hall/vestibule/portico	bare "hall" loses the "in front of / ante-" element and collides with Halle/Saal.
nouns	nouns_035	Vietnamkrieg	word	low	junk	der Vietnamkrieg	—	proper noun (a named historical event) in a common-noun deck.
nouns	nouns_035	US spellings and US-only terms (grouped)	english	low	gloss	Stabilisator "stabilizer"; Verteidigungsanlage "defense installation"; Regentonne "rain barrel"; Sicherungskasten "breaker box/fuse box"; Sozialversicherungsnummer "social security number"; Abiturient "high-school graduate"; Ferien "holidays/vacation"; Rinderfilet "beef tenderloin"; Schlot "smokestack"; Rednerpult "speaker's podium"	stabiliser; defence installation; water butt; fuse box; National Insurance number; A-level student/school leaver; holidays; beef fillet; chimney; lectern	app is British English; -ize spellings, "defense", and US-only nouns should not appear (and never before the British form).
nouns	nouns_036	Truncated umlaut plurals (18 entries)	plural	high	plural	`Arbeitsvertäg`, `Handyverträg`, `Bildungsabschlüss`, `Lebensverläuf`, `Nachwuchskräft`, `Lebenskünst`, `Onlineeinkäuf`, `Rechnungsbeträg`, `Interneteinkäuf`, `Bestellvorgäng`, `Terminvorschläg`, `Palmenhäus`, `Textzusammenhäng`, `Glaseinsätz`, `Schuhabdrück`, `Umsteigebahnhöf`, `Forumsbeiträg`, `Gutenachtküss`	add the missing `-e`/`-er` ending — `Arbeitsverträge`, `Handyverträge`, `Bildungsabschlüsse`, `Lebensverläufe`, `Nachwuchskräfte`, `Onlineeinkäufe`, `Rechnungsbeträge`, `Interneteinkäufe`, `Bestellvorgänge`, `Terminvorschläge`, `Palmenhäuser`, `Textzusammenhänge`, `Glaseinsätze`, `Schuhabdrücke`, `Umsteigebahnhöfe`, `Forumsbeiträge`, `Gutenachtküsse` (`Lebenskunst` is a mass noun → `—`)	plural field was umlauted but the suffix was dropped — every one is a non-word.
nouns	nouns_036	Doubled-stem plurals (7 entries)	plural	high	plural	`Migrationsdramadramen`, `Teilthemathemen`, `Wissenschaftszentrumzentren`, `Versandrisikorisiken`, `Kundenkontokonten`, `Marktforschungsfirmafirmen`, `Sportpensumpensen`	`Migrationsdramen`, `Teilthemen`, `Wissenschaftszentren`, `Versandrisiken`, `Kundenkonten`, `Marktforschungsfirmen`, `Sportpensen`	the plural rule was appended to the full singular instead of replacing the head's ending.
nouns	nouns_036	Hyphen-stripped duplicate headwords (4 entries)	word	high	junk	`das AspergerSyndrom`, `das Preis-LeistungsVerhältnis` (pl. `Preis-LeistungsVerhältnisse`), `das Pro-KopfEinkommen`, `die Work-LifeBalance`	delete — correctly hyphenated entries already exist in this same batch (ranks 24100, 24109, 24113, 24114)	mangled spellings of words that are duplicated verbatim; a learner would be taught an impossible orthography.
nouns	nouns_036	Adjectival nouns given the weak `-en` plural and no `adjNoun` flag (13 entries)	plural	medium	plural	`Einheimische→Einheimischen`, `Studierende→Studierenden`, `Konsumierende→Konsumierenden`, `Gleichgesinnte→Gleichgesinnten`, `Serviceangestellte→Serviceangestellten`, `Zugewanderte→Zugewanderten`, `Gebildete→Gebildeten`, `Gealterte→Gealterten`, `Pubertierende→Pubertierenden`, `Kritisierte→Kritisierten`, `Klassenbeste→Klassenbesten`; plus `das Außergewöhnliche` and `das Faschierte` with no flag	bare citation plural (`Einheimische`, `Studierende`, …) and `adjNoun` in `flags`	`-en` is the weak/definite form, not the citation plural.
nouns	nouns_036	Plural forms entered as singular lemmas (11 entries)	word	medium	junk	`die Werte`, `die Wohnungen`, `die Getränke`, `die Steuern`, `die Hinweise`, `die Senioren`, `die Erziehungsfragen`, `die Zutaten`, `die Papiere`, `die Zinsen`, `die Fachleute` — all tagged `pluraleTantum`	lemmatise as `der Wert`, `die Wohnung`, `das Getränk`, `die Steuer`, `der Hinweis`, `der Senior`, `die Erziehungsfrage`, `die Zutat`, `das Papier`, `der Zins`, `der Fachmann/die Fachfrau`	none is a genuine plurale tantum; `die Wohnungen` and `die Werte` are especially plainly the plural of a live singular. (`Zutaten`, `Zinsen`, `Papiere`, `Fachleute` are idiomatically plural — lower priority.)
nouns	nouns_036	Angestellter	word	high	junk	`der Angestellter / Angestellten`	`der Angestellte / Angestellte`	`Angestellter` is the *indefinite* (strong) form and never follows `der`; citation form is wrong.
nouns	nouns_036	Auszubildender	word	high	junk	`der Auszubildender / Auszubildenden`	`der Auszubildende / Auszubildende`	same strong-form error after the definite article.
nouns	nouns_036	Road	word	high	junk	`der Road / Road / "road"`	delete	English lexeme scraped as a German headword (cf. `das Food`).
nouns	nouns_036	Arbeitsvertag	word	high	junk	`der Arbeitsvertag`	`der Arbeitsvertrag`	headword itself is misspelt (missing `r`), not just the plural.
nouns	nouns_036	Kindesbein	english	medium	gloss	"child's leg"	"(only in *von Kindesbeinen an* = from an early age / since childhood)"	literal morpheme gloss; the word does not exist outside the idiom.
nouns	nouns_036	Stadtpräsident	english	medium	gloss	"city president (Switzerland)"	"mayor (Switzerland)"	calque; "city president" is not an English office.
nouns	nouns_036	Ammann	english	medium	gloss	"Ammann (Swiss official)"	"municipal magistrate / head of a Swiss commune"	gloss leaks the German lemma and gives no translation.
nouns	nouns_036	EDV	english	medium	gloss	"EDP"	"IT / electronic data processing"	"EDP" is opaque and effectively obsolete in British usage.
nouns	nouns_036	Virenschutzprogramm	english	medium	gloss	"virus protection programme"	"antivirus program"	British English keeps the spelling *program* for computer software; *programme* is wrong here.
nouns	nouns_036	Kritisierte	english	medium	gloss	"criticized person"	"criticised person" (better: "the person being criticised")	American `-ize` spelling.
nouns	nouns_036	Präsentationssoftware	plural	medium	plural	`Präsentationssoftwares`	`—`	*Software* is a mass noun in German; `Softwares` is a known invented plural.
nouns	nouns_036	Teamarbeit	plural	medium	plural	`Teamarbeiten`	`—`	mass noun.
nouns	nouns_036	Öffentlichkeitsarbeit	plural	medium	plural	`Öffentlichkeitsarbeiten`	`—`	mass noun (PR work).
nouns	nouns_036	Selbstbeherrschung	plural	medium	plural	`Selbstbeherrschungen`	`—`	abstract mass noun.
nouns	nouns_036	Groll	plural	medium	plural	`Grolle`	`—`	abstract mass noun; `Grolle` is not a word.
nouns	nouns_036	Biobaumwolltasche	plural	medium	plural	`Biobaumwolltasche`	`Biobaumwolltaschen`	plural identical to singular for an `-e` feminine.
nouns	nouns_036	IT-Bereich	plural	medium	plural	`IT-Bereich`	`IT-Bereiche`	plural identical to singular.
nouns	nouns_036	Missfallen	cefr	medium	cefr	`A1`	`B2`/`C1`	abstract literary noun tagged as absolute-beginner vocabulary.
nouns	nouns_036	Forumsbeitrag	cefr	medium	cefr	`A1` (with truncated plural, above)	`B1`/`B2`	gross level mismatch against its rank (8141) and neighbours.
nouns	nouns_036	Nominalised infinitives as headwords (5 entries)	word	medium	junk	`das Verstecken`, `das Pulsieren`, `das Achterbahnfahren`, `das Aussortieren`, `das Weggeben`, `das Türenknallen`	delete (or lemmatise the verb)	productive nominalisations, not dictionary entries. (`Fallschirmspringen`, `Kickboxen`, `Kunstturnen`, `Freiklettern`, `Eisbaden`, `Tiefseetauchen`, `Rauchen` are lexicalised and fine.)
nouns	nouns_036	US term/spelling paired with or before the British one (6 entries)	english	low	gloss	`Süßigkeiten` "sweets/candy"; `U-Bahn` "underground/subway"; `Gehsteig` "pavement/sidewalk"; `Briefträger` "mail carrier/postman"; `Fundsachen` "lost-and-found items"; `Zöpfchen` "braid"	"sweets"; "underground"; "pavement"; "postman"; "lost property"; "plait"	British-English-only rule — one form, and never the US one first.
nouns	nouns_036	Capitalised English glosses (9 entries)	english	low	gloss	`Persönlichkeitstraining` "Personality training", `Familiengründung` "Starting a family", `Kindergartenalter` "Kindergarten age", `Pazifismus` "Pacifism", `Pessimismus` "Pessimism", `Liberalität` "Liberality", `Kreditkartenbetrug` "Credit card fraud", `Kundenkontakt` "Customer contact", `Internetmanagement` "Internet management"	lower-case initial	German capitalisation carried into the English side.
nouns	nouns_036	Invented plurals on abstract/mass nouns (14 entries)	plural	low	plural	`Urteilsfindungen`, `Vereinsamungen`, `Selbstoptimierungen`, `Eigeninitiativen`, `Diversitätsmanagements`, `Elternurlaube`, `Polarforschungen`, `Erwerbsarbeiten`, `Sozialforschungen`, `Lagerhaltungen`, `Teambildungen`, `Angebotserstellungen`, `Messecaterings`, `Kritikfähigkeiten`, `Tränenflüssigkeiten`, `Weltbanken`, `Kunstraube`, `Gemälderaube`, `Textaufbauten`, `Meerrettiche`	`—` in each case	none of these forms is used; `Weltbank` is additionally a proper noun and `Aufbauten` belongs to a different sense (superstructure).
nouns	nouns_036	Schwammerl	plural	low	plural	`Schwammerl`	`Schwammerln`	Austrian/Bavarian `-erl` diminutives take `-n` in the plural.
nouns	nouns_036	Kfz	plural	low	plural	`Kfzs`	`Kfz`	the abbreviation is invariant.
nouns	nouns_036	Country and place names as headwords (11 entries)	word	low	junk	`das Deutschland`, `das Österreich`, `das Luxemburg`, `das Europa`, `das Griechenland`, `das Finnland`, `das Mexiko`, `die Türkei`, `die Ukraine`, `die Schweiz`, `die Antarktis`, `die Donau`	keep only the article-taking ones (`die Türkei`, `die Ukraine`, `die Schweiz`, `die Antarktis`, `die Donau`), where the article is genuine information; drop the `das` on the others or mark them article-less	neuter country names are normally used without an article, so `das Deutschland` teaches a pattern the learner will never produce.
nouns	nouns_036	Feuilletonist	english	low	gloss	"feuilletonist"	"arts-and-culture columnist"	the English word is vanishingly rare; the gloss explains nothing.
nouns	nouns_036	Meisterschüler	english	low	gloss	"master student"	"star pupil of a master (artist/musician)"	reads as "Master's student", which it is not.
nouns	nouns_036	Impulsvortrag	english	low	gloss	"keynote/impulse talk"	"short keynote / opening input talk"	"impulse talk" is not English.
nouns	nouns_036	Langschläfer / Langschläferin	english	low	gloss	"late sleeper"	"late riser"	idiomatic English counterpart to *Frühaufsteher* "early riser".
nouns	nouns_036	Melange	english	low	gloss	"mélange/mixture; Viennese coffee"	put the Viennese-coffee sense first	in current German (esp. Austrian) usage the coffee is the everyday sense.
nouns	nouns_036	Bancomat	english	low	gloss	"ATM (Swiss usage)"	"cash machine / cashpoint (Swiss)"	ATM is the US term.
nouns	nouns_036	Automobilhersteller	english	low	gloss	"automobile manufacturer"	"car manufacturer"	"automobile" is US register.
nouns	nouns_036	Phantasie	word	low	junk	`die Phantasie` glossed "(older spelling of Fantasie)"	drop in favour of `die Fantasie`	archaic variant duplicating a live headword; the label mitigates but does not justify it.
nouns	nouns_036	Soziale Arbeit	word	low	junk	`die Soziale Arbeit`	single-word lemma or move to a phrase list	multi-word headword with an internal capital breaks the noun-card format.
nouns	nouns_036	Missing `weak` flag (2 entries)	flags	low	junk	`der Musiktherapeut / Musiktherapeuten`, `der Anti-Held / Anti-Helden` carry `-` while comparable weak nouns in the batch (`Telefonist`, `Ökologe`, `Essayist`) carry `weak`	add `weak`	inconsistent declension marking.
nouns	nouns_037	Zeitintervall	article	high	article	der Zeitintervall	das Zeitintervall (pl. Zeitintervalle)	base noun is `das Intervall`; the compound inherits neuter.
nouns	nouns_037	Soft	word	high	junk	der Soft / pl. Soft / "soft"	delete (fragment of "Soft Skills")	not a German noun; a chopped-off first element of an English compound.
nouns	nouns_037	Small	word	high	junk	der Small / pl. Small / "small talk"	der Smalltalk (or delete)	headword is a truncation; the gloss itself shows the real lemma is *Smalltalk*.
nouns	nouns_037	Ja-	word	high	junk	die Ja- / pl. Ja- / "yes/no question"	die Ja-/Nein-Frage	dangling first half of a coordinated compound; "Ja-" is not a word.
nouns	nouns_037	Repair-Caf	word	high	junk	das Repair-Caf / pl. Repair-Caf	das Repair-Café, pl. Repair-Cafés	character-encoding loss stripped the final "é" from lemma and plural.
nouns	nouns_037	Kräuter	word	high	junk	die Kräuter, pluraleTantum, "herbs"	das Kraut, pl. Kräuter	plural of an existing lemma entered as a headword; *Kraut* is not plurale tantum.
nouns	nouns_037	Justitia	word	medium	junk	die Justitia — "Justitia"	delete (or gloss "Lady Justice, personification of justice")	proper noun, and the gloss merely echoes the German.
nouns	nouns_037	Studiogast	plural	high	plural	Studiogäst / correct: Studiogäste / why: plural ending missing.	Studiogäste / why: plural ending missing.	plural ending missing.
nouns	nouns_037	Putzplan	plural	high	plural	Putzplän / correct: Putzpläne / why: plural ending missing.	Putzpläne / why: plural ending missing.	plural ending missing.
nouns	nouns_037	Holzwerkstatt	plural	high	plural	Holzwerkstätt / correct: Holzwerkstätten / why: plural ending missing.	Holzwerkstätten / why: plural ending missing.	plural ending missing.
nouns	nouns_037	Korbstuhl	plural	high	plural	Korbstühl / correct: Korbstühle / why: plural ending missing.	Korbstühle / why: plural ending missing.	plural ending missing.
nouns	nouns_037	Messingtopf	plural	high	plural	Messingtöpf / correct: Messingtöpfe / why: plural ending missing.	Messingtöpfe / why: plural ending missing.	plural ending missing.
nouns	nouns_037	Trainingsbuch	plural	high	plural	Trainingsbüch / correct: Trainingsbücher / why: -er plural truncated.	Trainingsbücher / why: -er plural truncated.	-er plural truncated.
nouns	nouns_037	Forschungsgegenstand	plural	high	plural	Forschungsgegenständ / correct: Forschungsgegenstände / why: plural ending missing.	Forschungsgegenstände / why: plural ending missing.	plural ending missing.
nouns	nouns_037	Berufsschulabschluss	plural	high	plural	Berufsschulabschlüss / correct: Berufsschulabschlüsse / why: plural ending missing.	Berufsschulabschlüsse / why: plural ending missing.	plural ending missing.
nouns	nouns_037	Fachschulabschluss	plural	high	plural	Fachschulabschlüss / correct: Fachschulabschlüsse / why: plural ending missing.	Fachschulabschlüsse / why: plural ending missing.	plural ending missing.
nouns	nouns_037	Innovationsschub	plural	high	plural	Innovationsschüb / correct: Innovationsschübe / why: plural ending missing.	Innovationsschübe / why: plural ending missing.	plural ending missing.
nouns	nouns_037	Ratgeberbuch	plural	high	plural	Ratgeberbüch / correct: Ratgeberbücher / why: -er plural truncated.	Ratgeberbücher / why: -er plural truncated.	-er plural truncated.
nouns	nouns_037	Schreibplan	plural	high	plural	Schreibplän / correct: Schreibpläne / why: plural ending missing.	Schreibpläne / why: plural ending missing.	plural ending missing.
nouns	nouns_037	Handarbeitsbuch	plural	high	plural	Handarbeitsbüch / correct: Handarbeitsbücher / why: -er plural truncated.	Handarbeitsbücher / why: -er plural truncated.	-er plural truncated.
nouns	nouns_037	Realisierungszeitraum	plural	high	plural	Realisierungszeiträum / correct: Realisierungszeiträume / why: plural ending missing.	Realisierungszeiträume / why: plural ending missing.	plural ending missing.
nouns	nouns_037	Stilbruch	plural	high	plural	Stilbrüch / correct: Stilbrüche / why: plural ending missing.	Stilbrüche / why: plural ending missing.	plural ending missing.
nouns	nouns_037	Businessplan	plural	high	plural	Businessplän / correct: Businesspläne / why: plural ending missing.	Businesspläne / why: plural ending missing.	plural ending missing.
nouns	nouns_037	Finanzierungsplan	plural	high	plural	Finanzierungsplän / correct: Finanzierungspläne / why: plural ending missing.	Finanzierungspläne / why: plural ending missing.	plural ending missing.
nouns	nouns_037	Büroplatz	plural	high	plural	Büroplätz / correct: Büroplätze / why: plural ending missing.	Büroplätze / why: plural ending missing.	plural ending missing.
nouns	nouns_037	Zwiebelsaft	plural	high	plural	Zwiebelsäft / correct: Zwiebelsäfte (mass noun; `—` also defensible) / why: plural ending missing.	Zwiebelsäfte (mass noun; `—` also defensible) / why: plural ending missing.	plural ending missing.
nouns	nouns_037	Fußbad	plural	high	plural	Fußbäd / correct: Fußbäder / why: -er plural truncated.	Fußbäder / why: -er plural truncated.	-er plural truncated.
nouns	nouns_037	Qualitätssprung	plural	high	plural	Qualitätssprüng / correct: Qualitätssprünge / why: plural ending missing.	Qualitätssprünge / why: plural ending missing.	plural ending missing.
nouns	nouns_037	Krimischauplatz	plural	high	plural	Krimischäuplatz / correct: Krimischauplätze / why: umlaut applied to the wrong syllable and ending missing.	Krimischauplätze / why: umlaut applied to the wrong syllable and ending missing.	umlaut applied to the wrong syllable and ending missing.
nouns	nouns_037	Forschungsauftrag	plural	high	plural	Forschungsäuftrag / correct: Forschungsaufträge / why: umlaut applied to the wrong syllable and ending missing.	Forschungsaufträge / why: umlaut applied to the wrong syllable and ending missing.	umlaut applied to the wrong syllable and ending missing.
nouns	nouns_037	Ausstellungshaus	plural	high	plural	Ausstellungshäus / correct: Ausstellungshäuser / why: -er plural truncated.	Ausstellungshäuser / why: -er plural truncated.	-er plural truncated.
nouns	nouns_037	Startloch	plural	high	plural	Startlöch / correct: Startlöcher / why: -er plural truncated.	Startlöcher / why: -er plural truncated.	-er plural truncated.
nouns	nouns_037	Aussagesatz	plural	high	plural	Aussagesätz / correct: Aussagesätze / why: plural ending missing.	Aussagesätze / why: plural ending missing.	plural ending missing.
nouns	nouns_037	W-Wort	plural	high	plural	W-Wört / correct: W-Wörter / why: -er plural truncated.	W-Wörter / why: -er plural truncated.	-er plural truncated.
nouns	nouns_037	Kursraum	plural	high	plural	Kursräum / correct: Kursräume / why: plural ending missing.	Kursräume / why: plural ending missing.	plural ending missing.
nouns	nouns_037	Lernwortschatz	plural	high	plural	Lernwortschätz / correct: Lernwortschätze (usually `—`) / why: plural ending missing.	Lernwortschätze (usually `—`) / why: plural ending missing.	plural ending missing.
nouns	nouns_037	Übungsbuch	plural	high	plural	Übungsbüch / correct: Übungsbücher / why: -er plural truncated.	Übungsbücher / why: -er plural truncated.	-er plural truncated.
nouns	nouns_037	Kultur-Nacht	plural	high	plural	Kultur-Nächt / correct: Kultur-Nächte / why: plural ending missing.	Kultur-Nächte / why: plural ending missing.	plural ending missing.
nouns	nouns_037	Museumsnacht	plural	high	plural	Museumsnächt / correct: Museumsnächte / why: plural ending missing.	Museumsnächte / why: plural ending missing.	plural ending missing.
nouns	nouns_037	Ticketkauf	plural	high	plural	Ticketkäuf / correct: Ticketkäufe / why: plural ending missing.	Ticketkäufe / why: plural ending missing.	plural ending missing.
nouns	nouns_037	Silbenanfang	plural	high	plural	Silbenanfäng / correct: Silbenanfänge / why: plural ending missing.	Silbenanfänge / why: plural ending missing.	plural ending missing.
nouns	nouns_037	Trendstadt	plural	high	plural	Trendstädt / correct: Trendstädte / why: plural ending missing.	Trendstädte / why: plural ending missing.	plural ending missing.
nouns	nouns_037	Kleiderkauf	plural	high	plural	Kleiderkäuf / correct: Kleiderkäufe / why: plural ending missing.	Kleiderkäufe / why: plural ending missing.	plural ending missing.
nouns	nouns_037	Architekturstudium	plural	high	plural	Architekturstudiumstudien / correct: Architekturstudien / why: the whole singular was concatenated with the plural of *Studium*.	Architekturstudien / why: the whole singular was concatenated with the plural of *Studium*.	the whole singular was concatenated with the plural of *Studium*.
nouns	nouns_037	Livealbum	plural	high	plural	Livealbumalben / correct: Livealben / why: singular concatenated with *Alben*.	Livealben / why: singular concatenated with *Alben*.	singular concatenated with *Alben*.
nouns	nouns_037	Musikstudium	plural	high	plural	Musikstudiumstudien / correct: Musikstudien / why: same concatenation bug.	Musikstudien / why: same concatenation bug.	same concatenation bug.
nouns	nouns_037	Beliebtheitsskala	plural	high	plural	Beliebtheitsskalaskalen / correct: Beliebtheitsskalen / why: same concatenation bug.	Beliebtheitsskalen / why: same concatenation bug.	same concatenation bug.
nouns	nouns_037	Betriebsberater	plural	high	plural	Betriebsberatere / correct: Betriebsberater / why: -er agent nouns are invariant; an -e was invented.	Betriebsberater / why: -er agent nouns are invariant; an -e was invented.	-er agent nouns are invariant; an -e was invented.
nouns	nouns_037	Bankkaufmann	plural	high	plural	Bankkaufmann / correct: Bankkaufleute / why: -mann occupational compounds pluralise in -leute; the field also just repeats the singular.	Bankkaufleute / why: -mann occupational compounds pluralise in -leute; the field also just repeats the singular.	-mann occupational compounds pluralise in -leute; the field also just repeats the singular.
nouns	nouns_037	Hotelkaufmann	plural	high	plural	Hotelkaufmann / correct: Hotelkaufleute / why: as above.	Hotelkaufleute / why: as above.	as above.
nouns	nouns_037	Hotelkauffrau	plural	high	plural	Hotelkauffrau / correct: Hotelkauffrauen / why: singular repeated.	Hotelkauffrauen / why: singular repeated.	singular repeated.
nouns	nouns_037	Musikkonservatorium	plural	high	plural	Musikkonservatorium / "music conservatory"	Musikkonservatorien / "music conservatoire"	-ium → -ien plural; and "conservatory" in British English is a glass garden room.
nouns	nouns_037	Erziehungsbuch	plural	high	plural	Erziehungsbuch / correct: Erziehungsbücher / why: singular repeated.	Erziehungsbücher / why: singular repeated.	singular repeated.
nouns	nouns_037	Schulplattform	plural	high	plural	Schulplattform / correct: Schulplattformen / why: singular repeated.	Schulplattformen / why: singular repeated.	singular repeated.
nouns	nouns_037	Vokabeltest	plural	high	plural	Vokabeltest / correct: Vokabeltests / why: singular repeated.	Vokabeltests / why: singular repeated.	singular repeated.
nouns	nouns_037	Realschulabschluss	plural	high	plural	Realschulabschluss / correct: Realschulabschlüsse / why: singular repeated.	Realschulabschlüsse / why: singular repeated.	singular repeated.
nouns	nouns_037	Unterrichtszeit	plural	high	plural	Unterrichtszeit / correct: Unterrichtszeiten / why: singular repeated.	Unterrichtszeiten / why: singular repeated.	singular repeated.
nouns	nouns_037	VR-Brille	plural	high	plural	VR-Brille / "VR glasses"	VR-Brillen / "VR headset"	singular repeated; and the device is a headset, not glasses.
nouns	nouns_037	Komparativ	plural	high	plural	Komparativ / correct: Komparative / why: singular repeated.	Komparative / why: singular repeated.	singular repeated.
nouns	nouns_037	Grammatikaufgabe	plural	high	plural	Grammatikaufgabe / correct: Grammatikaufgaben / why: singular repeated.	Grammatikaufgaben / why: singular repeated.	singular repeated.
nouns	nouns_037	Web-Adresse	plural	high	plural	Web-Adresse / correct: Web-Adressen / why: singular repeated.	Web-Adressen / why: singular repeated.	singular repeated.
nouns	nouns_037	Blogbeitrag	plural	high	plural	Blogbeitrag / correct: Blogbeiträge / why: singular repeated.	Blogbeiträge / why: singular repeated.	singular repeated.
nouns	nouns_037	Fantasy-Film	plural	high	plural	Fantasy-Film / correct: Fantasy-Filme / why: singular repeated.	Fantasy-Filme / why: singular repeated.	singular repeated.
nouns	nouns_037	Dankeskarte	plural	high	plural	Dankeskarte / correct: Dankeskarten / why: singular repeated.	Dankeskarten / why: singular repeated.	singular repeated.
nouns	nouns_037	Musikfan	plural	high	plural	Musikfan / correct: Musikfans / why: singular repeated.	Musikfans / why: singular repeated.	singular repeated.
nouns	nouns_037	Probetag	plural	high	plural	Probetag / correct: Probetage / why: singular repeated.	Probetage / why: singular repeated.	singular repeated.
nouns	nouns_037	Clubdisco	plural	high	plural	Clubdisco / correct: Clubdiscos / why: singular repeated.	Clubdiscos / why: singular repeated.	singular repeated.
nouns	nouns_037	Abend-Programm	plural	high	plural	Abend-Programm / correct: Abend-Programme / why: singular repeated.	Abend-Programme / why: singular repeated.	singular repeated.
nouns	nouns_037	Stadtprogramm	plural	high	plural	Stadtprogramm / correct: Stadtprogramme / why: singular repeated.	Stadtprogramme / why: singular repeated.	singular repeated.
nouns	nouns_037	Artikelwort	plural	high	plural	Artikelwort / correct: Artikelwörter / why: singular repeated.	Artikelwörter / why: singular repeated.	singular repeated.
nouns	nouns_037	Kursort	plural	high	plural	Kursort / correct: Kursorte / why: singular repeated.	Kursorte / why: singular repeated.	singular repeated.
nouns	nouns_037	Herzzentrum	plural	high	plural	Herzzentrum / correct: Herzzentren / why: singular repeated; -um → -en.	Herzzentren / why: singular repeated; -um → -en.	singular repeated; -um → -en.
nouns	nouns_037	Kinderabteil	plural	high	plural	Kinderabteil / correct: Kinderabteile / why: singular repeated.	Kinderabteile / why: singular repeated.	singular repeated.
nouns	nouns_037	Wortgrenze	plural	high	plural	Wortgrenze / correct: Wortgrenzen / why: singular repeated.	Wortgrenzen / why: singular repeated.	singular repeated.
nouns	nouns_037	Lernproblem	plural	high	plural	Lernproblem / correct: Lernprobleme / why: singular repeated.	Lernprobleme / why: singular repeated.	singular repeated.
nouns	nouns_037	Gebärdentelefon	plural	high	plural	Gebärdentelefon / correct: Gebärdentelefone / why: singular repeated.	Gebärdentelefone / why: singular repeated.	singular repeated.
nouns	nouns_037	PC	plural	high	plural	PC / correct: PCs / why: singular repeated.	PCs / why: singular repeated.	singular repeated.
nouns	nouns_037	AG	plural	medium	plural	AG / "working group/school club"	AGs / "public limited company (plc); (school) club, working group"	singular repeated, and the commonest sense of *die AG* (Aktiengesellschaft) is absent.
nouns	nouns_037	Au-pair	plural	medium	plural	Au-pair / correct: Au-pairs / why: singular repeated.	Au-pairs / why: singular repeated.	singular repeated.
nouns	nouns_037	Redewiedergabe	plural	low	plural	Redewiedergabe / correct: `—` (abstract) or Redewiedergaben / why: singular repeated on an abstract grammatical term.	`—` (abstract) or Redewiedergaben / why: singular repeated on an abstract grammatical term.	singular repeated on an abstract grammatical term.
nouns	nouns_037	Lehrende	plural	high	plural	Lehrenden / correct: Lehrende / why: citation plural of an adjectival noun is bare (also missing the `adjNoun` flag).	Lehrende / why: citation plural of an adjectival noun is bare (also missing the `adjNoun` flag).	citation plural of an adjectival noun is bare (also missing the `adjNoun` flag).
nouns	nouns_037	Normalsterbliche	plural	high	plural	Normalsterblichen / correct: Normalsterbliche / why: same.	Normalsterbliche / why: same.	same.
nouns	nouns_037	Arbeitnehmende	plural	high	plural	Arbeitnehmenden / correct: Arbeitnehmende / why: same.	Arbeitnehmende / why: same.	same.
nouns	nouns_037	Mitarbeitende	plural	high	plural	Mitarbeitenden / correct: Mitarbeitende / why: same.	Mitarbeitende / why: same.	same.
nouns	nouns_037	Unfallbeteiligte	plural	high	plural	Unfallbeteiligten / correct: Unfallbeteiligte / why: same.	Unfallbeteiligte / why: same.	same.
nouns	nouns_037	Begabte	plural	high	plural	Begabten / correct: Begabte / why: same.	Begabte / why: same.	same.
nouns	nouns_037	Verletzte	plural	high	plural	Verletzten / correct: Verletzte / why: same (contrast *Lernende*, *Prüfende*, *Nächste* in this batch, which are correct — the field is inconsistent).	Verletzte / why: same (contrast *Lernende*, *Prüfende*, *Nächste* in this batch, which are correct — the field is inconsistent).	same (contrast *Lernende*, *Prüfende*, *Nächste* in this batch, which are correct — the field is inconsistent).
nouns	nouns_037	Schulkleidung, Dings, Tango-Musik, Beste, Arztkleidung, Englisch-Studium, Sprachenlernen	plural	high	plural	plural field = `None` (7 entries)	`—`	Python `None` leaked into the data; the app will render the word "None" as the plural.
nouns	nouns_037	Würfelzucker	plural	low	plural	Würfelzucker / correct: `—` / why: mass noun, no plural.	`—` / why: mass noun, no plural.	mass noun, no plural.
nouns	nouns_037	Kommunikationsmanagement	plural	medium	plural	Kommunikationsmanagements / correct: `—` / why: abstract -management nouns have no plural.	`—` / why: abstract -management nouns have no plural.	abstract -management nouns have no plural.
nouns	nouns_037	Intellekt	plural	low	plural	Intellekte / correct: `—` / why: plural is at best marginal.	`—` / why: plural is at best marginal.	plural is at best marginal.
nouns	nouns_037	Möhrengrün	plural	low	plural	Möhrengrüns / correct: `—` / why: mass noun.	`—` / why: mass noun.	mass noun.
nouns	nouns_037	Landesverrat	plural	medium	plural	Landesverrate / correct: `—` / why: abstract legal term; invented plural.	`—` / why: abstract legal term; invented plural.	abstract legal term; invented plural.
nouns	nouns_037	Firmament	plural	low	plural	Firmamente / correct: `—` / why: effectively a singulare tantum.	`—` / why: effectively a singulare tantum.	effectively a singulare tantum.
nouns	nouns_037	Riesenkarton	plural	low	plural	Riesenkartone / correct: Riesenkartons / why: the usual plural of *Karton* is *Kartons*; *-e* is a rare variant.	Riesenkartons / why: the usual plural of *Karton* is *Kartons*; *-e* is a rare variant.	the usual plural of *Karton* is *Kartons*; *-e* is a rare variant.
nouns	nouns_037	Apfelkern	english	high	gloss	apple core	apple pip / apple seed	the core is *das Kerngehäuse*; a *Kern* is a single pip. Flatly wrong.
nouns	nouns_037	Sterbenswörtchen	english	high	gloss	last word	(not) a single word / (not) a peep — only in *kein Sterbenswörtchen*	nothing to do with dying words; the gloss reverses the meaning of the idiom.
nouns	nouns_037	Sauger	english	medium	gloss	suction cup	teat (of a bottle); dummy; nozzle	"suction cup" is *Saugnapf*; the everyday sense is missing.
nouns	nouns_037	Public-Viewing	english	medium	gloss	public viewing	outdoor/big-screen public screening	false friend — in English "public viewing" is the viewing of a body before a funeral.
nouns	nouns_037	Seitenlappen	english	medium	gloss	side flap	lateral lobe (of the brain)	sits among *Frontallappen* / *Hirnteil*; a morpheme-by-morpheme mangle.
nouns	nouns_037	Karrierebremse	english	medium	gloss	career brake	career obstacle / something that holds your career back	literal compound translation, not English.
nouns	nouns_037	Vollblutmusiker	english	medium	gloss	thoroughbred musician	musician through and through / consummate musician	literal mangle; "thoroughbred" is used of horses, not people.
nouns	nouns_037	Krimifigur	english	medium	gloss	crime figure	character in a crime novel/thriller	"crime figure" reads as a crime statistic.
nouns	nouns_037	Krimihandlung	english	medium	gloss	crime story	plot of a crime novel	*Handlung* is the plot; "crime story" duplicates *Krimi* itself.
nouns	nouns_037	Sehverhalten	english	medium	gloss	visual behaviour	viewing habits	in the television context of the surrounding entries the gloss is wrong.
nouns	nouns_037	Normalo	english	medium	gloss	Normalo	ordinary bloke / average person	gloss merely echoes the German — no translation at all.
nouns	nouns_037	Wasserleiche	english	medium	gloss	floater	body recovered from water / drowned body	US slang, wrong register for a learner app.
nouns	nouns_037	Skimaske	english	medium	gloss	ski mask	balaclava	US-only term; British English is *balaclava*.
nouns	nouns_037	Postkorbübung	english	medium	gloss	in-basket exercise	in-tray exercise	US term; the British assessment-centre term is *in-tray exercise*.
nouns	nouns_037	Butterkeks	english	medium	gloss	shortbread biscuit	(plain) butter biscuit / rich tea biscuit	shortbread is *Buttergebäck/Shortbread*; a Butterkeks is a thin plain biscuit.
nouns	nouns_037	Nachrichten	english	medium	gloss	news (He reads the news on the internet.)	news	an example sentence has leaked into the gloss field.
nouns	nouns_037	Schweinezüchter	english	low	gloss	pig farmer / correct: pig breeder / why: *Züchter* is a breeder.	pig breeder / why: *Züchter* is a breeder.	*Züchter* is a breeder.
nouns	nouns_037	Hausetage	english	low	gloss	house floor / correct: storey (of a house) / why: literal.	storey (of a house) / why: literal.	literal.
nouns	nouns_037	Beruhigungssauger	english	low	gloss	soother / correct: dummy / why: "soother" is Irish/Canadian; British is *dummy*.	dummy / why: "soother" is Irish/Canadian; British is *dummy*.	"soother" is Irish/Canadian; British is *dummy*.
nouns	nouns_037	Ironisierung	english	low	gloss	ironisation / correct: ironic treatment / why: "ironisation" is not idiomatic English.	ironic treatment / why: "ironisation" is not idiomatic English.	"ironisation" is not idiomatic English.
nouns	nouns_037	Berufseinsteiger	english	low	gloss	career starter / correct: new entrant to the workforce / graduate entrant / why: not idiomatic.	new entrant to the workforce / graduate entrant / why: not idiomatic.	not idiomatic.
nouns	nouns_037	Kernspintomograf	english	low	gloss	magnetic resonance tomograph / correct: MRI scanner / why: the everyday English name.	MRI scanner / why: the everyday English name.	the everyday English name.
nouns	nouns_037	Zielorientierung	english	low	gloss	target orientation / correct: goal orientation / why: standard collocation.	goal orientation / why: standard collocation.	standard collocation.
nouns	nouns_037	Erfolgszahl	english	low	gloss	success number / correct: success figures / why: literal.	success figures / why: literal.	literal.
nouns	nouns_037	Bewegungsarmut	english	low	gloss	lack of movement / correct: lack of exercise / why: health-context sense.	lack of exercise / why: health-context sense.	health-context sense.
nouns	nouns_037	Stubenhocker	english	low	gloss	couch potato / correct: homebody / stay-at-home / why: a Stubenhocker need not watch TV; *Couchpotato* is the loan for that.	homebody / stay-at-home / why: a Stubenhocker need not watch TV; *Couchpotato* is the loan for that.	a Stubenhocker need not watch TV; *Couchpotato* is the loan for that.
nouns	nouns_037	Zusatzeinrichtung	english	low	gloss	additional device / correct: additional facility / why: *Einrichtung* is usually a facility/institution.	additional facility / why: *Einrichtung* is usually a facility/institution.	*Einrichtung* is usually a facility/institution.
nouns	nouns_037	Geschäftsessen	english	low	gloss	business lunch / correct: business meal / business dinner / why: unwarranted narrowing to lunch.	business meal / business dinner / why: unwarranted narrowing to lunch.	unwarranted narrowing to lunch.
nouns	nouns_037	Bioecke	english	low	gloss	organic corner / correct: organic section (of a shop) / why: literal.	organic section (of a shop) / why: literal.	literal.
nouns	nouns_037	Frontbericht	english	low	gloss	front report / correct: report from the front / why: literal.	report from the front / why: literal.	literal.
nouns	nouns_037	Kangalfisch	english	low	gloss	kangal fish / correct: doctor fish (Garra rufa) / why: English name.	doctor fish (Garra rufa) / why: English name.	English name.
nouns	nouns_037	Kosmetikliege	english	low	gloss	cosmetic couch / correct: beauty/treatment couch / why: literal.	beauty/treatment couch / why: literal.	literal.
nouns	nouns_037	Jugendsünde	english	low	gloss	sin of youth / correct: youthful indiscretion / why: idiomatic equivalent exists.	youthful indiscretion / why: idiomatic equivalent exists.	idiomatic equivalent exists.
nouns	nouns_037	Notensystem	english	low	gloss	grading system / correct: marking system / why: "grading" is the US term.	marking system / why: "grading" is the US term.	"grading" is the US term.
nouns	nouns_037	Miesepeter	english	low	gloss	sourpuss / correct: misery guts / grump / why: US colloquialism.	misery guts / grump / why: US colloquialism.	US colloquialism.
nouns	nouns_037	Buchverfilmung	english	low	gloss	film version of the book / correct: film adaptation of a book / why: standard term.	film adaptation of a book / why: standard term.	standard term.
nouns	nouns_037	Vorlesewettbewerb	english	low	gloss	reading competition / correct: reading-aloud competition / why: *vorlesen* is reading aloud.	reading-aloud competition / why: *vorlesen* is reading aloud.	*vorlesen* is reading aloud.
nouns	nouns_037	Verschiedenartigkeit	english	low	gloss	diversity / correct: heterogeneity / difference in kind / why: *Vielfalt* is diversity.	heterogeneity / difference in kind / why: *Vielfalt* is diversity.	*Vielfalt* is diversity.
nouns	nouns_037	Waschbenzin	english	low	gloss	cleaning benzine/cleaning solvent / correct: white spirit / lighter fluid / why: "benzine" is obscure in British English.	white spirit / lighter fluid / why: "benzine" is obscure in British English.	"benzine" is obscure in British English.
nouns	nouns_037	Puzzlespiel	english	low	gloss	puzzle game / correct: jigsaw puzzle / why: German *Puzzle* is specifically a jigsaw.	jigsaw puzzle / why: German *Puzzle* is specifically a jigsaw.	German *Puzzle* is specifically a jigsaw.
nouns	nouns_037	Redemittel	english	low	gloss	useful phrases / correct: set phrase, functional expression / why: plural gloss for a singular headword.	set phrase, functional expression / why: plural gloss for a singular headword.	plural gloss for a singular headword.
nouns	nouns_037	Erzieherin	english	low	gloss	kindergarten teacher (f) / correct: nursery/childcare worker (f) / why: *Erzieherin* is broader than kindergarten.	nursery/childcare worker (f) / why: *Erzieherin* is broader than kindergarten.	*Erzieherin* is broader than kindergarten.
nouns	nouns_037	Bildgeschichte	english	low	gloss	comic strip / correct: picture story / why: comic strip is *Comic*.	picture story / why: comic strip is *Comic*.	comic strip is *Comic*.
nouns	nouns_037	Kundenbesuch	english	low	gloss	call on customers / correct: customer visit / why: awkward phrasing.	customer visit / why: awkward phrasing.	awkward phrasing.
nouns	nouns_037	Suppenhuhn	english	low	gloss	chicken for soup / correct: boiling fowl / why: established British term.	boiling fowl / why: established British term.	established British term.
nouns	nouns_037	Pulli	english	low	gloss	pullover / correct: jumper / why: British everyday word; also loses the "informal" register of *Pulli*.	jumper / why: British everyday word; also loses the "informal" register of *Pulli*.	British everyday word; also loses the "informal" register of *Pulli*.
nouns	nouns_037	Stadturlaub / Städtereise	english	low	gloss	city trip (both) / correct: city break / why: standard British term.	city break / why: standard British term.	standard British term.
nouns	nouns_037	Schaffner / Schaffnerin	english	low	gloss	conductor / correct: (train) guard, ticket inspector / why: "conductor" for rail staff is chiefly American.	(train) guard, ticket inspector / why: "conductor" for rail staff is chiefly American.	"conductor" for rail staff is chiefly American.
nouns	nouns_037	Oberarzt	english	low	gloss	senior physician / correct: consultant / senior registrar / why: British NHS equivalent.	consultant / senior registrar / why: British NHS equivalent.	British NHS equivalent.
nouns	nouns_037	Mistwetter	english	low	gloss	bad weather / correct: rotten/lousy weather / why: loses the colloquial force of *Mist-*.	rotten/lousy weather / why: loses the colloquial force of *Mist-*.	loses the colloquial force of *Mist-*.
nouns	nouns_037	Kusine	english	low	gloss	cousin / correct: (female) cousin / why: the gender that the lemma encodes is lost.	(female) cousin / why: the gender that the lemma encodes is lost.	the gender that the lemma encodes is lost.
nouns	nouns_037	Sud	english	low	gloss	brew / correct: stock, broth, decoction / why: "brew" suggests beer or tea.	stock, broth, decoction / why: "brew" suggests beer or tea.	"brew" suggests beer or tea.
nouns	nouns_037	Kellerstück	english	low	gloss	cellar piece / correct: item stored in the cellar / why: literal compound rendering.	item stored in the cellar / why: literal compound rendering.	literal compound rendering.
nouns	nouns_037	Medienpädagoge	english	low	gloss	media pedagogue / correct: media educator / why: "pedagogue" is pejorative/archaic in English.	media educator / why: "pedagogue" is pejorative/archaic in English.	"pedagogue" is pejorative/archaic in English.
nouns	nouns_037	Ska / Zumba	english	low	gloss	"Ska" / "Zumba" / correct: add a definition ("ska, Jamaican music genre"; "Zumba, dance fitness programme") / why: gloss only repeats the headword.	add a definition ("ska, Jamaican music genre"; "Zumba, dance fitness programme") / why: gloss only repeats the headword.	gloss only repeats the headword.
nouns	nouns_037	Mathe-Test, Musikschule, Open-Air-Kino, Schuhladen, Gleichmacherei, Motorwagen, Fernfahrer/Fernfahrerin	english	medium	gloss	"math test" · "music school, conservatory" · "…/outdoor movie theatre" · "shoe shop/shoe store" · "…/leveling" · "motor car/automobile" · "long-distance truck driver"	"maths test" · "music school, conservatoire" · "open-air cinema" · "shoe shop" · "levelling" · "motor car" · "long-distance lorry driver"	US spellings/terms, or a British and an American form in the same gloss (forbidden).
nouns	nouns_037	Start-Up, Burn-Out, Stand-up-paddling, Wohn-Situation, Kohlehydrat, Verbrechensplanung, Musikstudium	word	low	gloss	Start-Ups · der Burn-Out · das Stand-up-paddling · die Wohn-Situation · das Kohlehydrat · "Crime planning" · "Music studies"	Start-up(s) · Burn-out · Stand-up-Paddling · Wohnsituation · Kohlenhydrat · "crime planning" · "music studies"	non-standard German hyphen/case spellings, and two glosses capitalised mid-field.
nouns	nouns_037	Würstel, Beisl, Beiz	word	low	cefr	all tagged A1 with no regional marker	mark "(Austrian)" for *Würstel*/*Beisl* and "(Swiss)" for *Beiz*	an A1 learner will take these for standard German; *die Beiz* also collides with *die Beize* (mordant/pickle).
nouns	nouns_038	Fanseite	plural	high	plural	Fanseite	Fanseiten	plural field just repeats the singular; die Seite → die Seiten.
nouns	nouns_038	Klettergurt	plural	high	plural	Klettergurt	Klettergurte	der Gurt → die Gurte; singular copied into the plural field.
nouns	nouns_038	Wortfamilie	plural	high	plural	Wortfamilie	Wortfamilien	-ie noun takes -n; singular copied into the plural field.
nouns	nouns_038	Kitesurfen	word	low	junk	das Kitesurfen "kitesurfing"	keep only if nominalised infinitives are wanted; otherwise drop	nominalised infinitive of a corpus-junk shape (cf. `das Reisen`), though this one is a genuine sport name.
nouns	nouns_038	Wagenburg	english	medium	gloss	wagon fort/wagon laager — A2	circle of wagons/wagon fort — not A2	"laager" is an obscure South-Africanism, and a historical/rare term should not sit at A2.
nouns	nouns_038	Lampion	english	low	gloss	lantern	paper lantern/Chinese lantern	bare "lantern" is `Laterne`; Lampion is specifically the decorative paper one.
nouns	nouns_038	Positionsverb	plural	high	plural	Positionsverb	Positionsverben	das Verb → die Verben; singular copied into the plural field.
nouns	nouns_038	Richtungsverb	plural	high	plural	Richtungsverb	Richtungsverben	das Verb → die Verben; singular copied into the plural field.
nouns	nouns_038	Satzakzent	plural	high	plural	Satzakzent	Satzakzente	der Akzent → die Akzente; singular copied into the plural field.
nouns	nouns_038	Mausi	english	medium	gloss	mouse — plural Mausi	sweetie/darling (term of endearment) — plural Mausis	Mausi is a pet name, not the animal; glossing it "mouse" teaches the wrong word for *Maus*.
nouns	nouns_038	Hasilein	word	low	junk	das Hasilein "little bunny"	drop, or fold into Hase/Häschen	nonce double-diminutive, not a dictionary lemma.
nouns	nouns_038	Tiergeschichte	plural	high	plural	Tiergeschichte	Tiergeschichten	die Geschichte → die Geschichten; singular copied into the plural field.
nouns	nouns_038	Textanfang	plural	high	plural	Textanfang	Textanfänge	der Anfang → die Anfänge (umlaut + -e); singular copied into the plural field.
nouns	nouns_038	Satzhälfte	plural	high	plural	Satzhälfte	Satzhälften	die Hälfte → die Hälften; singular copied into the plural field.
nouns	nouns_038	Arme	flags	medium	junk	der Arme / plural Arme / no flag	mark `adjNoun` (der Arme, ein Armer, die Armen)	adjectival noun presented as an ordinary noun; without the flag the app will decline it wrongly, and "Arme" also collides with the plural of *der Arm*.
nouns	nouns_038	Märchenschloss	plural	high	plural	Märchenschloss	Märchenschlösser	das Schloss → die Schlösser; singular copied into the plural field.
nouns	nouns_038	Synchronsprecher / Synchronsprecherin	english	low	gloss	dubbing artist (both, no m/f marker)	voice actor (dubbing) / dubbing actor — add (m)/(f) as done elsewhere in the batch	"dubbing artist" is not the usual British term, and the pair loses the gender marking used for the Reisebüro entries.
nouns	nouns_038	Festivalbesuch	plural	high	plural	Festivalbesuch	Festivalbesuche	der Besuch → die Besuche; singular copied into the plural field.
nouns	nouns_038	AGB	flags	medium	junk	die AGB, plural AGB, no flag	mark `pluraleTantum` (die AGB, occasionally AGBs); expand as Allgemeine Geschäftsbedingungen	it is an initialism of a plural noun phrase, not a countable singular; presented here as a normal singular noun.
nouns	nouns_038	Datenschutzbestimmung	english	low	gloss	privacy policy	data-protection provision/regulation (plural *Datenschutzbestimmungen* = privacy policy)	the singular is one clause; "privacy policy" as a document is *Datenschutzerklärung*.
nouns	nouns_038	Firmenkunde	plural	high	plural	Firmenkunde, no `weak` flag	Firmenkunden, flag `weak`	n-declension noun (der Kunde, den Kunden); the plural field repeats the singular.
nouns	nouns_038	Sofort-Überweisung	word	low	junk	die Sofort-Überweisung	die Sofortüberweisung	written solid in German; also effectively a payment-provider brand name.
nouns	nouns_038	Versandart	plural	high	plural	Versandart	Versandarten	die Art → die Arten; singular copied into the plural field.
nouns	nouns_038	Zahlungsart	plural	high	plural	Zahlungsart	Zahlungsarten	die Art → die Arten; singular copied into the plural field.
nouns	nouns_038	Zwischensumme	plural	high	plural	Zwischensumme	Zwischensummen	die Summe → die Summen; singular copied into the plural field.
nouns	nouns_038	Kunstexperte	flags	low	plural	no `weak` flag (plural Kunstexperten is right)	flag `weak`	n-declension noun; the batch flags Ethnologe but not this one, so oblique singular forms will be generated wrongly.
nouns	nouns_038	Radiosprecher / Radiosprecherin	english	low	gloss	radio announcer	radio presenter/announcer	"announcer" is the US-leaning term; British usage is "presenter".
nouns	nouns_038	Tierbild	plural	high	plural	Tierbild	Tierbilder	das Bild → die Bilder; singular copied into the plural field.
nouns	nouns_038	Tiermalerei	plural	medium	plural	Tiermalerei	— (mass/genre noun; *Tiermalereien* only for individual works)	plural field repeats the singular and the noun is essentially uncountable as glossed.
nouns	nouns_038	Urlaubsgruß	plural	high	plural	Urlaubsgruße	Urlaubsgrüße	missing umlaut — der Gruß → die Grüße.
nouns	nouns_038	Urlaubstyp	english	medium	gloss	type of vacationer/holiday type	type of holidaymaker/holiday type	"vacationer" is American; this bank is British English.
nouns	nouns_038	Reisebüro-Mitarbeiter / -Mitarbeiterin	word	low	junk	hyphenated Reisebüro-Mitarbeiter(in)	Reisebüromitarbeiter(in)	no hyphen in standard German compounding here.
nouns	nouns_038	Solarpanel	plural	medium	plural	Solarpanele	Solarpanels (or lemma *das Solarpaneel* → Solarpaneele)	hybrid form — the English loan *Panel* pluralises with -s; only the germanised *Paneel* takes -e.
nouns	nouns_038	Kasus	plural	medium	plural	—	Kasus (unchanged, long -u:)	a real plural exists (die Kasus); "—" wrongly marks it as uncountable.
nouns	nouns_038	Ehegattin	english	low	gloss	wife	spouse (f)/wife (formal, legal register)	Ehegattin is legal/formal register; plain "wife" is *Frau/Ehefrau* and hides the register difference.
nouns	nouns_038	Wortstamm	english	low	gloss	stem	word stem/root	bare "stem" is ambiguous out of a linguistics context.
nouns	nouns_038	Chemikerin	english	low	gloss	chemist	chemist (scientist)	in British English "chemist" first reads as pharmacist/pharmacy; the scientist sense needs marking.
nouns	nouns_038	Kitesurfen, Hasilein, Ticketwahl, Hardrock, Pop	plural	medium	plural	literal string `None` in the plural field	`—`	a Python `None` has leaked into the data instead of the no-plural marker; the app will display "None" as the plural.
verbs	verbs_001	wenden	praeteritum	high	verbform	irregular, `wandte` / `gewandt`, gloss "turn/apply to"	for the first glossed sense (turn a car, turn a page, turn food) the verb is weak: `wendete` / `gewendet`; `wandte/gewandt` belongs only to *sich an jdn wenden* / *anwenden*	two verbs in one entry — the everyday concrete sense is given the wrong (strong) conjugation.
verbs	verbs_001	auftauchen	auxiliary	high	aux	`UNSET` (app renders "hat"), gloss "appear/emerge"	`sein` — *er ist plötzlich aufgetaucht*	change of state / appearance verb; "hat aufgetaucht" is wrong.
verbs	verbs_001	begeben	auxiliary	high	aux	`sein`, gloss "go/proceed"	`haben` — *er hat sich auf den Weg begeben*; gloss should read "sich begeben — go/proceed/make one's way"	reflexive-only verb, and reflexives always take *haben*.
verbs	verbs_001	angehen	auxiliary	medium	aux	`sein`, gloss "concern/tackle"	`haben` — *das hat mich nicht angegangen*, *er hat das Problem angegangen*	*sein* applies only to the unglossed intransitive sense "start up / come on (light, fire)"; both glossed transitive senses take *haben*.
verbs	verbs_001	hängen	praeteritum	medium	verbform	irregular `hing` / `gehangen`, gloss just "hang"	split senses — intransitive "be hanging" = `hing/gehangen`; transitive "hang (sth) up" = weak `hängte/gehängt`	with a bare gloss the learner will produce "ich habe das Bild gehangen", which is wrong.
verbs	verbs_001	senden	praeteritum	medium	verbform	irregular `sandte` / `gesandt`, gloss "send/broadcast"	the "broadcast" sense is weak only (`sendete/gesendet`); for "send" the weak forms are also the commoner modern ones	strong forms are wrong for one of the two glossed senses.
verbs	verbs_001	schaffen	praeteritum	medium	verbform	`schuf` / `geschaffen` with gloss naming both conjugations, CEFR A1	the A1 sense is "manage/get done" = weak `schaffte/geschafft`; that should be the form pair carried in the fields	the drilled forms belong to the rarer literary sense "create", so the app teaches the wrong forms for the learner sense.
verbs	verbs_001	bestehen	english	medium	gloss	"exist/consist of/insist on"	add and front the core learner sense: "pass (an exam)/consist of/exist"	*eine Prüfung bestehen* is the A2 use and is missing entirely.
verbs	verbs_001	erscheinen	english	medium	gloss	"appear/publish"	"appear/be published/come out"	*erscheinen* is intransitive; it never means "to publish (something)" — that is *veröffentlichen*.
verbs	verbs_001	befinden	english	medium	gloss	"be located"	"sich befinden — be located/be situated"	reflexive-only in this sense; bare *befinden* means "judge/rule".
verbs	verbs_001	eignen	english	medium	gloss	"be suitable"	"sich eignen (für) — be suitable"	reflexive-only; the bare lemma does not occur.
verbs	verbs_001	kümmern	english	medium	gloss	"take care of"	"sich kümmern um — take care of/see to"	reflexive + preposition are obligatory.
verbs	verbs_001	befassen	english	medium	gloss	"deal with"	"sich befassen mit — deal with/be concerned with"	reflexive-only.
verbs	verbs_001	auseinandersetzen	english	medium	gloss	"deal with/examine"	"sich auseinandersetzen mit — engage with/examine critically"	reflexive-only in this sense.
verbs	verbs_001	auswirken	english	medium	gloss	"have an effect"	"sich auswirken (auf) — have an effect on"	reflexive-only.
verbs	verbs_001	erstrecken	english	medium	gloss	"extend/stretch"	"sich erstrecken — extend/stretch (over)"	reflexive-only.
verbs	verbs_001	bemühen	english	medium	gloss	"make an effort/try"	"sich bemühen (um) — make an effort/try"	reflexive-only in this sense.
verbs	verbs_001	verhalten	english	medium	gloss	"behave"	"sich verhalten — behave/act"	reflexive-only; bare *verhalten* is only the adjective "restrained".
verbs	verbs_001	bewerben	english	medium	gloss	"apply"	"sich bewerben (um/bei) — apply (for a job)"	transitive *bewerben* means "advertise/promote"; the glossed sense needs the reflexive.
verbs	verbs_001	lohnen	english	low	gloss	"be worth it"	"sich lohnen — be worth it (es lohnt sich)"	overwhelmingly reflexive in modern usage.
verbs	verbs_001	bewegen	praeteritum	low	verbform	regular only, "move"	note the strong homograph `bewog/bewogen` "induce, prompt (sb to do sth)"	two verbs share the lemma; the missing one is rarer but idiomatically frequent in written German.
verbs	verbs_001	umgehen	english	low	gloss	separable, `ging um` / `umgegangen` / `sein`, "deal with/handle"	forms are right for this sense; add the inseparable verb *umgéhen, umging, hat umgangen* "avoid, circumvent"	the commoner written sense is missing and has a different conjugation and auxiliary.
verbs	verbs_001	starten	auxiliary	low	aux	`sein`	`sein` intransitive (*das Flugzeug ist gestartet*) but `haben` transitive (*er hat das Programm gestartet*)	gloss "start" covers both; app will render "ist" for the transitive use. uncertain: yes
verbs	verbs_001	rücken	auxiliary	low	aux	`UNSET` → "hat", gloss "move"	intransitive *rücken* takes `sein` (*er ist zur Seite gerückt*); transitive takes *haben*	bare gloss "move" reads as the intransitive, for which "hat" is wrong. uncertain: yes
verbs	verbs_001	unterliegen	auxiliary	low	aux	`haben`, gloss "be subject to"	acceptable for "be subject to", but the common sense "be defeated" takes `sein` (*er ist unterlegen*)	one auxiliary cannot cover both senses; consider glossing only the *haben* sense. uncertain: yes
verbs	verbs_001	treten	auxiliary	low	aux	`sein`, gloss "step/kick"	`sein` for "step", `haben` for transitive "kick" (*er hat ihn getreten*)	gloss mixes the two valencies. uncertain: yes
verbs	verbs_001	aufweisen	english	low	gloss	"feature"	"exhibit/show/have (a feature)"	single-word gloss is thin and reads as the noun.
verbs	verbs_001	verfügen	english	low	gloss	"have/possess"	"verfügen über — have at one's disposal; (formal) decree, order"	the obligatory *über* is missing and plain "have" invites *haben* substitution.
verbs	verbs_001	engagieren	english	low	gloss	"engage/hire"	add "sich engagieren — be actively involved/committed", the dominant German sense	the commonest use is missing.
verbs	verbs_001	hoffen	english	low	gloss	"hope/trust"	"hope (auf — hope for)"	"trust" is not a normal rendering of *hoffen*.
verbs	verbs_001	bilden	english	low	gloss	"educate/form"	"form/constitute/educate"	the primary sense is "form"; "educate" first misleads.
verbs	verbs_001	verbessern	english	low	gloss	"correct/improve"	"improve/correct"	wrong sense fronted.
verbs	verbs_001	fordern	english	low	gloss	"challenge/demand"	"demand/call for/challenge"	wrong sense fronted.
verbs	verbs_001	behandeln	english	low	gloss	"cover/treat"	"treat/deal with/cover"	wrong sense fronted; "cover" alone is opaque.
verbs	verbs_001	vorbeugen	english	low	gloss	"lean forward/prevent"	"prevent (+dat)/sich vorbeugen — lean forward"	the reflexive minor sense is fronted over the standard one.
verbs	verbs_001	üben, ausüben, ausfüllen	english	low	gloss	"practice" (üben), "exercise/practice" (ausüben), "fill in/fill out" (ausfüllen)	British verb spelling "practise"; drop the American "fill out" and keep "fill in"	grouped Britishness fixes — this batch is otherwise consistently British (analyse, organise, recognise, emphasise, fulfil).
verbs	verbs_001	CEFR far too low (grouped)	cefr	low	cefr	A1 on untersuchen, betreuen, vereinbaren, orientieren, aufstellen, formulieren, zuordnen, vermuten, variieren, unterstreichen, verwenden, ergänzen, berichten, besichtigen	B1–B2 for these	none is A1 vocabulary; A1 tagging will surface them far too early.
verbs	verbs_001	CEFR far too high (grouped)	cefr	low	cefr	C1 on betrachten, bezeichnen, entsprechen, beziehen, drohen, aktivieren, ausbilden, identifizieren, verringern, vorlegen	B1–B2 for these	all are common mid-level verbs; C1 hides them.
verbs	verbs_001	CEFR missing (grouped)	cefr	low	cefr	`-` on 47 entries — betragen, eignen, verpflichten, übertragen, bereitstellen, aufweisen, einreichen, gebären, anschauen, erteilen, abstimmen, entnehmen, unterliegen, deaktivieren, begrenzen, gebieten, versehen, rücken, aktualisieren, verzeichnen, beurteilen, einlösen, verhalten, zurückgreifen, abbilden, erstrecken, generieren, koordinieren, fertigen, erlangen, einleiten, versenden, aussuchen, platzieren, agieren, bergen, erproben, hervorgehen, berechtigen, verschicken, aufklären, zusammenkommen, verfassen, entlasten, reflektieren, vorbehalten, erstatten(check)	assign a level (most are B1–C1)	unlevelled entries cannot be scheduled by CEFR filters.
verbs	verbs_002	stürzen	auxiliary	high	aux	UNSET (app shows "hat"), gloss "fall/overthrow"	sein for the primary sense — *er ist gestürzt*	the leading sense is intransitive motion/change of state; only the transitive "overthrow" takes haben.
verbs	verbs_002	anreisen	auxiliary	high	aux	UNSET → "hat"	sein — *wir sind gestern angereist*	verb of motion, always sein.
verbs	verbs_002	schlüpfen	auxiliary	high	aux	UNSET → "hat"	sein — *das Küken ist geschlüpft*, *er ist in die Schuhe geschlüpft*	motion / change of state.
verbs	verbs_002	flüchten	auxiliary	high	aux	UNSET → "hat"	sein — *sie sind ins Ausland geflüchtet*	motion verb; cf. *fliehen* in this same batch, correctly marked sein.
verbs	verbs_002	schrumpfen	auxiliary	high	aux	UNSET → "hat"	sein — *die Wirtschaft ist geschrumpft*	change of state, no transitive use.
verbs	verbs_002	platzen	auxiliary	high	aux	UNSET → "hat"	sein — *der Reifen ist geplatzt*	change of state.
verbs	verbs_002	gelangen	auxiliary	high	aux	UNSET → "hat"	sein — *er ist zum Ziel gelangt*	motion/arrival verb, sein only.
verbs	verbs_002	strömen	auxiliary	high	aux	UNSET → "hat"	sein — *die Menschen sind auf die Straße geströmt*	directed motion.
verbs	verbs_002	erlöschen	auxiliary	high	aux	haben	sein — *das Feuer ist erloschen*, *die Lizenz ist erloschen*	change of state; haben is impossible here. Forms erlosch/erloschen are right.
verbs	verbs_002	befallen	auxiliary	high	aux	sein	haben — *die Krankheit hat ihn befallen*	purely transitive verb; sein is ungrammatical.
verbs	verbs_002	schienen	word	high	junk	lemma "schienen", gloss "seem/seemed"	delete — the form is the Präteritum plural of *scheinen*; the real verb *schienen* means "to splint (a limb)"	corpus junk with a gloss that teaches a non-existent infinitive for "to seem".
verbs	verbs_002	anfahren	english	high	gloss	"begin driving/collide/driving", aux sein	"set off (in a vehicle) [sein] / run into, knock down (sb) [haben] / snap at (sb) [haben]"	"driving" is not a translation at all, "collide" reverses the transitive sense, and the two transitive senses take haben.
verbs	verbs_002	stemmen	english	high	gloss	"lift/mortice/mortise"	"brace (oneself) against / lift (weights) / cope with"	the joinery sense is obscure and is given twice in two spellings (British rule: one form only); the everyday *sich gegen etwas stemmen* is missing.
verbs	verbs_002	durchlaufen	praeteritum	medium	verbform	lief durch / durchgelaufen / sein, gloss "go through/pass through"	two verbs — separable *dúrchlaufen* (lief durch, ist durchgelaufen, "run through") vs inseparable *durchláufen* (durchlief, hat durchlaufen, "go through, undergo a process")	the gloss matches the inseparable verb, the forms and auxiliary the separable one.
verbs	verbs_002	übergehen	praeteritum	medium	verbform	ging über / übergegangen / sein, gloss "pass/skip over"	separable *übergehen* (ging über, ist übergegangen, "pass, transition") vs inseparable *übergéhen* (überging, hat übergangen, "skip, ignore sb")	"skip over" belongs to the inseparable verb, which has different forms and takes haben.
verbs	verbs_002	wiegen	type	medium	verbform	irregular, wog/gewogen, "weigh"	add the weak homonym *wiegen* (wiegte, gewiegt) = "rock, cradle"	one entry hides two verbs with different conjugations.
verbs	verbs_002	weichen	type	medium	verbform	irregular, wich/gewichen/sein, "give way/soften/wane"	strong *weichen* (wich, ist gewichen) = "yield, give way"; the weak *weichen* (weichte, hat geweicht) = "soak, soften" is a separate verb	"soften" belongs to the weak verb, so the listed forms are wrong for that sense.
verbs	verbs_002	backen	praeteritum	medium	verbform	buk	backte	*buk* is archaic/literary; an A2 learner should be taught *backte*.
verbs	verbs_002	anhaben / vorhaben / innehaben	type	medium	verbform	all three "regular" with no forms	irregular — hatte an / angehabt, hatte vor / vorgehabt, hatte inne / innegehabt	compounds of *haben* inherit its irregular conjugation; "regular" implies *habte*.
verbs	verbs_002	eintauchen	auxiliary	medium	aux	UNSET → "hat", gloss "dive in/immerse"	sein for the leading intransitive sense — *er ist ins Wasser eingetaucht*	only the transitive "immerse" takes haben.
verbs	verbs_002	wandeln	auxiliary	medium	aux	sein	haben for the live sense — *sich hat gewandelt*; sein only for the literary "stroll"	the auxiliary is set for the archaic sense while the gloss leads with "change".
verbs	verbs_002	rollen	auxiliary	medium	aux	UNSET → "hat"	sein when intransitive — *der Ball ist gerollt*	bare gloss "roll" reads as intransitive, where haben is wrong.
verbs	verbs_002	spazieren	auxiliary	medium	aux	UNSET → "hat"	sein — *sie ist durch den Park spaziert*	motion verb; also worth noting the lemma is almost always used as *spazieren gehen*.
verbs	verbs_002	durchstarten	auxiliary	medium	aux	UNSET → "hat"	sein — *das Flugzeug ist durchgestartet*	intransitive motion/change of state.
verbs	verbs_002	listen	word	medium	junk	lemma "listen", gloss "list"	drop in favour of *auflisten*	marginal IT anglicism, and the form is a nasty homograph trap for an English speaker.
verbs	verbs_002	erwachsen	cefr	medium	cefr	verb *erwachsen* (erwuchs, ist erwachsen) "arise", tagged A2	C1/C2, or drop	the verb is literary; at A2 the learner only knows the adjective "adult", so this entry actively misleads.
verbs	verbs_002	zurückzahlen	english	medium	gloss	"reimburse"	"repay/pay back"	"reimburse" is *erstatten*; the ordinary sense is missing.
verbs	verbs_002	schärfen	english	medium	gloss	"focus/sharpen/spice up"	"sharpen (a blade)/heighten (awareness)"	core sense buried second and "spice up" is not a sense of *schärfen*.
verbs	verbs_002	aufziehen	english	medium	gloss	"delude/open/raise"	"raise (a child)/wind up (a clock)/tease"	"delude" is wrong, and the main sense "raise" is placed last.
verbs	verbs_002	aufarbeiten	english	medium	gloss	"refurbish"	add "come to terms with, process (the past, a backlog)"	the dominant modern sense (*die Vergangenheit aufarbeiten*) is missing.
verbs	verbs_002	versagen	english	medium	gloss	"abstain/deny/fail"	"fail/refuse (sb sth)"	"abstain" is not a sense, and the primary meaning is listed third.
verbs	verbs_002	begleichen	english	medium	gloss	"acquit/balance/pay"	"settle, pay (a bill)"	"acquit" is *freisprechen*; wrong sense leads.
verbs	verbs_002	abführen	english	medium	gloss	"evacuate/pay/walk off"	"lead away (a suspect)/pay over (money)/act as a laxative"	two of the three glosses are wrong or unintelligible.
verbs	verbs_002	ausblenden	english	medium	gloss	"blend out/fade out/hide"	"fade out/hide, block out"	"blend out" is a German-English calque, not English.
verbs	verbs_002	scheuen	english	medium	gloss	"fight shy/shrink/shun"	"shy away from, avoid (*keine Mühe scheuen*)"	all three glosses are archaic or misleading for the normal use.
verbs	verbs_002	zurechtfinden	english	medium	gloss	"get along"	"find one's way around (sich zurechtfinden)"	"get along" suggests interpersonal relations, which is *zurechtkommen/sich vertragen*.
verbs	verbs_002	reizen	english	medium	gloss	"appeal/arouse/chafe"	"irritate (skin, sb)/provoke/appeal to"	the core sense "irritate, provoke" is absent.
verbs	verbs_002	verkehren	english	medium	gloss	"circulate/deal/interact"	"run (of buses/trains)/associate with sb"	the transport sense — by far the commonest — is missing.
verbs	verbs_002	vernichten	english	medium	gloss	"annihilate"	"destroy/wipe out"	single high-register gloss for an ordinary B2 verb.
verbs	verbs_002	CEFR tagged far too easy	cefr	medium	cefr	recherchieren A1, wiedergeben A1, vermieten A1, überweisen A1, genehmigen A2, entlassen A2, erfragen A2, vortragen A2	B1–C1 range	all are formal/bureaucratic or abstract verbs no A1/A2 syllabus contains.
verbs	verbs_002	CEFR tagged far too hard	cefr	low	cefr	lehren C1, jagen C1, formen C1, rühren C1, strahlen C1, reißen C1, blockieren C1, angreifen C1	A2–B2	everyday verbs pushed to C1.
verbs	verbs_002	Reflexive-only senses not marked	english	low	gloss	bewähren "prove itself", wohlfühlen "feel comfortable", anfühlen "feel", einigen "agree/unite", auskennen "be familiar with", entschließen "decide", erholen "recover/relax", verlieben "fall in love", abzeichnen "become apparent", weigern "decline/refuse", tummeln "romp/hurry"	mark each as *sich …* in the gloss	without *sich* the learner produces *ich weigere*, *ich erhole* etc.; all correctly take haben.
verbs	verbs_002	Glosses appear alphabetised, so the primary sense is not first	english	low	gloss	nominieren "designate/nominate", riskieren "hazard/risk", renovieren "refurbish/renovate", tagen "dawn/meet", zustellen "block/deliver", gießen "cast/pour/water", abmelden "give notice of/log out", halbieren "bisect/halve", entwenden "purloin/steal", abschätzen "anticipate/estimate/foresee", zurückbleiben "linger/stagnate/stay behind", niederlassen "let down/lower/settle down", freistellen "dismiss/exempt/…", einbrechen "break down/break in/…", schöpfen "create/draw (water)", erwärmen "take to/warm up", abarbeiten "process/slave/slave away", ansteuern "head/steer/strive", zuwenden "devote/donate/turn towards", vorführen "demonstrate/exhibit/pillory", herausarbeiten "bring out/carve out/struggle out", hemmen "block/dam/hamper", verstauen "stack/stow", blühen "bloom/blossom/come up"	put the learner's sense first and drop the stray ones ("struggle out", "dam", "stack", "come up", "strive" are not senses of these verbs)	alphabetical ordering repeatedly promotes an obscure or wrong sense above the useful one.
verbs	verbs_002	Mixed-auxiliary verbs left UNSET where the intransitive reading needs sein	auxiliary	low	aux	tauchen, trocknen, abkühlen, heilen, münden all UNSET → "hat"; aufbrechen and ausziehen/umziehen marked sein though their transitive/reflexive senses take haben	split the senses or note both auxiliaries	*die Wunde ist geheilt*, *die Wäsche ist getrocknet*, but *er hat die Tür aufgebrochen*, *sie hat sich umgezogen*.
verbs	verbs_002	anziehen	english	low	gloss	"attract/dress" at A1	"put on (clothes), get dressed / attract"	at A1 the clothing sense is the one being taught.
verbs	verbs_002	umstellen	type	low	verbform	single regular entry "switch/rearrange"	also inseparable *umstéllen* (hat umstellt) "surround, encircle"	two stress patterns with different meanings.
verbs	verbs_002	missen	word	low	junk	"miss/do without"	drop, or restrict to the fixed phrase *nicht missen wollen*	outside that idiom the verb is not used; learners need *vermissen* (already present at rank 800).
verbs	verbs_002	bremsen	english	low	gloss	"brake/retard/slow down"	"brake/slow down"	"retard" is not idiomatic English here and reads badly.
verbs	verbs_002	prämieren	english	low	gloss	"award a prize/give an award/grant an award"	"award a prize to"	three restatements of one sense.
verbs	verbs_002	nachfragen	english	low	gloss	"inquire/follow up"	"enquire/ask (again)"	British English prefers *enquire* for asking a question.
verbs	verbs_002	starkmachen	word	low	junk	one-word lemma "starkmachen"	*sich stark machen für* (written separately)	post-1996 orthography writes this as two words; gloss also omits the reflexive.
verbs	verbs_003	durchbrechen	praeteritum	high	verbform	brach durch / durchgebrochen / sein / "appear/break in two/break through"	two verbs — separable *dúrchbrechen* (brach durch, durchgebrochen, sein/haben) "break in two"; inseparable *durchbréchen* (durchbrach, durchbrochen, haben) "break through/breach"	separable forms are paired with the inseparable verb's meaning; "appear" first is wrong.
verbs	verbs_003	verborgen	word	high	junk	verborgen, regular, gloss "hidden"	remove — this is the past participle/adjective of *verbergen*	a participle-adjective is being taught as an infinitive; the rare verb *verborgen* means "lend out", not "hidden".
verbs	verbs_003	radeln	auxiliary	high	aux	UNSET (renders "hat"), "bike/cycle/ride a bicycle"	sein ("ist geradelt"); gloss "cycle/ride a bicycle"	verb of motion takes *sein*; "bike" is American and is placed first.
verbs	verbs_003	erwachen	auxiliary	high	aux	UNSET → "hat erwacht"	sein — "ist erwacht"	change of state; *erwachen* never takes haben.
verbs	verbs_003	bestreben	word	high	junk	bestreben, "endeavor/endeavour"	drop the lemma (only *bestrebt sein* / das Bestreben exist); if kept, gloss "endeavour" only	not a usable free-standing verb, and the gloss carries both the American and British spelling.
verbs	verbs_003	schlendern	auxiliary	high	aux	UNSET → "hat", "mooch/stroll"	sein ("ist geschlendert"); gloss "stroll/saunter"	verb of motion takes *sein*; "mooch" is US slang for scrounge and is misleading first.
verbs	verbs_003	durchdringen	auxiliary	high	aux	durchdrang / durchdrungen / sein	haben — inseparable *durchdríngen* is transitive ("hat durchdrungen"); only the separable *drang durch / durchgedrungen* takes sein	inseparable forms are given with the separable verb's auxiliary.
verbs	verbs_003	überziehen	praeteritum	high	verbform	zog über / übergezogen, gloss "cover/overdraw"	überzog / überzogen (inseparable) for "cover/overdraw"; separable zog über / übergezogen = "put on (clothing)"	separable forms are attached to the inseparable verb's meanings.
verbs	verbs_003	entspringen	auxiliary	high	aux	haben	sein — "ist entsprungen"	both senses (originate from, escape) take *sein*.
verbs	verbs_003	abrutschen	auxiliary	high	aux	UNSET → "hat"	sein — "ist abgerutscht"	motion/change of position takes *sein*.
verbs	verbs_003	marschieren	auxiliary	high	aux	UNSET → "hat"	sein — "ist marschiert"	verb of directed motion.
verbs	verbs_003	schwinden	auxiliary	high	aux	haben	sein — "ist geschwunden"	change of state (dwindle/fade) takes *sein*.
verbs	verbs_003	einen	word	high	junk	einen, "unite", A2	remove	corpus artefact from the article/pronoun *einen*; the verb is rare/literary and certainly not A2.
verbs	verbs_003	erliegen	auxiliary	high	aux	haben	sein — "ist erlegen"	*erliegen* (succumb) takes *sein* throughout.
verbs	verbs_003	hüpfen	auxiliary	high	aux	UNSET → "hat"	sein — "ist gehüpft"	verb of motion.
verbs	verbs_003	überfallen	auxiliary	high	aux	sein	haben — "hat überfallen"	transitive inseparable verb; *sein* is impossible.
verbs	verbs_003	umreißen	praeteritum	high	verbform	riss um / umgerissen, gloss "outline/sketch"	umriss / umrissen (inseparable) for "outline"; separable riss um / umgerissen = "knock over"	forms belong to the other verb of the pair.
verbs	verbs_003	erschrecken	praeteritum	high	verbform	erschrak / erschrocken / sein, gloss "frighten/scare/startle"	transitive "frighten sb" = erschreckte / hat erschreckt; the strong forms given mean "be frightened" (ist erschrocken)	entry hides two verbs and pairs the intransitive forms with transitive glosses.
verbs	verbs_003	abklingen	auxiliary	high	aux	haben	sein — "ist abgeklungen"	change of state (subside/wear off).
verbs	verbs_003	entweichen	auxiliary	high	aux	haben	sein — "ist entwichen"	escape/leak out takes *sein*.
verbs	verbs_003	vorbeiziehen	auxiliary	high	aux	haben	sein — "ist vorbeigezogen"	intransitive motion past something; haben only for the rare transitive use.
verbs	verbs_003	dabeihaben	type	high	verbform	regular (app will generate "dabeihabte/dabeigehabt-regular")	irregular — hatte dabei / dabeigehabt	compound of *haben*, which is irregular.
verbs	verbs_003	mithaben	type	high	verbform	regular	irregular — hatte mit / mitgehabt	compound of *haben*; also a marginal lemma (colloquial only).
verbs	verbs_003	kippen	auxiliary	medium	aux	UNSET → "hat", "cant/overturn/tilt"	intransitive "tip over" = sein ("ist gekippt"); gloss "tilt/tip over/pour"	only the transitive use takes haben, and "cant" is an obscure first sense.
verbs	verbs_003	beziffern	english	medium	gloss	amount to/come to/estimate	put a figure on/quantify; *sich beziffern auf* = amount to	the first two glosses only work reflexively, so the transitive core sense is missing.
verbs	verbs_003	erstrahlen	auxiliary	medium	aux	UNSET → "hat"	sein — "ist erstrahlt"	inchoative *er-* verb (begin to shine) takes *sein*.
verbs	verbs_003	umsehen	english	medium	gloss	browse/look around	sich umsehen — look around/have a look round	reflexive-only verb not marked as such, and "browse" is a poor first sense.
verbs	verbs_003	abwenden	praeteritum	medium	verbform	wandte ab / abgewandt, gloss "avert" first	"avert (danger)" = wendete ab / abgewendet; wandte ab / abgewandt = "turn away"	two conjugations with a meaning split; the listed forms do not match the first gloss.
verbs	verbs_003	winken	english	medium	gloss	beckon/expect/wave	wave/beckon	"wave" is the core sense and is buried; "expect" is wrong (only in *jdm winkt etwas* = be in store for sb).
verbs	verbs_003	erklimmen	english	medium	gloss	achieve/clamber/reach	climb (up)/scale	the basic meaning "climb" is missing and a figurative sense leads.
verbs	verbs_003	entstammen	auxiliary	medium	aux	UNSET → "hat"	sein — "ist einer alten Familie entstammt"	Duden gives Perfekt with *sein*.
verbs	verbs_003	lächeln	english	medium	gloss	grin/smile	smile	"grin" (= grinsen) is placed before the actual meaning.
verbs	verbs_003	mitfahren	english	medium	gloss	drive/go/ride	come along (as a passenger)/get a lift/ride with sb	"drive" reverses the meaning — the subject is not driving.
verbs	verbs_003	kreisen	english	medium	gloss	circle/circumgyrate, A1	circle/orbit/revolve; CEFR B1–B2	"circumgyrate" is not usable English and A1 is far too low.
verbs	verbs_003	quälen	english	medium	gloss	harry/put about/torture	torment/torture; sich quälen = struggle	"harry" and "put about" are not renderings of *quälen*.
verbs	verbs_003	spendieren	english	medium	gloss	pay for/spend	treat sb to/stand sb (a drink)	"spend" is *ausgeben* — a false rendering.
verbs	verbs_003	umbringen	english	medium	gloss	commit suicide/kill/kill oneself	kill/murder; sich umbringen = kill oneself	the reflexive-only sense is placed first.
verbs	verbs_003	zerlegen	cefr	medium	cefr	A1, "analyse/cut up/dismantle"	B2; gloss "dismantle/take apart/carve up"	a technical verb tagged as beginner vocabulary, with an abstract sense first.
verbs	verbs_003	beschneiden	english	medium	gloss	circumcise/cut/trim	trim/prune/curtail (circumcise as a later sense)	a marginal sense leads and will mislead learners.
verbs	verbs_003	abtreten	auxiliary	medium	aux	sein, "cede/step down/resign"	"cede/hand over" = haben; sein only for "step down/exit"	the auxiliary matches the third gloss, not the first.
verbs	verbs_003	anfreunden	english	medium	gloss	accept/befriend/get used to	sich anfreunden (mit) — make friends with; sich mit etw anfreunden = warm to sth	reflexive-only verb, and "accept" is not a translation of it.
verbs	verbs_003	entsenden	type	medium	verbform	regular	mixed/irregular — entsandte / entsandt	*senden*-compound; "entsendete" is not the usual form.
verbs	verbs_003	absterben	english	medium	gloss	necrotise	die off/wither; (of limbs) go numb	only a medical technicalism is offered for an everyday verb.
verbs	verbs_003	eskalieren	auxiliary	medium	aux	UNSET → "hat"	sein for the intransitive sense — "ist eskaliert"	the usual learner use (a situation escalates) takes *sein*.
verbs	verbs_003	andenken	word	medium	junk	andenken, dachte an / angedacht, "think of/commemorate"	remove, or gloss "float/начать to consider (a plan)" — the glosses given belong to *an jdn denken* and *das Andenken*	bureaucratic back-formation whose glosses come from two different words.
verbs	verbs_003	fortfahren	auxiliary	medium	aux	sein, "continue/drive away"	"continue (mit etw)" = haben; sein only for "drive off"	the auxiliary contradicts the primary gloss.
verbs	verbs_003	weihen	english	medium	gloss	be bound/be destined/consecrate	consecrate/dedicate/ordain	two participle idioms precede the actual verb meaning.
verbs	verbs_003	missachten	english	medium	gloss	despise/disregard/flout	disregard/ignore/flout	"despise" is *verachten* — wrong translation in first position.
verbs	verbs_003	avancieren	auxiliary	medium	aux	UNSET → "hat"	sein — "ist zum Leiter avanciert"	change of state.
verbs	verbs_003	ertönen	auxiliary	medium	aux	UNSET → "hat"	sein — "ist ertönt"	inchoative *er-* verb.
verbs	verbs_003	befeuern	english	medium	gloss	be lighted/fire upon/fuel	fuel/fire (a boiler); figuratively: spur on	"be lighted" is broken English and cannot be a verb gloss.
verbs	verbs_003	zurückschrecken	auxiliary	medium	aux	regular, UNSET → "hat"	sein — "ist vor nichts zurückgeschreckt"; strong Präteritum *schrak zurück* also current	intransitive change of state takes *sein*.
verbs	verbs_003	anlangen	auxiliary	medium	aux	UNSET → "hat"	"arrive" = sein ("ist angelangt")	the first gloss is a motion sense.
verbs	verbs_003	bahnen	english	medium	gloss	pave (a road)	sich einen Weg bahnen — clear/force a path	literal road-paving is *asphaltieren*; the gloss teaches the wrong use.
verbs	verbs_003	dehnen	english	medium	gloss	dilate/expand/extend	stretch (also: lengthen a vowel)	the core meaning "stretch" is absent.
verbs	verbs_003	eilen	auxiliary	medium	aux	UNSET → "hat"	"hurry (somewhere)" = sein; haben only for "be urgent"	the motion sense is the one learners need.
verbs	verbs_003	schmeißen	english	medium	gloss	chuck/deal/drop	throw/chuck (colloquial)	the basic sense "throw" is missing.
verbs	verbs_003	abtauchen	auxiliary	medium	aux	UNSET → "hat"	sein — "ist abgetaucht"	motion/change of state.
verbs	verbs_003	stillen	english	low	gloss	allay/breastfeed/calm	breastfeed; quench (thirst)/satisfy	obscure "allay" leads.
verbs	verbs_003	anstecken	english	low	gloss	attach/become infected/broach	infect; sich anstecken = catch (an illness); pin on	main sense not first; "broach (a barrel)" is archaic.
verbs	verbs_003	täuschen	english	low	gloss	be mistaken/deceive/delude	deceive/mislead; sich täuschen = be mistaken	the reflexive sense is placed first without marking.
verbs	verbs_003	antun	english	low	gloss	cause/do/dress	do (sth to sb); sich etwas antun = harm oneself	"dress" is not a sense of *antun*.
verbs	verbs_003	klarmachen	english	low	gloss	to get ready (a ship)/to make clear	make clear/explain; (nautical) make ready	nautical sense first, and the "to …" infinitive marker is inconsistent with the rest of the bank.
verbs	verbs_003	mahnen	english	low	gloss	admonish/dun/exhort	send a payment reminder; urge/warn	"dun" is archaic and the commercial sense (Mahnung) is missing.
verbs	verbs_003	dringen	english	low	gloss	insist/penetrate	penetrate/get through (auf etw dringen = insist, with haben)	sense listed first uses a different auxiliary from the one given.
verbs	verbs_003	ausschelten	word	low	junk	ausschelten, "scold"	prefer *ausschimpfen*/*schelten*	dated and very rare for a rank-1510 slot.
verbs	verbs_003	zusichern	english	low	gloss	pledge/reassure	assure sb of sth/guarantee	"reassure" is *beruhigen*.
verbs	verbs_003	einkehren	english	low	gloss	come/set in/stop off	stop off (at an inn); (of peace/quiet) descend	bare "come" is uninformative and leads.
verbs	verbs_003	einstimmen	english	low	gloss	tune	join in (singing); put sb in the mood for	gloss misses both live senses.
verbs	verbs_003	verorten	english	low	gloss	file/locate	locate/situate/place	"file" is misleading in first position.
verbs	verbs_003	verrechnen	english	low	gloss	enter/miscalculate/offset	offset/set off against; sich verrechnen = miscalculate	vague "enter" first; reflexive sense unmarked.
verbs	verbs_003	umschreiben	english	low	verbform	umschrieb / umschrieben, "circumscribe/paraphrase"	also note separable *úmschreiben* (schrieb um, umgeschrieben) = rewrite/transfer	forms and gloss are consistent, but the commoner separable verb is hidden.
verbs	verbs_003	überschlagen	english	low	gloss	calculate/calculate roughly/crack	estimate roughly; sich überschlagen = somersault/turn over	duplicated gloss and "crack" is opaque.
verbs	verbs_003	spicken	english	low	gloss	bribe/cheat/lard	lard/stuff; (figurative) pepper with	culinary core sense last.
verbs	verbs_003	gutmachen	english	low	gloss	correct	make up for/make good	"correct" is not what *gutmachen* means.
verbs	verbs_003	vermessen	english	low	gloss	cross the line/map/survey	survey/measure; sich vermessen = presume	idiom placed before the technical core sense.
verbs	verbs_003	anklagen	english	low	gloss	accuse/attach/charge	accuse/charge/indict	"attach" is not a sense of *anklagen*.
verbs	verbs_003	fernhalten	english	low	gloss	avert/keep away/parry	keep away/keep at a distance	"parry" is *parieren/abwehren*.
verbs	verbs_003	entgegensetzen	english	low	gloss	counter/oppose/reply	counter/set against/oppose	"reply" is wrong.
verbs	verbs_003	trotzen	english	low	gloss	affront/brave/defy	defy/brave/stand up to	"affront" is not a rendering of *trotzen*.
verbs	verbs_003	nachsagen	english	low	gloss	repeat	jdm etw nachsagen — say sth of sb/attribute sth to sb; also repeat after sb	main idiomatic use missing.
verbs	verbs_003	synchronisieren	english	low	gloss	synchronise	add "dub (a film)"	the commonest German use of the word is missing.
verbs	verbs_003	auslagern	english	low	gloss	relocate	outsource; move to storage	the modern business sense "outsource" is missing.
verbs	verbs_003	spülen	english	low	gloss	rinse	rinse; wash up (dishes); flush	the everyday sense (Geschirr spülen) is missing.
verbs	verbs_003	lügen	english	low	gloss	lie	lie/tell a lie	bare "lie" is ambiguous with *liegen* for an English speaker.
verbs	verbs_003	obscure or secondary sense placed first	english	low	gloss	zuschreiben "add by writing…", zusehen "make sure…", spinnen "be crazy…", gleiten "float…", segeln "glide…", kreuzen "beat about…", absenken "deepen/layer…", vereinigen "band/coalesce…", assoziieren "align/ally…", überlasten "overcharge…", überfluten "deluge…", predigen "call for…", billigen "agree/assent…", herabsetzen "abate…", aufdrehen "get going…", reiben "chafe…", beleidigen "affront…", verweilen "abide…", schnuppern "get a taste of…", verfehlen "fail…", belehren "correct…", hegen "have…", eindämmen "stem", ausgestalten "decorate…", reihen "heap", wegnehmen "take up", zurücklassen "maroon", fortbewegen "remove", profilieren "gain", bedauern "lament…", zurückschicken "return…", schleudern "catapult/fishtail…"	put the everyday sense first in each	learners see a rare or figurative reading before the core meaning.
verbs	verbs_003	broken English / typos in glosses	english	low	gloss	einstehen "take reponsibility for"; einatmen "breath in"; umrüsten "re-equipe"; erraten "guess/right"; großschreiben "capitalise/shift"; bedecken "bespread"; protokollieren "protocol" (as a verb)	responsibility; breathe in; re-equip; guess correctly; capitalise (drop "shift"); cover/overlay; minute/record	misspellings and non-English usages.
verbs	verbs_003	American forms / US term before British	english	low	gloss	besiegeln "finalize"; abschicken "mail/post"; schleppen "schlep"; beschenken "gift" (verb); kalkulieren "figure"; hinziehen "pull toward"; entgegenbringen "extend toward"	finalise; send off/post; lug/haul; give sb a present; work out; towards	the app is British English; one British form only.
verbs	verbs_003	dual-auxiliary verbs where the single auxiliary covers only one sense	auxiliary	low	aux	haben/UNSET on kollidieren, stürmen, ausrücken, pendeln, schleudern, flattern, krachen, verstopfen, auffrischen, hetzen; sein on verderben, einfrieren, zusammentreten, wegziehen, abfahren, scheiden, aufschlagen	note the second auxiliary (sein for the motion/change-of-state reading, haben for the transitive reading)	a single value hides the intransitive/transitive split; the sense given first sometimes takes the other auxiliary.
verbs	verbs_003	reflexive-only or predominantly reflexive verbs not marked	english	low	gloss	regen, wappnen, einmischen, verabreden, anstrengen, zurücklehnen, profilieren, bessern, annähern, zuspitzen, verteuern, aufspielen, ranken, ausruhen, paaren	prefix the gloss with "sich …" / add "(oneself)"	learners will use them transitively and produce ungrammatical German.
verbs	verbs_003	CEFR level clearly out of line	cefr	low	cefr	C1 on falten, wehen, scrollen, saugen, strecken, würzen, baumeln, hüpfen, bedauern, rocken; A1/A2 on shoppen, dabeihaben	roughly B1 for the C1 group; B1+ for the anglicisms/colloquialisms	everyday verbs pushed to C1 while marginal colloquialisms sit at A1/A2.
verbs	verbs_004	pumpen	english	low	gloss	lend/pump/weightlift	pump/(colloq.) lend, borrow	core sense "pump" is buried behind a colloquialism; "weightlift" is slang gym jargon.
verbs	verbs_004	schlängeln	english	medium	gloss	snake	sich schlängeln — wind, meander, snake (its way)	reflexive-only verb presented as a plain transitive; "snake" alone is unusable.
verbs	verbs_004	verlesen	english	medium	gloss	misread/prune/read out	read out (aloud)/sort, pick over; sich verlesen = misread	first sense is only available reflexively; the main sense "read out" is listed last.
verbs	verbs_004	verstreichen	auxiliary	high	aux	haben	sein (for the "elapse/expire" sense given first)	"die Zeit ist verstrichen"; only the "spread (paint)" sense takes haben.
verbs	verbs_004	versüßen	english	medium	gloss	make more attractive/make more pleasant/sugar over	sweeten; sweeten/brighten (fig.)	the literal core sense "sweeten" is missing entirely.
verbs	verbs_004	zünden	english	medium	gloss	detonate/fire/lit	ignite, light/detonate, fire	"lit" is a past form, not a gloss; the primary sense "ignite" is absent.
verbs	verbs_004	besinnen	english	medium	gloss	bethink/consider/contemplate	sich besinnen — reflect, think it over; remember	reflexive-only verb, and "bethink" is archaic and placed first.
verbs	verbs_004	großziehen	english	low	gloss	bring somebody up/educate/nurse	raise, bring up (a child)	"educate" and "nurse" are not senses of großziehen.
verbs	verbs_004	irren	auxiliary	low	aux	UNSET (→ hat)	haben for sich irren (be mistaken); sein for the motion sense "roam"	entry merges reflexive "be mistaken" with intransitive movement "wander". uncertain: yes
verbs	verbs_004	rösten	english	high	gloss	bake/broil/calcine	roast; toast (bread)	the two everyday senses are missing and the three given are wrong or technical.
verbs	verbs_004	abfinden	english	low	gloss	come to terms with/compensate	sich abfinden mit = come to terms with; jdn. abfinden = compensate, pay off	first sense is reflexive-only and not marked.
verbs	verbs_004	einleben	english	medium	gloss	immerse oneself/project oneself/settle down	sich einleben — settle in, get used to a new place	reflexive-only; "project oneself" is not a sense.
verbs	verbs_004	nahen	auxiliary	medium	aux	UNSET (→ hat)	sein	"der Winter ist genaht" — approach/change of position takes sein.
verbs	verbs_004	schlemmen	english	medium	gloss	gormandise/gourmandise	feast, eat lavishly, indulge	gloss offers only two spellings of one obscure word and no usable translation.
verbs	verbs_004	bummeln	auxiliary	low	aux	UNSET (→ hat)	sein in the movement sense ("wir sind durch die Stadt gebummelt"); gloss should lead with "stroll"	motion verb; "loiter" alone also misses the main sense. uncertain: yes
verbs	verbs_004	dirigieren	cefr	medium	cefr	A1	B2/C1	conducting an orchestra is not beginner vocabulary.
verbs	verbs_004	eingefrieren	word	high	verbform	eingefrieren / gefror ein / eingefroren / haben	einfrieren / fror ein / eingefroren; sein when intransitive ("der See ist eingefroren"), haben when transitive	the lemma itself is not a German word and the Präteritum doubles the ge-.
verbs	verbs_004	hochfahren	cefr	medium	cefr	boot | A1	start up/boot (a computer); jump up, start; drive up — B1/B2	A1 tag for a computing sense, and the everyday senses are missing (intransitive uses take sein).
verbs	verbs_004	tappen	auxiliary	low	aux	UNSET (→ hat)	sein for the movement sense; gloss better "grope/pad along (in the dark)"	verb of uncertain movement, normally "ist getappt". uncertain: yes
verbs	verbs_004	abzweigen	auxiliary	low	aux	UNSET (→ hat)	sein when intransitive ("der Weg ist abgezweigt"); haben for "put aside"	two-auxiliary verb, first gloss is the sein one. uncertain: yes
verbs	verbs_004	anbrechen	auxiliary	medium	aux	haben	sein for the intransitive senses given ("der Tag ist angebrochen"); haben only for "open (a packet)"	gloss leads with begin/break, which is the sein reading.
verbs	verbs_004	beisetzen	english	low	gloss	add/bury/entomb	inter, lay to rest, bury	"add" is a marginal technical sense placed first.
verbs	verbs_004	herausziehen	english	low	gloss	cull/move away/pull out	pull out, extract	alphabetical ordering puts two wrong/marginal senses ahead of the real one.
verbs	verbs_004	wackeln	english	low	gloss	bounce/judder/shake	wobble, be wobbly/shake	the defining sense "wobble" is missing.
verbs	verbs_004	beglückwünschen	english	medium	gloss	congratulate (someone on something)/felicitate (someone has been felicitated by somebody)	congratulate (sb. on sth.)	gloss contains a leaked example sentence.
verbs	verbs_004	durchfahren	auxiliary	high	aux	durchfuhr / durchfahren / sein	haben with these inseparable forms ("er hat die Stadt durchfahren"); the sein reading is the separable "fuhr durch / ist durchgefahren"	inseparable transitive forms paired with the separable verb's auxiliary.
verbs	verbs_004	glücken	auxiliary	high	aux	UNSET (→ hat)	sein ("es ist geglückt")	change-of-state verb, never takes haben.
verbs	verbs_004	schweifen	auxiliary	medium	aux	UNSET (→ hat); bend/curve/rove	sein; gloss "roam, wander (of eyes, thoughts)"	motion verb ("der Blick ist über das Tal geschweift"), and the technical "bend/curve" sense is listed first.
verbs	verbs_004	verschmutzen	english	medium	gloss	besmirch/make dirty/soil	pollute (the environment); make dirty, soil — sein when intransitive	the dominant modern sense "pollute" is missing.
verbs	verbs_004	zusammensitzen	english	medium	gloss	side by side/sit/together	sit together	gloss is shredded into three non-translations.
verbs	verbs_004	abwandern	auxiliary	high	aux	UNSET (→ hat)	sein ("die Fachkräfte sind abgewandert"); gloss better "migrate away, move away, leave"	motion verb; "emigrate" is auswandern.
verbs	verbs_004	brummen	english	medium	gloss	boom/flourish/growl	hum, drone, buzz; growl; (business) be booming	the core acoustic sense "hum/drone" is absent.
verbs	verbs_004	schleifen	type	high	verbform	regular; drag/drill/grind	two verbs — weak schleifen (schleifte, geschleift) = drag; strong schleifen (schliff, geschliffen) = grind, sharpen, polish	one entry hides both conjugations; the "grind" sense given is the strong verb, which is missing.
verbs	verbs_004	verschleiern	english	low	gloss	become blurred/become hazy/cover up	veil; disguise, obscure, cover up	literal "veil" missing, intransitive senses first.
verbs	verbs_004	vorschieben	english	low	gloss	pretext/push forward	push forward; use as a pretext	"pretext" is not an English verb.
verbs	verbs_004	zurückhaben	english	medium	gloss	back/got/have	have back, want back ("ich will mein Geld zurückhaben")	gloss is three stray words, no translation.
verbs	verbs_004	auffliegen	english	low	gloss	be busted	fly up; fly open; (of a plot) be blown, be busted	only the slang sense is given.
verbs	verbs_004	ausreifen	auxiliary	medium	aux	UNSET (→ hat)	sein ("der Plan ist ausgereift")	change-of-state verb.
verbs	verbs_004	benehmen	english	low	gloss	behave	sich benehmen — behave (oneself)	reflexive-only, not marked.
verbs	verbs_004	pilgern	auxiliary	medium	aux	UNSET (→ hat)	sein ("sie sind nach Rom gepilgert")	motion verb.
verbs	verbs_004	salzen	type	low	verbform	regular	mixed — participle gesalzen (weak gesalzt only in technical use)	standard participle is irregular. uncertain: yes
verbs	verbs_004	verdampfen	auxiliary	medium	aux	UNSET (→ hat); vaporise	sein when intransitive ("das Wasser ist verdampft"); gloss should include "evaporate"	intransitive change-of-state is the commoner reading and "evaporate" is missing.
verbs	verbs_004	verunglücken	english	medium	gloss	fail/go wrong/have an accident	have an accident, be killed/injured in an accident	the primary and only serious sense is placed last.
verbs	verbs_004	flanieren	auxiliary	low	aux	UNSET (→ hat)	sein ("wir sind durch die Stadt flaniert")	motion verb. uncertain: yes
verbs	verbs_004	überbieten	english	medium	gloss	one-up	outbid; surpass, beat, top	only a colloquialism; the auction and record senses are missing.
verbs	verbs_004	zurückverfolgen	english	low	gloss	dereference/retrace/trace back	trace back, retrace	"dereference" is programming jargon placed first.
verbs	verbs_004	abbrennen	auxiliary	medium	aux	haben	sein for the intransitive "burn down" given first ("das Haus ist abgebrannt"); haben for "burn off, let off (fireworks)"	two-auxiliary verb tagged with the wrong one for its lead sense.
verbs	verbs_004	abrücken	auxiliary	medium	aux	UNSET (→ hat)	sein for "march off, move away, distance oneself from"; haben only for transitive "move (a table) away"	intransitive senses dominate the gloss.
verbs	verbs_004	aufforsten	english	low	gloss	afforest	reforest, plant with trees	obscure term where a plain one exists.
verbs	verbs_004	rotieren	english	medium	gloss	go like crazy/gyrate/revolve	rotate, revolve, spin	the obvious cognate "rotate" is missing and slang comes first.
verbs	verbs_004	sausen	auxiliary	medium	aux	UNSET (→ hat)	sein for the motion sense ("er ist um die Ecke gesaust")	"speed" is a motion verb; only the "whistle (of wind)" sense takes haben.
verbs	verbs_004	scheren	type	medium	verbform	irregular schor/geschoren; care/mind/shear	strong scheren (schor, geschoren) = shear, clip; weak sich scheren (scherte, geschert) = care, bother; also "clear off"	two verbs merged, and the weak reflexive sense is listed first under strong forms.
verbs	verbs_004	abstrahlen	english	low	gloss	emit/influence/radiate	radiate, emit; blast-clean	"influence" is not a sense.
verbs	verbs_004	durchstreifen	english	medium	gloss	prowl/through/wander	roam, wander through, range over	"through" is a stray preposition, not a translation.
verbs	verbs_004	einlaufen	english	low	gloss	enter port/mould/shrink	shrink (of clothes); come in, enter (port, station); (of goods) arrive	"mould" is not a sense of einlaufen.
verbs	verbs_004	erstarren	auxiliary	high	aux	UNSET (→ hat)	sein ("er ist vor Schreck erstarrt")	change-of-state verb.
verbs	verbs_004	umfahren	english	medium	verbform	umfuhr / umfahren / bypass/drive round/round	keep inseparable umfahren = drive around, bypass; missing separable umfahren (fuhr um, hat umgefahren) = run over, knock down	classic two-verb pair; the separable "run over" verb is absent.
verbs	verbs_004	verhungern	auxiliary	high	aux	UNSET (→ hat)	sein ("er ist verhungert")	change-of-state; "starve to death" never takes haben.
verbs	verbs_004	vertun	english	low	gloss	be mistaken/busy/make a mistake	sich vertun — make a mistake, slip up	"busy" is not a sense; reflexive not marked.
verbs	verbs_004	wiederkehren	auxiliary	high	aux	UNSET (→ hat); go back	sein ("der Sommer ist wiedergekehrt"); gloss "return, come back; recur"	motion verb, and "go back" reverses the direction of the German.
verbs	verbs_004	zusteuern	auxiliary	medium	aux	UNSET (→ hat)	sein for "head for" ("wir sind auf die Krise zugesteuert")	motion verb.
verbs	verbs_004	abfassen	english	medium	gloss	bust/catch in the act/compose	draft, draw up, compose (a text)	the standard sense is last, behind two regional colloquialisms.
verbs	verbs_004	abstauben	english	low	gloss	dust/dust off/scold	dust, dust off; (colloq.) swipe, nab	"scold" is wrong.
verbs	verbs_004	anprobieren	english	low	gloss	try	try on (clothes)	bare "try" is misleading — that is versuchen/probieren.
verbs	verbs_004	aufschrecken	type	low	verbform	regular	weak transitive (schreckte auf, hat aufgeschreckt) = startle; strong intransitive (schrak auf, ist aufgeschreckt) = start, jump	intransitive strong conjugation with sein is missing. uncertain: yes
verbs	verbs_004	ausharren	english	medium	gloss	abide/hold out/patiently	hold out, persevere, wait patiently	"patiently" is an adverb, not a translation.
verbs	verbs_004	flirten	english	low	gloss	coquet/flirt	flirt	archaic "coquet" placed first.
verbs	verbs_004	hinsetzen	cefr	medium	cefr	C1	A1/A2	"sich hinsetzen — sit down" is beginner vocabulary.
verbs	verbs_004	umsiedeln	auxiliary	low	aux	UNSET (→ hat)	sein when intransitive ("sie sind umgesiedelt"); haben when transitive	two-auxiliary verb. uncertain: yes
verbs	verbs_004	versöhnen	english	medium	gloss	reconcile/resign	reconcile; sich versöhnen = make up (with sb.)	"resign" is wrong.
verbs	verbs_004	verziehen	english	low	gloss	disappear/distort/warp	pull out of shape, contort (the face); sich verziehen = warp, (colloq.) clear off; verziehen (move house) takes sein; also "spoil (a child)"	senses jumbled and the frequent "spoil (a child)" sense is absent.
verbs	verbs_004	wegschmeißen	english	medium	gloss	be in stitches/crack up/discard	throw away, chuck out; sich wegschmeißen (vor Lachen) = be in stitches	the plain sense is last and the idiom needs the reflexive.
verbs	verbs_004	wiederhaben	english	medium	gloss	back/got/have	have back, get back ("ich will es wiederhaben")	gloss is three stray words, no translation.
verbs	verbs_004	zirkulieren	auxiliary	low	aux	sein	haben ("das Blut hat zirkuliert")	standard German uses haben; sein is regional. uncertain: yes
verbs	verbs_004	abreisen	auxiliary	high	aux	UNSET (→ hat)	sein ("wir sind abgereist")	motion verb; a very common A2 word taught with sein.
verbs	verbs_004	einpreisen	english	low	gloss	determine the price structure/set the prices	price in, factor into the price	gloss describes the wrong action.
verbs	verbs_004	joggen	auxiliary	medium	aux	UNSET (→ hat)	sein ("ich bin gejoggt")	motion verb; sein is the standard perfect.
verbs	verbs_004	starren	english	medium	gloss	be covered/stare	stare, gaze fixedly	an obscure sense (starren vor Schmutz) precedes the only sense learners need.
verbs	verbs_004	vergnügen	english	medium	gloss	please	sich vergnügen — enjoy oneself, have a good time	reflexive-only verb glossed as a transitive "please".
verbs	verbs_004	verzweifeln	auxiliary	medium	aux	UNSET (→ hat)	sein ("ich bin daran verzweifelt")	change-of-state verb.
verbs	verbs_004	weggehen	cefr	low	cefr	C1	A2/B1	"go away, leave" is early vocabulary.
verbs	verbs_004	abstammen	english	low	gloss	descend	be descended from, originate from	bare "descend" reads as "go down"; the verb is only used with von.
verbs	verbs_004	auferstehen	auxiliary	high	aux	haben	sein ("Christus ist auferstanden")	change-of-state verb; haben is impossible here.
verbs	verbs_004	durchlassen	english	medium	gloss	leak/let get away someone/let off somebody	let through, let pass; leak (of a roof)	gloss is ungrammatical English and misses the core sense.
verbs	verbs_004	freisprechen	english	medium	gloss	exculpate	acquit (in court); absolve	the legal term learners need, "acquit", is missing.
verbs	verbs_004	heulen	english	low	gloss	bawl/blubber/hoot	howl (wind, wolf, siren); cry, weep	both core senses missing behind three colloquialisms.
verbs	verbs_004	konzertieren	english	low	gloss	concert/give a concert	give a concert, perform	"concert" is not an English verb in this sense.
verbs	verbs_004	krabbeln	auxiliary	medium	aux	UNSET (→ hat)	sein ("das Baby ist gekrabbelt")	motion verb.
verbs	verbs_004	mutieren	auxiliary	low	aux	UNSET (→ hat); crack/mutate	sein for the biological sense ("das Virus ist mutiert"); gloss "mutate; (of a voice) break"	main sense takes sein and is listed second. uncertain: yes
verbs	verbs_004	rudern	auxiliary	low	aux	UNSET (→ hat)	sein when covering distance ("wir sind über den See gerudert")	motion verb, two-auxiliary. uncertain: yes
verbs	verbs_004	stranden	auxiliary	high	aux	UNSET (→ hat)	sein ("wir sind in Rom gestrandet")	change-of-state/position verb, never haben.
verbs	verbs_004	abschießen	english	medium	gloss	fire/get drunk/oust	shoot down (a plane), shoot (an animal); fire, launch	"get drunk" is not a sense and "shoot down" is missing.
verbs	verbs_004	einwickeln	english	medium	gloss	envelop/fool/hoodwink	wrap (up); (colloq.) take in, hoodwink	the everyday sense "wrap up" is missing.
verbs	verbs_004	flüstern	english	medium	gloss	susurrate/whisper	whisper	an all-but-unknown English word is placed before the plain equivalent in an A2 entry.
verbs	verbs_004	schränken	word	medium	junk	schränken = restrict	drop, or gloss as the carpentry term "set (saw teeth)"; the verb meaning "restrict" is einschränken	bare schränken is not a live lemma in this sense — the gloss belongs to einschränken.
verbs	verbs_004	verenden	auxiliary	high	aux	UNSET (→ hat)	sein ("das Tier ist verendet")	change-of-state verb.
verbs	verbs_004	verstauben	auxiliary	high	aux	UNSET (→ hat)	sein ("die Bücher sind verstaubt")	change-of-state verb.
verbs	verbs_004	zutragen	english	medium	gloss	befall	carry to, report, tell (tales); sich zutragen = happen, occur	"befall" is wrong for both readings.
verbs	verbs_004	anfressen	english	low	gloss	build up/erode/nibble at	nibble at, gnaw at; corrode, eat away	"build up" is the opposite of the meaning.
verbs	verbs_004	inhalieren	cefr	low	cefr	A1	B1/B2	medical register, not beginner vocabulary.
verbs	verbs_004	lizenzieren	english	low	gloss	licence	license (verb); the noun is licence	in British English the verb is spelt with -s-, so the gloss is misspelt as a verb.
verbs	verbs_004	übergießen	english	medium	verbform	goss über / übergegossen; dash/douse/spill	separable übergießen (goss über, ist/hat übergegossen) = spill over; inseparable übergießen (übergoss, hat übergossen) = pour over, douse	separable forms given but the glosses "douse/pour over" belong to the inseparable verb.
verbs	verbs_004	untertauchen	auxiliary	medium	aux	UNSET (→ hat); submerge	sein when intransitive ("er ist untergetaucht"); gloss should add "go into hiding, disappear"	intransitive sein reading is the commonest use and its figurative sense is missing.
verbs	verbs_004	anbrennen	auxiliary	medium	aux	haben	sein for the intransitive "burn" given first ("das Essen ist angebrannt"); haben for "light, kindle"	two-auxiliary verb tagged for the wrong lead sense.
verbs	verbs_004	auflassen	english	medium	gloss	close down/convey away/keep open	leave open, keep on (a hat); close down (a mine)	"convey away" is not English and the senses contradict each other unexplained.
verbs	verbs_004	ausreißen	english	low	gloss	tear out	tear out, pull out; (intransitive, with sein) run away, bolt	the frequent intransitive "run away" sense — which takes sein — is missing.
verbs	verbs_004	fernbleiben	auxiliary	high	aux	haben	sein ("er ist der Schule ferngeblieben")	bleiben and all its compounds take sein.
verbs	verbs_004	American spellings / mixed BrE+AmE pairs	english	low	gloss	lahmlegen "paralyze"; düngen "fertilize"; bannen "enthrall"; wiederwählen "reelect"; ankreuzen "tick/check"; abhaken "check off"; konservieren "can"; duschen "have a shower/shower/take a shower"; abzahlen "pay in installments/pay in instalments"	paralyse; fertilise; enthral; re-elect; tick; tick off; tin/preserve; have a shower; pay in instalments	app is British English; also one form only per gloss (abzahlen carries both spellings, ankreuzen/abhaken carry the AmE variant alongside).
verbs	verbs_005	hierbleiben	auxiliary	high	aux	haben ("hat hiergeblieben")	sein ("ist hiergeblieben")	bleiben and all its compounds take sein.
verbs	verbs_005	losziehen	auxiliary	high	aux	haben	sein ("ist losgezogen")	verb of motion/departure.
verbs	verbs_005	rinnen	auxiliary	high	aux	haben ("hat geronnen")	sein ("ist geronnen")	intransitive flow verb; sein throughout.
verbs	verbs_005	aneinandergeraten	auxiliary	high	aux	haben	sein ("sind aneinandergeraten")	geraten compounds always take sein.
verbs	verbs_005	durcheinandergeraten	auxiliary	high	aux	haben	sein ("ist durcheinandergeraten")	same geraten rule.
verbs	verbs_005	dahinschmelzen	auxiliary	high	aux	haben	sein ("ist dahingeschmolzen")	change of state, intransitive only.
verbs	verbs_005	überkommen	auxiliary	medium	aux	sein; gloss "come down/come over/handed down"	haben ("Ekel hat ihn überkommen"); gloss "come over sb (feeling)"	transitive with accusative object, so haben; "handed down" belongs to the participial adjective *überkommen* only.
verbs	verbs_005	erhärten	auxiliary	medium	aux	sein; gloss "harden"	haben for the main sense; gloss should lead with "corroborate/substantiate (a suspicion)"	the everyday use is *einen Verdacht erhärten* (haben); only the concrete/technical "set hard" sense takes sein.
verbs	verbs_005	herunterbrechen	auxiliary	medium	aux	sein	haben for "break down (into parts)" — "hat heruntergebrochen"	sein only fits the marginal "fall off" reading; the glossed main sense is transitive.
verbs	verbs_005	zustoßen	auxiliary	medium	aux	haben, gloss "attack/happen to/join"	sein for "happen to" ("ihm ist etwas zugestoßen")	one entry hides a haben-verb (thrust/attack) and a sein-verb (befall).
verbs	verbs_005	purzeln	auxiliary	high	aux	UNSET → "hat gepurzelt"	sein ("ist gepurzelt")	intransitive motion/fall.
verbs	verbs_005	übersiedeln	auxiliary	high	aux	UNSET	sein ("ist übersiedelt")	change of location.
verbs	verbs_005	verkümmern	auxiliary	high	aux	UNSET	sein ("ist verkümmert")	change of state, intransitive only.
verbs	verbs_005	sprinten	auxiliary	high	aux	UNSET	sein ("ist gesprintet")	verb of motion.
verbs	verbs_005	verstummen	auxiliary	high	aux	UNSET	sein ("ist verstummt")	change of state; ver-…-en inchoative.
verbs	verbs_005	rasen	auxiliary	high	aux	UNSET → "hat gerast"	sein ("ist gerast")	common A2 motion verb — high-frequency error for a learner.
verbs	verbs_005	düsen	auxiliary	medium	aux	UNSET	sein ("ist gedüst")	colloquial motion verb.
verbs	verbs_005	einmarschieren	auxiliary	high	aux	UNSET	sein ("ist einmarschiert")	directed motion.
verbs	verbs_005	verarmen	auxiliary	high	aux	UNSET	sein ("ist verarmt")	inchoative change of state.
verbs	verbs_005	erblinden	auxiliary	high	aux	UNSET	sein ("ist erblindet")	change of state.
verbs	verbs_005	ausrutschen	auxiliary	high	aux	UNSET	sein ("ist ausgerutscht")	everyday verb, sein only.
verbs	verbs_005	verrotten	auxiliary	high	aux	UNSET	sein ("ist verrottet")	change of state.
verbs	verbs_005	zerschellen	auxiliary	high	aux	UNSET	sein ("ist zerschellt")	intransitive change of state only.
verbs	verbs_005	verwaisen	auxiliary	high	aux	UNSET	sein ("ist verwaist")	change of state.
verbs	verbs_005	verhallen	auxiliary	medium	aux	UNSET	sein ("ist verhallt")	change of state (die away).
verbs	verbs_005	durchsickern	auxiliary	high	aux	UNSET	sein ("ist durchgesickert")	sein even in the figurative "news leaked" use.
verbs	verbs_005	sickern	auxiliary	medium	aux	UNSET	sein ("ist gesickert")	intransitive movement of liquid.
verbs	verbs_005	driften	auxiliary	medium	aux	UNSET	sein ("ist gedriftet")	motion.
verbs	verbs_005	flitzen	auxiliary	medium	aux	UNSET	sein ("ist geflitzt")	motion.
verbs	verbs_005	hasten	auxiliary	medium	aux	UNSET	sein ("ist gehastet")	motion.
verbs	verbs_005	hoppeln	auxiliary	medium	aux	UNSET	sein ("ist gehoppelt")	motion.
verbs	verbs_005	absacken	auxiliary	medium	aux	UNSET	sein ("ist abgesackt")	intransitive sinking/dropping.
verbs	verbs_005	aufrücken	auxiliary	medium	aux	UNSET	sein ("ist aufgerückt")	motion/promotion, intransitive.
verbs	verbs_005	vorrücken	auxiliary	medium	aux	UNSET	sein for the intransitive "advance" ("ist vorgerückt")	only the transitive "move sth forward" takes haben, and the gloss is intransitive.
verbs	verbs_005	vorpreschen	auxiliary	medium	aux	UNSET	sein ("ist vorgeprescht")	motion.
verbs	verbs_005	heranrücken	auxiliary	medium	aux	UNSET	sein for the glossed intransitive "approach/draw near"	haben only for transitive "move sth closer".
verbs	verbs_005	ausarten	auxiliary	medium	aux	UNSET	sein ("ist ausgeartet")	change of state.
verbs	verbs_005	einknicken	auxiliary	medium	aux	UNSET	sein for intransitive "buckle" ("ist eingeknickt")	intransitive collapse.
verbs	verbs_005	auftauen	auxiliary	medium	aux	UNSET, gloss "thaw" (ambiguous)	sein when intransitive ("das Fleisch ist aufgetaut"), haben when transitive	gloss gives no clue, so the learner is taught only the haben half.
verbs	verbs_005	aufweichen	auxiliary	medium	aux	UNSET, gloss leads with intransitive "become soft"	sein for the intransitive sense ("ist aufgeweicht")	gloss's first sense is the sein one.
verbs	verbs_005	aushärten	auxiliary	medium	aux	UNSET, gloss "age/cure/harden"	sein for intransitive "cure/set" ("ist ausgehärtet")	normal technical use is intransitive.
verbs	verbs_005	abstumpfen	auxiliary	medium	aux	UNSET, gloss "blunt"	sein for intransitive "become blunt / become desensitised"; add that sense	the common (figurative) use is intransitive with sein.
verbs	verbs_005	ausheilen	auxiliary	medium	aux	UNSET, gloss "be cured/cure completely/heal"	sein for intransitive "heal up" ("ist ausgeheilt")	first gloss sense is intransitive.
verbs	verbs_005	abbrausen	auxiliary	medium	aux	UNSET, gloss "shower off; rush off"	sein for "rush off" ("ist abgebraust"), haben for "shower off"	two auxiliaries hidden in one entry.
verbs	verbs_005	durchdrehen	auxiliary	low	aux	UNSET	sein is at least as common for "freak out" ("ist durchgedreht")	mixed usage; haben-only is misleading.
verbs	verbs_005	aufscheinen	auxiliary	low	aux	haben	sein ("ist aufgeschienen") per Duden	inchoative appearance verb.
verbs	verbs_005	durchsuchten	word	high	junk	lemma "durchsuchten"	"durchsuchen" (inseparable: durchsuchte / durchsucht, no ge-)	the lemma is a Präteritum-plural form, not an infinitive — corpus junk.
verbs	verbs_005	unterschlagen	praeteritum	high	verbform	"schlug unter" / "untergeschlagen" with gloss "embezzle/suppress"	inseparable "unterschlug" / "unterschlagen"	separable *únterschlagen* means "cross (one's legs)"; the glossed sense is inseparable and has no ge-.
verbs	verbs_005	zurückwollen	type	medium	verbform	regular, forms blank; gloss "get back/go back/return"	irregular (modal): "wollte zurück" / "zurückgewollt"; gloss should say "want to go back"	wollen is a mixed/irregular modal (ich will), and the sibling entries wegmüssen/zurückmüssen are correctly tagged irregular; the gloss also drops the modal "want".
verbs	verbs_005	wegwollen	type	medium	verbform	regular, forms blank	irregular: "wollte weg" / "weggewollt"	same modal-verb issue.
verbs	verbs_005	guthaben	type	medium	verbform	regular, forms blank → generator yields *guthabte*	irregular: "hatte gut" / "gutgehabt"	haben is irregular.
verbs	verbs_005	auserkiesen	word	medium	junk	"auserkiesen", erkor aus / auserkoren, gloss "choose"	drop the entry (or list *auserkoren* as an adjective/participle)	dead archaic strong verb; only the participle survives, and the citation form is unusable for a learner.
verbs	verbs_005	überbacken	praeteritum	low	verbform	"überbuk"	"überbackte" (buk is archaic)	modern backen is weak in the past.
verbs	verbs_005	schrecken	type	low	verbform	regular, "frighten"	note the strong intransitive *schrecken* (schrak, ist geschreckt = "start/be startled") alongside the weak transitive	two conjugations in one entry.
verbs	verbs_005	abhauen	praeteritum	low	verbform	haute ab / abgehauen, sein, gloss "cut off/run away"	two verbs — "run away" (haute ab, ist abgehauen) vs "chop off" (hieb/haute ab, hat abgehauen)	one entry hides different aux and past forms; the glossed first sense takes haben.
verbs	verbs_005	zeihen	word	low	junk	zieh / geziehen, "accuse"	drop; use *bezichtigen*/*beschuldigen* (already in the bank)	fully archaic verb, unusable at any CEFR level.
verbs	verbs_005	benützen	word	low	junk	"benützen" = use	duplicate of *benutzen* (southern/Austrian variant)	variant lemma duplicating a live word.
verbs	verbs_005	einlernen	word	low	junk	"einlernen" = train/teach	duplicate of *anlernen* (rank 2922) with an identical gloss; rare/regional	redundant lemma.
verbs	verbs_005	resignieren	english	high	gloss	"resign"	"give up/lose heart, become resigned" (≠ resign from a post = kündigen/zurücktreten)	unwarned false friend that teaches the wrong meaning outright.
verbs	verbs_005	krankmachen	english	high	gloss	"make sick/sicken"	"call in sick / throw a sickie (feign illness)"	as one word it is the colloquial "skive off work"; "make sick" is the two-word *krank machen*.
verbs	verbs_005	schlürfen	english	high	gloss	"sip"	"slurp (drink noisily)"	"sip" is *nippen*; the noisiness is the whole point of schlürfen.
verbs	verbs_005	zuvorkommen	english	medium	gloss	"anticipate"	"beat sb to it / forestall / pre-empt (jdm zuvorkommen)"	"anticipate" reads as *vorhersehen* and hides the dative object.
verbs	verbs_005	verputzen	english	medium	gloss	"parget/plaster/scarf"	"plaster/render (a wall); polish off (food)"	"parget" is archaic and "scarf" is US slang misused for BrE "scoff".
verbs	verbs_005	brüllen	english	medium	gloss	"bellow/bray/holler"	"roar/yell/shout (also: bawl, of a child)"	core sense missing; "bray" is donkey-specific and "holler" is US colloquial.
verbs	verbs_005	tönen	english	medium	gloss	"boast/resound/sound"	"tint/colour (hair); sound/resound" — "boast" last if at all	the everyday sense (Haare tönen) is absent and a marginal sense leads.
verbs	verbs_005	spucken	english	medium	gloss	"puke/spit/throw up"	"spit (also colloquially: be sick)"	primary sense should lead; "puke" is wrong-register for the core meaning.
verbs	verbs_005	verloben	english	medium	gloss	"affiance/become engaged/betroth"	"get engaged (sich verloben)"	two archaic words placed before the usable sense.
verbs	verbs_005	frisieren	english	low	gloss	"do the hair/fudge/hairdress"	"style/do sb's hair; doctor (accounts), tune up (an engine)"	"hairdress" is not an English verb.
verbs	verbs_005	zusammenfalten	english	low	gloss	"chide/fold"	"fold up" first; "tell off" only as colloquial figurative	marginal sense placed first.
verbs	verbs_005	aussteuern	english	low	gloss	"disqualify/endow/modulate"	three unrelated technical senses; at minimum lead with "adjust the gain/level (audio)"	unusable grab-bag of specialist senses.
verbs	verbs_005	erbrechen	english	low	gloss	"break/vomit"	"vomit/be sick" first; "force open" is archaic	ordering.
verbs	verbs_005	abhandenkommen	english	low	gloss	"get lost/go missing/lose"	drop "lose" — the verb is intransitive with a dative ("mir ist … abhandengekommen")	transitive gloss invites a wrong construction.
verbs	verbs_005	herbeirufen	english	low	gloss	"call/cite/summon"	"call over/summon"	"cite" is a legal false lead.
verbs	verbs_005	stauchen	english	low	gloss	"compress/upset"	"compress/squash (also: tell sb off)"	"upset" here is an opaque metalworking term.
verbs	verbs_005	auslachen	english	low	gloss	"jeer at/laugh at/stop laughing"	"laugh at sb / make fun of sb"	"stop laughing" is *sich auslachen*, a different construction.
verbs	verbs_005	mästen	english	low	gloss	"batten/cram/fatten"	"fatten (up)"	"batten" is archaic in this sense.
verbs	verbs_005	einfetten	english	low	gloss	"grease/lotion"	"grease/oil; rub cream into"	"lotion" is not an English verb.
verbs	verbs_005	denunzieren	english	low	gloss	"denounce/denunciate"	"denounce/inform on sb"	"denunciate" is not current English.
verbs	verbs_005	bewalden	english	low	gloss	"forest"	"afforest/plant with trees"	"forest" as a verb is marginal.
verbs	verbs_005	absahnen	english	low	gloss	"skim"	"cream off / rake it in"	colloquial figurative sense missing; identical bare gloss to *abschöpfen*.
verbs	verbs_005	beteuern	english	low	gloss	"asseverate/assure"	"insist/protest/assure"	obscure word first.
verbs	verbs_005	abstreiten	english	low	gloss	"deny/gainsay"	"deny/dispute"	"gainsay" archaic (also in *entgegenhalten*).
verbs	verbs_005	lästern	english	low	gloss	"backbite/blaspheme/malign"	"badmouth/gossip maliciously (über jdn); blaspheme"	everyday sense buried behind archaic words.
verbs	verbs_005	naschen	english	low	gloss	"graze/snack"	"nibble sweets/have a sneaky nibble"	sweet-specific meaning lost.
verbs	verbs_005	destillieren	english	low	gloss	"distil/distillate"	"distil"	"distillate" is a noun.
verbs	verbs_005	reanimieren	english	low	gloss	"reanimate"	"resuscitate"	medical sense mistranslated by a cognate.
verbs	verbs_005	kaputtmachen	english	low	gloss	"break/kill oneself/smash"	"break/wreck; wear oneself out (sich kaputtmachen)"	"kill oneself" overshoots.
verbs	verbs_005	absegnen	english	low	gloss	"bless/grant"	"rubber-stamp/give one's blessing to (approve)"	main modern use is bureaucratic approval.
verbs	verbs_005	anheften	english	low	gloss	"attach/baste/decorate"	"pin on/tack on; tack (sewing)"	"decorate" misleads.
verbs	verbs_005	lähmen, kanalisieren, vergesellschaften, beäugen, munkeln, auftanken, wegschicken, ausrasten, beichten	english	low	gloss	"paralyze"; "canalize"; "socialize; collectivize"; "scrutinize"; "be rumored"; "gas" (= fill up); "mail"; "go postal"; "fess up"	"paralyse"; "canalise"; "socialise; collectivise"; "scrutinise"; "be rumoured"; drop "gas"; "post"; drop "go postal"; "own up"	app uses British English; the last two are US slang with no BrE equivalent given.
verbs	verbs_005	abspalten, auseinanderhalten	english	low	gloss	"to separate/to split off"; "to distinguish/to tell apart"	bare infinitives ("separate/split off"; "distinguish/tell apart")	stray "to" markers, inconsistent with the rest of the bank.
verbs	verbs_005	entledigen, mühen, solidarisieren, auflehnen, hinwegsetzen, gegenübersehen, scharen, verkneifen, betrinken, abgewöhnen, befreunden	english	low	gloss	glosses give no hint that the verb is reflexive ("get rid of", "make an effort", "show solidarity", "rebel/revolt", "disregard something", "be confronted with", "cluster", "resist", "get drunk", "give up", "befriend")	mark the reflexive/case pattern, e.g. "sich einer Sache entledigen — get rid of sth", "sich auflehnen (gegen) — rebel against"	reflexive-only or reflexive-in-this-sense verbs are unusable without the *sich*.
verbs	verbs_005	wegräumen (A1), nummerieren (A1), verplanen (A2)	cefr	low	cefr	A1/A1/A2 on ranks 2829/2970/3395	roughly B1 (wegräumen, nummerieren), B2+ (verplanen)	rank-3000 vocabulary tagged at beginner level.
verbs	verbs_006	entschwinden	auxiliary	high	aux	haben	sein — "ist entschwunden"	intransitive verb of motion/disappearance, sein only.
verbs	verbs_006	aufbleiben	auxiliary	high	aux	haben	sein — "ist aufgeblieben"	all *bleiben* compounds take sein.
verbs	verbs_006	steckenbleiben	auxiliary	high	aux	haben	sein — "ist stecken geblieben"	*bleiben* compound. (Also: post-1996 spelling is "stecken bleiben", and the gloss has a stray back-tick apostrophe in "one´s".)
verbs	verbs_006	verklingen	auxiliary	high	aux	haben	sein — "ist verklungen"	intransitive change-of-state (*klingen*-compound, fade away).
verbs	verbs_006	vorschießen	auxiliary	high	aux	sein	haben — "hat das Geld vorgeschossen"	the glossed sense (advance money) is transitive, so haben; sein would only fit a literal "shoot forward" reading.
verbs	verbs_006	wegbrechen	auxiliary	medium	aux	haben	sein for the glossed intransitive sense — "die Umsätze sind weggebrochen"	intransitive collapse/break away takes sein; haben only for the rare transitive "break off sth".
verbs	verbs_006	aufsitzen	auxiliary	medium	aux	haben	sein for "mount" and "be taken in" — "ist aufs Pferd aufgesessen", "ist einem Betrüger aufgesessen"	only the "stay up / sit up" reading takes haben; two of the three glossed senses need sein.
verbs	verbs_006	beschlagen	auxiliary	medium	aux	haben	sein for the first-listed sense — "die Scheiben sind beschlagen"	intransitive "fog up/steam up" takes sein; haben belongs to the transitive "shoe (a horse)" verb. Entry hides two uses with different auxiliaries.
verbs	verbs_006	losbrechen	auxiliary	medium	aux	haben	sein for "break out" — "ein Sturm ist losgebrochen"	intransitive onset sense takes sein; haben only for transitive "break off".
verbs	verbs_006	erschallen	auxiliary	medium	aux	haben	sein — "ist erschollen"	intransitive; standard perfect uses sein.
verbs	verbs_006	festfahren	auxiliary	low	aux	sein	haben in the normal reflexive use — "hat sich festgefahren"	the glossed "get stuck" is usually reflexive, and reflexives take haben.
verbs	verbs_006	entgleisen	auxiliary	high	aux	UNSET → "hat entgleist"	sein — "der Zug ist entgleist"	sein-only intransitive.
verbs	verbs_006	verfaulen	auxiliary	high	aux	UNSET	sein — "ist verfault"	change of state, sein only.
verbs	verbs_006	huschen	auxiliary	high	aux	UNSET	sein — "ist durchs Zimmer gehuscht"	verb of motion, sein only.
verbs	verbs_006	entwischen	auxiliary	high	aux	UNSET	sein — "ist entwischt"	motion/escape, sein only.
verbs	verbs_006	kentern	auxiliary	high	aux	UNSET	sein — "das Boot ist gekentert"	change of state, sein only.
verbs	verbs_006	einströmen	auxiliary	high	aux	UNSET	sein — "ist eingeströmt"	directional motion, sein only.
verbs	verbs_006	straucheln	auxiliary	high	aux	UNSET	sein — "ist gestrauchelt"	motion/stumble, sein only.
verbs	verbs_006	stapfen	auxiliary	high	aux	UNSET	sein — "ist durch den Schnee gestapft"	directional motion.
verbs	verbs_006	hochklettern	auxiliary	high	aux	UNSET	sein — "ist hochgeklettert"	directional motion.
verbs	verbs_006	preschen	auxiliary	high	aux	UNSET	sein — "ist losgeprescht"	rapid motion, sein.
verbs	verbs_006	abdriften	auxiliary	medium	aux	UNSET	sein — "ist abgedriftet"	motion.
verbs	verbs_006	umherstreifen	auxiliary	medium	aux	UNSET	sein — "ist umhergestreift"	motion.
verbs	verbs_006	umherreisen	auxiliary	medium	aux	UNSET	sein — "ist umhergereist"	motion.
verbs	verbs_006	durchreisen	auxiliary	medium	aux	UNSET	sein for the separable/intransitive use — "ist durchgereist"	only the inseparable transitive "ein Land durchreisen" takes haben.
verbs	verbs_006	galoppieren	auxiliary	medium	aux	UNSET	sein — "ist galoppiert"	motion.
verbs	verbs_006	schlittern	auxiliary	medium	aux	UNSET	sein — "ist geschlittert"	motion.
verbs	verbs_006	stolzieren	auxiliary	medium	aux	UNSET	sein — "ist stolziert"	motion.
verbs	verbs_006	torkeln	auxiliary	medium	aux	UNSET	sein — "ist getorkelt"	motion.
verbs	verbs_006	hereinspazieren	auxiliary	medium	aux	UNSET	sein — "ist hereinspaziert"	motion.
verbs	verbs_006	vorauseilen	auxiliary	medium	aux	UNSET	sein — "ist vorausgeeilt"	motion.
verbs	verbs_006	zurollen	auxiliary	medium	aux	UNSET	sein — "ist auf ihn zugerollt"	directional motion.
verbs	verbs_006	erstarken	auxiliary	medium	aux	UNSET	sein — "ist erstarkt"	change of state.
verbs	verbs_006	erkalten	auxiliary	medium	aux	UNSET	sein — "ist erkaltet"	change of state.
verbs	verbs_006	vereisen	auxiliary	medium	aux	UNSET	sein for the glossed intransitive "freeze over" — "ist vereist"	haben only for the transitive medical/technical "ice, freeze-spray" use.
verbs	verbs_006	zersplittern	auxiliary	medium	aux	UNSET	sein — "ist zersplittert"; also gloss order: "shatter/splinter" before "dissipate"	intransitive change of state; "dissipate" is a marginal figurative sense placed first.
verbs	verbs_006	splittern	auxiliary	medium	aux	UNSET	sein — "ist gesplittert"	change of state.
verbs	verbs_006	ausufern	auxiliary	medium	aux	UNSET	sein — "ist ausgeufert"	change of state/spread.
verbs	verbs_006	welken	auxiliary	medium	aux	UNSET; gloss "dry/fade/wilt"	sein — "ist gewelkt"; put "wilt/wither" first	change of state; "dry" is not the core sense.
verbs	verbs_006	türmen	auxiliary	medium	aux	UNSET	sein for the colloquial "run away/do a bunk" — "ist getürmt"	the flight sense is sein; only "pile up" is haben. Two auxiliaries in one entry.
verbs	verbs_006	einnicken	auxiliary	medium	aux	UNSET; "nod/nod off"	sein — "ist eingenickt"; gloss "doze off/nod off" only	sein-only; plain "nod" (= nicken) is wrong for *ein*nicken.
verbs	verbs_006	entarten	auxiliary	medium	aux	UNSET; "degrade"	sein — "ist entartet"; gloss "degenerate"	sein-only change of state, and "degrade" is not what entarten means.
verbs	verbs_006	trudeln	auxiliary	medium	aux	UNSET; "coast/spin/windmill"	sein — "ist getrudelt"; gloss "spin/tumble (of an aircraft)"	motion verb; "coast/windmill" are not recognisable senses.
verbs	verbs_006	anrollen	auxiliary	medium	aux	UNSET; "roll up"	sein — "ist angerollt"; gloss "start moving/taxi/roll in"	intransitive motion; "roll up" suggests a transitive winding action.
verbs	verbs_006	abblitzen	english	medium	gloss	"rebuff"; UNSET	"be rebuffed/get nowhere (bei jdm abblitzen)"; aux sein — "ist abgeblitzt"	the voice is inverted — the subject is the one rebuffed; "jdn abblitzen lassen" is the active.
verbs	verbs_006	schimmeln	auxiliary	low	aux	UNSET; "mildew/mould"	sein commonly — "ist geschimmelt"; gloss "go mouldy"	change of state (haben also attested); the nouns "mildew/mould" read as nouns, not a verb.
verbs	verbs_006	cruisen	auxiliary	low	aux	UNSET	sein when directional — "ist durch die Stadt gecruist"	colloquial motion verb.
verbs	verbs_006	streunen	auxiliary	low	aux	UNSET	sein when directional — "ist herumgestreunt"	motion verb; haben for pure activity.
verbs	verbs_006	kraxeln	auxiliary	low	aux	UNSET	sein — "ist gekraxelt"	regional motion verb, sein.
verbs	verbs_006	durchscheinen	praeteritum	high	verbform	durchschien / durchschienen (inseparable), haben	separable — "schien durch" / "durchgeschienen"	in the glossed sense "shine through" the verb is separable ("das Licht scheint durch"); the inseparable form only occurs literarily as "von Licht durchschienen".
verbs	verbs_006	verschleißen	type	high	verbform	regular, no forms; "sell/wear out"	irregular — verschliss / verschlissen; gloss "wear out" first	strong verb wrongly marked regular, and the Austrian "sell (retail)" sense is put ahead of the core meaning.
verbs	verbs_006	melken	type	medium	verbform	regular, no forms	irregular — molk / gemolken (weak *melkte* is secondary)	the standard participle is "gemolken", which the app will never show.
verbs	verbs_006	glimmen	type	medium	verbform	regular; "glow/smolder"	irregular — glomm / geglommen; gloss "smoulder" (British)	strong forms are standard, and "smolder" is the American spelling.
verbs	verbs_006	sieden	type	low	verbform	regular	mixed — sott/siedete, gesotten/gesiedet	"gesotten" is the standard participle in cooking contexts.
verbs	verbs_006	durchstechen	praeteritum	low	verbform	durchstach / durchstochen (inseparable)	for the glossed "stick through": separable — "stach durch" / "durchgestochen"	gloss belongs to the separable verb; the inseparable one means "pierce/breach (a dyke)".
verbs	verbs_006	schliefen	word	medium	junk	"schliefen — crawl into a burrow (hunting)"	drop the entry	almost certainly a mis-lemmatised Präteritum plural of *schlafen* ("wir schliefen"); the hunting verb is vanishingly rare and will only confuse.
verbs	verbs_006	hineingebären	word	medium	junk	hineingebären, gebar hinein / hineingeboren, "be born into/bear into"	drop, or list only the fixed passive "in etwas hineingeboren werden"	no active use exists; "bear into" is an invented gloss.
verbs	verbs_006	erlesen	word	low	junk	erlesen, erlas / erlesen, "select"	drop the verb (learners meet only the adjective *erlesen* = exquisite)	archaic verb whose participle collides with a live adjective.
verbs	verbs_006	reichmachen	word	low	junk	"reichmachen — enrich/make rich"	not a lemma; written "reich machen"	two words, not a compound verb.
verbs	verbs_006	ermüden	english	high	gloss	"tyre"	"tire (become tired)"; and aux sein for the intransitive — "ist ermüdet"	"tyre" is the rubber wheel, not the verb — a straight spelling error that teaches nonsense.
verbs	verbs_006	blödeln	english	medium	gloss	"daff/fool around/talk nonsense"	"fool around/mess about/talk nonsense"	"daff" is not an English word and it is placed first.
verbs	verbs_006	marmorieren	english	medium	gloss	"marbelise/marble/marbleise"	"marble/give a marbled finish"	"marbelise" is a misspelt non-word, and the entry lists three variants of the same idea.
verbs	verbs_006	objektivieren	english	medium	gloss	"objektivise"	"make objective/objectivise"	the German spelling has leaked into the English gloss.
verbs	verbs_006	campen	english	medium	gloss	"camp/hang"	"camp/go camping"	"hang" is not a sense of *campen*.
verbs	verbs_006	fixen	english	medium	gloss	"fix"	"shoot up (inject drugs); (finance) fix"	bare "fix" hides the dominant colloquial sense and suggests the English "repair", which *fixen* does not mean.
verbs	verbs_006	versachlichen	english	medium	gloss	"objectify/objectivise"	"de-emotionalise/put on a factual footing (a debate)"	English "objectify" means treating a person as an object — a false friend here.
verbs	verbs_006	zurückdatieren	english	medium	gloss	"predate"	"backdate"	"predate" in English mostly means "exist earlier than"; the intended sense is backdating a document.
verbs	verbs_006	tunneln	english	medium	gloss	"nutmeg"	"tunnel/dig a tunnel; (football) nutmeg"	only the football slang sense is given.
verbs	verbs_006	abnicken	english	medium	gloss	"agree"	"wave through/rubber-stamp (approve without discussion)"	"agree" loses the whole point of the word.
verbs	verbs_006	versalzen	english	medium	gloss	"spoil"	"put too much salt in/oversalt; (fig.) spoil sb's fun"	the literal core sense is missing. (Note also the participle is *versalzen*, not *versalzt*, so "regular" is only half right.)
verbs	verbs_006	verknallen	english	medium	gloss	"fall in love"	"sich in jdn verknallen — fall for sb (reflexive only, colloquial)"	reflexive-only verb presented as if it took a plain object/none.
verbs	verbs_006	pimpen	english	low	gloss	"pimp"	"pimp up/soup up/upgrade"	German *pimpen* never means "act as a pimp"; the bare gloss invites that reading.
verbs	verbs_006	remisieren	english	low	gloss	"draw"	"draw (a game)/end in a draw"	bare "draw" reads as drawing a picture.
verbs	verbs_006	flöten	english	low	gloss	"whistle"	"play the flute; (of birds) warble/whistle"	the primary sense (playing the flute) is missing.
verbs	verbs_006	redigieren	english	low	gloss	"edit/redact"	"edit/copy-edit"	modern English "redact" means to censor — misleading second sense.
verbs	verbs_006	schnupfen	english	low	gloss	"sniff/snuff; have a cold"	"take snuff/snort"	"have a cold" belongs to the noun *der Schnupfen*, not the verb.
verbs	verbs_006	observieren	english	low	gloss	"observe"	"keep under surveillance/tail"	*observieren* is police/intelligence register, not general "observe" (= beobachten).
verbs	verbs_006	abrichten	english	low	gloss	"train"	"train (an animal)"	unmarked "train" collides with *trainieren/ausbilden*.
verbs	verbs_006	abhandeln	english	low	gloss	"beat down the price/deal with"	"deal with/treat (a topic)" first	the haggling sense is the marginal one.
verbs	verbs_006	verwarnen	english	low	gloss	"book/caution/warn"	"caution/warn officially; (sport) book"	the football sense is put first.
verbs	verbs_006	bevormunden	english	low	gloss	"act as guardian/domineer/patronise"	"patronise/treat like a child" first	the legal-guardian reading is archaic.
verbs	verbs_006	erweichen	english	low	gloss	"give in/melt/move"	"soften; (jdn erweichen) move/win sb over"	transitive core sense displaced by an intransitive paraphrase.
verbs	verbs_006	aufreiben	english	low	gloss	"beat/chafe/exhaust"	"wear down/exhaust" first	"beat" is a marginal military sense.
verbs	verbs_006	aufplustern	english	low	gloss	"blow up/exaggerate/puff oneself"	"(sich) puff up (feathers); swagger, throw one's weight about"	"blow up" misleads; the verb is essentially reflexive.
verbs	verbs_006	exmatrikulieren	english	low	gloss	"take one's name off the university register/take someone's name off the university register"	"deregister from university"	the same phrase twice; unusably verbose.
verbs	verbs_006	abdämpfen	english	low	gloss	"dampen/mitigate/reduce the steam"	"dampen/deaden/cushion"	"reduce the steam" is a literal mistranslation.
verbs	verbs_006	austarieren	english	low	gloss	"balance/balance out/determine"	"balance out/tare"	"determine" is not a sense.
verbs	verbs_006	umblättern	english	low	gloss	"flip/page"	"turn the page"	"page" as a verb means something else entirely.
verbs	verbs_006	seufzen	english	low	gloss	"groan/sigh"	"sigh" first	"groan" is *stöhnen*.
verbs	verbs_006	sündigen	english	low	gloss	"indulge/sin"	"sin; (fig.) indulge"	figurative sense placed first.
verbs	verbs_006	hinterziehen	english	low	gloss	"evade"	"evade (tax)"	the verb only collocates with *Steuern*.
verbs	verbs_006	abspritzen	english	low	gloss	"spray off/ejaculate"	mark the second sense "(vulgar)" or drop it	unmarked vulgar sense in a learner deck.
verbs	verbs_006	verschwitzen	english	low	gloss	"soak with sweat"	add "(colloquial) forget, clean forget"	the everyday colloquial sense is missing.
verbs	verbs_006	American / doubled spellings	english	low	gloss	akklimatisieren "acclimate…/acclimatise…"; häuten "molt/moult"; verzinken "galvanize"; kotzen "barf" first; schwarzsehen "license"; glimmen "smolder"; umprogrammieren "reprogram/reprogramme"; aufstemmen "prise/…/pry"; enteisen "deice"; schönreden "sugarcoat"; marinieren "marinade/marinate"	British form only — acclimatise, moult, galvanise, puke/throw up, licence, smoulder, reprogramme, prise, de-ice, sugar-coat, marinate	the app is British-English; one form only, and no American form first.
verbs	verbs_006	Obscure English word placed first	english	low	gloss	stülpen "evert"; chartern "affreight"; changieren "iridesce"; beschämen "abash"; belehnen "enfeoff"; abschälen "exfoliate"; beschmutzen "besmirch"; flicken "cobble"; schaben "chafe"	lead with the plain sense — pull over/turn inside out; charter; shimmer; embarrass; (drop/mark as historical); peel; make dirty; mend/patch; scrape	a learner meets a word they do not know in place of the translation.
verbs	verbs_006	Reflexive-only or normally reflexive verbs not marked	english	low	gloss	aalen, sonnen, suhlen, erbarmen, grämen, sputen, anschmiegen, verkrampfen	gloss as "sich aalen — laze about", "sich sonnen — sunbathe", "sich suhlen — wallow", "sich erbarmen — take pity", "sich grämen — grieve", "sich sputen — hurry", "sich anschmiegen — snuggle up", "sich verkrampfen — tense up"	without *sich* the learner will produce ungrammatical sentences (all take haben, which is correct as given).
verbs	verbs_006	CEFR mismatches	cefr	medium	cefr	abfliegen A1; stunden A2; dolmetschen A2; linken A2; verschrotten B1; schönen B1	abfliegen A2/B1; stunden C1; dolmetschen B2; linken C1 (colloquial); verschrotten B2/C1; schönen C1	rank-3500+ rare or specialist verbs tagged as beginner vocabulary; *stunden*, *linken* and *schönen* in particular are advanced/technical.
verbs	verbs_007	verklären	english	medium	gloss	brighten up/glorify/liven up	transfigure/idealise/romanticise	core sense (transfigure, romanticise the past) missing; "liven up" is simply wrong.
verbs	verbs_007	verlanden	auxiliary	high	aux	UNSET (app shows "hat")	sein	change of state — "der See ist verlandet".
verbs	verbs_007	versiegen	auxiliary	high	aux	UNSET	sein	"die Quelle ist versiegt".
verbs	verbs_007	verwehen	auxiliary	low	aux	UNSET	haben (transitive) / sein (intransitive "fade, be blown away")	intransitive use takes sein; entry hides it. uncertain: yes
verbs	verbs_007	walken	english	low	gloss	knead/full (textiles)	add "power-walk / do Nordic walking" (sein)	the modern everyday sense is missing entirely.
verbs	verbs_007	weismachen	english	low	gloss	make believe/persuade	jdm etw weismachen = fool/kid someone into believing sth	"persuade" loses the deceit; verb is only used with a dative object.
verbs	verbs_007	zerschießen	english	high	gloss	brick/hose/shoot	shoot to pieces/riddle with bullets	"brick" and "hose" are not English senses of this verb — junk glosses.
verbs	verbs_007	abatmen	english	medium	gloss	exhale	breathe off/eliminate by breathing (technical); "exhale" = ausatmen	learner will use a rare medical term where ausatmen is required.
verbs	verbs_007	abblättern	auxiliary	high	aux	UNSET	sein	"die Farbe ist abgeblättert".
verbs	verbs_007	abbröckeln	auxiliary	high	aux	UNSET	sein	"der Putz ist abgebröckelt".
verbs	verbs_007	abisolieren	english	low	gloss	skin/strip	strip (a wire/cable)	"skin" first is misleading; only the electrical sense is real.
verbs	verbs_007	abkacken	auxiliary	medium	aux	UNSET	sein	intransitive slang — "der Rechner ist abgekackt".
verbs	verbs_007	abrasieren	english	low	gloss	raze/shave off	shave off (raze)	obscure sense placed first.
verbs	verbs_007	adjustieren	english	medium	gloss	adjust/issue	adjust; (AT) kit out/equip	"issue" is unexplained and reads as an error.
verbs	verbs_007	anschleichen	auxiliary	low	aux	haben	sein (non-reflexive motion) / haben (sich anschleichen)	"er ist angeschlichen"; reflexive use is haben. uncertain: yes
verbs	verbs_007	aufplatzen	auxiliary	high	aux	UNSET	sein	"die Wunde ist aufgeplatzt".
verbs	verbs_007	aufprallen	auxiliary	high	aux	UNSET	sein	"er ist auf den Boden aufgeprallt".
verbs	verbs_007	aufschwimmen	auxiliary	high	aux	haben	sein	"das Boot ist aufgeschwommen".
verbs	verbs_007	auftreffen	auxiliary	high	aux	haben	sein	"der Strahl ist auf die Fläche aufgetroffen".
verbs	verbs_007	aufzehren	english	medium	gloss	burn oneself/eat up/exhaust	consume/use up/deplete	"burn oneself" is wrong; first sense misleads.
verbs	verbs_007	ausflippen	auxiliary	high	aux	UNSET	sein	"er ist ausgeflippt".
verbs	verbs_007	auspeitschen	english	medium	gloss	flagellate/flay/flog	flog/whip	"flay" means to skin, not to whip; obscure sense placed first.
verbs	verbs_007	ausspeichern	english	medium	gloss	save/export from storage	read out/retrieve from storage; page out	"save" is the opposite (einspeichern/speichern).
verbs	verbs_007	bersten	auxiliary	high	aux	haben; "asunder/break/burst"	sein; "burst/split/shatter"	"ist geborsten" is the only correct perfect, and "asunder" is not a verb.
verbs	verbs_007	crawlen	english	low	gloss	crawl	swim (the) front crawl	bare "crawl" suggests krabbeln/kriechen.
verbs	verbs_007	darben	english	low	gloss	pinch/starve/suffer want	go without/live in want	"pinch" first is wrong register and unclear.
verbs	verbs_007	davonziehen	auxiliary	high	aux	haben	sein	motion away — "er ist davongezogen".
verbs	verbs_007	durchknallen	auxiliary	high	aux	UNSET	sein	"er ist durchgeknallt".
verbs	verbs_007	einflößen	english	medium	gloss	infuse/instill	administer (a liquid) to sb; inspire (fear/respect) in sb	the commonest use (jdm Respekt/Angst einflößen) is missing; also US "instill" → "instil".
verbs	verbs_007	einprasseln	auxiliary	medium	aux	UNSET	sein	"die Fragen sind auf ihn eingeprasselt".
verbs	verbs_007	entgelten	english	low	gloss	reward	repay/compensate/pay for	"reward" misses the compensation sense.
verbs	verbs_007	entrinden	english	medium	gloss	decorticate	strip the bark from/bark (a tree)	only a technical Latinate term is offered.
verbs	verbs_007	entrinnen	auxiliary	high	aux	haben	sein	"er ist der Gefahr entronnen".
verbs	verbs_007	entschlafen	auxiliary	high	aux	haben	sein	"sie ist entschlafen".
verbs	verbs_007	erblassen	auxiliary	high	aux	UNSET	sein	change of state — "er ist erblasst".
verbs	verbs_007	erküren	word	medium	junk	erküren (erkor/erkoren)	erkiesen (erkor, erkoren), or drop	the strong forms given belong to erkiesen; erküren is a non-standard back-formation.
verbs	verbs_007	erodieren	auxiliary	low	aux	UNSET	sein for intransitive ("der Hang ist erodiert")	dual auxiliary hidden. uncertain: yes
verbs	verbs_007	erschaudern	auxiliary	high	aux	UNSET	sein	"er ist erschaudert".
verbs	verbs_007	erschnüffeln	english	low	gloss	sniff	sniff out/ferret out	bare "sniff" = schnüffeln; the prefix adds the result.
verbs	verbs_007	fertigmachen	english	medium	gloss	beat up/blame oneself/bring somebody down	finish/get ready (sich fertigmachen); also colloq. beat up/wear out	the primary everyday sense is entirely absent.
verbs	verbs_007	firmen	english	medium	gloss	confirm	confirm (administer the sacrament of confirmation)	unqualified "confirm" will be taken as bestätigen.
verbs	verbs_007	flanken	english	low	gloss	cross	cross (football); flank	unqualified "cross" is unusable.
verbs	verbs_007	geifern	english	low	gloss	dribble/revile/slaver	foam at the mouth; rant/rail against	glosses are archaic and mis-ordered.
verbs	verbs_007	hellen	word	low	junk	hellen — bleach/brighten/discharge	aufhellen/erhellen; "discharge" is spurious	bare stem barely occurs; third gloss belongs to a different verb.
verbs	verbs_007	herausschmecken	english	low	gloss	taste	taste/detect (a flavour) in sth	bare "taste" = schmecken.
verbs	verbs_007	hervorbrechen	auxiliary	high	aux	haben	sein	"die Sonne ist hervorgebrochen".
verbs	verbs_007	humpeln	auxiliary	medium	aux	UNSET	sein (haben only without direction)	motion verb — "er ist nach Hause gehumpelt".
verbs	verbs_007	ironisieren	english	low	gloss	ironise	treat ironically/satirise	"ironise" is not current English.
verbs	verbs_007	kriseln	english	low	gloss	(there is a crisis) loom(ing)/be in a crisis/come to a head	es kriselt = there is trouble brewing	gloss is garbled; verb is impersonal only and that is not stated.
verbs	verbs_007	kurzhalten	english	low	gloss	keep short	keep sb on a tight rein / keep sb short (of money)	literal gloss is ambiguous to the point of uselessness.
verbs	verbs_007	lasieren	english	medium	gloss	varnish	glaze/apply a wash to	"varnish" is lackieren; wrong technique.
verbs	verbs_007	losfliegen	auxiliary	high	aux	haben	sein	"er ist losgeflogen".
verbs	verbs_007	niederknien	auxiliary	high	aux	UNSET	sein	"sie ist niedergekniet".
verbs	verbs_007	plumpsen	auxiliary	high	aux	UNSET; "flop/plump"	sein; "plop/thud down/fall with a thud"	"ist geplumpst"; "plump" as given is not idiomatic.
verbs	verbs_007	puzzeln	english	medium	gloss	puzzle	do a jigsaw (puzzle)	English "puzzle" means to perplex — a false friend left unmarked.
verbs	verbs_007	rausrutschen	auxiliary	high	aux	UNSET	sein	"es ist mir rausgerutscht".
verbs	verbs_007	rekurrieren	english	low	gloss	recur/refer back/appeal	refer back to (auf etw rekurrieren)	"recur" is not a German sense of this verb.
verbs	verbs_007	robben	auxiliary	medium	aux	UNSET	sein	motion — "er ist durch den Schlamm gerobbt".
verbs	verbs_007	rotsehen	word	low	junk	rotsehen / sah rot / rotgesehen, B2	write as "rot sehen"; drop the invented participle	idiom, not a lexicalised verb; B2 tag inflated for a rare idiom.
verbs	verbs_007	schillern	english	low	gloss	glisten/iridesce/shimmer	shimmer/be iridescent	"iridesce" is not usable English.
verbs	verbs_007	schlurfen	auxiliary	medium	aux	UNSET	sein	motion — "er ist ins Zimmer geschlurft".
verbs	verbs_007	schmähen	english	low	gloss	abuse/berate/blaspheme	revile/disparage/abuse	"blaspheme" is a different act.
verbs	verbs_007	schraffieren	english	low	gloss	hatch	hatch/shade (in a drawing)	unqualified "hatch" reads as eggs hatching.
verbs	verbs_007	seilspringen	praeteritum	medium	verbform	sprang seil — "jump rope/skip rope"	sprang Seil (or "Seil springen"); gloss "skip (with a rope)"	lower-case "seil" is not a valid spelling, and both glosses are Americanisms.
verbs	verbs_007	sieben	cefr	medium	cefr	A1	B2/C1	A1 tag has leaked from the numeral *sieben*; the verb "to sieve" is not A1.
verbs	verbs_007	stelzen	auxiliary	medium	aux	UNSET	sein	motion — "er ist über den Hof gestelzt".
verbs	verbs_007	trampen	auxiliary	high	aux	UNSET	sein	"wir sind nach Italien getrampt".
verbs	verbs_007	trotten	auxiliary	medium	aux	UNSET	sein	motion — "er ist davongetrottet".
verbs	verbs_007	überbleiben	auxiliary	high	aux	haben	sein	"es ist nichts übergeblieben".
verbs	verbs_007	umentscheiden	english	low	gloss	change one's mind	sich umentscheiden — change one's mind	reflexive-only, not marked.
verbs	verbs_007	umherirren	auxiliary	high	aux	UNSET; "stray"	sein; "wander about/roam aimlessly"	"ist umhergeirrt"; "stray" misses the wandering-about sense.
verbs	verbs_007	umladen	english	high	gloss	reload	transfer/tranship (load onto another vehicle)	"reload" is nachladen — outright wrong translation.
verbs	verbs_007	verdursten	auxiliary	high	aux	UNSET	sein	"er ist verdurstet".
verbs	verbs_007	verebben	auxiliary	high	aux	UNSET	sein	"der Lärm ist verebbt".
verbs	verbs_007	verleumden	english	medium	gloss	asperse/backbite/calumniate	slander/defame/libel	all three glosses are archaic or rare; the plain sense is missing.
verbs	verbs_007	verschwören	english	low	gloss	conspire/plot	sich verschwören — conspire/plot	reflexive-only, not marked.
verbs	verbs_007	versteinern	auxiliary	medium	aux	UNSET	sein for the intransitive sense given ("ist versteinert")	gloss is intransitive but the app will render "hat".
verbs	verbs_007	verunfallen	auxiliary	high	aux	UNSET	sein	"er ist verunfallt".
verbs	verbs_007	vorausahnen	english	medium	gloss	adumbrate/anticipate	foresee/have a premonition of	"adumbrate" first is unusable for a learner.
verbs	verbs_007	vorbacken	praeteritum	low	verbform	buk vor	backte vor	"buk" is archaic; modern German uses the weak Präteritum.
verbs	verbs_007	watscheln	auxiliary	medium	aux	UNSET	sein	motion — "die Ente ist zum Teich gewatschelt".
verbs	verbs_007	wegbleiben	auxiliary	high	aux	haben	sein	bleiben-compounds always take sein — "er ist weggeblieben".
verbs	verbs_007	wiederauferstehen	auxiliary	high	aux	haben	sein	"er ist wiederauferstanden".
verbs	verbs_007	wiederwollen	word	medium	junk	wiederwollen, regular	drop the entry (ad-hoc compound of the modal *wollen*)	not a lexicalised verb, and if kept its forms are irregular (wollte wieder / wiedergewollt), not regular.
verbs	verbs_007	zähnen	english	medium	gloss	teethe; tooth/serrate	serrate/perforate (stamps); cut teeth into	"teethe" belongs to the different verb *zahnen*.
verbs	verbs_007	zerplatzen	auxiliary	high	aux	UNSET	sein	"der Ballon ist zerplatzt".
verbs	verbs_007	zusammenzucken	auxiliary	high	aux	UNSET; "cringe/flinch/jump"	sein; "flinch/start/jump"	"ist zusammengezuckt"; "cringe" is a different reaction.
verbs	verbs_007	zweigen	word	low	junk	zweigen — branch off	abzweigen / sich verzweigen	the bare stem is effectively unused.
verbs	verbs_007	abblasen	english	low	gloss	blow away/blow the end/call off	call off/cancel; blow off (dust)	"blow the end" is garbled; the commonest sense is last.
verbs	verbs_007	abkratzen	english	medium	gloss	kick the bucket/scrape — UNSET	scrape off (haben); colloq. kick the bucket (sein)	vulgar idiom placed first, and that sense takes sein.
verbs	verbs_007	abqualifizieren	english	low	gloss	dismiss	dismiss as worthless/write off/disparage	bare "dismiss" suggests entlassen.
verbs	verbs_007	abreagieren	english	low	gloss	abreact/let off steam/work off	work off/let off steam (sich abreagieren)	psychoanalytic term first; reflexive use unmarked.
verbs	verbs_007	abschmieren	english	low	gloss	grease/lubricate; crash; bribe	grease; crash (plane/software); copy/crib	"bribe" is not a sense of this verb.
verbs	verbs_007	allokieren / allozieren	word	low	junk	two separate entries, both "allocate"	keep one (allozieren)	duplicate spelling variants inflate the deck.
verbs	verbs_007	approbieren	english	low	gloss	licence/qualify	license (to practise medicine)	in British English the verb is spelt "license"; "licence" is the noun.
verbs	verbs_007	aufdampfen	auxiliary	medium	aux	sein	haben	transitive ("eine Schicht aufdampfen") — "hat aufgedampft".
verbs	verbs_007	aufknöpfen	english	medium	gloss	button on/button to/unbutton	unbutton/undo	the first two glosses invert the meaning.
verbs	verbs_007	aufsprühen	auxiliary	medium	aux	sein	haben	transitive — "er hat Lack aufgesprüht".
verbs	verbs_007	auseinanderbrechen	auxiliary	medium	aux	haben	sein for the intransitive sense given	"die Koalition ist auseinandergebrochen"; only the transitive use takes haben.
verbs	verbs_007	ausposaunen	english	low	gloss	blazon abroad	broadcast/blab/tell the whole world	archaic idiom is the only gloss offered.
verbs	verbs_007	ausschaffen	type	high	verbform	irregular — schuf aus / ausgeschaffen	regular — schaffte aus / ausgeschafft	the strong forms belong to *schaffen* "create"; ausschaffen (CH, deport) is weak.
verbs	verbs_007	ausschlüpfen	auxiliary	high	aux	UNSET	sein	"das Küken ist ausgeschlüpft".
verbs	verbs_007	ausweiden	english	low	gloss	disembowel	gut/dress (game, fish)	"disembowel" is the wrong register for the normal hunting/butchery sense.
verbs	verbs_007	auszischen	english	low	gloss	hiss	hiss off (the stage)/boo off	bare "hiss" is zischen; the prefix carries the meaning.
verbs	verbs_007	bemuttern	english	low	gloss	chaperon/cluck/mother	mother/fuss over	main sense placed last; "cluck" and "chaperon" are odd renderings.
verbs	verbs_007	berühmen	english	low	gloss	boast/cite/invoke	sich berühmen (+ Gen.) — boast of, lay claim to (dated)	reflexive-only and dated; neither is signalled.
verbs	verbs_007	beweinen	english	low	gloss	bewail/beweep/mourn	mourn/weep for	"beweep" is archaic to the point of being a non-word.
verbs	verbs_007	blechen	english	low	gloss	cough up/fork up	cough up/fork out	"fork up" is not the English idiom.
verbs	verbs_007	crashen	auxiliary	medium	aux	UNSET	sein for the intransitive sense ("das Programm ist gecrasht")	only "ein Auto crashen" takes haben.
verbs	verbs_007	dahinschwinden	auxiliary	high	aux	haben	sein	"die Hoffnung ist dahingeschwunden".
verbs	verbs_007	davonbrausen	auxiliary	high	aux	UNSET	sein	"er ist davongebraust".
verbs	verbs_007	dreiteilen / dritteln	english	low	gloss	both glossed only "trisect"	dreiteilen = divide into three parts; dritteln = divide into thirds	identical technical gloss makes the pair indistinguishable.
verbs	verbs_007	dünken	praeteritum	medium	verbform	deuchte / gedeucht — "meseems/methinks/seem"	dünkte / gedünkt (deuchte archaic); gloss "seem (to sb)"	archaic forms presented as standard and "meseems" is not usable English.
verbs	verbs_007	durchschwimmen	auxiliary	medium	aux	schwamm durch / durchgeschwommen / haben — "swim through/across"	separable *dúrchschwimmen* takes sein ("ist durchgeschwommen"); inseparable *durchschwímmen* (durchschwamm, durchschwommen) takes haben	one entry mixes the two verbs and picks the wrong auxiliary for the forms given.
verbs	verbs_007	einkriegen	english	low	gloss	calm down	sich (nicht) einkriegen — (not) be able to calm down	reflexive-only, normally negated; unmarked.
verbs	verbs_007	einschiffen	english	low	gloss	embark	sich einschiffen — embark	reflexive use not marked.
verbs	verbs_007	einschwimmen	auxiliary	low	aux	haben	sein for the motion sense ("ist eingeschwommen")	only "sich einschwimmen" (warm up) takes haben. uncertain: yes
verbs	verbs_007	einsickern	auxiliary	high	aux	UNSET	sein	"das Wasser ist eingesickert".
verbs	verbs_007	eislaufen	auxiliary	medium	aux	haben; "lief eis"	sein ("ist eisgelaufen"); "lief Eis"	lower-case "eis" is not a valid spelling and sein is the standard auxiliary.
verbs	verbs_007	emporschießen	auxiliary	high	aux	haben	sein	"die Preise sind emporgeschossen".
verbs	verbs_007	entblöden	english	low	gloss	to have the effrontery to do something	sich nicht entblöden — not be ashamed to, have the nerve to	reflexive and negation-bound; gloss omits both.
verbs	verbs_007	entflechten	praeteritum	high	verbform	entflechtete / entflochten	entflocht / entflochten (or weak throughout: entflechtete / entflechtet)	mixes a weak Präteritum with a strong participle — one of the two is always wrong.
verbs	verbs_007	entgegenwerfen	english	low	gloss	...throw oneself in somebodys way	somebody's	missing apostrophe in the gloss.
verbs	verbs_007	entschweben	auxiliary	high	aux	UNSET	sein	"sie ist entschwebt".
verbs	verbs_007	entsetzen	english	medium	gloss	horrify/horror-stricken/relieve	horrify/appal; (military) relieve	"horror-stricken" is an adjective, not a translation of the verb.
verbs	verbs_007	erbeben	auxiliary	high	aux	UNSET	sein	"die Erde ist erbebt".
verbs	verbs_007	erbittern	english	low	gloss	enrage	embitter/enrage	the core "embitter" sense is missing.
verbs	verbs_007	erzittern	auxiliary	high	aux	UNSET	sein	"das Haus ist erzittert".
verbs	verbs_007	festnageln	english	medium	gloss	nail down/pill down	nail down/pin down	"pill down" is a typo for a non-existent phrase.
verbs	verbs_007	forteilen	auxiliary	high	aux	UNSET	sein	"er ist fortgeeilt".
verbs	verbs_007	fortwollen	english	medium	gloss	go/go away/leave	want to get away/want to leave	the modal "want to" is dropped, so the gloss states the wrong meaning.
verbs	verbs_007	fringsen	word	low	junk	fringsen — steal	drop	historical one-off coinage (post-war, Cardinal Frings); no learner value.
verbs	verbs_007	gerieren	english	low	gloss	act/behave	sich gerieren (als) — pose as, behave (formal)	reflexive-only and formal register unmarked.
verbs	verbs_007	gratinieren	english	low	gloss	gratinate/gratiné	brown/cook au gratin	neither gloss is normal English.
verbs	verbs_007	hartsieden	word	low	junk	hartsieden / sott hart / hartgesotten	drop; "hartgekocht"/"hart kochen" for hard-boiled eggs	the participle survives only as the adjective "hartgesotten"; the finite forms are not used.
verbs	verbs_007	herbeieilen	auxiliary	high	aux	UNSET	sein	"er ist herbeigeeilt".
verbs	verbs_007	hereinschneien	auxiliary	medium	aux	UNSET	sein for the idiom ("er ist hereingeschneit")	only the weather sense is impersonal with haben.
verbs	verbs_007	hineinrennen	auxiliary	high	aux	haben	sein	"er ist in die Wand hineingerannt".
verbs	verbs_007	hineinströmen	auxiliary	high	aux	UNSET	sein	"die Menschen sind hineingeströmt".
verbs	verbs_007	hinunterklettern	auxiliary	high	aux	UNSET	sein	"er ist hinuntergeklettert".
verbs	verbs_007	hinunterstürzen	auxiliary	medium	aux	UNSET	sein for "plunge/fall down"; haben for "gulp down"	the first (intransitive) sense is rendered with the wrong auxiliary.
verbs	verbs_007	holpern	auxiliary	medium	aux	UNSET	sein	"der Wagen ist über die Steine geholpert".
verbs	verbs_007	hopfen	english	medium	gloss	hop	add hops to (beer)	English "hop" means to jump — a false friend; the brewing sense is the only German one.
verbs	verbs_007	immigrieren	auxiliary	high	aux	UNSET	sein	"er ist nach Kanada immigriert".
verbs	verbs_007	intrigieren	english	low	gloss	cabal/intrigue	scheme/plot (against sb)	"cabal" as a verb is archaic and placed first.
verbs	verbs_007	irrewerden	auxiliary	high	aux	haben; irrewerden	sein ("ist irregeworden"); normally written "irre werden"	werden-compounds always take sein.
verbs	verbs_007	islamisieren	english	medium	gloss	IslamicIse/Islamise	Islamise	first gloss is corrupted with stray capitals and a spurious stem.
verbs	verbs_007	American spellings and doubled variants	english	low	gloss	`uniformieren` "standardize"; `demolieren` "vandalize"; `einflößen` "instill";	standardise, vandalise, instil, disenthral, dishonour, practise, miaow, flambé, diss,	British-English app — one form only, and no US/UK doublets in a single gloss.
verbs	verbs_008	[GROUP] past participles listed as lemmas — 121 entries	word	high	junk	the deck holds finite past participles as headwords, all typed `regular` with `-/-/UNSET`	replace with the infinitive lemma (e.g. `missverstehen`, `eingehen`, `kommen`) or delete as duplicates of entries that already exist elsewhere	a participle is not a dictionary lemma; the app will drill "gekommen" as an infinitive and derive nonsense forms ("gekommen/hat gegekommen"). Affected ranks/words:
verbs	verbs_008	[GROUP] not verbs at all — 13 entries	word	high	junk	adverbs, prepositions, adjectives and one noun sitting in the verb deck as `regular` verbs	delete from the verb deck (move to the adjective/adverb bank only where genuinely useful)	nothing about these can be conjugated. 5314 inmitten (preposition), 5337 dermaßen (adverb), 5343 dran (adverbial particle), 5345 ungeschlagen (adjective), 5410 fortan (adverb), 5417 konservatorien (plural noun *Konservatorien*, lower-cased), 5454 zweckgebunden (adjective), 5461 firmeneigen (adjective), 5479 heran (directional particle), 5482 zulasten (preposition), 5488 ansonsten (adverb), 5506 aufgedunsen (adjective), 5509 überallhin (adverb), 5539 belesen (adjective "well-read", not the verb), 5563 wasserfarben (noun/adjective "watercolour")
verbs	verbs_008	verargumentieren	word	high	junk	rank 5422, glossed "argue"	delete — the German verb is `argumentieren`	not a German word; corpus artefact.
verbs	verbs_008	enhalten	word	high	junk	rank 5443 "contain/include"	`enthalten` (irregular: enthielt, enthalten, haben)	misspelt lemma; also wrongly typed `regular`.
verbs	verbs_008	dageboten	word	high	junk	rank 5430 "offer/present"	delete — the participle of *darbieten* is `dargeboten`	malformed non-word.
verbs	verbs_008	rotschämen	word	high	junk	rank 5368 "blush with shame"	delete — no such lemma; use `sich schämen` / `rot werden`	invented compound.
verbs	verbs_008	möchten	word	medium	junk	rank 5577, `regular`, "to want", A1	lemma is `mögen` (mochte, gemocht); `möchten` is its Konjunktiv II	drilling it as an infinitive with regular forms teaches a non-existent paradigm.
verbs	verbs_008	schwellen	type	high	verbform	rank 5046, `regular`, `-`/`-`, UNSET	irregular — schwoll / geschwollen / **sein**	strong verb; the weak paradigm and "hat" are both wrong.
verbs	verbs_008	beschreiten	type	high	verbform	rank 5244, `regular`	irregular — beschritt / beschritten / haben	strong verb.
verbs	verbs_008	herumschlagen	type	high	verbform	rank 5319, `regular`, "struggle around"	irregular — schlug herum / herumgeschlagen / haben; reflexive *sich mit etw. herumschlagen* = "struggle with"	strong verb and the gloss misses the reflexive construction that is its only real use.
verbs	verbs_008	aufliegen	type	high	verbform	rank 5355, `regular`	irregular — lag auf / aufgelegen / haben	strong verb.
verbs	verbs_008	herausfließen	type	high	verbform	rank 5415, `regular`, UNSET	irregular — floss heraus / herausgeflossen / **sein**	strong verb of motion.
verbs	verbs_008	aufspringen	type	high	verbform	rank 5507, `regular`, UNSET	irregular — sprang auf / aufgesprungen / **sein**	strong verb of motion.
verbs	verbs_008	durchbeißen	type	high	verbform	rank 5520, `regular`	irregular — biss durch / durchgebissen / haben	strong verb.
verbs	verbs_008	freinehmen	type	high	verbform	rank 5521, `regular`	irregular — nahm frei / freigenommen / haben	strong verb.
verbs	verbs_008	hinauswachsen	type	high	verbform	rank 5529, `regular`, UNSET	irregular — wuchs hinaus / hinausgewachsen / **sein**	strong verb.
verbs	verbs_008	verhelfen	type	high	verbform	rank 5535, `regular`, gloss "help"	irregular — verhalf / verholfen / haben; gloss "help sb. to get sth. (jdm. zu etw. verhelfen)"	strong verb, and bare "help" is *helfen*, not *verhelfen*.
verbs	verbs_008	näherkommen	type	high	verbform	rank 5540, `regular`, UNSET	irregular — kam näher / nähergekommen / **sein**	strong verb of motion.
verbs	verbs_008	zurückdenken	type	high	verbform	rank 5547, `regular`	irregular (mixed) — dachte zurück / zurückgedacht / haben	*denken* is a mixed verb.
verbs	verbs_008	mitsprechen	type	high	verbform	rank 5571, `regular`, A1	irregular — sprach mit / mitgesprochen / haben	strong verb.
verbs	verbs_008	mitlesen	type	high	verbform	rank 5572, `regular`, A1	irregular — las mit / mitgelesen / haben	strong verb.
verbs	verbs_008	nachsprechen	type	high	verbform	rank 5573, `regular`, A1	irregular — sprach nach / nachgesprochen / haben	strong verb.
verbs	verbs_008	drankommen	type	high	verbform	rank 5576, `regular`, UNSET	irregular — kam dran / drangekommen / **sein**	strong verb.
verbs	verbs_008	rausgehen	type	high	verbform	rank 5579, `regular`, UNSET	irregular — ging raus / rausgegangen / **sein**	strong verb.
verbs	verbs_008	zurückfahren	type	high	verbform	rank 5582, `regular`, UNSET	irregular — fuhr zurück / zurückgefahren / **sein** (haben when transitive)	strong verb of motion; A1 tag makes the wrong forms especially damaging.
verbs	verbs_008	zurückfinden	type	high	verbform	rank 5583, `regular`, UNSET	irregular — fand zurück / zurückgefunden / haben	strong verb.
verbs	verbs_008	freihaben / zuhaben / zusammenhaben	type	medium	verbform	ranks 5574, 5581, 5458 all `regular`	irregular — hatte frei / freigehabt; hatte zu / zugehabt; hatte zusammen / zusammengehabt	*haben* is irregular; "*freihabte" would be generated.
verbs	verbs_008	hinauswollen	type	medium	verbform	rank 5446, `regular`, "want to go out"	irregular — wollte hinaus / hinausgewollt; add the core idiom "worauf willst du hinaus? = what are you getting at"	modal *wollen* is irregular; the literal gloss misses the only frequent use.
verbs	verbs_008	einsenden	type	medium	verbform	rank 5542, `regular`	mixed — sandte/sendete ein, eingesandt/eingesendet	*senden* is a mixed verb; the strong form is the usual one here.
verbs	verbs_008	besehen	praeteritum	high	verbform	rank 5352, Präteritum "besah sich", Perfekt **"sich"**	besah / besehen / haben	the Perfekt cell is corrupt (holds the reflexive pronoun, not a participle).
verbs	verbs_008	zerbersten	auxiliary	high	aux	rank 5181, haben	sein — "das Glas **ist** zerborsten"	change of state.
verbs	verbs_008	zerrinnen	auxiliary	high	aux	rank 5191, haben	sein — "die Zeit **ist** zerronnen"	change of state.
verbs	verbs_008	vorausfliegen	auxiliary	high	aux	rank 5160, haben	sein — "er **ist** vorausgeflogen"	verb of motion.
verbs	verbs_008	vorbeischwimmen	auxiliary	high	aux	rank 5161, haben	sein — "sie **ist** vorbeigeschwommen"	directed motion.
verbs	verbs_008	vorliegen	auxiliary	high	aux	rank 5493, sein; gloss "available"	haben — "es **hat** vorgelegen"; gloss "be available / be on hand / have been submitted"	stative verb takes haben; the bare adjective "available" is not a verb gloss.
verbs	verbs_008	mineralisieren	auxiliary	low	aux	rank 4954, sein	haben (transitive/chemical use)	normally transitive; sein only in a rare intransitive reading.
verbs	verbs_008	losmarschieren	auxiliary	medium	aux			
verbs	verbs_008	mitsegeln	auxiliary	medium	aux			
verbs	verbs_008	rosten	auxiliary	medium	aux			
verbs	verbs_008	spurten	auxiliary	medium	aux			
verbs	verbs_008	taumeln	auxiliary	medium	aux			
verbs	verbs_008	tippeln	auxiliary	medium	aux			
verbs	verbs_008	trippeln	auxiliary	medium	aux			
verbs	verbs_008	waten	auxiliary	medium	aux			
verbs	verbs_008	überschäumen	auxiliary	medium	aux			
verbs	verbs_008	überschwappen	auxiliary	medium	aux			
verbs	verbs_008	übersprudeln	auxiliary	medium	aux			
verbs	verbs_008	überwallen	auxiliary	low	aux			
verbs	verbs_008	verfilzen	auxiliary	medium	aux			
verbs	verbs_008	verflachen	auxiliary	medium	aux			
verbs	verbs_008	verholzen	auxiliary	low	aux			
verbs	verbs_008	vernarben	auxiliary	medium	aux			
verbs	verbs_008	verrecken	auxiliary	medium	aux			
verbs	verbs_008	versacken	auxiliary	medium	aux			
verbs	verbs_008	verschimmeln	auxiliary	medium	aux			
verbs	verbs_008	verwahrlosen	auxiliary	medium	aux			
verbs	verbs_008	zurückzucken	auxiliary	low	aux			
verbs	verbs_008	zusammenkrachen	auxiliary	medium	aux			
verbs	verbs_008	ausströmen	auxiliary	medium	aux			
verbs	verbs_008	aufpoppen	auxiliary	low	aux			
verbs	verbs_008	erfolgen	auxiliary	high	aux			
verbs	verbs_008	ausreisen	auxiliary	medium	aux			
verbs	verbs_008	einstürmen	auxiliary	low	aux			
verbs	verbs_008	hindurchgelangen	auxiliary	low	aux			
verbs	verbs_008	herumirren	auxiliary	low	aux			
verbs	verbs_008	verpuffen	auxiliary	medium	aux			
verbs	verbs_008	missglücken	auxiliary	medium	aux			
verbs	verbs_008	erschauern	auxiliary	low	aux			
verbs	verbs_008	herumreisen	auxiliary	low	aux			
verbs	verbs_008	vorbeirasen	auxiliary	medium	aux			
verbs	verbs_008	hinausschießen	auxiliary	low	aux	rank 5281, haben	sein in the idiom "über das Ziel hinausschießen" — "er **ist** über das Ziel hinausgeschossen"	
verbs	verbs_008	umlaufen	praeteritum	high	verbform	rank 5090, lief um / umgelaufen / sein, "circulate/knock over"	two verbs — separable *úmlaufen* (lief um, umgelaufen, sein/haben) = "knock over by running into"; inseparable *umláufen* (umlief, umláufen, haben) = "circulate/orbit"	the forms are the separable verb's but the first gloss belongs to the inseparable one.
verbs	verbs_008	gebärden	english	medium	gloss	rank 5215, "use sign language/gesticulate"	"(sich gebärden) behave/carry on (in a certain way)"	*sich gebärden* means to conduct oneself, not to sign; "use sign language" is *gebärden* only as a technical back-formation and is not the learner sense.
verbs	verbs_008	mauscheln	english	medium	gloss	rank 4951, "Yiddish/cheat/fiddle"	"wheel and deal/do shady deals/fiddle"	"Yiddish" is not a translation; it is a stray etymological note placed as the first sense.
verbs	verbs_008	prozessieren	english	medium	gloss	rank 5001, "litigate/process/sue"	"litigate/go to law/sue"	*prozessieren* never means "process (data/material)" — that is *verarbeiten*; a false friend left unguarded.
verbs	verbs_008	verselbstständigen	english	medium	gloss	rank 5146, "hive off"	"(sich verselbstständigen) become independent / take on a life of its own"	reflexive-only, and "hive off" is an obscure business-jargon rendering of a secondary sense.
verbs	verbs_008	trollen	english	medium	gloss	rank 5073, "troll"	"(sich trollen) push off/clear off"; internet "troll" only as a secondary loan sense	the established German verb is reflexive with a quite different meaning.
verbs	verbs_008	stammeln	english	medium	gloss	rank 5055, "maffle/stammer"	"stammer/stutter out"	"maffle" is an archaic dialect word no British learner will know, placed first.
verbs	verbs_008	kiebitzen	english	medium	gloss	rank 4905, "kibitz"	"look on/watch over someone's shoulder (esp. at cards)"	"kibitz" is American-Yiddish slang, opaque in British English.
verbs	verbs_008	nörgeln	english	medium	gloss	rank 4969, "beef/carp/cavil"	"grumble/moan/nag"	first sense is US slang; none of the three is the everyday equivalent.
verbs	verbs_008	rechten	cefr	medium	cefr	rank 5013, "argue/claim/defend", B1	rare/literary "mit jdm. rechten" = "quarrel/remonstrate with sb."; CEFR C1+ or untagged	an archaic verb tagged as intermediate core vocabulary, with two glosses that do not apply.
verbs	verbs_008	zutreten	english	medium	gloss	rank 5209, "step (towards)", sein	add the commoner sense "kick (out at sb.)" — that sense takes **haben**	one entry hides two argument structures with different auxiliaries.
verbs	verbs_008	erschließen	cefr	medium	cefr	rank 5242, A1	C1	an abstract, formal verb tagged as absolute-beginner vocabulary.
verbs	verbs_008	vorspielen	cefr	medium	cefr	rank 5241, A1	B1–B2	"perform for/pretend to sb." is not beginner vocabulary.
verbs	verbs_008	strukturieren	cefr	low	cefr	rank 5437, A2	B2	abstract academic verb.
verbs	verbs_008	[GROUP] reflexive-only verbs not marked as reflexive	english	low	gloss	glossed as if they were plain transitives/intransitives	prefix "(sich …)" as entries 5213/5305/5290 already do	learners will produce "*ich schäme" etc. Affected: 4937 leichttun ("sich leichttun"), 5226 verirren, 5239 schämen, 5255 sehnen, 5258 bedanken, 5375 sträuben (also regloss "resist/balk at", not "bristle"), 5391 gesellen, 5404 wehren (regloss "defend oneself/resist"), 5438 verzetteln, 5444 entpuppen.
verbs	verbs_008	[GROUP] American spellings and mixed BrE/AmE forms	english	low	gloss	4976 paralysieren "paralyse/**paralyze**" (both forms in one gloss), 5000 protegieren "patroni**z**e", 5019 rubrizieren "categori**z**e", 5162 vorglühen "pre-drink/predrink/**pregame**"	one British form only — "paralyse", "patronise", "categorise", "pre-drink/have a few before going out"	house style is British English.
verbs	verbs_008	[GROUP] glosses carrying the English infinitive marker "to"	english	low	gloss	5049 snowboarden "to snowboard", 5572 "to read along", 5573 "to repeat", 5575 "to fit together", 5576 "to have one's turn", 5577 "to want", 5579 "to go outside", 5581 "to be closed", 5582 "to drive back"	drop "to" — the rest of the bank uses bare verb glosses	inconsistent presentation in the A1 block where consistency matters most.
verbs	verbs_008	mikroskopieren	english	low	gloss	rank 4953, "examine/microscope"	"examine under a microscope"	"microscope" is not an English verb.
verbs	verbs_008	polemisieren	english	low	gloss	rank 4993, "polemise"	"engage in polemics/attack polemically"	"polemise" is not current English.
verbs	verbs_008	mampfen	english	low	gloss	rank 4947, "munch/nosh/scrump"	"munch/scoff"	"scrump" means to steal apples, unrelated.
verbs	verbs_008	lärmen	english	low	gloss	rank 4933, "be noisy/brawl/fuss"	"make a noise/be noisy"	"brawl" is *raufen*.
verbs	verbs_008	schwelen	english	low	gloss	rank 5045, "smother/smoulder"	"smoulder"	"smother" is the wrong direction of the metaphor and is listed first.
verbs	verbs_008	plauschen	english	low	gloss	rank 4992, "chat/chat away/exaggerate"	"chat/have a natter"	"exaggerate" is not a sense of *plauschen*.
verbs	verbs_008	marodieren	english	low	gloss	rank 4948, "maraud/rage"	"maraud/pillage"	"rage" is wrong.
verbs	verbs_008	kerben	english	low	gloss	rank 4904, "carve"	"notch/score"	"carve" is *schnitzen*; *kerben* is cutting a notch.
verbs	verbs_008	lohen	english	low	gloss	rank 4940, "tan (leather)"	"blaze/flare up" first; "tan with tanbark" as the rare secondary sense	the tanning verb is a homonym and by far the rarer one.
verbs	verbs_008	knutschen	english	low	gloss	rank 4915, "canoodle/mack/smooch"	"snog/canoodle"	"mack" is US slang and not a translation a British learner can use.
verbs	verbs_008	pfuschen	english	low	gloss	rank 4983, "botch/scamp"	"botch/do a shoddy job"	"scamp" is archaic in this use.
verbs	verbs_008	spoilern	english	low	gloss	rank 5051, "spoil"	"give away spoilers/spoil (a plot)"	bare "spoil" reads as *verderben*.
verbs	verbs_008	vermöbeln	english	low	gloss	rank 5130, "batter sb./beat up sb."	"beat sb. up/thrash"	the "sb." placeholders leak dictionary metalanguage into the learner-facing gloss.
verbs	verbs_008	leerräumen	english	low	gloss	rank 4936, "clean out"	"clear out/empty"	*leer*, not *sauber*.
verbs	verbs_008	kegeln	english	low	gloss	rank 4902, "bowl"	"play skittles/play ninepins"	German *Kegeln* is the nine-pin game, not ten-pin bowling (*Bowling*).
verbs	verbs_008	kondolieren	english	low	gloss	rank 4920, "condole"	"offer one's condolences"	"condole" is not used intransitively in modern British English.
verbs	verbs_008	anfallen	english	low	gloss	rank 5222, "arise/accrue (of work, costs)", sein	add "attack/set upon sb." — that sense takes **haben**	a second argument structure with a different auxiliary is hidden.
verbs	verbs_008	unterlaufen	english	low	gloss	rank 5237, "slip past/occur", sein	add transitive "undermine/circumvent (Vorschriften unterlaufen)" — takes haben	missing the sense most common in written German.
verbs	verbs_008	rüberkommen	english	low	gloss	rank 5216, "come across (as)"	"come over (here)" first, then "come across (as)"	literal sense is the frequent one.
