batch	bank	source_rows	word	field	severity	category	current	correct	why
nouns_001	nouns	26	Teil	article, gloss	medium	gloss	"`das Teil` / ""part/piece/part (concrete: ein Ersatzteil)"""	"make high-frequency `der Teil` ""part/section/portion"" the primary entry; keep `das Teil` separately as ""piece/component (concrete object)"""	the rank and generic lead gloss strongly suggest the common masculine sense, while the neuter is restricted to a concrete piece or component; the parenthetical does not prevent learners generalising the wrong article.
nouns_001	nouns	38	Verfügung	english	medium	gloss	"""disposal/decree"""	"""availability/disposal (especially in fixed phrases); official order/ruling"""	"the core learner uses are *zur Verfügung stehen/stellen*; bare ""disposal"" is opaque and ""decree"" overstates a narrower administrative/legal sense."
nouns_001	nouns	108	Nutzer	cefrLevel	low	cefr	C1	B1 (approximately)	"""user"" is routine modern vocabulary and C1 is a gross overestimate."
nouns_001	nouns	134	Landkreis	english	medium	gloss	"""county"""	"""administrative district/county-level district"""	a German *Landkreis* is not simply equivalent to a British county.
nouns_001	nouns	154	Sicherheit	plural	high	plural	"`Sicherheiten` with ""safety/security"""	"use `—` for ""safety/security""; add ""collateral/guarantees"" if `Sicherheiten` is retained"	the everyday safety, certainty and security senses have no plural; *Sicherheiten* belongs to the financial collateral/guarantee sense.
nouns_001	nouns	165	Weise	article, flags	high	article	"`der Weise` / `Weisen` / ""way/manner"" / `adjectivalNoun`"	"`die Weise` / `Weisen` / ""way/manner"" and remove the adjectival-noun flag"	"""way/manner"" is the feminine ordinary noun *die Weise*; *der Weise* is an adjectival noun meaning ""wise man/sage""."
nouns_001	nouns	221	Spaß	plural, english	high	plural	"`Späße` / ""fun"""	"use `—` for ""fun"", or add the separate count sense ""joke/prank"" for plural `Späße`"	*Spaß* meaning fun is normally uncountable; *Späße* denotes jokes or pranks.
nouns_001	nouns	229	Alltag	plural, english	high	plural	"`Alltage` / ""everyday life"""	"use `—` for ""everyday life""; `Alltage` is only the rare plural of the separate sense ""weekday/working day"""	the stored plural does not belong to the glossed everyday-life sense.
nouns_001	nouns	245	Fallen	whole row	medium	junk	"`das Fallen` / `—` / ""falling"""	remove from the lexical noun bank	this is a freely formed nominalised infinitive rather than a useful lexicalised learner headword; its anomalous insertion reinforces the corpus-artifact diagnosis.
nouns_001	nouns	372	Version	cefrLevel	low	cefr	C1	approximately B1	this internationally transparent, common noun is graded far too high.
nouns_001	nouns	401	Produktion	cefrLevel	low	cefr	A1	approximately B1	this abstract economic/cultural noun is not plausible first-stage A1 vocabulary.
nouns_001	nouns	402	Seminar	cefrLevel	low	cefr	A1	approximately A2–B1	the university/course sense is materially above a basic A1 inventory.
nouns_001	nouns	446	Verbraucher	cefrLevel	low	cefr	C1	approximately B1–B2	"""consumer"" is ordinary public and shopping vocabulary, not a C1-only item."
nouns_001	nouns	474	Rat	plural, english	medium	plural	"`Räte` / ""advice/council"""	"mark ""advice"" as having no plural and associate `Räte` only with ""council/council member"""	"the lead everyday sense *Rat* ""advice"" is uncountable; the stored plural belongs to the later institutional/person senses."
nouns_001	nouns	340,488	Junge	cefrLevel	low	cefr	"A1 for `das Junge` ""young animal/cub"""	approximately A2–B1	the animal-young sense is implausibly graded A1.
nouns_001	nouns	491	Element	cefrLevel	low	cefr	C1	approximately B1	this common and internationally transparent noun is grossly overgraded.
nouns_001	nouns	514	Institution	cefrLevel	low	cefr	C1	approximately B2	C1 is too high for this common transparent public-life noun.
nouns_001	nouns	535	Publikum	cefrLevel	low	cefr	A1	approximately B1	this collective cultural noun is well above a core A1 inventory.
nouns_001	nouns	555	Standard	cefrLevel	low	cefr	C1	approximately B1–B2	this frequent, transparent noun is grossly overgraded.
nouns_001	nouns	578	Krankenkasse	english	high	gloss	"""health insurance"""	"""health insurer/statutory health insurance fund"""	the insurance itself is *Krankenversicherung*; a *Krankenkasse* is the fund or organisation providing it.
nouns_001	nouns	587	Druck	plural	high	plural	"`—` / ""pressure/print"""	"`Drücke` for countable physical pressures; `Drucke` for printed works (or split/remove the countable ""print"" sense)"	the entry falsely presents the noun as plural-less even though both gloss families have established, sense-dependent plurals.
nouns_001	nouns	633	Nachfrage	plural, english	high	gloss	"`Nachfragen` / ""demand"""	"""demand; enquiry/follow-up question"" and clarify that plural `Nachfragen` normally realizes the question/enquiry senses"	economic *Nachfrage* is normally singular, while the very usable plural refers to enquiries or follow-up questions omitted from the gloss.
nouns_001	nouns	653	Objekt	cefrLevel	low	cefr	C1	approximately B1	this common, internationally transparent noun is grossly overgraded.
nouns_001	nouns	691	Tool	cefrLevel	low	cefr	C1	approximately B1	this common computing/workplace loanword is far below C1 in practical learner difficulty.
nouns_002	nouns	712	Beschwerde	cefrLevel	low	cefr	C1	B1 (approximately)	This common word for making a complaint is established well below C1; the current level substantially overstates its difficulty. uncertain: yes
nouns_002	nouns	769	Niveau	cefrLevel	low	cefr	C1	B1 (approximately)	`Niveau` is ordinary intermediate vocabulary, including for language level itself, so C1 is a grossly late placement. uncertain: yes
nouns_002	nouns	781	Bundestag	english	low	gloss	Bundestag	German federal parliament (the Bundestag)	Repeating the German institution name does not explain it to a learner who does not already know what it is.
nouns_002	nouns	848	Kontext	cefrLevel	low	cefr	A1	B1/B2	The abstract noun `Kontext` is not realistic beginner vocabulary at A1; its current placement is materially too early. uncertain: yes
nouns_002	nouns	852	Aufmerksamkeit	plural, english	low	gloss	Aufmerksamkeiten | attention	Aufmerksamkeiten | attention; small present/token of appreciation (plural sense)	`Aufmerksamkeiten` is valid, but the main sense “attention” is normally singular; the common countable plural belongs to the unshown “small presents/courtesies” sense.
nouns_002	nouns	911	Architektur	cefrLevel	low	cefr	A1	B1 (approximately)	Despite the English cognate, `Architektur` is implausibly early at A1 and is normally intermediate vocabulary. uncertain: yes
nouns_002	nouns	983	Statistik	cefrLevel	low	cefr	A1	B1 (approximately)	Both the discipline/data sense and the countable “statistic” sense are substantially beyond ordinary A1 vocabulary. uncertain: yes
nouns_002	nouns	1057	Cloud	english	medium	gloss	cloud	cloud (computing); cloud storage/service	German `Cloud` refers to cloud computing, not a cloud in the sky (`Wolke`); the unrestricted gloss invites a false equivalence.
nouns_002	nouns	1068	Schwester	english	medium	gloss	sister/nurse	sister; nurse (dated/colloquial shortening of `Krankenschwester`)	Unqualified `Schwester` for a nurse is now dated or context-dependent; presenting it as a neutral modern equivalent gives learners an unnatural model.
nouns_002	nouns	1075	Naturpark	english	medium	gloss	natural preserve/nature park	nature park	“Natural preserve” is neither idiomatic British English nor an accurate equivalent; a `Naturpark` is not the same category as a nature reserve (`Naturschutzgebiet`).
nouns_002	nouns	1095	Sicherung	english	low	gloss	fuse/safeguard	fuse; backup; securing/safeguarding	The very common computing sense “backup” is missing, while the broad noun “safeguard” does not make the central action/process sense especially clear.
nouns_002	nouns	1115	Interessent	english	medium	gloss	prospective customer	interested person/party; prospective customer/buyer	`Interessent` is not restricted to a customer; it can be any person or party expressing interest, so the current gloss is materially too narrow.
nouns_002	nouns	1146	Gehalt	article, plural, english	medium	gloss	der | Gehalte | content/substance	Add the much commoner separate entry `das Gehalt | Gehälter | salary/pay`; retain `der Gehalt | Gehalte | content/substance` only as the less frequent homograph.	The stored entry is internally correct, but it teaches only the uncommon masculine homograph and omits the everyday neuter word for salary, whose article and plural differ.
nouns_002	nouns	1163	Diagnose	english	high	gloss	diagnosis/diagnostics	diagnosis	German `Diagnose` means a diagnosis; “diagnostics” is normally `Diagnostik` or diagnostic testing and is not an interchangeable translation.
nouns_002	nouns	1166	Mithilfe	plural	high	plural	Mithilfen	—	`Mithilfe` in the sense “assistance/help” has no standard plural; `Mithilfen` is not a valid learner citation plural.
nouns_002	nouns	1194	Bord	english	medium	gloss	das Bord | Borde | board	das Bord | Borde | wall shelf/shelf (chiefly Swiss or otherwise dated); prefer `das Brett` for ordinary “board”	The neuter noun with this plural is a rare word for a shelf or, regionally/dated, an edge or slope; plain “board” suggests a much broader and more useful equivalence than the German word has.
nouns_002	nouns	1255	Typ	english	low	gloss	type	type; guy/bloke (informal)	The very common everyday person sense (`ein netter Typ`) is missing, leaving learners with only the abstract classification sense.
nouns_002	nouns	1271	Sorte	cefrLevel	low	cefr	C1	B1 (approximately)	`Sorte` is common intermediate vocabulary used for kinds and varieties of everyday products; C1 substantially overstates its level. uncertain: yes
nouns_002	nouns	1285	Großstadt	english	low	gloss	city/metropolis	large city/big city; metropolis	Generic “city” loses the defining `groß-` distinction and may lead learners to treat `Großstadt` as interchangeable with `Stadt`.
nouns_002	nouns	1292	Filiale	cefrLevel	low	cefr	C1	B1 (approximately)	The everyday “branch” sense used for shops and banks belongs well below C1. uncertain: yes
nouns_002	nouns	1302	Landwirt	cefrLevel	low	cefr	C1	B1/B2	This standard word for a farmer is intermediate rather than advanced C1 vocabulary. uncertain: yes
nouns_002	nouns	1313	Fotografie	english	medium	gloss	photography	photograph; photography	Singular `eine Fotografie` commonly means an individual photograph and the plural `Fotografien` specifically relies on that countable sense; the current mass-noun gloss hides it.
nouns_002	nouns	1320	Finanz	plural, english	high	plural	die Finanz | Finanzen | finance	Replace with `die Finanzen` (plural-only) = finances, or `das Finanzwesen` = finance; if singular `die Finanz` is retained, mark it as jargon and give no plural.	Jargon singular `die Finanz` has no plural; `Finanzen` is a separate plural-only lexeme, not its regular plural, so the row splices two entries together.
nouns_002	nouns	1336	Möbel	english	medium	gloss	furniture	piece of furniture; furniture (collectively in the plural `Möbel`)	Singular `das Möbel` is one piece of furniture, while English “furniture” is uncountable; the current gloss encourages the false form “a furniture.”
nouns_002	nouns	1380	Zoll	plural, english	high	plural	Zölle | customs/inch	`Zoll | Zölle | customs duty/tariff; customs authority`; distinguish `Zoll | Zoll | inch`	The plural `Zölle` belongs to customs duties/tariffs, while the unit “inch” has invariant plural `Zoll`; the row merges the homographs without explaining the incompatible plurals.
nouns_003	nouns	1415	Presse	plural	high	plural	Pressen for “press”	Use — for the media sense “the press”; retain Pressen only in a separate machine/printing-press sense.	The media sense is uncountable in German; Pressen is the plural of the physical machine sense.
nouns_003	nouns	1428	Linker	word/plural	high	junk	der Linker; plural Linker	der Linke; stored plural Linken; mark as an adjectival noun.	With the definite article, the masculine nominative is der Linke, not der Linker; because the app prepends die to stored plurals, the stored value must produce die Linken.
nouns_003	nouns	1440	Begeisterung	cefrLevel	low	cefr	A1	Reassess as approximately B1.	This abstract deverbal noun is substantially beyond core A1 vocabulary. uncertain: yes
nouns_003	nouns	1449	Räumlichkeit	english	medium	gloss	premises	room/interior; note that the usual German equivalent of “premises” is the plural Räumlichkeiten.	The English plural-only gloss is aligned with the German plural, not with the singular headword.
nouns_003	nouns	1513	Hindernis	cefrLevel	low	cefr	C1	Reassess as approximately B1/B2.	This is an ordinary, productive word for “obstacle” and C1 is implausibly late. uncertain: yes
nouns_003	nouns	1583	Tumor	english	low	spelling	tumor	tumour	The bank is for British-English-speaking learners, and “tumour” is the standard British spelling.
nouns_003	nouns	1599	Radweg	english	high	gloss	bike path/cycle lane	cycle path/cycle route	A cycle lane is normally a Radfahrstreifen/Radspur and is not a general synonym of Radweg.
nouns_003	nouns	1621	Reinigung	english	low	gloss	cleaning/dry cleaner	cleaning; dry-cleaning shop/dry cleaner’s	The place sense is the shop, not the person or machine denoted by unqualified English “dry cleaner”.
nouns_003	nouns	1685	Regisseur	cefrLevel	low	cefr	A1	Reassess as approximately A2/B1.	This occupation/cultural term is not normally core beginner A1 vocabulary. uncertain: yes
nouns_003	nouns	1695	Lohn	english	medium	gloss	wage/salary	wage/pay; distinguish Gehalt as the normal word for a fixed salary.	Giving “salary” without qualification obscures a useful everyday German distinction and encourages the wrong headword for salaried pay.
nouns_003	nouns	1696	Schulleiter	english	low	gloss	principal	headteacher/head teacher; optionally “school principal” as a regional-English equivalent.	“Principal” is not the normal general British-English term for the person in charge of a school.
nouns_003	nouns	1811	Süd	article/word/gloss	high	article	der Süd; south; no plural	Teach der Süden, —, “south”, or change this entry to der Süd, Süde, “southerly/south wind” and label its poetic/nautical use.	Der Süd is a marked word for a south wind; generic directional “south” is Süd without an article or der Süden.
nouns_003	nouns	1847	Sänger	english	low	gloss	singer/songster	singer	“Songster” is archaic/marked English and adds noise to a basic learner entry.
nouns_003	nouns	1874	Neuigkeit	english	medium	gloss	news	piece of news/news item; use “news” for the plural Neuigkeiten.	English “news” is uncountable, whereas singular Neuigkeit is a countable item.
nouns_003	nouns	1877	Kopfhörer	english	low	gloss	headphone	headphones/earphones; optionally “one earpiece” for a literal singular device.	A complete German Kopfhörer is normally called “headphones” in idiomatic British English.
nouns_003	nouns	1893	Fülle	english/plural	low	gloss	Füllen; abundance/fill/filling	For the standard core sense use “abundance/fullness” and no plural; label the countable “filling” sense as Austrian/regional if retained.	Füllen is usable only for the regional filling sense, while the unlabelled main “abundance” senses have no plural.
nouns_003	nouns	1910	Sportverein	cefrLevel	low	cefr	C1	Reassess as approximately A2/B1.	This transparent, everyday compound for a sports club is far below C1. uncertain: yes
nouns_003	nouns	1926	Abendessen	english	low	gloss	dinner/supper/supping	dinner/evening meal/supper	“Supping” is the activity of eating or drinking, not an idiomatic translation of the meal noun.
nouns_003	nouns	1929	Elektrotechnik	english	low	gloss	electrical engineering/electro-technics/electrotechnology	electrical engineering	The added alternatives are non-idiomatic or highly marginal English and reduce learner clarity.
nouns_003	nouns	1932	Geschwister	article/english	medium	gloss	das Geschwister; Geschwister; brother and sister/brothers and sisters/sibling	Teach the common plural-only die Geschwister, “siblings/brothers and sisters”; use das Geschwisterteil for a singular sibling.	Das Geschwister is a valid but rare singular; presenting it as an A1 singular lemma obscures the overwhelmingly common plural use and mixes number in the gloss.
nouns_003	nouns	1938	Arbeitsalltag	english	low	gloss	work life	everyday working life/day-to-day work	“Work life” is broader and does not convey Alltag’s everyday, routine sense.
nouns_003	nouns	1962	Mandant	english	low	gloss	client	client of a lawyer/tax adviser; legal client	Unqualified “client” is too broad and hides the professional/legal restriction that distinguishes Mandant from Kunde or Auftraggeber.
nouns_003	nouns	1977	Vorstandsvorsitzende	english	medium	gloss	chairman/chief executive officer	chair/chair of the management board, with “CEO” only where the roles coincide.	A Vorstandsvorsitzender is not automatically identical to a CEO in every governance structure, and gender-neutral “chair” is clearer British English.
nouns_003	nouns	1979	Stellenangebot	cefrLevel	low	cefr	C1	Reassess as approximately B1/B2.	This transparent and common job-search compound is not plausibly C1. uncertain: yes
nouns_003	nouns	1989	Model	english	medium	gloss	model/model (fashion)	fashion model	Das Model specifically denotes a fashion model; a model in the general sense is das Modell, so the unqualified first gloss creates a false-friend risk.
nouns_003	nouns	2011	Forschungseinrichtung	english	low	gloss	research institute	research institution/research facility	An Einrichtung is broader than an Institut, so the current gloss unnecessarily narrows the German headword.
nouns_003	nouns	2026	Auszahlung	english	medium	gloss	paying off/paying out/payment	payout/disbursement/payment	“Paying off” normally means clearing a debt or bribing someone and is a misleading model for Auszahlung.
nouns_003	nouns	2034	Spezialität	english	low	spelling	specialty	speciality	“Speciality” is the standard general British-English spelling.
nouns_003	nouns	2041	Verfolgung	english	medium	gloss	chase/persecution/pursuance	pursuit/chase/persecution/prosecution; remove “pursuance”.	“Pursuance” means carrying something out or acting in accordance with it, not pursuing or persecuting someone.
nouns_003	nouns	2044	Entdeckung	english	low	gloss	detection/discovery	discovery	“Detection” normally corresponds to Entdeckung only in specialised contexts and is a misleading general equivalent beside the core sense.
nouns_003	nouns	2052	Elektroauto	cefrLevel	low	cefr	C1	Reassess as approximately A2/B1.	This transparent everyday compound is grossly over-levelled at C1. uncertain: yes
nouns_003	nouns	2059	Fortsetzung	english	low	spelling	continuation/installment/sequel	continuation/instalment/sequel	“Instalment” is the British spelling required for this learner audience.
nouns_003	nouns	2072	Elektronik	english	medium	gloss	electronic circuit/electronics	electronics/electronic circuitry	A single electronic circuit is eine elektronische Schaltung; Elektronik denotes the field or the circuitry/electronic components collectively.
nouns_003	nouns	2076	Nord	article/word/gloss	high	article	der Nord; north; no plural	Teach der Norden, —, “north”, or change this entry to der Nord, Norde, “northerly/north wind” and label its marked use.	Der Nord is a word for a north wind; generic directional “north” is Nord without an article or der Norden.
nouns_003	nouns	2092	Watt	plural/english	high	plural	Watten; watt (unit); tidal flats	Split the homonyms: das Watt, plural Watt, “watt (unit)”; and das Watt, plural Watten, “tidal flat”.	Watten is the plural of the coastal landform, not of the unit, so one plural cannot correctly serve the two combined senses.
nouns_003	nouns	2096	Beschaffung	english	low	gloss	obtaining/procuration/procurement	procurement/acquisition/obtaining; remove “procuration”.	“Procuration” is rare and has distracting legal/agency senses; it is not good learner-facing British English here.
nouns_004	nouns	2109	Mediziner	cefrLevel	low	cefr	A2	Reassess as approximately B1/B2.	This relatively formal occupational noun is not core A2 vocabulary; Arzt is the normal earlier learner word. uncertain: yes
nouns_004	nouns	2120	Celsius	word/article/plural	high	junk	das Celsius; plural Celsius; Celsius	Remove this noun entry; teach Celsius only in a construction such as Grad Celsius.	Celsius is not normally an article-bearing count noun in German, so “das Celsius/die Celsius” teaches a nonexistent paradigm.
nouns_004	nouns	2140	Handhabung	plural	high	plural	—	Handhabungen	Handhabung has the standard plural Handhabungen, even though the singular is more frequent.
nouns_004	nouns	2148	Gebot	english/cefrLevel	high	gloss	commandment/requirement/bid; B2; cefrLevel A1	commandment/requirement/bid; move the apparent level annotation to cefrLevel B2.	“; B2” is stray metadata embedded in the learner-facing translation, and A1 is a gross mismatch for this polysemous abstract/legal noun.
nouns_004	nouns	2171	Mond	english	medium	gloss	moon/crescent	moon; use Mondsichel or Halbmond for “crescent”.	Mond is the moon generally, whereas an actual crescent shape or lunar crescent needs a more specific German noun.
nouns_004	nouns	2212	Steuerberater	english	medium	gloss	accountant/tax advisor	tax adviser	Steuerberater is a specific regulated tax profession; unqualified “accountant” is broader and normally maps to Buchhalter/Wirtschaftsprüfer according to role.
nouns_004	nouns	2193	Ausweis	english	medium	gloss	identity card	ID/identification document; reserve “identity card” specifically for Personalausweis.	Ausweis is the generic term for an identification document and the bank separately contains Personalausweis.
nouns_004	nouns	2234	Fahrbahn	english	high	gloss	roadway/lane	carriageway/roadway; use Fahrstreifen or Fahrspur for “lane”.	A Fahrbahn can contain several lanes, so teaching it as “lane” gives learners a false road-vocabulary equivalence.
nouns_004	nouns	2250	Vorliebe	cefrLevel	low	cefr	A1	Reassess as approximately B1/B2.	This abstract preference noun and its usual constructions are well beyond core A1 vocabulary. uncertain: yes
nouns_004	nouns	2258	Revision	english	low	gloss	appeal/audit/change	appeal/review/audit/revision; remove the unqualified “change”.	“Change” is too broad to model any of the legal, auditing, or revision senses reliably.
nouns_004	nouns	2204	Erdgeschoss	word	low	duplicate	das Erdgeschoss, Erdgeschosse, ground floor	Keep this standard entry and merge/remove the later synonymous variant Erdgeschoß (row 16475).	The bank otherwise teaches the same concept twice under spelling variants, with the later entry adding no learner-useful sense distinction.
nouns_004	nouns	2362	Äußerung	cefrLevel	low	cefr	A1	Reassess as approximately B1/B2.	This abstract/formal noun for a statement or utterance is not realistic core A1 vocabulary. uncertain: yes
nouns_004	nouns	2363	Auszug	english	medium	gloss	extract/excerpt/statement/moving out	extract/excerpt/moving out; qualify “statement” as bank statement, normally Kontoauszug.	Bare English “statement” suggests a general Aussage/Erklärung; Auszug has that translation only in restricted compounds or contexts.
nouns_004	nouns	2386	Abkürzung	english	low	spelling	abbreviation/acronym/short cut	abbreviation/acronym/shortcut	The noun “shortcut” is normally written as one word in current British English.
nouns_004	nouns	2416	Aufforderung	cefrLevel	low	cefr	A1	Reassess as approximately B1/B2.	This abstract deverbal noun and its request/demand/prompt senses are substantially beyond A1. uncertain: yes
nouns_004	nouns	2428	Präsidium	english	high	gloss	headquarters	executive committee/presiding board/presidium	Präsidium denotes a presiding or executive body, not the place or offices meant by “headquarters”.
nouns_004	nouns	2449	Kapelle	english	medium	gloss	chapel/folk group	chapel/band/small musical ensemble	A Kapelle is not inherently a folk group; that reading depends on a compound or context such as Musikkapelle or Blaskapelle.
nouns_004	nouns	2456	Strich	english	medium	gloss	stroke	line/dash/stroke	“Line” and “dash” are central everyday senses, while the single current gloss leaves a learner with an unnecessarily narrow model.
nouns_004	nouns	2469	Verkehrsunfall	cefrLevel	low	cefr	C1	Reassess as approximately B1.	This transparent, practical compound for a traffic accident is ordinary intermediate vocabulary, not C1. uncertain: yes
nouns_004	nouns	2472	Arbeitskraft	english	low	gloss	manpower/worker	labour/workforce/worker	“Manpower” is dated and unnecessarily gendered in learner-facing British English.
nouns_004	nouns	2503	Kennzeichnung	english	low	spelling	marking/labeling	marking/labelling	“Labelling” is the standard British-English spelling.
nouns_004	nouns	2515	Jurist	english/cefrLevel	medium	gloss	jurist/lawyer; A1	legal professional/law graduate/jurist; lawyer only as a broad contextual rendering; reassess as approximately B2.	A Jurist is not necessarily a practising lawyer, and this formal profession/qualification term is a gross A1 mismatch.
nouns_004	nouns	2538	Brunnen	cefrLevel	low	cefr	C1	Reassess as approximately A2/B1.	The common “well/fountain” noun is normal practical vocabulary far below C1. uncertain: yes
nouns_004	nouns	2546	Massage	cefrLevel	low	cefr	C1	Reassess as approximately A2/B1.	This transparent and common health/leisure word is not plausibly C1. uncertain: yes
nouns_004	nouns	2548	Ortschaft	english	medium	gloss	village	locality/settlement; optionally “village” where context establishes one.	An Ortschaft is a populated locality or settlement and is not necessarily a village.
nouns_004	nouns	2549	Preisgeld	english	low	gloss	prize money/trophy money	prize money	“Trophy money” is not an idiomatic British-English term for Preisgeld.
nouns_004	nouns	2556	Freundeskreis	cefrLevel	low	cefr	C1	Reassess as approximately B1.	This transparent everyday compound for a circle of friends is far below C1. uncertain: yes
nouns_004	nouns	2570	Flamme	english	low	gloss	blaze/burner/flame	flame/blaze; remove “burner”.	Flamme is the flame produced by a burner, not the burner apparatus itself.
nouns_004	nouns	2575	Mühle	cefrLevel	low	cefr	C1	Reassess as approximately A2/B1.	The ordinary concrete noun “mill” is not advanced C1 vocabulary. uncertain: yes
nouns_004	nouns	2576	Nachbarland	cefrLevel	low	cefr	C1	Reassess as approximately B1.	This highly transparent compound for a neighbouring country is normal intermediate vocabulary. uncertain: yes
nouns_004	nouns	2625	Antibiotikum	cefrLevel	low	cefr	C1	Reassess as approximately B1/B2.	This common medical noun is widely needed and encountered well before C1. uncertain: yes
nouns_004	nouns	2632	Gemeinsamkeit	english	medium	gloss	common ground/commonality/togetherness	common feature/thing in common/commonality; remove “togetherness”.	Togetherness is Zusammengehörigkeit/Gemeinschaftsgefühl, whereas Gemeinsamkeit denotes something shared or held in common.
nouns_004	nouns	2639	Sonderpreis	english	low	gloss	exceptional price/special price/special reduced price	special price/reduced price; special prize where the award sense is intended.	“Exceptional price” is not an idiomatic or dependable translation and obscures the separate price/prize readings.
nouns_004	nouns	2645	Fragebogen	english	low	spelling	form/opinionaire/questionnaire	questionnaire/form; remove “opinionaire”.	“Opinionaire” is a nonstandard or highly marginal English formation and is unsuitable learner vocabulary.
nouns_004	nouns	2646	Geschäftsfeld	english	high	gloss	business unit	business area/field/line of business	A Geschäftsfeld is an area of commercial activity; a business unit is an organisational entity, normally a Geschäftseinheit.
nouns_004	nouns	2650	Rind	english	medium	gloss	cow/head of cattle/cattle	bovine/head of cattle/cattle; beef where the meat sense is intended.	Rind is not sex-specific, whereas “cow” properly denotes an adult female and is normally Kuh in German.
nouns_004	nouns	2693	Grußwort	english	medium	gloss	greeting/regards	welcoming address/message of greeting	Grußwort is a short formal greeting or welcoming address; “regards” corresponds to Grüße, not Grußwort.
nouns_004	nouns	2696	Instanz	english	medium	gloss	instance	authority/body/court level; instance only with an explicit computing qualifier.	The unqualified cognate is a false-friend trap and omits the main legal and institutional senses.
nouns_004	nouns	2706	Wellness	english	medium	gloss	wellness	spa treatments/health and relaxation activities; note the narrower German loanword usage.	German Wellness usually refers to spa-style relaxation and health activities, not every English use of the abstract term “wellness”.
nouns_004	nouns	2728	Bad	english	medium	gloss	bath/bathhouse/beach establishment	bathroom/bath; spa/baths where context requires it.	The current gloss omits the central everyday room sense “bathroom” and foregrounds an obscure “beach establishment” rendering.
nouns_004	nouns	2731	Gefäß	english	medium	gloss	container/hilt/receptacle	vessel/container; blood vessel in anatomy; retain “hilt” only as a labelled specialist sense.	The important general and anatomical “vessel” senses are missing while a rare weapons sense is presented without qualification.
nouns_004	nouns	2758	Richtigkeit	plural	high	plural	Richtigkeiten	—	Standard Richtigkeit in the stated “correctness/rightness” sense has no plural; Richtigkeiten is not the citation plural.
nouns_004	nouns	2759	Sonnenschein	cefrLevel	low	cefr	C1	Reassess as approximately A2.	This common, transparent weather word is far below C1. uncertain: yes
nouns_004	nouns	2783	Verwertung	english	low	gloss	exploitation/using/utilisation	exploitation/use/utilisation	“Using” is an unnatural gerund label here; the corresponding English noun is “use”.
nouns_004	nouns	2787	Bonus	cefrLevel	low	cefr	C1	Reassess as approximately B1/B2.	This transparent, widely used loanword is not plausibly restricted to C1. uncertain: yes
nouns_004	nouns	2791	Glaube	cefrLevel	low	cefr	C1	Reassess as approximately B1/B2.	“Belief/faith” is common intermediate vocabulary and occurs in basic everyday and cultural contexts well before C1. uncertain: yes
nouns_005	nouns	2873	Vorreiter	english	low	gloss	outrider/precursor/trailblazer	forerunner/pioneer/trailblazer	“Outrider” is a rare literal/historical match and is a poor first gloss for the normal figurative sense.
nouns_005	nouns	2888	Lebensbedingung	english	low	gloss	condition of life	living condition	“Condition of life” is not idiomatic British English; the plural Lebensbedingungen is normally “living conditions.”
nouns_005	nouns	2898	Blicke	article, word, plural, english	high	junk	die Blicke | plural Blicken | glances/views	der Blick | plural Blicke | glance/look/view	The stored headword is already a nominative plural, while Blicken is its dative plural; learners need the singular lemma Blick.
nouns_005	nouns	2933	Schulhof	cefrLevel	medium	cefr	C1	A2 or B1	This transparent, everyday school noun is far below C1.
nouns_005	nouns	2964	Kerze	english	high	gloss	candle/candlestick/spark plug	candle; colloquially spark plug	A Kerze is the candle itself, not a candlestick (Kerzenhalter/Leuchter).
nouns_005	nouns	2972	Sekretariat	english	low	gloss	office	secretariat/administrative office/secretary's office	Bare “office” is too broad and does not teach what kind of office Sekretariat denotes.
nouns_005	nouns	2999	Web	english	low	gloss	W3/WWW/Web	web/World Wide Web	“W3” is obscure and dated learner-facing shorthand; it should not precede the ordinary terms.
nouns_005	nouns	3000	Aufsatz	cefrLevel	medium	cefr	C1	B1 (at most B2)	The common school sense “essay/composition” is core intermediate vocabulary, not C1.
nouns_005	nouns	3002	Belohnung	cefrLevel	medium	cefr	C1	B1 or B2	“Reward” is common everyday vocabulary and C1 is a gross overstatement.
nouns_005	nouns	3012	Kinderrecht	english	low	gloss	children's right	child's right/right of the child; plural Kinderrechte = children's rights	The current singular English phrase is awkward and obscures the much more usual plural expression.
nouns_005	nouns	3040	Sporthalle	english	low	gloss	gymnasium/sports hall	sports hall/gym	For British learners “gymnasium” strongly suggests a German secondary school false friend and is not the normal modern English term here.
nouns_005	nouns	3053	Hammer	english	medium	gloss	hammer; (colloquial) stunner/blunder	hammer; colloquially something amazing/shocking	Colloquial der Hammer can be an amazing or shocking thing, but it does not mean “blunder.”
nouns_005	nouns	3067	Whatsapp	word, plural	high	spelling	Whatsapp | Whatsapps	WhatsApp | WhatsApps	The brand-derived German noun retains the internal capital A in both singular and plural.
nouns_005	nouns	3070	Bushaltestelle	cefrLevel	medium	cefr	C1	A1 or A2	“Bus stop” is basic travel vocabulary and is grossly mislevelled at C1.
nouns_005	nouns	3079	Leiche	english	medium	gloss	body/cadaver/carcass	corpse/dead body	“Body” without “dead” is ambiguous, “cadaver” is specialist, and “carcass” normally denotes an animal; the everyday translation is “corpse/dead body.”
nouns_005	nouns	3084	Pension	english	medium	gloss	pension	pension; guest house/boarding house	The identical English word covers the retirement-payment sense but omits the very common German accommodation sense.
nouns_005	nouns	3132	Kapitän	cefrLevel	medium	cefr	C1	A2 or B1	“Captain” is ordinary job and transport vocabulary, not advanced C1 vocabulary.
nouns_005	nouns	3145	Glückwunsch	english	medium	gloss	congratulation	congratulations/congratulatory wish	English normally uses “congratulations,” especially for the everyday German exclamation Glückwunsch!.
nouns_005	nouns	3147	Impressum	english	low	gloss	imprint/masthead	legal notice/publisher details; masthead/imprint (publishing)	For the ubiquitous website sense, opaque “imprint” does not clearly tell a British learner that this is the legally required publisher/contact notice.
nouns_005	nouns	3149	Kinderwagen	english	low	gloss	baby buggy/baby carriage/perambulator	pram/pushchair/buggy	The current list prioritises American or dated wording and omits the normal modern British terms.
nouns_005	nouns	3150	Kopfschmerz	word, plural, english	low	gloss	der Kopfschmerz | Kopfschmerzen | headache	note that everyday “a headache/to have a headache” is normally Kopfschmerzen haben; retain the singular for named headache types	The singular lemma is valid, but without a usage note this pairing encourages learners to use the much less usual singular in everyday speech.
nouns_005	nouns	3181	Schüleraustausch	cefrLevel	medium	cefr	C1	B1 or B2	Student/school exchanges are standard intermediate education and travel vocabulary, well below C1.
nouns_005	nouns	3190	Ausbildungsstelle	english	low	gloss	apprenticeship training position	apprenticeship/training position	“Apprenticeship training position” is redundant and unnatural English.
nouns_005	nouns	3216	Bundesbank	english	low	gloss	Federal Bank of Germany	Deutsche Bundesbank/Germany's central bank	The current phrase is not the institution's normal English name and is less clear than identifying its function.
nouns_005	nouns	3228	Therapeut	cefrLevel	medium	cefr	A1	B1 or B2	This professional/healthcare term is not plausible A1 vocabulary.
nouns_005	nouns	3235	Bauzeit	cefrLevel	medium	cefr	A1	B1 or B2	This construction-project term is far too specialised for A1.
nouns_005	nouns	3241	Ermittler	english	medium	gloss	investigator/undercover agent	investigator/detective; undercover agent only for verdeckter Ermittler	An Ermittler is not inherently working undercover; the current second gloss teaches an unwarranted extra meaning.
nouns_005	nouns	3261	Bundesgerichtshof	english	medium	gloss	Federal Court of Justice/Federal High Court of Justice/Federal Supreme Court	Federal Court of Justice (Germany)	“Federal Court of Justice” is the established English designation; “Federal Supreme Court” misleadingly suggests one general supreme court in Germany's specialised highest-court system.
nouns_005	nouns	3273	Kneipe	english	medium	gloss	pub/student club meeting	pub/bar; in student-corporation usage, a formal drinking gathering	“Student club meeting” is too broad and sanitises/misdescribes the specialised fraternity-event sense.
nouns_005	nouns	3296	Drucke	article, word, plural, english	high	junk	die Drucke | plural Drucken | prints	der Druck | plural Drucke | print/impression	Drucke is already the nominative plural of Druck for the glossed sense, and Drucken is its dative plural rather than a citation plural.
nouns_005	nouns	3300	Freizeitgestaltung	english	medium	gloss	leisure activities	organisation/use of one's leisure time; leisure pursuits (by context)	The singular abstract noun denotes how leisure is organised, not simply a plural list of activities.
nouns_005	nouns	3310	Sonnenuntergang	cefrLevel	medium	cefr	C1	A2 or B1	“Sunset” is common concrete vocabulary and is grossly overlevelled.
nouns_005	nouns	3311	Süßigkeit	english	low	gloss	candy/sweet/sweetness	sweet/confectionery item; candy (US)	“Sweetness” is normally Süße, while British learners should be led with “sweet,” not American “candy.”
nouns_005	nouns	3318	Zeug	plural	high	plural	Zeuge	— for the modern glossed sense “stuff/things”	Although Zeuge exists for obsolete specialist senses of Zeug, modern Zeug meaning “stuff” is uncountable; displaying die Zeuge teaches a misleading plural for this entry.
nouns_005	nouns	3325	Durchfall	english	high	gloss	diarrhoea; failure (in an exam)	diarrhoea	Exam failure is das Durchfallen; der Durchfall does not carry that everyday meaning.
nouns_005	nouns	3352	Bundesbürger	english	low	gloss	German citizen/federal citizen	German citizen/citizen of the Federal Republic of Germany	“Federal citizen” is not idiomatic English and invites a misleading literal interpretation.
nouns_005	nouns	3365	Linse	cefrLevel	medium	cefr	C1	B1 or B2	Both everyday senses, “lentil” and “lens,” are well below C1.
nouns_005	nouns	3371	Anstoß	english	medium	gloss	annoyance/initiation/kick-off	impetus/impulse; kick-off; offence (in fixed contexts)	The current first two glosses obscure the central “impetus/stimulus” sense and present contextual renderings as direct equivalents.
nouns_005	nouns	3378	Eigenheim	english	medium	gloss	home/homestead	owner-occupied home/one's own home	Eigenheim specifically conveys ownership and is not a generic home or a homestead.
nouns_005	nouns	3381	Handarbeit	english	medium	gloss	manual labour/manual work	needlework/handicraft; work done by hand	The very common countable/plural sense Handarbeiten is needlework or handicrafts; the current glosses omit it entirely.
nouns_005	nouns	3402	Anfahrt	english	medium	gloss	approach	journey/trip there; route/access/directions (by context)	Bare “approach” is too vague and misses the normal travel-to-a-destination sense learners encounter.
nouns_005	nouns	3414	Kader	english	medium	gloss	cadre	squad/team/roster; cadre (politics/organisation)	The cognate-only gloss omits the frequent German sports sense and is therefore misleadingly narrow.
nouns_005	nouns	3423	Sucht	english	medium	gloss	addiction/desire/obsession	addiction/dependency; compulsive craving	Generic “desire” and “obsession” are too broad; Sucht denotes an addictive or pathological compulsion.
nouns_005	nouns	3430	Anblick	english	medium	gloss	looking/sight	sight/view/appearance	“Looking” is an activity and is not a noun-sense equivalent of Anblick.
nouns_005	nouns	3432	Blau	plural	high	plural	Blau	— for the ordinary colour-as-mass sense; Blaus for the rare plural “shades/types of blue”	The singular form Blau is not also the citation plural, so the UI would display the false form die Blau.
nouns_005	nouns	3448	Top	cefrLevel	medium	cefr	C1	A1 or A2	The everyday garment word is beginner-level clothing vocabulary, not C1.
nouns_005	nouns	3450	Versicherungsnehmer	english	medium	gloss	insurance holder/insurant/insured	policyholder	“Insurant” is non-idiomatic and the insured person need not be the policyholder; policyholder is the precise British term.
nouns_005	nouns	3491	Feuerwerk	english	medium	gloss	firework/fireworks	fireworks/fireworks display	German Feuerwerk normally denotes the collective display or fireworks as a whole; one individual firework is a Feuerwerkskörper.
nouns_006	nouns	3505	Radler	article / english	high	article	der Radler — cyclist/shandy	Keep `der Radler` = cyclist; put the drink sense in a separate `das Radler` entry.	The cyclist is masculine, but the shandy is neuter in standard German; one article cannot teach both senses.
nouns_006	nouns	3561	Flut	english	low	gloss	flood/flood-tide/waves	flood/deluge/high tide	"`Flut` is not the ordinary German equivalent of plural ""waves"" (`Wellen`)."
nouns_006	nouns	3570	Klassenraum	cefrLevel	medium	cefr	C1	A1 or A2	This is a basic, transparent classroom word, so C1 would substantially delay it in level-based decks.
nouns_006	nouns	3593	Baumarkt	english	low	gloss	DIY shop/hardware store (US)/ironmonger's	DIY store/DIY shop; home-improvement store (US)	A British ironmonger's is a much smaller specialist shop, not the normal equivalent of a `Baumarkt`.
nouns_006	nouns	3601	Metropolis	word / plural	high	junk	die Metropolis; Metropolen; metropolis	Replace the headword with `die Metropole`, plural `Metropolen`.	The common German noun is `Metropole`; `Metropolis` is not its German singular and does not match the stored plural.
nouns_006	nouns	3646	Schwere	english	medium	gloss	difficulty/gravity/heaviness	severity/gravity/heaviness; difficulty	"""Severity"" is a very common sense (`die Schwere der Verletzung`) and is important for learner comprehension."
nouns_006	nouns	3670	Ordnungswidrigkeit	english	medium	gloss	infringement	administrative offence/regulatory offence; infringement	"This is a specific category of non-criminal statutory offence, whereas bare ""infringement"" is too broad to teach the legal meaning."
nouns_006	nouns	3673	Reserve	english	medium	gloss	backup/buffer/reservation	reserve/backup/spare; substitute	A booking or reservation is normally `Reservierung`; the current gloss omits the core cognate sense and invites that false equivalence.
nouns_006	nouns	3674	Schulkind	cefrLevel	medium	cefr	C1	A1 or A2	This is a basic and transparent word for a school-age child, not advanced vocabulary.
nouns_006	nouns	3685	Aufschlag	english	medium	gloss	crash/extra charge/impact	serve (in tennis/volleyball); surcharge/mark-up; impact	"The everyday sports sense ""serve"" is missing, while bare ""crash"" is not a reliable direct equivalent."
nouns_006	nouns	3688	Benutzername	english	medium	gloss	access code/login name/username	username/login name	An access code (`Zugangscode`) is a credential distinct from a username.
nouns_006	nouns	3701	Gleichberechtigung	english	medium	gloss	equality	equal rights/equality of rights/equal status	Generic equality is `Gleichheit`; `Gleichberechtigung` specifically concerns having equal rights or status.
nouns_006	nouns	3710	Selbstvertrauen	cefrLevel	medium	cefr	C1	B1	This is common intermediate vocabulary and is substantially over-levelled at C1.
nouns_006	nouns	3720	Turnhalle	english	low	gloss	gym/gymnasium	gym/sports hall	"Although ""gymnasium"" can denote a gym, it is uncommon in current British English and particularly confusing in a German-learning product because `Gymnasium` is a school type."
nouns_006	nouns	3722	Verschiebung	english	medium	gloss	adjournment/displacement/relocation	postponement/delay; shift/displacement	"""Postponement"" is one of the most frequent everyday senses; ""adjournment"" covers only a narrower institutional context."
nouns_006	nouns	3731	Einweisung	english	medium	gloss	admission/assignment/briefing	instruction/induction/briefing; hospital admission/referral	"""Assignment"" is not a normal equivalent, and the important instruction/induction sense should be explicit."
nouns_006	nouns	3739	Kamin	cefrLevel	medium	cefr	C1	A2 or B1	A common household word for a fireplace/chimney is markedly below C1.
nouns_006	nouns	3740	Kosmetik	english	medium	gloss	cosmetic	cosmetics/cosmetic products	"German `Kosmetik` is normally the collective field or products; singular English ""cosmetic"" denotes one product or functions as an adjective."
nouns_006	nouns	3751	Weltmeister	cefrLevel	medium	cefr	C1	A2 or B1	This transparent and frequent sports term is not advanced C1 vocabulary.
nouns_006	nouns	3752	Zuversicht	plural	high	plural	Zuversichten	—	Standard citation use treats `Zuversicht` as a mass noun without a usable plural.
nouns_006	nouns	3758	Aufkleber	cefrLevel	medium	cefr	C1	A2	"""Sticker"" is common everyday object vocabulary and is grossly over-levelled at C1."
nouns_006	nouns	3771	Leckerei	english	low	gloss	delicacy	treat/tasty snack; delicacy	"""Treat"" is the ordinary everyday sense; ""delicacy"" alone sounds more rarefied than the German word."
nouns_006	nouns	3796	Haltbarkeit	english	medium	gloss	shelf life/best-before date; durability	shelf life/durability	`Haltbarkeit` is a duration or property, not the printed best-before date (`Mindesthaltbarkeitsdatum`).
nouns_006	nouns	3799	Informatiker	cefrLevel	medium	cefr	A1	B1 or B2	This occupational/technical term is not realistic beginner A1 vocabulary.
nouns_006	nouns	3807	Rollenspiel	english	medium	gloss	RPG/role-playing game/roleplaying game	role play; role-playing game/RPG	"The ordinary educational, therapeutic, and social ""role play"" sense is omitted, leaving only the gaming sense."
nouns_006	nouns	3809	Staubsauger	cefrLevel	medium	cefr	C1	A1 or A2	This is basic household vocabulary and is grossly over-levelled.
nouns_006	nouns	3812	Zweifelsfall	english	low	gloss	case of doubt	doubtful case; chiefly teach `im Zweifelsfall` = when in doubt	"""Case of doubt"" is an unnatural calque and does not give the learner the idiomatic use of this word."
nouns_006	nouns	3818	Biotop	english	medium	gloss	biotope	habitat/biotope	"""Biotope"" exists in specialist English, but ""habitat"" is the clear everyday translation learners need."
nouns_006	nouns	3863	Hotelzimmer	cefrLevel	medium	cefr	C1	A1	This highly transparent travel word belongs in beginner material, not a C1 deck.
nouns_006	nouns	3878	Sozialleistung	english	medium	gloss	benefit/social security/social security benefits	social benefit/welfare benefit/social-security benefit	"A `Sozialleistung` is an individual benefit or service; bare ""social security"" denotes the wider system."
nouns_006	nouns	3882	Videoüberwachung	english	low	gloss	CCTV/closed circuit television/video control	video surveillance/CCTV	"""Video control"" is not idiomatic English for surveillance."
nouns_006	nouns	3891	Appell	english	low	gloss	appeal/standing in formation	appeal/call; roll call/parade (military)	"""Standing in formation"" describes an action rather than translating the military noun sense."
nouns_006	nouns	3899	Fachschaft	english	low	gloss	department club/student association	departmental student body/student representatives; departmental student association	"""Department club"" is not an idiomatic or institutionally clear British-English label."
nouns_006	nouns	3943	Lebensgrundlage	english	medium	gloss	basic needs/basis for life/basis of life	livelihood/basis of existence/means of subsistence	`Lebensgrundlage` is what sustains life or someone's livelihood, not the set of basic needs themselves.
nouns_006	nouns	3945	Nebel	english	medium	gloss	cloud/fog/haze	fog/mist/haze	"The ordinary word for a cloud is `Wolke`; including bare ""cloud"" teaches an unreliable equivalence."
nouns_006	nouns	3954	Stich	english	medium	gloss	engraving/stab/sting	stitch; sting/bite; stab; engraving	"The very common sewing sense ""stitch"" is missing."
nouns_006	nouns	3966	Bürgerhaus	english	low	gloss	community centre/mansion	community centre/civic centre; historic burgher's house	A generic mansion is not a `Bürgerhaus`; the historical building sense is more specific.
nouns_006	nouns	3970	Fachwerkhaus	cefrLevel	medium	cefr	A1	B1	This culturally specific architectural compound is implausibly early for an A1 deck.
nouns_006	nouns	3974	Glaubwürdigkeit	english	low	gloss	credibility/credit	credibility/believability	"Bare ""credit"" is not a dependable modern English equivalent and is liable to be read as financial credit."
nouns_006	nouns	3975	Größenordnung	english	low	gloss	magnitude/magnitude order/order of magnitude	order of magnitude/scale/approximate magnitude	"""Magnitude order"" is malformed English and should be removed."
nouns_006	nouns	3979	Mädel	english	low	gloss	girl/lass	girl/lass (colloquial, regional)	"The entry should tell learners that this diminutive is informal and regionally marked, not the neutral default for ""girl""."
nouns_006	nouns	3994	Vokabel	english	medium	gloss	vocabulary item/word	foreign-language word/vocabulary item	`Vokabel` normally means a word being learned in a foreign language, not any generic word (`Wort`).
nouns_006	nouns	4001	Zunge	cefrLevel	medium	cefr	C1	A1 or A2	A basic body-part word should not be restricted to C1 decks.
nouns_006	nouns	4006	Besserung	english	medium	gloss	amendment/improvement/recovery	improvement/recovery	"""Amendment"" normally corresponds to `Änderung`, `Ergänzung`, or `Nachbesserung`, not `Besserung`."
nouns_006	nouns	4018	Hausbesitzer	english	low	gloss	homeowner/householder	homeowner/house owner	A householder may be a tenant and therefore need not be a `Hausbesitzer`.
nouns_006	nouns	4062	Pflaster	english	low	gloss	plaster; paving/pavement	sticking plaster; paving/cobblestones	"In British English ""pavement"" normally means the footway, which is not what `Pflaster` denotes."
nouns_006	nouns	4066	Sauberkeit	plural	high	plural	Sauberkeiten	—	Standard `Sauberkeit` is an abstract mass noun without a citation plural.
nouns_006	nouns	4070	Segel	english	medium	gloss	canvas/cloth/sail	sail	`Segel` denotes the sail itself, not generic canvas or cloth.
nouns_006	nouns	4088	Feierabend	english	medium	gloss	closing time/knocking-off time/quitting time	end of the working day/time off after work; finishing time	"It denotes finishing work and also the ensuing free time; ""closing time"" can instead suggest a shop or pub closing."
nouns_006	nouns	4089	Gemisch	english	low	gloss	composite/mixture	mixture/blend	"""Composite"" ordinarily denotes a composite material or whole (`Verbund[stoff]`), not a generic `Gemisch`."
nouns_006	nouns	4096	Nachtleben	english	low	spelling	night life	nightlife	The standard modern English noun is written as one word.
nouns_006	nouns	4100	Porzellan	english	low	gloss	bone china/china/porcelain	porcelain/china	Bone china is specifically `Knochenporzellan`, not porcelain in general.
nouns_006	nouns	4113	Weiterleitung	english	low	gloss	forwarding/redirect	forwarding/redirection/routing	"The bare verb-shaped ""redirect"" is an awkward learner gloss for this process noun."
nouns_006	nouns	4142	Philharmonie	english	medium	gloss	Philharmonic Hall	philharmonic concert hall; philharmonic society/orchestra (by context)	The German common noun is not solely a proper-name label for one hall and can denote the institution as well as its concert hall.
nouns_006	nouns	4155	Torte	english	low	gloss	layer cake	gateau/torte/rich cream cake	"Not every `Torte` is literally layered, so ""layer cake"" is too narrow as the sole gloss."
nouns_006	nouns	4164	Barock	english	low	gloss	baroque	the Baroque/Baroque period or style	The German item is a noun for the period or style; the current lower-case gloss can be read as only the English adjective.
nouns_006	nouns	4166	Bemerkung	english	low	gloss	annotation/comment/note	remark/comment/note	"""Remark"" is the core everyday equivalent; ""annotation"" more normally translates `Anmerkung`."
nouns_006	nouns	4174	Gastronom	english	low	gloss	caterer/restaurant owner/restaurateur	restaurateur/restaurant owner/food-service professional	A caterer is specifically a `Caterer` or catering operator and need not be a `Gastronom`.
nouns_006	nouns	4183	Kinderarzt	cefrLevel	medium	cefr	C1	A2 or B1	This common healthcare word is substantially below C1.
nouns_006	nouns	4184	Klappe	english	low	gloss	flap/mouth	flap/hatch/lid; mouth (colloquial, e.g. `die Klappe halten`)	"The ""mouth"" sense is strongly colloquial and phrase-bound, which the unqualified gloss hides."
nouns_006	nouns	4185	Kumpel	cefrLevel	medium	cefr	C1	A2 or B1	This very common informal word for a mate/friend is grossly over-levelled at C1.
nouns_006	nouns	4188	Mediathek	english	medium	gloss	multimedia centre	media library; online catch-up/media library	"In current everyday German it very often means a broadcaster's online on-demand library, which ""multimedia centre"" does not communicate."
nouns_006	nouns	4189	Mörder	english	medium	gloss	assassin/killer/murderer	murderer/killer	An assassin (`Attentäter`) is a more specific, usually politically motivated killer, not a general `Mörder`.
nouns_006	nouns	4191	Physiotherapeut	cefrLevel	medium	cefr	A1	A2 or B1	This relatively specialised occupational/healthcare word is implausibly early for A1.
nouns_006	nouns	4196	Strang	english	medium	gloss	cord/course/rope	strand/cord; tract/branch; plot line	"The central English equivalent ""strand"" is missing, while bare ""course"" is not a reliable translation."
nouns_006	nouns	4200	Volkswirtschaft	english	medium	gloss	economics/national economy	national economy/economy of a country	"The academic subject ""economics"" is `Volkswirtschaftslehre`; `Volkswirtschaft` itself denotes the economy."
nouns_007	nouns	4205	Achter	english	medium	gloss	eight/figure 8 device/out-of-round	eight; figure-eight shape/object; rowing eight/eight-oared boat; (technical) out-of-roundness	The current wording is opaque, calls no identifiable sense a “figure 8 device”, and omits the common rowing sense.
nouns_007	nouns	4211	Date	english	high	gloss	date	romantic date	German *Date* normally means a romantic meeting, not a calendar date; the bare English gloss teaches a false friend.
nouns_007	nouns	4249	Tausend	plural	high	plural	Tausenden	Tausend (for neuter *das Tausend*); alternatively split out feminine *die Tausend*, plural *Tausenden*, as a different sense	*Tausenden* is not the nominative plural belonging to the listed neuter lemma *das Tausend*; the entry mixes declensions of two distinct uses.
nouns_007	nouns	4275	Deich	english	low	gloss	dike	dyke	The bank targets British English, where the standard spelling is *dyke*.
nouns_007	nouns	4278	Führe	english	medium	gloss	route	climbing route / mountaineering route	*Führe* is a specialist climbing and mountaineering term, not an ordinary word for any route.
nouns_007	nouns	4287	Hinterbliebene	english	medium	gloss	survivor	bereaved man; male surviving dependant/relative	The German denotes someone left bereaved by a death; unqualified *survivor* is much broader and encourages misuse.
nouns_007	nouns	4293	Menschlichkeit	plural	medium	plural	Menschlichkeiten	— for the glossed senses “humaneness/humanity”; retain *Menschlichkeiten* only with the rare separate sense “human weaknesses/failings”	The displayed plural belongs to a rare different sense, while both senses supplied in English are non-count uses without a normal plural.
nouns_007	nouns	4315	Videospiel	cefrLevel	medium	cefr	C1	A2 or B1	This everyday, transparent word is far below C1 and would be badly misplaced in learner deck selection.
nouns_007	nouns	4336	Fuchs	cefrLevel	medium	cefr	C1	A2 or B1	A basic animal word should not be deferred to C1.
nouns_007	nouns	4347	Police	english	high	gloss	policy	insurance policy	*Police* is specifically an insurance policy; bare *policy* falsely suggests the much broader English and German senses.
nouns_007	nouns	4350	Redner	english	high	gloss	lecturer/orator/speaker	speaker/orator	A lecturer is normally a *Dozent* or *Vortragender*, not simply a *Redner*.
nouns_007	nouns	4370	Bevollmächtigte	english	medium	gloss	attorney-in-fact	authorised representative / authorised agent / proxy	The current US legal term is unnecessarily narrow and unsuitable as the sole gloss for a British-English learner.
nouns_007	nouns	4373	Damm	english	low	gloss	dam/embankment/dike	dam/embankment/dyke	The bank targets British English, where the standard spelling is *dyke*.
nouns_007	nouns	4441	Obdachlose	english	high	gloss	homeless	homeless man / homeless person	The German item is a person noun, while the current English value is only an adjective.
nouns_007	nouns	4456	Wortschatz	cefrLevel	medium	cefr	C1	A2 or B1	This core learner and classroom word is grossly overlevelled at C1.
nouns_007	nouns	4459	Anklage	english	low	gloss	accusal/accusation	accusation; charge/indictment/prosecution (legal context)	*Accusal* is extremely uncommon and a poor first learner gloss; the important legal senses are also missing.
nouns_007	nouns	4461	Astronaut	english	low	spelling	astronaut/kosmonaut	astronaut/cosmonaut	*Kosmonaut* is the German spelling, not the English spelling of *cosmonaut*.
nouns_007	nouns	4464	Betreten	english	medium	gloss	access/entry	entering / stepping onto or into / trespassing (by context)	The nominalised infinitive describes the act of entering, not “access” as availability or permission.
nouns_007	nouns	4483	Instandsetzung	english	high	gloss	maintenance/overhaul	repair/restoration; overhaul where context supports it	Routine maintenance is *Instandhaltung*; translating *Instandsetzung* as maintenance erases an important distinction.
nouns_007	nouns	4494	Personaler	english	high	gloss	headhunter/recruiter	HR professional / human-resources manager or staff member	A *Personaler* works in human resources and is not necessarily a recruiter or external headhunter.
nouns_007	nouns	4517	Achtsamkeit	plural	high	plural	Achtsamkeiten	—	In the listed senses “attentiveness/care/mindfulness”, standard citation use is singular-only; the supplied plural is not a learner-safe form.
nouns_007	nouns	4518	Adoption	english	low	gloss	adoption/affiliation	adoption; acceptance/adoption (of a proposal, practice, etc.)	*Affiliation* is not a normal translation of *Adoption*.
nouns_007	nouns	4519	Akt	english	medium	gloss	act/action/actuality	act; nude study/nude; sexual act (by context)	*Actuality* is not a meaning of German *Akt*, and the current list omits major established senses.
nouns_007	nouns	4528	Dünger	cefrLevel	medium	cefr	C1	B1 or B2	A common concrete word for fertiliser is substantially overlevelled at C1.
nouns_007	nouns	4550	Milieu	english	medium	gloss	environment	social milieu / social background / social environment	Bare *environment* is too broad and invites confusion with *Umwelt* or *Umgebung*.
nouns_007	nouns	4579	Anklicken	english	low	gloss	click	clicking / clicking on	The headword is a nominalised infinitive denoting the action, so the English should make that construction clear.
nouns_007	nouns	4581	Attest	english	medium	gloss	certificate	medical certificate / doctor's note; official certificate (by context)	Bare *certificate* is much too broad and hides the overwhelmingly common medical sense.
nouns_007	nouns	4584	Benzinpreis	english	medium	gloss	fuel price	petrol price	*Benzin* is petrol, not fuel in general, and *petrol price* is the idiomatic British-English equivalent.
nouns_007	nouns	4593	Dachgeschoss	english	medium	gloss	attic	top floor / attic storey	A *Dachgeschoss* is a storey within the roof and may contain normal rooms; *attic* alone more naturally translates *Dachboden*.
nouns_007	nouns	4595	Eichen	plural	high	plural	Eichen	—	*Das Eichen* is a nominalised infinitive (“calibrating/calibration”) and has no plural; the stored form merely repeats the infinitive.
nouns_007	nouns	4599	Frust	cefrLevel	medium	cefr	C1	B1 or B2	This frequent colloquial word is grossly overlevelled at C1.
nouns_007	nouns	4618	Referendar	english	medium	gloss	student teacher/trainee teacher	trainee teacher; trainee lawyer or probationary civil servant (by profession)	The current gloss presents only the teaching use, although *Referendar* is also a central term in legal and civil-service training.
nouns_007	nouns	4621	Sonnenbrille	english	low	spelling	shades/sun glasses/sunglasses	sunglasses/shades	*Sun glasses* is not the standard spelling; the duplicate malformed variant should be removed.
nouns_007	nouns	4629	Trubel	english	medium	gloss	hurly-burly	hustle and bustle / commotion / bustle	*Hurly-burly* is archaic and poor as the only English learner gloss for a still-current German word.
nouns_007	nouns	4631	Verlässlichkeit	plural	high	plural	Verlässlichkeiten	—	The listed abstract sense “dependability/reliability” is standardly singular-only.
nouns_007	nouns	4639	Zitrone	english	high	gloss	lemon/lemon tree	lemon	The tree is a *Zitronenbaum*; *Zitrone* denotes the fruit.
nouns_007	nouns	4642	Abgleich	english	medium	gloss	adjustment/alignment/balance	comparison/check/reconciliation/matching; adjustment where context supports it	The current list misses the common core sense of comparing or reconciling data, values, or records.
nouns_007	nouns	4643	Abschlag	english	medium	gloss	disagio/discount	part-payment/instalment; deduction/discount; tee shot (sport), by context	The sole current senses are specialist and omit the frequent payment and sporting meanings.
nouns_007	nouns	4657	Entfaltung	english	medium	gloss	unfolding	development / self-development / realisation of potential; unfolding	Literal *unfolding* alone does not convey the common abstract learner sense in phrases such as *freie/persönliche Entfaltung*.
nouns_007	nouns	4660	Fußboden	cefrLevel	medium	cefr	C1	A2 or B1	This basic household word is grossly overlevelled at C1.
nouns_007	nouns	4676	Rakete	cefrLevel	medium	cefr	C1	A2 or B1	A common concrete word for rocket is far below C1.
nouns_007	nouns	4678	Schweiß	cefrLevel	medium	cefr	C1	B1 or B2	This everyday body-related noun is substantially overlevelled at C1.
nouns_007	nouns	4683	Tatbestand	english	medium	gloss	facts of the case/factual findings/matter of fact	facts/circumstances of a case; constituent elements of an offence (legal context)	The current wording misses the important legal sense of the conditions or elements that fulfil a statutory offence.
nouns_007	nouns	4697	Ausschau	english	medium	gloss	lookout	search/lookout, chiefly in *Ausschau halten nach* = look out/search for	The noun is strongly phrase-bound; bare *lookout* can wrongly suggest a viewpoint or lookout person.
nouns_007	nouns	4710	Hamburger	english	medium	gloss	hamburger	hamburger; man/person from Hamburg	The entry omits the equally standard demonym, which has the same masculine article and plural.
nouns_007	nouns	4716	Kleinbauer	english	medium	gloss	crofter/peasant/small farmer	smallholder / small-scale farmer	*Crofter* is regionally and legally narrower, while *peasant* can be pejorative; neither is a good primary equivalent.
nouns_007	nouns	4717	Knoblauch	cefrLevel	medium	cefr	C1	A1 or A2	This basic food word is grossly overlevelled at C1.
nouns_007	nouns	4720	Landesgrenze	english	medium	gloss	state boundary	national border; border of/between a federal state or Land (by context)	*Land* may denote a country or a German/Austrian federal state; the sole English gloss is too narrow and not idiomatic for the common national sense.
nouns_007	nouns	4722	Meinungsfreiheit	plural	high	plural	Meinungsfreiheiten	—	Standard German treats *Meinungsfreiheit* (“freedom of expression/opinion”) as having no plural.
nouns_007	nouns	4725	Onkologie	plural	medium	plural	Onkologien	— for “oncology”; alternatively add “oncology department” as the countable secondary sense that licenses *Onkologien*	The medical discipline in the supplied gloss has no plural; the stored plural belongs to the separate hospital-department sense.
nouns_007	nouns	4726	Personalabteilung	cefrLevel	medium	cefr	C1	B1 or B2	This transparent and common workplace term is substantially overlevelled at C1.
nouns_007	nouns	4729	Rechtschreibung	cefrLevel	medium	cefr	C1	A2 or B1	This core classroom and learner word is grossly overlevelled at C1.
nouns_007	nouns	4745	Wiege	english	low	gloss	birthplace/cradle/rocker	cradle; birthplace/cradle (figurative)	A generic *rocker* is not a *Wiege*; the added gloss is more confusing than useful.
nouns_007	nouns	4752	Anmeldeformular	english	high	gloss	application form	registration form / enrolment form	An application form is normally a *Bewerbungsformular* or *Antragsformular*; *Anmeldeformular* is for registering or enrolling.
nouns_007	nouns	4766	Häkchen	cefrLevel	medium	cefr	C1	A2 or B1	The common UI and form word for a tick/check mark is grossly overlevelled at C1.
nouns_007	nouns	4781	Nachholbedarf	english	medium	gloss	backlog	need to catch up / catching-up requirement / pent-up need	A backlog is accumulated unfinished work; *Nachholbedarf* is the need or scope to catch up and is not generally interchangeable with it.
nouns_007	nouns	4782	Narbe	english	medium	gloss	grain/scar/stigma	scar; stigma (botany)	Generic English *grain* is not a normal learner translation of *Narbe* and is misleading as the first gloss.
nouns_007	nouns	4790	Sicherheitsmaßnahme	english	low	gloss	security measures	security measure / safety measure	The German headword is singular, but the English field gives only a plural translation.
nouns_007	nouns	4799	Wal	cefrLevel	medium	cefr	C1	A2 or B1	A basic animal word should not be placed at C1.
nouns_007	nouns	4818	Dienstreise	cefrLevel	medium	cefr	C1	A2 or B1	This common and transparent workplace/travel term is grossly overlevelled at C1.
nouns_007	nouns	4819	Dose	english	medium	gloss	box/can/container	tin/can; container	A *Dose* is not normally a generic box; putting *box* first encourages a basic container false equivalence.
nouns_007	nouns	4826	Festspiel	english	medium	gloss	festival	festival performance / pageant; note that plural *Festspiele* often denotes a festival	The singular normally denotes a festive or festival performance, whereas “festival” commonly corresponds to the plural name *Festspiele*.
nouns_007	nouns	4834	Haufen	english	medium	gloss	dung/heap	heap/pile/bunch; droppings/dung only in context	*Dung* is not a core standalone meaning and its first position distorts a very common general noun.
nouns_007	nouns	4840	Kondom	english	medium	gloss	condom/rubber	condom	*Rubber* for condom is chiefly North American and is especially unsuitable for a British-English learner, for whom it ordinarily means an eraser.
nouns_007	nouns	4842	Kürbis	english	high	gloss	gourd/nut/pumpkin	pumpkin/squash/gourd	*Nut* is not a meaning of *Kürbis*.
nouns_007	nouns	4844	Lagerfeuer	cefrLevel	medium	cefr	C1	A2 or B1	This common concrete compound is grossly overlevelled at C1.
nouns_007	nouns	4856	Reiseführer	english	medium	gloss	guide	travel guide / guidebook / tour guide	Bare *guide* does not teach that the German can denote either a travel guidebook or a person guiding travellers.
nouns_007	nouns	4862	Sonnenaufgang	english	low	gloss	dawn/sunrise	sunrise	Dawn is the period of first light and can precede sunrise; *Sonnenaufgang* specifically means sunrise.
nouns_007	nouns	4868	Tilgung	english	medium	gloss	redemption	repayment/amortisation; deletion/cancellation/extinguishment (by context)	The single abstract gloss is obscure and fails to represent the usual finance and deletion senses.
nouns_007	nouns	4878	Annehmlichkeit	english	medium	gloss	acceptability/advantage/amenity	amenity/comfort/pleasant convenience	*Acceptability* is *Annehmbarkeit*, not *Annehmlichkeit*, and *advantage* is at best context-dependent.
nouns_007	nouns	4892	Fachgeschäft	english	low	gloss	specialty store	specialist shop	The sole gloss is American English; *specialist shop* is the idiomatic British equivalent.
nouns_008	nouns	4902	Hafenstadt	english	low	gloss	port city/harbor city	port city/harbour city	The second spelling is American; the bank is intended for British-English-speaking learners.
nouns_008	nouns	4910	Kinderarbeit	plural	high	plural	Kinderarbeiten	—	In the glossed sense “child labour,” Kinderarbeit has no plural; Kinderarbeiten is understood as works or pieces of work by children.
nouns_008	nouns	4915	Lektion	cefrLevel	medium	cefr	C1	A2/B1	This is a basic course-and-textbook word and C1 grossly overstates its learner level.
nouns_008	nouns	4925	Pressefreiheit	plural	high	plural	Pressefreiheiten	—	Standard German treats Pressefreiheit as having no plural.
nouns_008	nouns	4930	Scanner	cefrLevel	medium	cefr	C1	A2/B1	The common device/computing noun is far below C1 and is transparent to English-speaking learners.
nouns_008	nouns	4941	Wehe	english	low	gloss	labor contraction	labour contraction	The current spelling is American rather than the required British English.
nouns_008	nouns	4949	Assoziation	cefrLevel	medium	cefr	A1	B1/B2	This abstract noun and its normal uses are well beyond beginner A1 vocabulary.
nouns_008	nouns	4985	Nacken	cefrLevel	medium	cefr	C1	A2/B1	This everyday body-part noun is grossly easier than C1.
nouns_008	nouns	5026	Minijob	english	medium	gloss	mini-job/part-time job	mini-job / low-paid marginal employment (Germany)	A Minijob is a specific legally defined form of marginal employment, not any part-time job.
nouns_008	nouns	5043	Verkehrsfläche	english	medium	gloss	traffic area/paved area	land used for transport infrastructure / transport area	Verkehrsfläche is a planning category covering roads, paths, rail areas and similar land; it is not synonymous with any paved area.
nouns_008	nouns	5077	Aalen	article	high	article	das Aalen	Aalen (no article), or remove the proper name if the schema requires an article	The gloss identifies the German city Aalen, whose name is normally used without an article; das Aalen would instead look like a nominalised verb.
nouns_008	nouns	5089	Solarenergie	english	high	gloss	solar energy; plural —	solar energy	The embedded note is false and conflicts with the valid stored plural Solarenergien.
nouns_008	nouns	5106	Sonneneinstrahlung	english	high	gloss	solar radiation / sunlight exposure; plural —	solar radiation / sunlight exposure	The embedded note is false and conflicts with the valid stored plural Sonneneinstrahlungen.
nouns_008	nouns	5139	Themenkomplex	english	low	gloss	topic complex	set/complex of related topics; subject area	“Topic complex” is an unnatural English calque and gives a learner little usable meaning.
nouns_008	nouns	5142	Traube	cefrLevel	medium	cefr	C1	A1/A2	“Grape” is an elementary concrete noun, so C1 is a gross mismatch.
nouns_008	nouns	5157	Zukunftsperspektive	english	low	gloss	future perspective	prospects for the future / future outlook	“Future perspective” is a literal, unnatural English rendering.
nouns_008	nouns	5171	Busch	cefrLevel	medium	cefr	C1	A2/B1	This common concrete nature word is grossly below C1.
nouns_008	nouns	5199	Klamotte	english	medium	gloss	clothes	Klamotten (plural, informal) = clothes; singular Klamotte = old/worthless object or a farce	The clothing sense is plural-only, while the presented singular headword does not mean “clothes.”
nouns_008	nouns	5212	Obstbaum	cefrLevel	medium	cefr	C1	A2/B1	This transparent everyday compound is grossly easier than C1.
nouns_008	nouns	5218	Raupe	cefrLevel	medium	cefr	C1	A2/B1	A common concrete animal noun such as “caterpillar” should not be placed at C1.
nouns_008	nouns		Youtuber (row 5251)	word	medium	duplicate	exact duplicate of row 5250	remove row 5251	The adjacent rows have the same article, headword, plural and gloss, so learners receive a redundant duplicate card.
nouns_008	nouns	5308	Kundschaft	plural	high	plural	Kundschaften	— for the glossed sense “clientele”	Kundschaft meaning the collective body of customers has no plural; Kundschaften belongs to other, non-glossed uses.
nouns_008	nouns	5310	Lehrling	english	medium	gloss	trainee	apprentice	A Lehrling is specifically someone undertaking a formal vocational apprenticeship, not a generic trainee.
nouns_008	nouns	5311	Lehrperson	english	medium	gloss	teacher	teacher (especially Swiss; otherwise dated/administrative—usually Lehrer/in or Lehrkraft)	The unrestricted gloss hides an important regional/register limitation and encourages an unnatural default word for most learners in Germany.
nouns_008	nouns	5317	Narkose	english	medium	gloss	general anaesthesia	anaesthesia; general anaesthetic	Narkose is not restricted to general anaesthesia, so the gloss is materially too narrow.
nouns_008	nouns	5320	Oberschenkel	cefrLevel	medium	cefr	C1	A2/B1	This everyday body-part noun is grossly easier than C1.
nouns_008	nouns	5333	Richtwert	english	low	gloss	guidance level/guide level	guideline value / reference value	The current English is awkward and less idiomatic than the standard technical equivalents.
nouns_008	nouns	5350	Tragekomfort	english	low	gloss	wearing comfort	comfort when worn / wearing comfort (of clothing or equipment)	The bare phrase “wearing comfort” is awkward and needs enough context to be intelligible.
nouns_008	nouns	5360	Vorjahreszeitraum	english	medium	gloss	previous year period	corresponding period of the previous year / year-earlier period	The current calque is unnatural and does not clearly express the comparison with the equivalent earlier period.
nouns_008	nouns	5363	Werkstudent	english	low	gloss	working student	student employee / student working alongside their studies	“Working student” is an opaque calque in British English and does not clearly explain the German employment status.
nouns_008	nouns	5399	Förster	cefrLevel	medium	cefr	C1	B1	This ordinary occupation word is substantially below C1.
nouns_008	nouns	5407	Hauptgrund	cefrLevel	medium	cefr	C1	A2/B1	The transparent compound “main reason” is grossly easier than C1.
nouns_008	nouns	5409	Hetze	english	high	gloss	agitation, incitement, hate campaign; plural —	agitation/incitement/hate campaign; remove the plural note, or set stored plural to — if only this no-plural sense is taught	The English field asserts no plural while the card stores and will display die Hetzen, producing a direct learner-facing contradiction.
nouns_008	nouns	5420	Mikroskop	cefrLevel	medium	cefr	C1	A2/B1	This familiar concrete science noun is grossly easier than C1.
nouns_008	nouns	5430	Oberkörper	cefrLevel	medium	cefr	C1	A2/B1	This transparent everyday body-part compound is far below C1.
nouns_008	nouns	5431	Orient	english	medium	gloss	orient	the Orient (dated)	As an English proper noun it requires a capital and normally “the”; learners should also be warned that the geographical label is dated.
nouns_008	nouns	5475	Ballungsraum	english	low	gloss	congested area/conurbation	densely populated urban area / conurbation	“Congested area” misleadingly suggests traffic congestion rather than population and settlement density.
nouns_008	nouns	5509	Joghurt	cefrLevel	medium	cefr	C1	A1/A2	This basic food noun is grossly below C1.
nouns_008	nouns	5517	Los	cefrLevel	medium	cefr	C1	A2/B1	The common lottery-ticket/lot noun is substantially easier than C1.
nouns_008	nouns	5521	Mixer	cefrLevel	medium	cefr	C1	A1/A2	This everyday appliance noun is grossly below C1.
nouns_008	nouns	5526	Persönlichkeitsrecht	english	medium	gloss	individual right/personal right	personality right / right to respect and free development of one's personality	“Individual right” and “personal right” are much broader legal concepts and do not identify the specific German right.
nouns_008	nouns	5537	Schlusslicht	english	low	gloss	tail ender/tail lamp/tail light	person or team in last place; tail light/rear light	“Tail ender” is not idiomatic standard British English and obscures the common figurative sense.
nouns_008	nouns	5539	Smoothie	cefrLevel	medium	cefr	C1	A1/A2	This very familiar food-and-drink loanword is grossly below C1.
nouns_008	nouns	5546	Tumorzelle	english	low	gloss	tumor cell	tumour cell	The current spelling is American rather than British English.
nouns_008	nouns	5561	Baugebiet	english	low	gloss	building area	development area / land designated for building	“Building area” is an ambiguous literal rendering and does not clearly convey the planning sense.
nouns_008	nouns	5564	Bug	plural	high	plural	Bugs	Buge (also Büge) for “bow of a ship”	Bugs is the plural of the computing loanword pronounced like English “bug”; the glossed nautical Bug has a long vowel and a different plural.
nouns_008	nouns	5569	Fachliteratur	english	medium	gloss	specialist literature/technical literature/text book	specialist literature / technical literature	Fachliteratur is a body of specialist writings, not a textbook (Lehrbuch/Fachbuch).
nouns_008	nouns	5574	Gelb	english	high	gloss	yellow/yolk	yellow (the colour)	Das Gelb denotes the colour; egg yolk is das Eigelb or der Dotter (and das Gelbe only contextually), not das Gelb.
nouns_008	nouns	5598	Lebenspartnerschaft	english	medium	gloss	life partnership	registered civil partnership (Germany, especially the pre-2017 legal institution)	“Life partnership” is a non-idiomatic calque and misses the word's principal German legal meaning.
nouns_009	nouns	5603	Machbarkeitsstudie	english	medium	gloss	feasibility study/proof-of-concept	feasibility study; remove `proof-of-concept` (normally `Machbarkeitsnachweis` or `Proof of Concept`)	A study of feasibility and a proof of concept are related but are not the same deliverable.
nouns_009	nouns	5605	Pad	english	high	gloss	pad/pod	pad; depending on the intended sense, tablet, touchpad, sanitary pad, etc.	`pod` is not a translation of German `Pad`.
nouns_009	nouns	5617	Schläger	english	medium	gloss	racket/bat	racket/bat; also brawler/thug	The frequent person sense is important and cannot be inferred from the sporting-equipment glosses.
nouns_009	nouns	5620	Sitzbank	english	medium	gloss	bench/seat/settee	bench/bench seat	A settee is normally a sofa, not a `Sitzbank`.
nouns_009	nouns	5624	Strafanzeige	english	medium	gloss	crime report/offence report/police report	criminal complaint/report of a suspected offence to the police	The current English strings are ambiguous and can suggest a police-authored report rather than the act/document by which an offence is reported.
nouns_009	nouns	5632	Vegetarier	cefrLevel	medium	cefr	C1	A1 or A2	This is basic food and personal-description vocabulary; C1 would seriously delay it in level-based decks.
nouns_009	nouns	5681	Kalk	english	medium	gloss	— / lime, limescale	lime/chalk/limescale	The leading dash is leaked formatting, and `chalk` is an important ordinary sense.
nouns_009	nouns	5685	Kreuzfahrtschiff	english	high	gloss	cruise liner/cruise ship/cruiser	cruise ship/cruise liner	A cruiser is a `Kreuzer`, not a `Kreuzfahrtschiff`.
nouns_009	nouns	5691	Match	article	low	article	der	das; alternatively retain `der` only with an explicit Swiss-German label	Standard German uses `das Match`; masculine `der Match` is specifically Swiss usage.
nouns_009	nouns	5693	Müsli	english	medium	gloss	cereals/granola/muesli	muesli/cereal	`Cereals` is overly broad, and granola is a distinct toasted cereal preparation rather than a dependable equivalent.
nouns_009	nouns	5709	Remis	english	medium	gloss	draw/stalemate/tie	draw; tie	A stalemate is specifically `Patt`; it is one possible cause of a chess draw, not a synonym for `Remis`.
nouns_009	nouns	5714	Sagen	english	low	gloss	say/authority	say; in `das Sagen haben`, control/the final say	Bare `authority` obscures that this sense is chiefly used in the fixed expression `das Sagen haben`.
nouns_009	nouns	5726	Streitkraft	english	medium	gloss	armed forces	military force/service branch; plural `Streitkräfte` = armed forces	The English plural denotes `Streitkräfte`, while the headword itself is singular.
nouns_009	nouns	5730	Trieb	english	high	gloss	desire/instinct/pinion	drive/urge/instinct; shoot/sprout; technical drive/mechanism where relevant	A pinion is normally `Ritzel`; the current gloss also omits the common plant and drive senses.
nouns_009	nouns	5737	Ventilator	cefrLevel	medium	cefr	C1	A2 or B1	This is ordinary household vocabulary and far below C1 in learner usefulness and difficulty.
nouns_009	nouns	5752	Zollverein	english	high	gloss	customs association	customs union	`Customs union` is the established economic and historical term; `association` does not express the shared customs area.
nouns_009	nouns	5763	Atemnot	english	medium	gloss	respiratory distress	shortness of breath/breathlessness; respiratory distress in severe medical contexts	The current clinical phrase can imply a more severe syndrome and omits the normal everyday translation.
nouns_009	nouns	5775	Bundeswirtschaftsministerium	english	low	gloss	federal ministry of economy	Federal Ministry for Economic Affairs (or the era-specific official ministry name)	The current phrase is an unnatural calque and is not the conventional English institutional name.
nouns_009	nouns	5794	Johanniter	english	medium	gloss	Knight of St John/Johanniter aid worker	member/Knight of the Order of St John; member or worker of Johanniter-Unfall-Hilfe	The second current phrase is not idiomatic English and leaves the organisation and two distinct senses unclear.
nouns_009	nouns	5796	Katholikentag	english	high	gloss	Catholic day	German Catholic convention/assembly (`Katholikentag`)	This is the name of a major convention, not an ordinary “Catholic day”.
nouns_009	nouns	5805	Lehramtsstudium	english	low	gloss	teacher training program	teacher-training programme/degree course	`Programme` is the expected British spelling, and the German noun denotes a course of university study rather than a generic programme.
nouns_009	nouns	5811	Medizinstudium	english	low	gloss	medical studies	medical degree/course; studying medicine	`Medical studies` is an unnatural default rendering for a learner-facing British-English bank.
nouns_009	nouns	5829	Reichstag	english	medium	gloss	Reichstag/parliament building	Reichstag (historic parliament); Reichstag building	The noun denotes both the historical legislature and the specifically named Berlin building, not any parliament building.
nouns_009	nouns	5831	Schnabel	english	high	gloss	beak/bill/pecker	beak/bill; colloquially nose or mouth where relevant	`Pecker` is not a safe standard translation and in British English commonly has an unrelated vulgar meaning.
nouns_009	nouns	5835	Seenotretter	english	medium	gloss	distress at sea rescuer	sea rescuer/lifeboat crew member	The current phrase is not idiomatic English and is a poor learner model.
nouns_009	nouns	5871	Beschenkte	english	medium	gloss	donee	gift recipient/person receiving a gift; `donee` only in legal contexts	`Donee` is specialist legal jargon, whereas the German headword is also an ordinary everyday person noun.
nouns_009	nouns	5895	Glied	english	high	gloss	formation/limb/link	limb/member/link/segment	`Formation` is not a dependable translation of `Glied` and is likely corpus-derived noise.
nouns_009	nouns	5902	Hemmnis	english	high	gloss	hazard/hindrance/obstruction	hindrance/obstacle/impediment	A hazard is a `Gefahr` or `Gefahrenquelle`, not a `Hemmnis`.
nouns_009	nouns	5903	Herzschlag	english	high	gloss	beating of the heart/heart attack/heartbeat	heartbeat/beating of the heart	A heart attack is a `Herzinfarkt`, not a `Herzschlag`.
nouns_009	nouns	5911	Kindergartenkind	english	low	gloss	kindergartner	kindergarten child; nursery-school child where culturally appropriate	`Kindergartner` is North American and a poor fit for the bank's British-English audience.
nouns_009	nouns	5912	Kippe	english	high	gloss	fag-end/pocket	cigarette end/butt/fag end; also tip/dump in the relevant sense	`Pocket` is not a translation of `Kippe`.
nouns_009	nouns	5929	Photographie	plural, english	medium	gloss	Photographien; photography (older spelling)	Photographien; photography/photograph (older or technical spelling `Photographie`)	`Photographien` is the plural of the count sense “photograph”; the uncount process/art sense “photography” alone does not explain the stored plural.
nouns_009	nouns	5947	Uraufführung	english	high	gloss	debut performance	world premiere/first-ever performance	`Uraufführung` is the first performance anywhere, not merely a performer's debut.
nouns_009	nouns	5952	Vorgeschichte	plural, english	high	gloss	plural `—`; English `Vorgeschichten / background, previous history (of a case, illness); also prehistory`	plural `Vorgeschichten`; English `background/previous history; prehistory`	The plural has leaked into the English field while the actual plural field is blank.
nouns_009	nouns	5953	Vulkan	cefrLevel	medium	cefr	C1	A2 or B1	This is common concrete geography vocabulary, not an advanced C1 item.
nouns_009	nouns	5956	Werbekampagne	english	medium	gloss	campaign	advertising campaign/ad campaign	Generic `campaign` loses the defining advertising component and encourages overgeneralisation.
nouns_009	nouns	5964	Anhebung	english	high	gloss	accentuation/increase	raising/increase	`Accentuation` is normally `Betonung` or `Akzentuierung`, not `Anhebung` without a special context.
nouns_009	nouns	5975	Bereitschaftsdienst	english	medium	gloss	emergency service duty	on-call duty/on-call service	`Bereitschaftsdienst` is defined by being on call and is not necessarily an emergency service.
nouns_009	nouns	5985	Dicke	english	medium	gloss	fatso/fatty	fat man/fat person; label colloquial and often derogatory	The current insults are stronger than every use of `der Dicke` and provide no register warning.
nouns_009	nouns	5989	Ernst	english	high	gloss	austerity/earnestness/seriousness	seriousness/earnestness; solemnity where appropriate	`Austerity` is not a normal translation of `Ernst`.
nouns_009	nouns	5991	Fang	english	high	gloss	catch/claws/fang	catch/capture; jaws/muzzle in the animal sense	`Claws` are `Klauen/Krallen`, and an English fang is a tooth rather than the German animal-mouth sense of `Fang`.
nouns_009	nouns	6004	Höhenmeter	english	medium	gloss	altitude metre/elevation metres	metre of elevation/elevation gained; vertical metre	`Altitude metre` is not idiomatic English, and the second gloss is plural although the headword is singular.
nouns_009	nouns	6021	Lektorat	english	medium	gloss	proofreading/editorial office	editing/copy-editing; editorial department/office	Proofreading is more specifically `Korrektorat`; conflating it with `Lektorat` hides a useful publishing distinction.
nouns_009	nouns	6033	Sachleistung	english	medium	gloss	allowance in kind	benefit/payment in kind; in-kind benefit/service	`Allowance` is too narrow for the general legal and social-policy term.
nouns_009	nouns	6050	Trümmer	article, headword, plural	high	article	das Trümmer; plural `Trümmer`	model as plural-only `die Trümmer`, or remove until the app supports plural-only nouns	`Trümmer` meaning ruins/debris is a plural-only noun; there is no singular `das Trümmer`.
nouns_009	nouns	6067	Abwanderung	english	low	gloss	emigration	out-migration/departure/migration away; emigration when movement is abroad	`Abwanderung` also covers movement away within a country or from a sector, so `emigration` is too narrow.
nouns_009	nouns	6071	Architekturbüro	english	medium	gloss	architectural office	architect's practice/architectural firm	`Architectural office` is an unnatural calque in British English.
nouns_009	nouns	6095	Flatrate	english	low	spelling	flatrate	flat rate	The English noun is written as two words.
nouns_009	nouns	6105	Gitter	english	medium	gloss	grid	grille/grating/lattice/bars; grid in suitable technical contexts	`Grid` alone misses the ordinary physical barrier and lattice senses and can teach the wrong default noun.
nouns_009	nouns	6118	Lebensmonat	english	medium	gloss	life month	month of life; age in months	`Life month` is not idiomatic English.
nouns_009	nouns	6124	Masche	english	high	gloss	bow/hole/mesh	stitch/loop/mesh; trick/ruse/scam	`Bow` and generic `hole` are unreliable translations, while the common figurative “trick/ruse” sense is absent.
nouns_009	nouns	6137	Pistole	english	low	spelling	pistol/pistole	pistol	`Pistole` is not the English word and appears to be an untranslated duplicate.
nouns_009	nouns	6144	Reinigungskraft	english	high	gloss	cleaner/cleaning operative/detergency	cleaner/cleaning worker/cleaning operative	`Detergency` is an abstract property, not a person, and is a false part-of-speech translation here.
nouns_009	nouns	6153	Speiseröhre	english	low	spelling	foodpipe/oesophagus	food pipe/oesophagus	The informal English compound is normally written as two words.
nouns_009	nouns	6163	Textdatei	english	medium	gloss	flatfile/text file	text file/plain-text file	`Flat file` is written as two words and is a broader data-storage concept, not a dependable synonym for `Textdatei`.
nouns_009	nouns	6206	Enkelkind	cefrLevel	medium	cefr	C1	A1 or A2	This is basic family vocabulary; C1 is a grossly misleading placement.
nouns_009	nouns	6225	Geisteswissenschaft	english	medium	gloss	humanities	humanities discipline; plural `Geisteswissenschaften` = humanities	The English collective plural corresponds most naturally to the German plural, not to one singular discipline.
nouns_009	nouns	6226	Gemarkung	english	medium	gloss	district	cadastral district/municipal territory	Generic `district` omits the specifically cadastral or land-registry meaning.
nouns_009	nouns	6242	Kinderspielplatz	english	low	gloss	child playground	children's playground/playground	`Child playground` is not idiomatic English.
nouns_009	nouns	6246	Kolleg	english	medium	gloss	college/lecture	college for adult/second-chance education; course/lecture in regional or institutional usage	Generic British `college` is not a safe equivalent and the relevant German senses need contextual labels.
nouns_009	nouns	6258	Letzte	english	high	gloss	last one/person	the last thing; the ultimate/the worst (context-dependent)	Neuter `das Letzte` does not normally denote a person; a last person would require masculine or feminine `der/die Letzte`.
nouns_009	nouns	6263	Mailadresse	english	medium	gloss	mail address	email address	In English, `mail address` normally suggests a postal address, while German `Mailadresse` means an email address.
nouns_009	nouns	6279	Putze	english	medium	gloss	cleaning lady (colloquial)	cleaner/cleaning woman (colloquial, often disparaging)	The current label omits the often dismissive or derogatory register learners need to avoid accidental offence.
nouns_009	nouns	6282	Rastplatz	english	medium	gloss	rest area/service area	rest area/lay-by; distinguish `Raststätte` for a staffed motorway service area	British `service area` normally implies facilities that a `Rastplatz` need not have.
nouns_009	nouns	6287	Schlager	english	medium	gloss	hit	hit song/pop hit; Schlager song/music	Generic `hit` is too broad and does not teach the specifically musical sense.
nouns_009	nouns	6295	Staatsbürger	english	high	gloss	citizen/national/subject	citizen/national	A subject is an `Untertan` or, in the formal British-status sense, a distinct legal category from citizen.
nouns_010	nouns	6324	Animationsfilm	english	low	gloss	animation film	animated film	“Animated film” is the normal idiomatic English term; the current wording sounds translated.
nouns_010	nouns	6333	Backblech	english	low	gloss	baking plate/baking sheet/baking tin	baking tray/baking sheet	“Baking plate” is not idiomatic English, and a baking tin is not necessarily a flat Backblech; the usual British term is “baking tray”.
nouns_010	nouns	6378	Klassenerhalt	plural	high	plural	Klassenerhalte	—	In the sports sense this is normally a mass/event noun without a standard usable plural; “die Klassenerhalte” is not a suitable learner citation form.
nouns_010	nouns	6386	Landtagsabgeordnete	english	medium	gloss	Landtag assemblyman	member of a German state parliament (male)	“Landtag assemblyman” is not idiomatic British English and leaves the specifically German state-parliament role unclear.
nouns_010	nouns	6388	Lebenswerk	english	high	gloss	lifetime achievement	life's work/lifework	A Lebenswerk is the body of work produced over a lifetime, not a lifetime achievement or award.
nouns_010	nouns	6396	Mülleimer	cefrLevel	medium	cefr	C1	A2 (at most B1)	This is a basic everyday household noun; C1 would seriously misplace it in learner deck selection.
nouns_010	nouns	6404	Praxissemester	english	low	gloss	practical semester	work-placement semester/practical-training semester	“Practical semester” is a literal Germanism and does not clearly convey that the semester is spent gaining practical work experience.
nouns_010	nouns	6415	Sanierungsarbeit	english	low	gloss	restoration works	renovation/remedial work; plural Sanierungsarbeiten: renovation works	The English plural “works” does not match the singular German headword, and “renovation/remedial work” covers the noun more naturally.
nouns_010	nouns	6432	Todesopfer	english	low	gloss	fatality/victim	fatality/person killed/death-toll victim	An unqualified “victim” need not have died, whereas Todesopfer specifically denotes someone killed.
nouns_010	nouns	6457	Bahnstrecke	english	medium	gloss	railroad track/railway track	railway line/railway route/stretch of railway	Bahnstrecke denotes a railway route or section of line, not the physical track as such.
nouns_010	nouns	6465	Besteller	english	low	gloss	orderer	person placing an order/customer/purchaser	“Orderer” is rare and poor learner English; the natural translation depends on the commercial context.
nouns_010	nouns	6470	Brautpaar	english	low	gloss	bridal couple/bridal pair	bride and groom/newly-weds	Both current alternatives are unnatural English learner models.
nouns_010	nouns	6475	Drehe	english	high	gloss	turn/spin (colloquial)	vicinity/neighbourhood; approximately (regional, chiefly in “in/um die Drehe”)	The regional noun Drehe refers to a vicinity or occurs in a phrase meaning “approximately”; it does not mean a physical turn or spin.
nouns_010	nouns	6487	Epilepsie	english	high	gloss	epilepsy/grand mal	epilepsy	Grand mal is a type of seizure, not a synonym for epilepsy as a disease.
nouns_010	nouns	6561	Sternsinger	english	medium	gloss	carol singer/caroler/caroller	Epiphany star singer/member of a Catholic door-to-door Epiphany singing group	A Sternsinger is specifically part of the Epiphany tradition, not any singer of Christmas carols.
nouns_010	nouns	6575	Trophäe	english	low	gloss	trophy/tropæum	trophy	“Tropæum” is an obscure historical/Latin-derived term, not a useful general English equivalent for learners.
nouns_010	nouns	6595	Zivilsenat	english	high	gloss	civil senate	civil division/panel of a court	“Civil senate” is a literal false-friend translation; a Senat in this judicial sense is a panel or division of a higher court.
nouns_010	nouns	6600	Aktenzeichen	english	low	gloss	file number/file reference number/record token	file number/reference number/case reference	“Record token” is not an idiomatic or accurate English term here.
nouns_010	nouns	6601	Alarmanlage	cefrLevel	medium	cefr	C1	A2/B1	This transparent, common everyday compound is far below C1 and would be badly misplaced in deck selection.
nouns_010	nouns	6602	Alster	plural	high	plural	Alstern	—	The Hamburg river/lake name is a proper name with no plural; “Alstern” does not belong to the glossed sense.
nouns_010	nouns	6615	Betäubung	english	medium	gloss	anaesthetic/dazing/deadening	anaesthesia/sedation/numbing/stunning	Betäubung denotes the process or state; an “anaesthetic” is normally the agent or drug, and the remaining gerunds are unnatural learner glosses.
nouns_010	nouns	6620	Brennweite	english	low	gloss	focal distance/focal length/focal width	focal length	“Focal width” is not the standard optical quantity; “focal length” is the clear established term.
nouns_010	nouns	6632	Disposition	english	medium	gloss	disposition	arrangement/scheduling; availability; predisposition (depending on sense)	The bare cognate conceals important German senses and creates a false-friend risk for learners.
nouns_010	nouns	6635	Eigen	english	high	gloss	one's own/the self	property/possession (formal, chiefly in “sein Eigen”)	Das Eigen is a formal noun for something owned; “the self” belongs to das Eigene or philosophical terminology and is false for this headword.
nouns_010	nouns	6651	Gärtnerei	english	low	gloss	gardening/nursery	plant nursery/market garden/horticultural business	Gärtnerei denotes the business or premises, not the activity “gardening”.
nouns_010	nouns	6674	Kabarettist	english	medium	gloss	cabaret artist	satirical cabaret performer/political satirist	German Kabarett is typically political or literary satire; the English cognate “cabaret” suggests a different type of entertainment.
nouns_010	nouns	6711	Schlafraum	english	medium	gloss	dormitory	sleeping room/sleeping quarters	Schlafraum is any room intended for sleeping, whereas a dormitory specifically implies shared sleeping accommodation.
nouns_010	nouns	6728	Triebwerk	english	low	spelling	engine/powerplant	engine/propulsion unit; power plant (where contextually appropriate)	“Powerplant” is misspelled in standard English, and “propulsion unit” better captures the usual aircraft/rocket sense.
nouns_010	nouns	6740	Verminderung	english	low	spelling	decrease/decreation/lessening	decrease/reduction/lessening	“Decreation” is not the intended English word; “reduction” is the standard equivalent.
nouns_010	nouns	6786	Clown	cefrLevel	medium	cefr	C1	A2 (at most B1)	This common, transparent everyday noun is grossly over-levelled at C1.
nouns_010	nouns	6826	Jura	article	high	article	der	no article	Jura meaning “law as a university subject” is used without an article; der Jura instead denotes the mountain range, canton, or geological period.
nouns_010	nouns	6852	Marmelade	english	high	gloss	jam/marmalade/snarl-up	jam/marmalade	“Snarl-up” is an English sense of “jam” that German Marmelade does not have; this is a machine-translation polysemy error.
nouns_010	nouns	6872	Richtfest	english	low	gloss	topping out	topping-out ceremony	Richtfest is the celebration or ceremony, not merely the act of topping out a building.
nouns_010	nouns	6886	Sportunterricht	plural	low	plural	Sportunterrichte	—	Sportunterricht is ordinarily uncountable in this sense, and the theoretically formed plural is not a useful standard learner form. uncertain: yes
nouns_010	nouns	6901	Verkaufsfläche	english	medium	gloss	sale area	retail floor space/sales area	“Sale area” suggests an area for discounted goods and is not the normal English term for retail selling space.
nouns_010	nouns	6932	Ballungsgebiet	english	low	gloss	congested area/conurbation	conurbation/urban agglomeration/metropolitan area	“Congested area” misleadingly suggests traffic congestion rather than a densely populated urban region.
nouns_010	nouns	6940	Bildungswesen	plural	high	plural	Bildungswesen	—	In the sense “education system”, Bildungswesen has no plural; the identical stored value would make the UI teach the false form “die Bildungswesen”.
nouns_010	nouns	6959	Erneuerbare	plural	high	plural	Erneuerbare	Erneuerbaren	This is a substantivised adjective; with the UI-supplied article the plural must render as “die Erneuerbaren”.
nouns_010	nouns	6966	Folkwang	word	high	junk	das Folkwang | Folkwang (university/museum name)	remove from the general noun bank	Folkwang here is a proper-name component, not a general German noun with a learnable neuter article.
nouns_010	nouns	6981	Heu	cefrLevel	medium	cefr	C1	A2/B1	This is a concrete, common basic noun; assigning it to C1 grossly misleads deck selection.
nouns_011	nouns	7004	Merkzettel	cefrLevel	low	cefr	C1	approximately B1	This ordinary word for a reminder note is useful well before C1, so the current level materially delays it.
nouns_011	nouns	7017	Pflegestufe	english	medium	gloss	"""care level"""	"""care-dependency level (former German classification, replaced by Pflegegrad in 2017)"""	The gloss gives no warning that Germany's statutory care system replaced the former three *Pflegestufen* with five *Pflegegrade* in 2017; an unqualified learner card suggests current terminology.
nouns_011	nouns	7044	Spinat	cefrLevel	low	cefr	C1	approximately A1–A2	"A basic food word meaning ""spinach"" is grossly overgraded at C1."
nouns_011	nouns	7102	Chatbot	cefrLevel	low	cefr	C1	approximately B1–B2	This transparent, now-routine technology word is not realistically C1-only vocabulary.
nouns_011	nouns	7126	Ferienzeit	cefrLevel	low	cefr	C1	approximately A2–B1	This transparent everyday compound for the holiday period belongs far below C1.
nouns_011	nouns	7137	Gummi	cefrLevel	low	cefr	C1	approximately A2–B1	The everyday rubber/eraser senses are common intermediate or elementary vocabulary, not C1 vocabulary.
nouns_011	nouns	7174	Lärmschutz	english	medium	gloss	"""noise protection"""	"""noise control/noise abatement; soundproofing"""	"""Noise protection"" is an unidiomatic literal rendering and does not tell a British-English learner whether measures reduce environmental noise or soundproof a building."
nouns_011	nouns	7175	Lebenswirklichkeit	english	medium	gloss	"""life reality"""	"""lived reality/reality of everyday life"""	"""Life reality"" is not idiomatic English and is liable to leave a learner without a usable meaning."
nouns_011	nouns	7181	Luftverkehr	plural	high	plural	"`Luftverkehre` with ""air traffic"""	`—`	"*Luftverkehr* in the glossed collective sense ""air traffic"" is standardly singular-only; the mechanically possible-looking *Luftverkehre* is not a normal learner citation plural."
nouns_011	nouns	7187	Modalität	english	medium	gloss	"""modality"""	"""modality; usually plural Modalitäten = terms/details/arrangements"""	The cognate is valid in specialist senses, but the frequent learner encounter is plural *Modalitäten* meaning the practical terms or arrangements, which the current gloss conceals.
nouns_011	nouns	7189	Namensgeber	english	low	gloss	"""namesake"""	"""eponym/name-giver; person or thing after which something is named"""	"English ""namesake"" can merely mean someone or something with the same name and does not reliably express the direction of naming inherent in *Namensgeber*."
nouns_011	nouns	7197	Polizeidienststelle	english	medium	gloss	"""police department"""	"""police station/police office or unit"""	A *Dienststelle* is an office, station or organisational unit, not the police department as a whole; the current wording is also US-centred for a British-English learner.
nouns_011	nouns	7205	Redewendung	cefrLevel	low	cefr	C1	approximately B1–B2	This common classroom and learner-metalanguage word for an expression or idiom is grossly overgraded at C1.
nouns_011	nouns	7248	Weiße	english	medium	gloss	"""Caucasian/white"""	"""white person (male)"""	The row is a masculine adjectival noun, but the current English is adjective-like and does not make clear that the German headword denotes a person.
nouns_011	nouns	7257	Zwischenbilanz	english	low	gloss	"""interim balance"""	"""interim assessment/progress report; interim results"""	"""Interim balance"" is a literal and usually unnatural English rendering outside the narrower accounting sense."
nouns_011	nouns	7258	Anamnese	english	medium	gloss	"""anamnesis"""	"""medical history/case history"""	"""Anamnesis"" is an obscure English technical term and is poor learner guidance for the ordinary medical meaning."
nouns_011	nouns	7279	Eckdaten	article, word, plural	high	article	"`das Eckdaten` / `Eckdaten` / ""key data/key figures"""	represent it as the plural-only noun `die Eckdaten`, or remove it if the schema cannot model plural-only entries	*Eckdaten* is plural, so neuter singular `das Eckdaten` is ungrammatical and teaches a false article/number analysis.
nouns_011	nouns	7280	Ehrlichkeit	cefrLevel	low	cefr	C1	approximately A2–B1	This transparent, common noun for honesty is grossly overgraded at C1.
nouns_011	nouns	7282	Einbruchschutz	english	low	gloss	"""burglary protection"""	"""burglary prevention/security against burglary"""	"""Burglary protection"" is not idiomatic British English and gives learners a literal rather than a usable equivalent."
nouns_011	nouns	7315	Heimweg	cefrLevel	low	cefr	C1	approximately A2–B1	"""Way home"" is a routine everyday compound and is grossly overgraded at C1."
nouns_011	nouns	7347	Organisationsform	english	low	gloss	"""organisation form"""	"""form of organisation/organisational structure"""	"""Organisation form"" is not idiomatic English."
nouns_011	nouns	7355	Positiv	article	high	article	"`der Positiv` / `Positive` / ""positive degree (grammar)"""	`das Positiv` / `Positive`	The grammatical degree is neuter in standard German; the stored masculine article teaches a false gender.
nouns_011	nouns	7398	Unterweisung	english	medium	gloss	"""schooling/teaching"""	"""instruction/briefing (especially formal or workplace/safety instruction)"""	*Unterweisung* normally denotes formal instruction or briefing, not schooling in general; the current gloss gives learners an unnatural usage model.
nouns_011	nouns	7454	Beweismittel	english	medium	gloss	"""evidence"""	"""piece/item of evidence; means of proof"""	"Singular *ein Beweismittel* is countable, while English ""evidence"" is a mass noun; the current pairing encourages the learner error ""an evidence""."
nouns_011	nouns	7466	Eck	article, word, english	medium	gloss	"`das Eck` / `Ecke` / ""corner"""	make standard `die Ecke` / `Ecken` the general entry; retain `das Eck` only with a southern German/Austrian/Swiss or specialist label	"Generic standard German uses *die Ecke*; presenting regional *das Eck* as the unmarked equivalent of ""corner"" is misleading for learners."
nouns_011	nouns	7471	Erfolgsmodell	english	low	gloss	"""success model"""	"""successful model/success story/model of success"""	"""Success model"" is an unnatural literal translation in ordinary English."
nouns_011	nouns	7491	Geländer	cefrLevel	low	cefr	C1	approximately B1–B2	This common concrete word for a railing or handrail is grossly overgraded at C1.
nouns_011	nouns	7502	Kapitalertrag	english	medium	gloss	"""capital gain/investment income/property income"""	"""investment income/return on capital; capital gain"""	"""Property income"" is broader and can include rent or other income that is not a *Kapitalertrag*, so that alternative creates a false equivalence."
nouns_011	nouns	7517	Mitleidenschaft	english	medium	gloss	"""being affected/harm suffered"""	"teach the fixed phrase `jemanden/etwas in Mitleidenschaft ziehen` = ""to adversely affect/damage someone or something too"""	The noun is not normally used freely with the supplied standalone gloss; it survives chiefly in this fixed expression, which learners need in order to use it naturally.
nouns_011	nouns	7522	Notfallversorgung	plural	high	plural	`Notfallversorgungen`	`—`	*Notfallversorgung* meaning emergency care is a singular mass/collective noun and has no normal standard plural.
nouns_011	nouns	7527	Pedale	article, word, plural	medium	gloss	"`die Pedale` / `Pedalen` / ""pedal"""	make standard `das Pedal` / `Pedale` the primary entry; retain feminine `die Pedale` / `Pedalen` only with a regional label	The feminine lemma is a regional form; teaching it as the unmarked general word gives learners the wrong default gender and plural for standard German.
nouns_011	nouns	7528	Peeling	cefrLevel	low	cefr	C1	approximately B1–B2	This common beauty/cosmetics loanword is far below C1 in practical learner difficulty.
nouns_011	nouns	7548	Schirmherrin	english	low	gloss	"""patroness"""	"""patron (female)"""	"""Patroness"" is now dated and is a poor neutral British-English learner equivalent."
nouns_011	nouns	7550	Solarmodul	english	low	spelling	"""PV module/photo-voltaic module/solar panel"""	"""PV module/photovoltaic module/solar panel"""	"English *photovoltaic* is written as one word, not ""photo-voltaic""."
nouns_011	nouns	7555	Sportgerät	english	medium	gloss	"""sports equipment"""	"""piece/item of sports equipment; sports apparatus"""	"Singular *ein Sportgerät* is countable, whereas English ""equipment"" is a mass noun; the current pairing encourages ""a sports equipment""."
nouns_011	nouns	7557	Stausee	english	high	gloss	"""dam/reservoir/storage lake"""	"""reservoir/artificial lake"""	"A *Stausee* is the body of impounded water, not the dam structure (*Staudamm*); leading with ""dam"" teaches a false distinction."
nouns_011	nouns	7590	Arbeitsraum	cefrLevel	low	cefr	C1	approximately B1	This transparent, everyday compound for a workroom/workspace is grossly overgraded at C1.
nouns_011	nouns	7597	Beerdigung	cefrLevel	low	cefr	C1	approximately B1	This common everyday word for a funeral is grossly overgraded at C1.
nouns_011	nouns	7604	Currywurst	cefrLevel	low	cefr	C1	approximately A2–B1	This highly familiar German food term is not plausible C1-only vocabulary.
nouns_011	nouns	7611	Drogerie	english	low	gloss	"""drugstore"""	"""health-and-beauty shop/drugstore (not normally a pharmacy)"""	"""Drugstore"" is US-centred and may suggest a pharmacy; a short clarification is needed for British-English learners because a German *Drogerie* generally sells toiletries, cosmetics and household goods rather than prescription medicines."
nouns_011	nouns	7618	Entertainment	plural	high	plural	`Entertainments`	`—`	German *Entertainment* in the glossed mass-noun sense has no standard plural; the English-looking plural is not a valid German learner citation form.
nouns_011	nouns	7637	Fußballplatz	english	low	gloss	"""soccer field"""	"""football pitch"""	"The bank targets British English, where ""football pitch"" is the natural equivalent and ""soccer field"" is markedly North American."
nouns_011	nouns	7641	Gemeinschaftsunterkunft	english	medium	gloss	"""community accommodation"""	"""communal/collective accommodation; shared accommodation facility"""	"""Community accommodation"" is unnatural and can imply community-based housing rather than an institution in which a group is housed collectively."
nouns_011	nouns	7656	Jugendbuch	english	low	gloss	"""youth/young adult book"""	"""book for teenagers/young-adult book"""	"""Youth book"" is not idiomatic English, and the slash construction does not give a clean learner equivalent."
nouns_011	nouns	7671	Langlebigkeit	plural	high	plural	`Langlebigkeiten`	`—`	*Langlebigkeit* meaning longevity/durability is singular-only in standard use; the stored plural is not a genuine learner citation form.
nouns_011	nouns	7677	Linienbus	cefrLevel	low	cefr	C1	approximately A2–B1	This transparent everyday public-transport word is grossly overgraded at C1.
nouns_012	nouns	7722	Schadenersatz	word	low	spelling	`Schadenersatz`	prefer `Schadensersatz`, or label `Schadenersatz` as chiefly Austrian	the current form is valid regionally, but an unlabelled general-German learner entry should lead with the standard German form containing linking *-s-*.
nouns_012	nouns	7744	Spielbetrieb	english	medium	gloss	"""match operations/gameplay"""	"""running of matches/competitive play; match programme"""	*Spielbetrieb* is the organised conduct or schedule of competitive play, not the design or moment-to-moment player experience denoted by English “gameplay”.
nouns_012	nouns	7761	Überdosierung	english	low	gloss	"""overdosage"""	"""overdose"""	“Overdose” is the normal idiomatic British-English noun; “overdosage” is rare technical wording and poor as the sole learner gloss.
nouns_012	nouns	7763	Umweltverband	english	low	gloss	"""environment association"""	"""environmental organisation/association"""	“Environment association” is not idiomatic English and obscures that this is an environmental-interest organisation.
nouns_012	nouns	7787	Wifi	whole row	low	duplicate	`das Wifi | Wifis | Wi-Fi`	consolidate with the adjacent `WiFi` variant under one preferred spelling (ideally noting everyday German `WLAN`)	*Wifi*, *WiFi* and *Wi-Fi* are spelling variants of one lexeme, so separate cards needlessly teach the same item twice.
nouns_012	nouns	7788	WiFi	whole row	low	duplicate	`das WiFi | WiFis | Wi-Fi`	consolidate with the adjacent `Wifi` variant under one preferred spelling (ideally noting everyday German `WLAN`)	this is the same lexeme and meaning as the immediately preceding *Wifi* entry, not a distinct noun for a learner to study.
nouns_012	nouns	7806	Beisitzer	english	medium	gloss	"""assessor/juror"""	"""committee/panel member; associate judge"""	a *Beisitzer* sits alongside the chair or judge on a committee or adjudicating panel; “juror” suggests a member of a jury and is not a safe general equivalent.
nouns_012	nouns	7837	Exot	english	low	gloss	"""exotic person/outsider"""	"""unusual/exotic person or thing; outsider"""	“Exotic person” is unnatural English, and *Exot* can also denote an unusual animal, plant, object or exceptional case rather than only a person.
nouns_012	nouns	7869	Hoch	english	low	gloss	"""anticyclone/culmination/high"""	"""high-pressure area/anticyclone; high (point or mood)"""	“Culmination” is not a reliable direct equivalent; the important weather sense and the more general “high” sense can be stated clearly without it.
nouns_012	nouns	7926	Rundfunkbeitrag	english	low	spelling	"""broadcasting fee/license fee"""	"""broadcasting fee/licence fee"""	the noun is spelled “licence” in British English; “license” is the British verb spelling.
nouns_012	nouns	7933	Schnitzel	english	medium	gloss	"""escalope/snippet"""	"""schnitzel/escalope; cutlet"""	bare *Schnitzel* is not the normal German equivalent of an English text or code “snippet”; that gloss invites a false everyday sense.
nouns_012	nouns	7976	Volljährigkeit	english	medium	gloss	"""legal age/majority"""	"""legal adulthood/age of majority; coming of age"""	*Volljährigkeit* is the status of being legally adult, whereas vague “legal age” can denote any age threshold.
nouns_012	nouns	7981	Wertvorstellung	english	medium	gloss	"""values/value system"""	"singular ""conception/idea of what is valuable""; plural `Wertvorstellungen` ""values/value system"""	the English collective “values/value system” corresponds naturally to the German plural, while one *Wertvorstellung* is one conception or value judgement.
nouns_012	nouns	7985	Zopf	english	low	gloss	"""plait/braid (also: outdated custom, in alter Zopf)"""	"""plait/braid; outdated practice (figurative: `ein alter Zopf`)"""	the parenthetical German phrase is malformed: the idiom uses nominative *ein alter Zopf*, not *in alter Zopf*.
nouns_012	nouns	7990	Abiturientin	english	medium	gloss	"""school-leaver (with A-levels) (female)"""	"""female school-leaver/graduate with the Abitur (German university-entrance qualification)"""	the *Abitur* is a German qualification and is not literally British A-levels; the current equivalence erases a useful cultural distinction.
nouns_012	nouns	7997	Alleingang	english	medium	gloss	"""solo attempt/solo run"""	"""going it alone; unilateral action; solo effort"""	the central sense is acting independently, often without consulting partners; “solo attempt/run” is narrower and sounds mainly sporting.
nouns_012	nouns	8002	Arbeitsmarktpolitik	english	low	gloss	"""job market policy"""	"""labour-market policy"""	“Labour market” is the established British economic term; “job market policy” is an avoidable literalism.
nouns_012	nouns	8012	Bäuerin	english	low	gloss	"""female farmer/farmer's wife"""	"""female farmer; farmer's wife (traditional/dated use)"""	unlabelled “farmer's wife” can teach the dated assumption that a woman on a farm is defined by her husband rather than being the farmer herself.
nouns_012	nouns	8015	Bergung	english	low	gloss	"""recovering/salvaging/saving"""	"""recovery/salvage/rescue"""	the current gerunds describe activities but are awkward as dictionary equivalents for this noun; the idiomatic English nouns are clearer.
nouns_012	nouns	8021	Brotzeit	english	low	gloss	"""break/snack"""	"""snack/light meal (especially Bavarian/Austrian); snack break"""	*Brotzeit* is regional and denotes the food or light meal, not any generic “break”; the current gloss omits both restrictions.
nouns_012	nouns	8022	Buckel	english	high	gloss	"""hump/hunchback (colloq. back)"""	"""hump; hunched/rounded back; back (colloquial)"""	a “hunchback” is a person, whereas *Buckel* denotes the hump or back; the current gloss teaches a false person/object equivalence.
nouns_012	nouns	8039	Düsseldorfer	english	low	gloss	"""citizen of Düsseldorf"""	"""man/person from Düsseldorf; Düsseldorf resident"""	*Düsseldorfer* expresses origin or residence, not necessarily legal citizenship.
nouns_012	nouns	8052	Filmaufnahme	english	medium	gloss	"""film recording"""	"""film shot; filming/film footage"" (depending on context)"	“Film recording” is unnatural and misses both the countable shot/image sense and the common process/footage senses.
nouns_012	nouns	8053	Filmproduktion	cefrLevel	low	cefr	A1	approximately A2–B1	this abstract media-industry noun is not realistic core A1 vocabulary, even though its components are transparent.
nouns_012	nouns	8059	Fortbewegungsmittel	english	low	gloss	"""means of locomotion"""	"""means/mode of transport"""	“Means of locomotion” is formally possible but stilted; ordinary British English uses “means of transport”.
nouns_012	nouns	8061	Frauenklinik	english	medium	gloss	"""women's clinic"""	"""gynaecological clinic/hospital; women's hospital"""	the literal English phrase is vague and does not tell a learner that *Frauenklinik* normally denotes a gynaecology and obstetrics institution or department.
nouns_012	nouns	8070	Gondel	english	low	gloss	"""car/gondola"""	"""gondola; cable-car cabin"""	unqualified “car” is far too broad for the cableway cabin sense.
nouns_012	nouns	8089	Installateur	english	medium	gloss	"""plumber"""	"""installer/fitter; plumber or heating engineer where context specifies the trade"""	*Installateur* is broader than a plumber and can install electrical, gas, heating or sanitary systems; the sole gloss overrestricts the occupation.
nouns_012	nouns	8090	Internist	english	low	gloss	"""internist"""	"""specialist in internal medicine/physician"""	“Internist” is chiefly North American and is not the clearest British-English learner equivalent.
nouns_012	nouns	8102	Kolpingwerk	english	medium	gloss	"""kolping society"""	"""Kolping Society, an international Catholic social association"""	the lower-cased repetition of an unfamiliar proper organisation name does not explain the noun to a learner.
nouns_012	nouns	8103	Konzerthaus	cefrLevel	low	cefr	A1	approximately A2–B1	despite being a transparent compound, this cultural-venue noun is outside a realistic core A1 inventory.
nouns_012	nouns	8120	Minijobber	english	medium	gloss	"""mini-jobber"""	"""person in marginal/low-hours employment; person with a German Minijob"""	“Mini-jobber” is an unexplained Germanism rather than an established general English occupation term.
nouns_012	nouns	8130	Nähmaschine	cefrLevel	low	cefr	C1	approximately A2–B1	this concrete, everyday and compositionally transparent household noun is grossly overgraded at C1.
nouns_012	nouns	8137	Parfum	whole row	low	duplicate	`das Parfum | Parfums | perfume`	consolidate with `Parfüm` as an accepted spelling variant on one entry	*Parfum* and *Parfüm* are equal spelling variants of the same noun, but both appear as separate cards in this batch.
nouns_012	nouns	8153	Rampenlicht	english	low	gloss	"""footlight/limelight"""	"""footlights; limelight"""	German singular collective *Rampenlicht* corresponds to the English plural “footlights” in the literal theatre sense, while “limelight” covers the figurative sense.
nouns_012	nouns	8159	Reisebericht	cefrLevel	low	cefr	A1	approximately A2–B1	this text-genre compound is useful intermediate vocabulary but implausibly early for a core A1 deck.
nouns_012	nouns	8177	Spielmöglichkeit	english	low	gloss	"""playing opportunity"""	"""opportunity/place/facility to play"" (according to context)"	“Playing opportunity” is an unnatural blanket gloss and fails to convey that the German noun often denotes available play facilities.
nouns_012	nouns	8182	Sterbefall	english	low	gloss	"""death/death case"""	"""death; case/instance of death"""	bare “death case” is not idiomatic English; where the countable administrative sense matters, “case/instance of death” is clearer.
nouns_012	nouns	8194	Trainingsprogramm	english	low	spelling	"""exercise program/training program"""	"""exercise programme/training programme"""	British English spells the non-computing noun “programme”.
nouns_012	nouns	8221	Airbag	cefrLevel	low	cefr	C1	approximately A2–B1	this common, internationally transparent safety noun is grossly overgraded at C1.
nouns_012	nouns	8243	Badeurlaub	cefrLevel	low	cefr	A1	approximately A2–B1	this specific holiday-type compound is not realistic core A1 vocabulary.
nouns_012	nouns	8252	Bogenschießen	plural	high	plural	`Bogenschießen`	`—`	*Bogenschießen* “archery” is an activity noun/nominalised infinitive without a normal count plural; the stored value makes the UI falsely display *die Bogenschießen*.
nouns_012	nouns	8253	Bonbon	english	low	gloss	"""candy/goody/hard candy"""	"""sweet; boiled sweet/hard sweet"""	the current alternatives are North American or vague; “sweet” is the ordinary British-English equivalent.
nouns_012	nouns	8261	Bundeswirtschaftsminister	english	low	gloss	"""federal minister of the economy"""	"""Federal Minister for Economic Affairs/Economy Minister"""	the current literal title is not idiomatic English and unnecessarily obscures a straightforward ministerial role.
nouns_012	nouns	8263	Dauerbrenner	english	low	spelling	"""perennial favorite/long-running issue"""	"""perennial favourite/long-running issue"""	British English spells the noun “favourite”.
nouns_012	nouns	8280	Erschütterung	english	medium	gloss	"""vibration"""	"""shock/jolt; shaking/vibration; concussion"""	“Vibration” covers only one physical sense and omits the very common emotional shock and bodily concussion senses.
nouns_012	nouns	8300	Generalversammlung	english	medium	gloss	"""annual general meeting"""	"""general meeting/general assembly""; use ""annual general meeting"" only when annuality is explicit"	a *Generalversammlung* need not be annual, so the current gloss adds a false time restriction.
nouns_012	nouns	8302	Geschmacksrichtung	cefrLevel	low	cefr	C1	approximately B1–B2	this common shopping and food noun for a flavour/variety is substantially below C1.
nouns_012	nouns	8330	Kanzleramt	english	medium	gloss	"""chancellery/chancellorship/chancellory"""	"""chancellery; office of the chancellor"""	*Kanzleramt* denotes the office or its institution/building, not the tenure “chancellorship”; “chancellory” is also a marginal distractor.
nouns_012	nouns	8342	Kulturhaus	english	medium	gloss	"""house of culture"""	"""cultural centre/community arts centre"""	“House of culture” is a literal calque rather than the normal British-English term for this kind of venue.
nouns_012	nouns	8388	Parfüm	whole row	low	duplicate	`das Parfüm | Parfüms | perfume`	consolidate with `Parfum` as an accepted spelling variant on one entry	the same noun already occurs earlier in this batch under its equally valid alternative spelling *Parfum*.
nouns_012	nouns	8391	Pinnwand	cefrLevel	low	cefr	C1	approximately A2–B1	this ordinary concrete noun is grossly overgraded at C1.
nouns_012	nouns	8393	Powerbank	english	low	spelling	"""powerbank"""	"""power bank/portable charger"""	standard English normally writes the noun as two words; the closed German spelling should not simply be copied into the gloss.
nouns_012	nouns	8396	Psychiater	english	low	gloss	"""psychiatrist/shrink"""	"""psychiatrist""; if retained, label “shrink” as informal and potentially disparaging"	the unlabelled slang alternative is not a neutral learner equivalent for a healthcare profession.
nouns_012	nouns	8397	Raiffeisenbank	english	medium	gloss	"""Raiffeisenbank"""	"""Raiffeisen cooperative bank/credit cooperative"""	merely repeating the unfamiliar German institutional name gives an English-speaking learner no meaning.
nouns_012	nouns	8398	Rallye	english	low	gloss	"""rally/rallye"""	"""rally"""	“Rallye” is not a normal English alternative and adds only a duplicate of the German spelling.
nouns_013	nouns	8413	Schönste	plural, english	high	plural	"`Schönste` / ""most beautiful one"""	"`Schönsten` / ""most beautiful woman/girl; the prettiest (female person)"""	With the stored definite article, the UI needs the weak plural *die Schönsten*; *die Schönste* is specifically feminine, which the vague English gloss hides.
nouns_013	nouns	8414	Schriftsatz	english	medium	gloss	"""pleading"""	"""written legal submission/pleading; typesetting"""	A legal *Schriftsatz* is a written submission, not necessarily a pleading, and the substantial typography/typesetting sense is omitted.
nouns_013	nouns	8461	Wasserhahn	cefrLevel	low	cefr	C1	A2/B1 (approximately)	This everyday household word for a tap is far below C1, so the level would place it misleadingly late.
nouns_013	nouns	8463	Wassersport	plural	low	plural	`Wassersporte`	prefer `—`; use `Wassersportarten` when a semantic plural is needed	*Wassersporte* is dictionary-attested but explicitly rare/unusual; normal modern usage treats *Wassersport* as a mass/collective term and names multiple sports as *Wassersportarten*.
nouns_013	nouns	8470	Wunschkennzeichen	english	low	gloss	"""personalized license plate/custom plate"""	"""personalised registration/number plate; chosen registration number"""	The current wording is American English and can imply the physical plate rather than the officially selected registration identifier.
nouns_013	nouns	8524	Familienversicherung	english	medium	gloss	"""family insurance"""	"""family/dependants' cover (especially free cover under German statutory health insurance)"""	The German term commonly denotes the specific statutory co-insurance of dependent family members; the literal gloss is too broad to teach that sense.
nouns_013	nouns	8525	Fernsehproduktion	cefrLevel	low	cefr	A1	B1/B2 (approximately)	This abstract media-industry compound is not realistic A1 vocabulary and is grossly early for beginner deck selection.
nouns_013	nouns	8526	Fernsehprogramm	english	low	gloss	"""TV program/television program"""	"""TV programme/television programme; TV schedule"""	A British-English learner bank should use *programme*, and the German word can denote both a broadcast programme and the schedule/listings.
nouns_013	nouns	8546	Gesundheitsgefahr	english	low	gloss	"""health danger"""	"""health hazard/risk to health"""	"""Health danger"" is an unnatural literal translation; ""health hazard"" is the idiomatic English collocation."
nouns_013	nouns	8551	Gutshof	english	medium	gloss	"""manor/estate"""	"""manor farm/estate farm; farmstead of an estate"""	*Gutshof* denotes the farm complex or farmstead belonging to an estate, not simply the manor house or the estate as a whole.
nouns_013	nouns	8559	Iban	word, plural, english	high	spelling	"`Iban` / `Iban` / ""Iban"""	"`IBAN` / `IBANs` / ""IBAN (international bank account number)"""	The abbreviation is conventionally all capitals, and its standard German plural is *IBANs*; the current gloss also fails to expand it for learners.
nouns_013	nouns	8568	Jahreszahl	english	low	gloss	"""date/year"""	"""year/year number (e.g. 1989)"""	*Jahreszahl* is specifically a numerical year, not a date in the general day-month-year sense.
nouns_013	nouns	8574	Kauffrau	english	medium	gloss	"""businesswoman"""	"""female commercial clerk/merchant; businesswoman (context-dependent)"""	The word often names a trained commercial occupation and is not the general equivalent of any woman in business.
nouns_013	nouns	8576	Kinderprogramm	english	low	gloss	"""children's program"""	"""children's programme"""	The bank targets British English, where a television or radio offering is a *programme*.
nouns_013	nouns	8602	Meerwasser	plural	high	plural	`Meerwasser`	`—`	*Meerwasser* is a mass noun explicitly used without a plural; the stored form would render as the invalid learner model *die Meerwasser*.
nouns_013	nouns	8594	Lappen	english	high	gloss	"""banknote/botch/cloth"""	"""rag/cloth; (colloquial) banknote, driving licence; (insult) idiot"""	"*Lappen* does not mean the noun ""botch""; including that sense teaches a false lexical equivalence and obscures the basic ""rag"" sense."
nouns_013	nouns	8595	Lieferdienst	cefrLevel	low	cefr	C1	B1/B2 (approximately)	Delivery services are routine everyday vocabulary, and this transparent compound is grossly easier than C1.
nouns_013	nouns	8611	Nachteilsausgleich	english	medium	gloss	"""compensation for disadvantage"""	"""reasonable adjustment/accommodation; measure compensating for a disability or disadvantage"""	The literal wording is not natural English and hides the term's usual educational/legal meaning of adjustments that level the playing field.
nouns_013	nouns	8635	Rechtsmittel	english	medium	gloss	"""appeal/appeal option"""	"""legal remedy (such as an appeal)"""	"An appeal is only one type of *Rechtsmittel*; ""appeal option"" is both narrower and unidiomatic."
nouns_013	nouns	8672	Stichwahl	english	low	gloss	"""runoff"""	"""run-off election/second ballot"""	"The bare American noun ""runoff"" is ambiguous; the expanded British-English wording clearly identifies an election."
nouns_013	nouns	8684	Unterhaltungsprogramm	english	low	gloss	"""entertainment program"""	"""entertainment programme"""	British English spells this media/event sense *programme*.
nouns_013	nouns	8706	Zuwanderungsgeschichte	english	low	gloss	"""history of immigration"""	"""immigration history; personal/family history of immigration"""	The word often describes an individual's or family's migration background, not only the history of immigration as a social phenomenon.
nouns_013	nouns	8711	Abzweig	english	medium	gloss	"""bifurcation/connector/junction"""	"""turn-off/branch/fork/junction"""	"""Connector"" is not a normal meaning of *Abzweig*, while the common road/path sense ""turn-off"" is missing."
nouns_013	nouns	8722	Atemluft	english	low	gloss	"""breathing air/respiratory air"""	"""air breathed in; breathable/respirable air"""	Both current phrases are awkward literal translations and do not give a learner an idiomatic English equivalent.
nouns_013	nouns	8734	Bewährung	english	medium	gloss	"""probation/reliability"""	"""probation; proving oneself/test of worth"""	"*Zuverlässigkeit* is ""reliability""; *Bewährung* outside the legal sense is the act or result of proving one's worth under test."
nouns_013	nouns	8744	Bußgeldbescheid	english	low	gloss	"""notice of fine"""	"""fine notice/penalty notice"""	"""Notice of fine"" is understandable but not the normal English name for the official document."
nouns_013	nouns	8761	Entscheid	english	low	gloss	"""decision"""	"""decision (especially Swiss German; standard German usually *Entscheidung*)"""	The gloss is semantically right but leaves a learner unaware that the lemma is chiefly Swiss/regional in this use.
nouns_013	nouns	8765	Fahndung	english	medium	gloss	"""search"""	"""police search/manhunt; wanted-person search"""	*Fahndung* is specifically an official police search for a suspect or wanted person, not a generic search.
nouns_013	nouns	8766	Fahrplanauskunft	english	low	gloss	"""schedule information"""	"""timetable information/enquiry"""	"""Schedule"" is American in this transport context; British learners need *timetable*."
nouns_013	nouns	8775	Fremdenverkehr	plural	high	plural	`Fremdenverkehre`	`—`	"In the sense ""tourism"", *Fremdenverkehr* is explicitly used without a plural; the stored form would teach an unusable plural."
nouns_013	nouns	8789	Grabmal	english	medium	gloss	"""tombstone"""	"""grave monument/funerary monument; tomb"""	A tombstone is specifically a *Grabstein*; *Grabmal* is the broader memorial or monument marking a grave.
nouns_013	nouns	8790	Grillgut	english	low	gloss	"""barbecue food/grillables/grills"""	"""food for the barbecue/grill; food to be grilled"""	"""Grills"" denotes appliances or grilling events, not the food, and ""grillables"" is too jocular/nonstandard for a learner gloss."
nouns_013	nouns	8809	Juristin	english, cefrLevel	medium	gloss	"""jurist"" / A1"	"""female lawyer/legal professional"" / B1/B2 (approximately)"	English *jurist* usually means a legal scholar or expert and is a false-friend risk; the German occupational word is also implausibly advanced/specialised for A1.
nouns_013	nouns	8817	Kiebitz	english	low	gloss	"""green plover/kibitzer/northern lapwing"""	"""northern lapwing/lapwing; (colloquial) onlooker or kibitzer"""	"The everyday bird name should lead; ""green plover"" is obsolete/rare English and the figurative sense needs a register cue."
nouns_013	nouns	8819	Kindergruppe	english	low	gloss	"""child group"""	"""group of children/children's group"""	"""Child group"" is an unnatural literal compound in English."
nouns_013	nouns	8822	Konstrukteur	english	medium	gloss	"""constructer/constructor/designer"""	"""design engineer/designer"""	"""Constructer"" is a misspelling/nonstandard choice, and ""constructor"" suggests a builder rather than the usual engineering-design occupation."
nouns_013	nouns	8832	Kurzarbeit	english	medium	gloss	"""furlough/short-time working"""	"""short-time working/reduced-hours scheme"""	German *Kurzarbeit* normally means subsidised reduced hours; a furlough commonly means temporary leave with no work and is not an exact equivalent.
nouns_013	nouns	8836	Laufschuh	english	medium	gloss	"""running shoe/walking shoe"""	"""running shoe"""	A walking shoe is not normally a *Laufschuh*; adding it teaches an incorrect equivalence.
nouns_013	nouns	8872	Praline	english	medium	gloss	"""chocolate candy/praline"""	"""filled chocolate/chocolate"""	"German *Praline* normally means an individual filled/fine chocolate, while English *praline* commonly denotes a different nut-and-sugar confection; ""candy"" is also American."
nouns_013	nouns	8879	Rechtsanwältin	english	medium	gloss	"""advocate/attorney/barrister"""	"""female lawyer/solicitor"""	"""Attorney"" is American, and a German *Rechtsanwältin* is not specifically the distinct British profession of barrister."
nouns_013	nouns	8884	Rektorin	english	medium	gloss	"""headmistress"""	"""female rector/head/principal"""	"A *Rektorin* may head a university or another institution; ""headmistress"" wrongly restricts the word to a female school head."
nouns_013	nouns	8886	Requisite	english	high	gloss	"""prop/requisite"""	"""stage/film prop"""	English *requisite* ordinarily means something required, so retaining it as a gloss creates a strong false-friend trap.
nouns_013	nouns	8890	Sanitätsdienst	english	medium	gloss	"""medical service/ambulance service"""	"""medical/first-aid service (e.g. at an event or in the military)"""	The ordinary ambulance service is *Rettungsdienst*; *Sanitätsdienst* is typically an organised first-aid or military medical service.
nouns_013	nouns	8892	Schlitz	english	low	gloss	"""fissure/fly/groove"""	"""slit/slot; fly; groove"""	"The current list omits the direct, common equivalents ""slit"" and ""slot"" and leads with the more specialised ""fissure""."
nouns_013	nouns	8896	Selbstbehalt	english	low	gloss	"""deductible"""	"""insurance excess/deductible; amount retained"""	*Deductible* is mainly American insurance terminology; British learners need *excess*.
nouns_013	nouns	8900	Sitzgruppe	english	low	gloss	"""seating group"""	"""seating area; set/group of seats"""	"""Seating group"" is an unnatural calque and does not clearly describe the furniture or arranged seating area."
nouns_013	nouns	8913	Straßenzug	english	medium	gloss	"""row of buildings/street block"""	"""stretch/line of a street; continuous row of buildings along a street"""	A *Straßenzug* is not a city block; it is a continuous street stretch or the buildings lining it.
nouns_013	nouns	8914	Stromleitung	english	medium	gloss	"""power cable"""	"""power line/electricity line; power cable (where applicable)"""	*Stromleitung* includes overhead and other electrical lines that are not cables, so the sole gloss is materially too narrow.
nouns_013	nouns	8923	Tresor	english	high	gloss	"""safe/safety deposit box/vault"""	"""safe/vault"""	A safety deposit box is a *Schließfach/Safe*, typically one compartment in a bank vault, not a *Tresor* itself.
nouns_013	nouns	8929	Vereinsleben	english	low	gloss	"""association life"""	"""club life/life within a club or association"""	"""Association life"" is an unnatural literal translation; *club life* is the idiomatic learner equivalent."
nouns_013	nouns	8932	Vergleichstest	english	medium	gloss	"""benchmark test"""	"""comparative/comparison test; product comparison test"""	A benchmark test is only one specialised kind of *Vergleichstest*; the German headword is broader.
nouns_013	nouns	8941	Werber	english	low	gloss	"""advertiser/suitor"""	"""advertiser; recruiter/canvasser; (dated) suitor"""	"The important person-recruitment sense is missing, while the less current ""suitor"" sense is presented without a register label."
nouns_013	nouns	8947	Wohnlage	english	medium	gloss	"""residential area"""	"""residential location/situation; quality of a property's location"""	*Wohnlage* describes where a dwelling is situated and often the quality of that location, not the residential district itself.
nouns_013	nouns	8956	Alleinstehende	english	medium	gloss	"""single"""	"""single person/person living alone"""	The English adjective alone is not a clear noun gloss and can hide that the German denotes a person, often specifically someone unmarried or living alone.
nouns_013	nouns	8961	Anfeindung	english	medium	gloss	"""hostility"""	"""hostile attack/abuse; expression of hostility"""	"The countable German noun normally denotes a concrete hostile verbal or other attack, whereas bare ""hostility"" suggests only an attitude or uncountable state."
nouns_013	nouns	8970	Attentäter	english	medium	gloss	"""assassin"""	"""attacker/assailant; assassin or terrorist (depending on the attack)"""	An *Attentäter* perpetrates an *Attentat*, which may be a bombing or other attack and need not be a successful or person-directed assassination.
nouns_013	nouns	8977	Bademantel	cefrLevel	low	cefr	C1	A2/B1 (approximately)	This everyday item of clothing is grossly easier than C1.
nouns_013	nouns	8984	Berichtsjahr	english	low	gloss	"""year under report"""	"""reporting year/year under review"""	"""Year under report"" is an unnatural calque rather than idiomatic business English."
nouns_013	nouns	8998	Bücherregal	cefrLevel	low	cefr	C1	A2/B1 (approximately)	A bookcase is basic household vocabulary and the transparent compound is grossly below C1.
nouns_013	nouns	9001	Business	cefrLevel	low	cefr	C1	B1/B2 (approximately)	This very common Anglicism is routine intermediate vocabulary, not a C1-only item.
nouns_013	nouns	9007	Eifer	english	low	spelling	"""alacrity/ardor/eagerness"""	"""zeal/eagerness/ardour"""	The bank targets British English, which spells this noun *ardour*; *zeal* is also the clearer primary equivalent.
nouns_013	nouns	9023	Etappenziel	english	low	gloss	"""stage destination/milestone"""	"""stage finish/intermediate goal; milestone"""	"""Stage destination"" is not idiomatic sports English; the literal and figurative senses are better modelled separately."
nouns_013	nouns	9031	Final	word, article, plural	medium	article	"`der Final` / `Finals` / ""final"""	mark as Swiss usage, or replace with standard `das Finale` / `Finale` (sport also `Finals`)	Masculine *der Final* is characteristic of Swiss usage; an unmarked general German learner entry should teach standard *das Finale*.
nouns_013	nouns	9034	Floh	cefrLevel	low	cefr	C1	A2/B1 (approximately)	This common animal/parasite word is grossly easier than C1.
nouns_013	nouns	9044	Gebrüder	english	medium	gloss	"""brothers"""	"""brothers (fixed collective, especially in company names); ordinary plural: *Brüder*"""	*Gebrüder* is not the neutral everyday plural of *Bruder* and is now chiefly restricted to set collective or business-name usage.
nouns_013	nouns	9052	Gesuch	english	medium	gloss	"""appeal/petition/request"""	"""formal request/application/petition"""	"The core sense is a formal application or request; ""appeal"" risks confusion with a legal appeal (*Berufung/Rechtsmittel*)."
nouns_013	nouns	9057	Gültigkeitsdauer	english	low	gloss	"""validity duration"""	"""period of validity/validity period"""	"""Validity duration"" is an unnatural literal collocation in English."
nouns_013	nouns	9065	Hinterhof	english	low	gloss	"""backyard"""	"""back yard/rear courtyard"""	The current closed spelling is American, and urban German *Hinterhof* is often specifically a rear courtyard.
nouns_013	nouns	9075	Kinderheim	english	medium	gloss	"""children's home/orphanage"""	"""children's home/residential care home for children"""	"Residents of a modern *Kinderheim* are not necessarily orphans, so ""orphanage"" can teach a false institutional equivalence."
nouns_013	nouns	9078	Klimaschutzmaßnahme	english	low	gloss	"""climate protection measure"""	"""climate-action/climate-mitigation measure"""	"""Climate protection measure"" is a German-influenced calque; the recommended wording is more idiomatic English."
nouns_013	nouns	9087	Kot	english	low	spelling	"""feces/dung/excrement"""	"""faeces/dung/excrement"""	The bank targets British English, whose standard spelling is *faeces*.
nouns_013	nouns	9090	Kulturpolitik	english	medium	gloss	"""cultural politics"""	"""cultural policy"""	"In ordinary institutional use *Kulturpolitik* is policy concerning culture; ""cultural politics"" denotes a different analytical concept in English."
nouns_013	nouns	9091	Kundengruppe	english	low	gloss	"""client group"""	"""customer group/customer segment"""	"*Kunde* is normally ""customer"" here, and ""customer segment"" is the idiomatic commercial term."
nouns_013	nouns	9097	Landesarbeitsgericht	english	low	spelling	"""regional labor court"""	"""regional labour court/state labour court"""	The bank targets British English, which spells *labour* with -our.
nouns_013	nouns	9098	Landesliste	english	medium	gloss	"""state list"""	"""state-level party list (for an election)"""	The literal gloss is opaque and omits the defining electoral/party-list context.
nouns_014	nouns	9106	Lotto	cefrLevel	low	cefr	C1	approximately A2–B1	This ordinary word for the lottery is basic everyday vocabulary; C1 places it grossly too late.
nouns_014	nouns	9127	Nanopartikel	article, plural	high	article	`die Nanopartikel` / `Nanopartikel`	prefer `das Nanopartikel` / `Nanopartikel`; if the feminine variant is deliberately retained, its plural is `Nanopartikeln`	The row mixes the feminine singular variant with the neuter plural paradigm, so it does not teach a coherent declension.
nouns_014	nouns	9152	Radioprogramm	english	low	spelling	"""radio program"""	"""radio programme"""	For the app's British-English audience, *programme* is the standard spelling outside computing.
nouns_014	nouns	9161	Rindfleisch	cefrLevel	low	cefr	C1	approximately A1–A2	"""Beef"" is core food and shopping vocabulary, not an advanced C1 item."
nouns_014	nouns	9164	Rüstungsgut	english	low	spelling	"""defense equipment"""	"""defence equipment/military equipment"""	"*Defence* is the standard British spelling, and ""military equipment"" is the clearest everyday equivalent."
nouns_014	nouns	9165	Sachkosten	english	medium	gloss	"""material costs/overhead costs"""	"""non-personnel costs/material and operating expenses"""	*Sachkosten* are costs other than personnel costs; they are broader than material costs and are not automatically identical to overheads.
nouns_014	nouns	9170	Scherben	plural, english	high	plural	"`—` / ""shards/pieces of broken glass"""	"`Scherben` / ""shard/piece of broken glass"" for the singular headword"	*der Scherben* is singular and has the usable plural *die Scherben*; the English field is currently plural while the German headword is singular.
nouns_014	nouns	9174	Schulanfänger	english	low	gloss	"""school starter/first-year pupil"""	"""child starting school/new school entrant"""	"""School starter"" is a German calque, and ""first-year pupil"" can suggest a pupil in the first year of any school rather than specifically a child beginning school."
nouns_014	nouns	9179	Selbstreflexion	english	low	spelling	"""self reflection"""	"""self-reflection"""	The standard English compound is hyphenated.
nouns_014	nouns	9184	Strandkorb	english	medium	gloss	"""beach chair"""	"""hooded wicker beach chair/beach basket"""	A *Strandkorb* is a distinctive enclosed, hooded wicker seat, not an ordinary beach chair.
nouns_014	nouns	9218	Vertraute	english	low	gloss	"""confidant/intimate"""	"""confidant/close friend"""	"English ""intimate"" as a noun is marked and unclear for learners; ""close friend"" expresses the intended person sense naturally."
nouns_014	nouns	9220	Vogelperspektive	english	low	spelling	"""bird's eye view"""	"""bird's-eye view"""	The standard attributive compound in this expression is hyphenated.
nouns_014	nouns	9225	Vorschulalter	plural	high	plural	`Vorschulalter`	`—`	*Vorschulalter* denotes the preschool stage of life and is standardly used without a plural; the unchanged form is not a learner citation plural.
nouns_014	nouns	9251	Anämie	english	low	spelling	"""anemia"""	"""anaemia"""	*Anaemia* is the standard British-English spelling.
nouns_014	nouns	9254	Arbeitskollege	cefrLevel	low	cefr	C1	approximately A2–B1	This is routine workplace vocabulary and is graded far too late at C1.
nouns_014	nouns	9257	Aufenthaltsstatus	plural	high	plural	`—`	`Aufenthaltsstatus`	The plural is rare but standard and genuinely useful when contrasting people's legal statuses; marking it as absent teaches a false inflectional fact.
nouns_014	nouns	9273	Blasen	whole row	medium	junk	"`das Blasen` / `—` / ""blowing"""	remove from the lexical noun bank, or teach the underlying verb *blasen* instead	This is a freely formed nominalised infinitive with only a generic gerund gloss, not a useful lexical noun headword.
nouns_014	nouns	9281	Buchhändler	cefrLevel	low	cefr	C1	approximately A2–B1	This transparent, ordinary occupation word is substantially below C1.
nouns_014	nouns	9295	Drogeriemarkt	english	medium	gloss	"""chemist's/drugstore chain"""	"""drugstore/health-and-beauty retailer"""	A German *Drogeriemarkt* is not a British chemist's/pharmacy, and it need not denote a chain rather than an individual shop.
nouns_014	nouns	9326	Fühlen	whole row	medium	junk	"`das Fühlen` / `—` / ""feeling"""	remove from the lexical noun bank, or teach *fühlen* and its nominalisation as a grammar pattern	"This is a freely productive nominalised infinitive rather than a stable learner noun lemma, and ""feeling"" is better represented by lexical nouns such as *Gefühl*."
nouns_014	nouns	9324	Freistoß	cefrLevel	low	cefr	C1	approximately A2–B1	"""Free kick"" is common football vocabulary and C1 is a gross overestimate."
nouns_014	nouns	9332	Gerätschaft	english	medium	gloss	"""equipment"""	"""device/appliance/piece of equipment"""	"Singular *Gerätschaft* is countable and denotes one implement or device; uncountable English ""equipment"" obscures that number distinction."
nouns_014	nouns	9362	Kalzium	whole row	low	duplicate	separate entry duplicating earlier `Calcium` in the same batch	keep one headword and treat `Calcium/Kalzium` as spelling variants or aliases	Both are standard spellings of the same element, so separate cards duplicate the same lexical item without explaining the variation.
nouns_014	nouns	9383	Küchenchef	english	low	gloss	"""chef"""	"""head chef"""	*Küchenchef* specifically denotes the chef in charge of a kitchen, not just any chef.
nouns_014	nouns	9395	Lederhose	cefrLevel	low	cefr	C1	approximately A2–B1	This common clothing and cultural term is implausibly delayed until C1.
nouns_014	nouns	9397	Leiharbeit	english	medium	gloss	"""temporary work"""	"""temporary agency work/agency work"""	*Leiharbeit* specifically involves workers supplied by an agency; generic temporary work can instead be an ordinary fixed-term job.
nouns_014	nouns	9398	Likör	english	medium	gloss	"""cordial/liqueur"""	"""liqueur"""	"In ordinary British English, ""cordial"" usually denotes a non-alcoholic concentrated drink, so it is a false and potentially confusing equivalent here."
nouns_014	nouns	9401	Markise	english	high	gloss	"""awning/marquise cut/marquise cut stone"""	"""awning"""	The gemstone cut is *Marquise* in German as well as English; those senses do not belong to *Markise*.
nouns_014	nouns	9411	Morbus	english	low	gloss	"""disease"""	"""disease (chiefly used in medical names such as Morbus Crohn)"""	"Bare *Morbus* is a learned medical label used especially as part of disease names, not the neutral everyday equivalent of ""disease""."
nouns_014	nouns	9418	Oberklasse	english	medium	gloss	"""upper class/luxury class"""	"""top/luxury class (especially a vehicle category); top tier"""	"Unqualified English ""upper class"" strongly suggests a social class, whereas German normally uses *Oberschicht* for that meaning; *Oberklasse* is chiefly a top category or segment."
nouns_014	nouns	9428	Pensionär	english	medium	gloss	"""pensioner"""	"""retired civil servant; pensioner (context-dependent)"""	In Germany *Pensionär* normally refers specifically to a retired civil servant receiving a *Pension*, not to every retired person or pensioner.
nouns_014	nouns	9431	Podest	article	low	article	`der Podest`	prefer `das Podest` (with `der Podest` noted only as a rarer accepted variant)	The masculine article is attested but explicitly less common; a general learner deck should teach the dominant neuter gender first.
nouns_014	nouns	9440	Pult	english	medium	gloss	"""lectern/podium"""	"""desk/lectern/console"""	*Pult* commonly means a desk, lectern or control console; a podium is a raised platform (*Podium/Podest*), so the current gloss omits a central sense and adds a misleading one.
nouns_014	nouns	9443	Reflektion	word, plural	high	spelling	`Reflektion` / `Reflektionen`	`Reflexion` / `Reflexionen`	The standard German noun is spelled with *-xion*; the current analogical spelling from *reflektieren* is not the standard learner headword.
nouns_014	nouns	9456	Röntgen	plural	high	plural	`Röntgen`	`—`	*das Röntgen* is a nominalised infinitive denoting X-raying/radiography and has no plural; the identical stored form falsely presents one.
nouns_014	nouns	9467	Schießen	plural	high	plural	`Schießen`	`—`	*das Schießen* in the activity/sport sense is a nominalised infinitive and has no plural.
nouns_014	nouns	9468	Schimpanse	cefrLevel	low	cefr	C1	approximately A2–B1	This ordinary animal name is far below C1 learner vocabulary.
nouns_014	nouns	9471	Schonung	english	low	gloss	"""sparing/protection"""	"""rest/gentle treatment; conservation/protection; young forest plantation/preserve"""	The present wording is awkward and omits the concrete woodland sense that motivates the normal countable plural *Schonungen*.
nouns_014	nouns	9484	Spa	cefrLevel	low	cefr	C1	approximately A2–B1	This internationally transparent, common leisure and travel word is not C1 vocabulary.
nouns_014	nouns	9486	Sprachrohr	english	low	spelling	"""loud hailer/megaphone/mouthpiece"""	"""loudhailer/megaphone/mouthpiece"""	The standard British spelling is the single word *loudhailer*.
nouns_014	nouns	9508	Turnschuh	cefrLevel	low	cefr	B2	approximately A1–A2	"""Trainer"" is basic clothing vocabulary, so B2 is a substantial overestimate."
nouns_014	nouns	9512	Umweltbewusstsein	english	low	gloss	"""environment awareness"""	"""environmental awareness/environmental consciousness"""	"""Environmental awareness"" is the idiomatic English expression."
nouns_014	nouns	9515	Untersuchungsausschuss	english	low	gloss	"""investigating committee"""	"""committee of inquiry/investigative committee"""	"""Investigating committee"" is an unnatural calque; the recommended forms are the established institutional English terms."
nouns_014	nouns	9518	Verkehrssektor	plural	high	plural	`—`	`Verkehrssektoren`	The regular plural is usable when comparing transport sectors across regions, economies or periods; the row incorrectly marks the noun as plural-less.
nouns_014	nouns	9519	Verlass	english	medium	gloss	"""reliance"""	"""reliability/dependability (especially in auf jemanden/etwas ist Verlass)"""	"*Verlass* characterises someone or something as dependable in a fixed construction; abstract English ""reliance"" does not model that usage."
nouns_014	nouns	9523	Verwalten	whole row	medium	junk	"`das Verwalten` / `—` / ""administering/managing"""	remove from the lexical noun bank, or teach *verwalten* and lexical nouns such as *Verwaltung*	This is a freely formed nominalised infinitive with a generic gerund gloss rather than a lexicalised noun entry.
nouns_014	nouns	9527	Vorsprache	english	medium	gloss	"""calling on someone (in person), representation to an authority"""	"""personal appearance/appointment (especially at an authority or office)"""	"""Representation to an authority"" is not idiomatic English and does not clearly convey the usual administrative act of appearing in person."
nouns_014	nouns	9531	Webportal	cefrLevel	low	cefr	C1	approximately B1–B2	This transparent and routine digital term is graded substantially too late.
nouns_014	nouns	9542	Ziehen	whole row	medium	junk	"`das Ziehen` / `—` / ""pulling/drawing"""	"remove the generic nominalisation, or split genuinely lexicalised senses such as ""draw"" or ""pulling sensation"" with clear context"	The current row is merely the productive nominalised infinitive paired with generic verb senses, which is poor noun-bank material.
nouns_014	nouns	9553	Anbringen	whole row, plural	high	plural	"`das Anbringen` / `Anbringen` / ""attachment/mounting"""	remove this freely formed nominalised infinitive; if retained for the process sense, use plural `—`	The generic process nominalisation is weak lexical-bank material, and nominalised infinitives do not acquire an unchanged plural.
nouns_014	nouns	9568	Automatik	english	medium	gloss	"""automatic/automatic transmission/automatism"""	"""automatic system/control; automatic transmission"""	"English ""automatic"" without a noun is unclear, while ""automatism"" normally corresponds to *Automatismus* rather than *Automatik*."
nouns_014	nouns	9570	Autounfall	english	low	gloss	"""auto accident/bingle/car accident"""	"""car accident"""	"""Auto accident"" is American usage and ""bingle"" is regional Australian slang; both add noise for a British-English learner when the ordinary equivalent is already present."
nouns_014	nouns	9583	Bergmann	english	low	gloss	"""digger/miner"""	"""miner"""	"""Digger"" is not the normal British-English occupation term for a *Bergmann* and can denote a machine or excavator operator."
nouns_014	nouns	9595	Bohrer	english	medium	gloss	"""drill"""	"""drill bit; driller"""	*Bohrer* normally denotes the cutting bit or a person who drills; the powered drill as a machine is a *Bohrmaschine*.
nouns_014	nouns	9617	Erfrischungsgetränk	cefrLevel	low	cefr	C1	approximately A2–B1	This transparent word for a soft drink is ordinary food and shopping vocabulary, not C1.
nouns_014	nouns	9632	Foundation	english	medium	gloss	"""foundation"""	"""foundation make-up/cosmetic foundation"""	German *Foundation* normally denotes the cosmetic; the unrestricted English homograph can misleadingly suggest a base or charitable organisation.
nouns_014	nouns	9634	Frauenquote	english	low	gloss	"""women's quota"""	"""quota for women/female representation quota"""	"""Women's quota"" is an understandable calque but not clear idiomatic English for a rule reserving a proportion of positions for women."
nouns_014	nouns	9638	Funken	word	high	junk	"`der Funken` / `Funken` / ""spark"""	"`der Funke` / `Funken` / ""spark"""	*Funken* is the plural/oblique form of the noun *Funke*, not the standard nominative singular headword; the row has promoted an inflected corpus form to a lemma.
nouns_014	nouns	9644	Gebilde	english	low	gloss	"""construct/shape"""	"""formation/structure/entity"""	"""Shape"" is too generic and ""construct"" covers only some abstract contexts; *Gebilde* normally denotes something formed, a structure or an entity."
nouns_014	nouns	9652	Gewässerschutz	english	low	gloss	"""water protection"""	"""protection of water bodies/water conservation"""	"""Water protection"" is an unnatural calque and may be read as protecting a substance rather than protecting rivers, lakes and groundwater."
nouns_014	nouns	9653	Gewölbe	english	low	gloss	"""arch/vault"""	"""vault/vaulted ceiling or chamber"""	A simple arch is normally *Bogen*; *Gewölbe* denotes a vault or a vaulted space/ceiling.
nouns_014	nouns	9661	Haartrockner	english	low	gloss	"""hairdrier/hairdryer/hand hairdryer"""	"""hairdryer/hair drier"""	"""Hand hairdryer"" is not idiomatic English and should be removed from an otherwise adequate gloss."
nouns_014	nouns	9663	Hallig	cefrLevel	low	cefr	A2	approximately B2–C1	This highly regional geographical term for a North Sea marsh island is implausibly specialised for A2.
nouns_014	nouns	9686	Karies	english	medium	gloss	"""caries/cavity"""	"""tooth decay/dental caries"""	*Karies* is the disease/process of dental decay; a cavity is a resulting hole and is not an interchangeable countable translation.
nouns_014	nouns	9694	Klärwerk	english	low	spelling	"""sewage treatment plant/sewage work/wastewater treatment plant"""	"""sewage treatment plant/sewage works/wastewater treatment plant"""	"In British English the facility is a ""sewage works"", not a singular ""sewage work""."
nouns_014	nouns	9717	Küchengerät	english	medium	gloss	"""kitchen equipment/kitchen utensil/kitchenware"""	"""kitchen appliance/utensil"""	"Singular *Küchengerät* is one countable appliance or utensil, whereas English ""equipment"" and ""kitchenware"" are normally collective mass nouns."
nouns_014	nouns	9729	Lebensgestaltung	english	medium	gloss	"""lifestyle/way of life"""	"""shaping/organisation of one's life; life planning"""	"The noun denotes the active way someone structures and shapes their life; ""lifestyle/way of life"" normally corresponds to *Lebensstil/Lebensweise*."
nouns_014	nouns	9735	Lüften	whole row	medium	junk	"`das Lüften` / `—` / ""airing/ventilating"""	remove from the lexical noun bank, or teach *lüften* as the underlying verb	This is a freely formed nominalised infinitive rather than an independently useful noun lemma.
nouns_014	nouns	9748	Mimik	english	low	gloss	"""facial expression"""	"""facial expressions/facial expressiveness"""	*Mimik* normally refers collectively to a person's use or range of facial expression, not one individual countable expression.
nouns_014	nouns	9755	Nachsehen	english	high	gloss	"""das Nachsehen haben"""	"""disadvantage; to lose out (in the phrase das Nachsehen haben)"""	The English field currently repeats a German phrase instead of translating it, leaving the learner with no English meaning.
nouns_014	nouns	9760	Ohnmacht	english	medium	gloss	"""faint/impotence/powerlessness"""	"""fainting/unconsciousness; powerlessness"""	"Unqualified ""impotence"" strongly suggests the sexual/medical sense, which is *Impotenz*; *Ohnmacht* means loss of consciousness or inability to act."
nouns_015	nouns	9803	Schwarzwild	english	low	gloss	"""wild boars"""	"""wild boar (collectively)"""	*Schwarzwild* is a collective mass noun, not an ordinary count plural; the gloss should make that number behaviour clear.
nouns_015	nouns	9806	Silbe	cefrLevel	low	cefr	C1	approximately A2–B1	"""syllable"" is routine language-learning vocabulary encountered far below C1."
nouns_015	nouns	9808	Skateboard	cefrLevel	low	cefr	C1	approximately A1–A2	this common, internationally transparent loanword is grossly overgraded.
nouns_015	nouns	9809	Sodbrennen	plural	high	plural	`Sodbrennen`	`—`	"*Sodbrennen* ""heartburn"" is a mass noun without a standard plural; the stored value would teach the false form *die Sodbrennen*."
nouns_015	nouns	9815	Spielball	english	high	gloss	"""game ball/plaything/set ball"""	"""ball used in play; plaything/pawn"""	"""set ball"" is not a translation of *Spielball* and is likely contamination from sports terminology."
nouns_015	nouns	9878	Vorgarten	english	low	gloss	"""front yard"""	"""front garden"""	"""front yard"" is American English; the bank is intended for British-English-speaking learners."
nouns_015	nouns	9886	Wanderparkplatz	english	low	gloss	"""hikers' parking lot"""	"""walkers' car park/hiking car park"""	"""parking lot"" is American and ""hikers'"" is less idiomatic than ""walkers'"" in this British-English context."
nouns_015	nouns	9890	Wasserschutzgebiet	english	low	gloss	"""water protection area"""	"""water protection zone/water-conservation area"""	"""water protection area"" is an opaque calque; ""water protection zone"" is the established learner-friendly equivalent."
nouns_015	nouns	9898	Wirren	article, word, plural	high	article	"`das Wirren` / `Wirren` / ""disturbances/riots"""	`die Wirren` as a plural-only noun; do not present a separate singular/plural pair	"the gloss belongs to plural-only *die Wirren*; *das Wirren* would instead be a nominalised infinitive meaning ""confusing/muddling""."
nouns_015	nouns	9910	Zwangsarbeiter	english	low	spelling	"""forced laborer"""	"""forced labourer/forced labour worker"""	"""laborer"" is the American spelling; British English requires ""labourer""."
nouns_015	nouns	9918	Anschauung	english	medium	gloss	"""view/viewing"""	"""view/opinion/conception; intuition/perception (philosophy)"""	"""viewing"" is not a useful general translation and obscures both the ordinary opinion sense and the specialised philosophical sense."
nouns_015	nouns	9922	Auditorium	english	high	gloss	"""auditorium/auditory"""	"""auditorium; audience"""	"English ""auditory"" is primarily an adjective meaning related to hearing; German *Auditorium* can instead denote the hall or its audience."
nouns_015	nouns	9944	Bevölkerungsentwicklung	english	high	gloss	"""demographic development/population development/vital statistics"""	"""demographic change/trends; population development"""	"""vital statistics"" means population data or records, not the development or change in a population itself."
nouns_015	nouns	9965	Collagen	word, plural	high	spelling	`Collagen` / `Collagene`	`Kollagen` / `Kollagene`	the German protein name is spelled with initial K; the stored C-spelling is English contamination.
nouns_015	nouns	9966	Dachstuhl	english	medium	gloss	"""roof truss"""	"""roof structure/roof frame"""	a *Dachstuhl* is the whole supporting roof structure, whereas a roof truss is normally one component within it.
nouns_015	nouns	9967	Dämpfer	english	high	gloss	"""damper/mute/steamer"""	"""damper; mute/silencer; setback"""	"""steamer"" translates *Dampfer* without an umlaut, not *Dämpfer*."
nouns_015	nouns	10012	Fundus	plural	high	plural	`—`	`Fundus`	the collection/stock/repository sense has a usable unchanged plural, as in multiple theatrical or museum *Fundus*.
nouns_015	nouns	10013	Galle	plural, english	low	gloss	"`Gallen` / ""bile/gall/gall bladder"""	"""bile; gall bladder (colloquial); plant gall"" and note that `Gallen` belongs to the plant-gall sense"	"the stored plural is valid only for a sense that the ambiguous English word ""gall"" does not make clear to a learner."
nouns_015	nouns	10028	Gewichtsverlust	english	low	gloss	"""loss in weight/loss of weight/reduction of weight"""	"""weight loss"""	"all three stored variants are needlessly stilted; ""weight loss"" is the ordinary idiomatic English equivalent."
nouns_015	nouns	10050	Immissionsschutz	english	medium	gloss	"""immission control"""	"""protection from pollution/nuisance emissions; pollution control"""	"""immission control"" is an opaque specialist calque for most English-speaking learners and does not communicate the practical meaning."
nouns_015	nouns	10094	Leseprobe	english	low	gloss	"""reading sample"""	"""sample extract/free sample (from a book)"""	"""reading sample"" is an unnatural calque in English publishing usage."
nouns_015	nouns	10071	Knete	plural	high	plural	`Kneten`	`—`	*Knete* meaning modelling clay or, colloquially, money is uncountable; *Kneten* is not its standard plural.
nouns_015	nouns	10076	Kostenpunkt	english	medium	gloss	"""cost item/matter of expense"""	"""price/cost (especially in `Kostenpunkt: …`)"""	the common German use states what something costs; the stored English is unnatural and misses that learner-relevant construction.
nouns_015	nouns	10089	Laufrad	english	low	gloss	"""balance bike; (running) wheel"""	"""balance bike; wheel/impeller (technical, according to context)"""	"""running wheel"" is a literal but generally non-idiomatic English rendering of the technical senses."
nouns_015	nouns	10111	Mitspracherecht	english	low	gloss	"""say/voice"""	"""right to have a say/voice in a decision"""	the stored nouns omit the defining *Recht* component and can be mistaken for translations of *Mitsprache* alone.
nouns_015	nouns	10139	Postbote	english	low	gloss	"""mailman/postman"""	"""postman/postal worker"""	"""mailman"" is American English and needlessly precedes the intended British equivalent."
nouns_015	nouns	10143	Publikumsliebling	english	medium	gloss	"""crowdpleaser"""	"""audience favourite/crowd favourite"""	"a *Publikumsliebling* is a person especially liked by the audience; a ""crowd-pleaser"" can instead be a work, act or event that pleases crowds."
nouns_015	nouns	10149	Regionalität	english	low	gloss	"""regionality/regionness"""	"""regional character/regional identity; regionality"""	"""regionness"" is nonstandard and unhelpful learner English."
nouns_015	nouns	10148	Rechtsverstoß	english	low	gloss	"""statutory violation"""	"""violation of the law/legal violation"""	"""statutory violation"" is narrower than the German term and is not the most natural general equivalent."
nouns_015	nouns	10154	Rückstau	english	medium	gloss	"""backup"""	"""back pressure/backflow; tailback or traffic queue (by context)"""	"bare ""backup"" is highly ambiguous and does not teach the hydraulic, drainage or traffic senses of the German noun."
nouns_015	nouns	10156	Saum	english	high	gloss	"""edge/seam"""	"""hem; edge/border"""	a seam is normally *Naht*; clothing *Saum* is a hem.
nouns_015	nouns	10173	Singvogel	english	low	spelling	"""Passerine/songbird"""	"""songbird/passerine"""	"common nouns should not be capitalised mid-gloss, and ""songbird"" is the clearer lead term."
nouns_015	nouns	10178	Sozialwohnung	english	medium	gloss	"""council flat/council house/social housing"""	"""social-housing flat/subsidised flat"""	"a German *Sozialwohnung* is defined by public subsidy and rent/eligibility rules, not necessarily by council ownership; ""social housing"" also names the mass sector rather than one dwelling."
nouns_015	nouns	10206	Umschreibung	english	high	gloss	"""paraphrase/transliteration"""	"""paraphrase/periphrasis; rewriting/re-registration (by context)"""	transliteration is *Transliteration* or *Umschrift*, not normally *Umschreibung*.
nouns_015	nouns	10207	Umspannwerk	english	high	gloss	"""transformer/transformer station"""	"""electrical substation/transformer substation"""	an *Umspannwerk* is the entire substation, not an individual transformer.
nouns_015	nouns	10212	Upcycling	plural	high	plural	`Upcyclings`	`—`	German *Upcycling* denotes the uncountable process or practice and has no standard plural.
nouns_015	nouns	10227	Voraussicht	plural	high	plural	`Voraussichten`	`—`	"*Voraussicht* ""foresight/expectation"" has no standard plural; *Voraussichten* is a spurious form likely confused with *Aussichten*."
nouns_015	nouns	10219	Verkehrssystem	english	medium	gloss	"""traffic system"""	"""transport system"""	*Verkehr* here covers the movement of people and goods across transport modes, not only road traffic.
nouns_015	nouns	10234	Wahlbenachrichtigung	english	medium	gloss	"""election notification"""	"""polling card/voter notification"""	the German noun normally denotes the official notice sent to an eligible voter; the literal gloss does not identify that object.
nouns_015	nouns	10263	Zukunftsmusik	english	medium	gloss	"""dreams of the future"""	"""a thing of the future; pie in the sky (when dismissive)"""	*Zukunftsmusik* is an idiom for something not yet real or feasible, not simply a person's future dreams.
nouns_015	nouns	10264	Zustiftung	english	medium	gloss	"""donation"""	"""addition/contribution to an endowment"""	"a *Zustiftung* specifically increases a foundation's permanent endowment; generic ""donation"" loses the defining legal-financial sense."
nouns_015	nouns	10266	Abschottung	english	medium	gloss	"""bulkhead/compartmentalisation"""	"""isolation/sealing off; compartmentalisation"""	"the high-frequency abstract and political sense is the act of isolating or closing oneself/something off; ""bulkhead"" is at best a narrow technical result."
nouns_015	nouns	10275	Anglistik	plural	high	plural	`Anglistiken`	`—`	*Anglistik* is the academic discipline of English language and literature and does not have a standard plural.
nouns_015	nouns	10292	Bafög	word, duplicate	medium	duplicate	"`Bafög` ""student financial aid (BAföG)"" beside a separate `BAföG` ""Federal Training Assistance Act"" entry"	"keep one standard `BAföG` headword and give it both ""Federal Training Assistance Act"" and ""student financial aid under that act"" senses"	the spelling variant has been split into a second learner card even though ordinary German uses the same acronym for the law and the funding.
nouns_015	nouns	10281	Armaturenbrett	english	low	spelling	"""dashboard/facia/instrument board"""	"""dashboard/instrument panel/fascia"""	"""facia"" is not the standard spelling for the vehicle-interior sense; British automotive English uses ""fascia""."
nouns_015	nouns	10288	Auswanderer	english	medium	gloss	"""emigrant/expat/expatriate"""	"""emigrant/person who has emigrated"""	an expatriate is anyone living outside their home country and need not have emigrated permanently; the terms are not interchangeable.
nouns_015	nouns	10305	Bestsellerliste	cefrLevel	low	cefr	C1	approximately B1–B2	this transparent, common compound is far below C1 in learner difficulty.
nouns_015	nouns	10316	Buchautor	cefrLevel	low	cefr	C1	approximately B1	"both components and the resulting meaning ""book author"" are common and transparent well before C1."
nouns_015	nouns	10337	Einhalt	english	medium	gloss	"""halt/stop/restraint"""	"""check/restraint (almost only in `jemandem/etwas Einhalt gebieten`)"""	"this noun is not freely interchangeable with ""halt"" or ""stop""; learners need its overwhelmingly fixed collocation."
nouns_015	nouns	10350	Erfolgschance	english	low	gloss	"""success chance"""	"""chance of success/prospect of success"""	"""success chance"" is an unnatural German-to-English calque."
nouns_015	nouns	10354	Erwarten	whole row	medium	junk	"`das Erwarten` / `—` / ""expectation"""	"remove as a standalone lexical noun, or teach the fixed phrase `wider Erwarten` ""contrary to expectations"""	"this is a freely nominalised infinitive whose modern noun-like use is overwhelmingly restricted to a fixed phrase; *Erwartung* is the normal noun for ""expectation""."
nouns_015	nouns	10361	Feindbild	english	medium	gloss	"""concept of the enemy"""	"""enemy image; perceived enemy/enemy stereotype"""	the German term denotes a stereotyped or constructed image of an enemy, not the abstract concept of what an enemy is.
nouns_015	nouns	10370	Föhn	english, cefrLevel	medium	gloss	"""blow dryer/blow-dryer/blowdryer"" / C1"	"""hairdryer; foehn wind"" / approximately A2–B1 for the everyday appliance sense"	"British English normally says ""hairdryer"", the established weather homonym is omitted, and an everyday appliance is grossly overgraded at C1."
nouns_015	nouns	10374	Frauchen	english	low	gloss	"""female pet owner/mistress"""	"""female pet owner"""	"""mistress"" is dated and strongly ambiguous in modern English; it is a poor learner gloss for the ordinary pet-owner term."
nouns_015	nouns	10377	Geburtsstunde	english	medium	gloss	"""hour of birth/natal hour"""	"""birth; moment of origin/inception"""	the frequent German use is figurative (*die Geburtsstunde von …*), while the stored literal English is rare and unnatural.
nouns_015	nouns	10378	Gehhilfe	english	medium	gloss	"""walking frame"""	"""walking aid/mobility aid"""	"a *Gehhilfe* can be a stick, crutch, frame or other aid; ""walking frame"" is only one subtype."
nouns_015	nouns	10381	Gerichtsprozess	english	medium	gloss	"""lawsuit/litigation"""	"""court case/court proceedings; trial"""	"*Gerichtsprozess* also covers criminal and other proceedings, whereas ""lawsuit/litigation"" strongly suggests a civil dispute."
nouns_015	nouns	10384	Gesamtkunstwerk	english	low	gloss	"""Gesamtkunstwerk"""	"""total work of art; Gesamtkunstwerk"""	repeating the German loanword alone gives an English-speaking learner no meaning.
nouns_015	nouns	10390	Grotte	english	low	gloss	"""grot/grotto"""	"""grotto/cave"""	"modern British ""grot"" ordinarily means dirt or an unpleasant place, not a neutral cave."
nouns_015	nouns	10396	Handballer	english	low	gloss	"""handballer"""	"""handball player"""	"""handballer"" is rare and opaque English compared with the ordinary compositional term."
nouns_015	nouns	10407	Hirntumor	english	low	spelling	"""brain tumor"""	"""brain tumour"""	"""tumor"" is the American spelling; British English uses ""tumour""."
nouns_015	nouns	10424	Inverkehrbringen	english	medium	gloss	"""putting into circulation"""	"""placing on the market/marketing (a product)"""	"in the regulatory and commercial contexts where this German legal noun is used, ""placing on the market"" is the canonical English term; the stored gloss suggests currency circulation."
nouns_015	nouns	10425	Jagdgenossenschaft	english	medium	gloss	"""hunting association/cooperative"""	"""statutory association of local landowners/hunting-rights holders"""	this is a legally defined body of owners of land within a shared hunting district, not a generic voluntary club for hunters.
nouns_015	nouns	10440	Knast	plural	high	plural	`—`	`Knäste` (also `Knaste`)	"the countable ""prison"" sense has a standard usable plural, even though the ""imprisonment"" sense does not."
nouns_015	nouns	10447	Krankenstand	english	medium	gloss	"""sick leave"""	"""sickness absence/rate; being on sick leave (especially Austrian)"""	"in Germany *Krankenstand* commonly means the level or number of employees absent through illness; plain ""sick leave"" overgeneralises the Austrian usage."
nouns_015	nouns	10451	Kurze	english	medium	gloss	"""shooter"""	"""shot/small measure of spirits"""	"German *ein Kurzer* is a small alcoholic shot; English ""shooter"" is less general and may imply a mixed shot or a person who shoots."
nouns_015	nouns	10455	Leck	english	low	gloss	"""leak/seepage"""	"""leak/hole"""	"*das Leck* is a leak or the hole causing it; ""seepage"" is the uncountable process and is not a good equivalent for this count noun."
nouns_015	nouns	10461	Lobbyarbeit	plural	high	plural	`Lobbyarbeiten`	`—`	"*Lobbyarbeit* ""lobbying"" is an uncountable activity noun and has no established ordinary plural."
nouns_015	nouns	10475	Mietrecht	plural, english	high	plural	"`Mietrechte` / ""landlord and tenant law"""	"use `—` for ""tenancy law/landlord and tenant law""; add the separate sense ""tenancy right"" if plural `Mietrechte` is retained"	the legal field *Mietrecht* is uncountable; *Mietrechte* denotes individual rights and does not belong to the stored gloss.
nouns_015	nouns	10477	Millionenhöhe	english	medium	gloss	"""millions (range/amount)"""	"""amount in the millions (almost only in `in Millionenhöhe`)"""	the noun is chiefly used in the fixed phrase *in Millionenhöhe*; the fragmentary stored gloss does not model that construction.
nouns_016	nouns	10534	Ruhepause	cefrLevel	medium	cefr	C1	B1/B2	This transparent, everyday compound for a rest break is far below C1 and the level would misroute it into an advanced deck.
nouns_016	nouns	10550	Schwerhörigkeit	english	low	gloss	hardness of hearing, impaired hearing	hearing loss; impaired hearing	“Hardness of hearing” is not idiomatic modern British English.
nouns_016	nouns	10731	Erbgut	plural	high	plural	Erbgüter	—	In the glossed biological sense “genetic material”, Erbgut has no plural; Erbgüter belongs to the distinct inherited-estate/property sense.
nouns_016	nouns	10762	Frühchen	english	low	gloss	preemie	premature baby	“Preemie” is chiefly North American; the replacement is the normal learner-facing British term.
nouns_016	nouns	10765	Fundort	english	low	gloss	find spot	findspot; discovery site	“Find spot” is not idiomatic English, especially in the archaeological sense in which Fundort is common.
nouns_016	nouns	10788	Glühlampe	cefrLevel	medium	cefr	C1	A2/B1	This ordinary word for an incandescent light bulb is grossly over-levelled as C1.
nouns_016	nouns	10803	Hausordnung	english, cefrLevel	medium	gloss	house rule; C1	house rules/building regulations; B1/B2	The German singular normally denotes the whole set of rules, not one rule, and it is common practical vocabulary well below C1.
nouns_016	nouns	10842	Krematorium	english	low	gloss	crematory	crematorium	“Crematorium” is the standard British-English noun; “crematory” is predominantly North American.
nouns_016	nouns	10897	Neuanlage	english	medium	gloss	new investment/reinvestment	new creation/installation or newly built installation; also new investment/reinvestment (finance)	The current gloss gives only the narrower financial sense and omits the primary general senses of creating, laying out, or constructing something anew.
nouns_016	nouns	10898	Neunziger	article	high	article	das Neunziger	der Neunziger (a person/thing with the value 90); die Neunziger is the plural-only form for the 1990s	The count noun for a ninety-year-old is masculine, while the decade sense is plural; neuter singular is not the correct citation form for either supplied gloss.
nouns_016	nouns	10924	Radieschen	cefrLevel	medium	cefr	C1	A1/A2	This basic food word is grossly over-levelled and unsuitable for placement only in an advanced deck.
nouns_016	nouns	10927	Realschüler	english	low	gloss	Realschule student	pupil at a Realschule	“Realschule student” is awkward hybrid English and gives a poor learner model.
nouns_016	nouns	10940	Routenplaner	english	low	gloss	itinerary planner	route planner	“Route planner” is the direct and conventional British-English term; an itinerary planner suggests a broader travel-planning tool.
nouns_016	nouns	10960	Schullandheim	english	medium	gloss	school hostel/country school home	residential school-trip centre; school residential centre	The current literal renderings are unclear and misleading: a Schullandheim is a purpose-used residential education venue for school trips, not an ordinary school hostel.
nouns_016	nouns	11025	Weste	english	medium	gloss	vest/waistcoat	waistcoat; sleeveless jacket/gilet (depending on context)	For the stated British-English audience, bare “vest” normally means an undershirt and is a false-friend risk.
nouns_016	nouns	11031	Yoga	cefrLevel	medium	cefr	C1	A1/A2	This internationally familiar everyday activity noun is grossly over-levelled as C1.
nouns_016	nouns	11048	Anführungszeichen	english	low	gloss	quotation marks	quotation mark	The German headword is singular; the English gloss should not silently teach it as plural.
nouns_016	nouns	11059	Atomkraft	plural	high	plural	Atomkräfte	—	Atomkraft meaning nuclear energy has no plural; Atomkräfte would instead be read as atomic/nuclear forces, a different sense.
nouns_016	nouns	11062	Aufstrich	cefrLevel	medium	cefr	C1	B1	The everyday food sense “spread” is common practical vocabulary and is grossly over-levelled at C1.
nouns_016	nouns	11071	Befinden	cefrLevel	medium	cefr	A1	B2	This abstract/formal noun for condition or well-being is grossly under-levelled for a beginner deck.
nouns_016	nouns	11137	Familiengeschichte	cefrLevel	medium	cefr	C1	B1/B2	This transparent and common compound for family history is well below C1.
nouns_016	nouns	11162	Fräulein	english	medium	gloss	Miss	Miss (dated; now often considered patronising or offensive)	Teaching the form without a strong usage warning invites learners to address women in a way that has been officially obsolete for decades and is commonly unwelcome.
nouns_016	nouns	11165	Frühgeburt	english	high	gloss	premature baby/premature birth/preterm delivery	premature birth; preterm delivery	Frühgeburt denotes the birth/delivery, not the baby; the latter is Frühchen or Frühgeborenes.
nouns_016	nouns	11182	Gicht	plural	high	plural	Gichten	—	Gicht meaning the disease gout has no plural; Gichten is the plural of the separate metallurgical sense referring to the upper part/charge of a blast furnace.
nouns_017	nouns	11215	Irre	english	medium	gloss	madman/crazy person	male “lunatic”/“madman” (dated and derogatory); mentally ill man/person only with an explicit usage warning	`der Irre` is male-specific and strongly pejorative; the current neutral-looking gloss gives learners no register warning.
nouns_017	nouns	11221	Kelten	word/article/plural	high	junk	das Kelten | Kelten | Celts	der Kelte | Kelten | Celt	`Kelten` is the inflected plural, not a neuter singular headword; the current card teaches a nonexistent singular with a false article.
nouns_017	nouns	11323	Platzverweis	english	medium	gloss	dismissal/red card/sending-off	sending-off/dismissal (sport); order to leave/expulsion from a place	The common police/administrative sense—an order to leave a place—is missing, so the card misleadingly presents this as only a sports term.
nouns_017	nouns	11331	Prokurist	english	medium	gloss	authorised signatory/proxy	authorised signatory/company officer holding commercial power of attorney	A `Prokurist` holds the specifically defined authority `Prokura`; a generic proxy need not be a Prokurist.
nouns_017	nouns	11338	Quinoa	article/plural	high	article	der Quinoa | —	die Quinoa | Quinoas	Standard German uses feminine `die Quinoa`; the masculine article teaches the wrong gender, and the countable plant sense has standard plural `Quinoas`.
nouns_017	nouns	11339	Rasenmäher	cefrLevel	medium	cefr	C1	approximately A2/B1	This is an ordinary household/garden noun and is grossly over-levelled at C1 for learner deck selection.
nouns_017	nouns	11372	Schreinerei	english	medium	gloss	cabinetmaking/carpentry/joinery	joiner’s/carpenter’s workshop; joinery/carpentry business	`Schreinerei` normally denotes the workshop or business, whereas the current glosses primarily name the craft/activity.
nouns_017	nouns	11383	Selbstversuch	english	medium	gloss	self-experimentation	self-experiment/experiment on oneself; personal trial	The German is a countable experiment or attempt, not simply the abstract activity denoted by “self-experimentation”.
nouns_017	nouns	11395	Spielprinzip	english	low	gloss	game principle	core game mechanic/gameplay concept/basic idea of a game	“Game principle” is an unnatural literal rendering and gives a learner little usable sense of the term.
nouns_017	nouns	11475	Wirtschaftsministerin	english	medium	gloss	economics minister	economy minister/minister for economic affairs (female)	“Economics minister” suggests the academic discipline; the office concerns the economy or economic affairs.
nouns_017	nouns	11484	Zuschrift	english	medium	gloss	message/response	written communication/letter/submission sent to an organisation or publication	A `Zuschrift` is specifically something sent in writing; generic “message/response” loses the defining sense and overgeneralises the word.
nouns_017	nouns	11487	Abfallvermeidung	plural	high	plural	Abfallvermeidungen	—	In the stated sense “waste prevention/avoidance”, this is a process/concept noun used in the singular; the generated-looking plural is not a genuine learner citation form.
nouns_017	nouns	11497	Alltagsgegenstand	english	low	gloss	everyday life item	everyday object/everyday item	“Everyday life item” is not idiomatic British English.
nouns_017	nouns	11498	Altersgenosse	english	low	gloss	peer	person of the same age/age peer/contemporary	Generic “peer” can mean someone of similar status rather than specifically the same age, which is the defining content of `Altersgenosse`.
nouns_017	nouns	11499	Ambivalenz	english	high	gloss	ambiguity/ambivalence	ambivalence/mixed feelings	`Ambivalenz` is ambivalence, not linguistic or semantic ambiguity (`Mehrdeutigkeit/Ambiguität`); the first gloss teaches a false friend.
nouns_017	nouns	11547	Bollwerk	english	high	gloss	bastion/bulkhead/bulwark	bastion/bulwark/stronghold	A bulkhead is a ship’s internal partition (`Schott`), not a normal sense of `Bollwerk`; the card mixes it up with the similar-looking “bulwark”.
nouns_017	nouns	11617	Gehöft	english	medium	gloss	farm	farmstead/homestead/group of farm buildings	`Gehöft` denotes the buildings/site, not the farm as an agricultural holding or business.
nouns_017	nouns	11638	Gummibärchen	cefrLevel	medium	cefr	C1	approximately A1/A2	This common everyday food noun is grossly over-levelled at C1.
nouns_017	nouns	11664	Iren	word/article/plural	high	junk	das Iren | Irene | Irish people/the Irish	der Ire | Iren | Irish person/Irishman	`Iren` is the plural of `Ire`, not a neuter singular; `Irene` is a personal name, not its plural.
nouns_017	nouns	11675	Keyboard	english	low	gloss	keyboard	electronic keyboard (musical instrument)	In German, `Keyboard` normally means the musical instrument; a computer keyboard is a `Tastatur`, so the unqualified English cognate invites a false-friend error.
nouns_017	nouns	11678	Kiwi	article/english	medium	gloss	der Kiwi | kiwi	clarify `der Kiwi` = kiwi bird/New Zealander, but `die Kiwi` = kiwi fruit; for an unqualified learner card prefer die Kiwi | Kiwis | kiwi fruit	The bare English gloss does not distinguish senses whose German genders differ, and learners are likely to apply masculine `der` to the common fruit sense incorrectly.
nouns_017	nouns	11708	Liveticker	english	low	gloss	live ticker	live text commentary/live updates	“Live ticker” is a German-style calque rather than the usual learner-friendly British English term.
nouns_017	nouns	11722	Minusgrad	english	low	gloss	minus degree	degree below zero/sub-zero degree	“Minus degree” is not idiomatic English.
nouns_017	nouns	11765	Ratio	english	high	gloss	ratio/reason	reason/rational mind/rational faculty	German `die Ratio` means reason or rational thought, not the English mathematical noun “ratio” (`Verhältnis`).
nouns_017	nouns	11774	Reifendruck	english	low	gloss	tyre pressure / pl. —	tyre pressure	“pl. —” is an internal lexicographic note embedded in the learner-facing translation even though the stored German plural is `Reifendrücke`.
nouns_017	nouns	11786	Ruheständler	english	low	gloss	retiree	retired person/pensioner	“Retiree” is chiefly North American; the bank targets British-English-speaking learners.
nouns_017	nouns	11803	Schnittmenge	english	low	gloss	cut-set/intersecting set/intersection	intersection (of sets); overlap (figurative); specialist electrical “cut-set” only after a domain label	The central mathematical and everyday senses are buried behind specialist or less natural renderings, which is poor sense ordering for learners.
nouns_017	nouns	11822	Spediteur	english	low	gloss	forwarder	freight forwarder	The unqualified English noun is unclear; “freight forwarder” is the standard, learner-usable term.
nouns_017	nouns	11862	Telearbeit	plural	high	plural	Telearbeiten	—	`Telearbeit` in the sense “telework” is a singular mass/activity noun and has no standard plural.
nouns_017	nouns	11870	Tierschützer	english	high	gloss	animal rights activist/animal rights campaigner	animal welfare activist/campaigner; animal protection campaigner	`Tierschutz` is animal welfare/protection and is not synonymous with the distinct ideology `Tierrechte` (animal rights).
nouns_017	nouns	11873	Transsexualität	english	low	gloss	transsexualism/transsexuality	transsexuality (often dated; add a usage note and prefer context-appropriate current terminology)	“Transsexualism” is pathologising and outdated; presenting it without a register warning is poor learner guidance.
nouns_017	nouns	11880	Umarmung	cefrLevel	medium	cefr	C1	approximately A2/B1	This common everyday noun is grossly over-levelled at C1.
nouns_018	nouns	11901	Vertragsrecht	plural	high	plural	Vertragsrechte	—	The legal field *Vertragsrecht* is used without a plural; *Vertragsrechte* instead reads as contractual rights.
nouns_018	nouns	11904	Volksschule	english; cefrLevel	medium	gloss	elementary school; C1	primary school (Austria/Switzerland; historically also elementary school); about B1/B2	The present gloss is US-oriented and misses the regional-system qualification, while C1 is grossly late for this everyday school term.
nouns_018	nouns	11914	Wandlung	english	high	gloss	… / transubstantiation	change/transformation; also transubstantiation (Catholicism)	The ellipsis is corrupt learner-facing text and omits the ordinary primary sense.
nouns_018	nouns	11918	Wasserratte	english	high	gloss	water vole	water rat/water vole; colloquially, a keen swimmer	German *Wasserratte* can denote the vole commonly called a water rat, but bare British *water vole* alone omits the very common humorous human sense and over-specifies the zoological one.
nouns_018	nouns	11943	Acne	word; plural	medium	spelling	Acne; Acnen	Akne; Aknen	*Acne* occurs as a medical/Latinised variant, but *Akne* is the standard modern German learner headword and spelling.
nouns_018	nouns	11962	Atomenergie	plural	high	plural	Atomenergien	—	In the stated sense “atomic/nuclear energy” this noun has no plural.
nouns_018	nouns	11984	Beratungsdienst	english	low	gloss	advisory service/counseling service	advisory service/counselling service	The second option uses US spelling in a British-English learner bank.
nouns_018	nouns	12003	Buddha	english	high	gloss	Buddha/Buddhahood	Buddha/an enlightened one	“Buddhahood” is *Buddhaschaft*, not a sense of the count noun *Buddha*.
nouns_018	nouns	12024	Dramatik	english	medium	gloss	drama	dramatic quality/intensity; dramatic art	Bare “drama” strongly suggests *Drama* (a play or the genre) and does not teach what *Dramatik* normally denotes.
nouns_018	nouns	12032	Einkaufspreis	english	low	gloss	buying price	purchase price	“Purchase price” is the established natural British business term.
nouns_018	nouns	12040	Erstversorgung	english	low	gloss	initial treatment/first care	initial care/initial treatment; emergency first treatment	“First care” is not idiomatic English and should not be offered as a learner model.
nouns_018	nouns	12051	Fahrradweg	cefrLevel	medium	cefr	C1	A2/B1	This is an everyday, transparent transport noun and C1 would grossly delay it in level-based study.
nouns_018	nouns	12055	Fastnacht	english	medium	gloss	Shrove Tuesday/Shrovetide/carnival	Shrovetide/carnival (regional); Shrove Tuesday only where the local usage specifically denotes that day	*Fastnacht* generally names the carnival season or festival; Shrove Tuesday is more specifically *Fastnachtsdienstag*.
nouns_018	nouns	12074	Fühler	english	medium	gloss	feeler/sensor	antenna/feeler (of an insect); probe/sensor	The core everyday biological sense, an insect’s antenna, is missing.
nouns_018	nouns	12089	Gelatine	english	medium	gloss	gelatin/jelly	gelatine	British English uses “gelatine”; jelly is a product made with it, not the substance itself.
nouns_018	nouns	12094	Gesprächsthema	english	low	gloss	conversation subject	topic/subject of conversation	The current wording is an unnatural English collocation.
nouns_018	nouns	12130	Immunabwehr	english	low	gloss	immune defense	immune defence/immune response	The bank targets British English, which spells the noun “defence”; “immune response” is also the more usual learner gloss.
nouns_018	nouns	12133	Ingwer	cefrLevel	medium	cefr	C1	A2/B1	This common food noun is not advanced C1 vocabulary.
nouns_018	nouns	12135	Interessenlage	english	medium	gloss	interest situation	configuration/state of interests; interests at stake	“Interest situation” is a non-idiomatic calque and gives learners no usable English sense.
nouns_018	nouns	12152	Kinderkrankenschwester	english	low	gloss	pediatric nurse	paediatric nurse/children’s nurse	The current form uses US spelling rather than the bank’s British-English standard.
nouns_018	nouns	12176	Krabbe	english	medium	gloss	crab/crocket	crab; also prawn/shrimp (especially North German food usage); crocket (architecture)	The highly relevant food sense “prawn/shrimp” is omitted while an extremely rare architectural sense is prioritised.
nouns_018	nouns	12196	Lebensrealität	english	medium	gloss	life reality	lived reality/real-life circumstances	“Life reality” is not idiomatic English.
nouns_018	nouns	12205	Liebesbeziehung	english	medium	gloss	love affair	romantic relationship/love relationship	“Love affair” often implies a secret or illicit relationship and is narrower than the neutral German word.
nouns_018	nouns	12209	Logistikdienstleister	english	low	gloss	logistic service provider	logistics service provider	English normally uses attributive “logistics” for a company providing logistics services.
nouns_018	nouns	12220	Milliardenhöhe	english	medium	gloss	billions	amount running into billions; chiefly in the phrase *in Milliardenhöhe*	The noun denotes the magnitude of a sum and is normally used in a fixed phrase, not simply as a synonym for “billions”.
nouns_018	nouns	12224	Monatsgehalt	english	medium	gloss	monthly wage	monthly salary	*Gehalt* is a salary, whereas wages normally correspond to *Lohn*.
nouns_018	nouns	12228	Müllentsorgung	english	low	gloss	garbage disposal	waste/refuse disposal	“Garbage disposal” is US wording and can also mean a sink waste-disposal unit; the British gloss is clearer.
nouns_018	nouns	12241	Oberliga	english	medium	gloss	top league/upper league	Oberliga/upper regional league (level depends on sport and period)	In present-day German football an Oberliga is not the top league, so the current gloss can teach a false hierarchy.
nouns_018	nouns	12251	Paper	english	medium	gloss	paper	academic/research/conference paper	The German borrowing denotes a scholarly or conference paper, not ordinary paper as a material or sheet.
nouns_018	nouns	12260	Poker	english	high	gloss	das Poker / poker	poker	The English field is polluted with a German article and a duplicate translation.
nouns_018	nouns	12286	Reggae	cefrLevel	medium	cefr	C1	A2/B1	This internationally familiar music-genre noun is grossly over-levelled at C1.
nouns_018	nouns	12307	Schlichtung	english	high	gloss	arbitration/conciliation/mediation	conciliation/mediation/settlement	Arbitration is normally *Schiedsverfahren* and, unlike *Schlichtung*, ordinarily culminates in a binding arbitral decision.
nouns_018	nouns	12309	Schlupf	english	medium	gloss	hatch/slippage	hatching/emergence; opening/escape route (context-dependent)	“Hatch” is ambiguous and “slippage” is not a clear general sense of this rare German noun.
nouns_018	nouns	12328	Spielklasse	english	medium	gloss	league	division/competitive level; league tier	A *Spielklasse* is the level or division in a league system, not necessarily the league itself.
nouns_018	nouns	12354	Tagesstätte	english	low	gloss	daycare centre	day centre/day-care facility	The German term is not restricted to childcare; it can also serve adults, elderly people or disabled people.
nouns_018	nouns	12358	Theaterspiel	english	medium	gloss	theatre play	theatrical performance/acting/play-acting	A play as a dramatic work is *Theaterstück*; *Theaterspiel* usually denotes the activity or performance.
nouns_018	nouns	12359	Theologiestudium	english	low	gloss	theology studies	theology degree/course; study of theology	“Theology studies” is an unnatural English calque.
nouns_018	nouns	12361	Ticketverkauf	english	low	gloss	ticket sale	ticket sales/ticket selling	For the general activity denoted by the German mass noun, English normally uses “ticket sales” or “ticket selling”.
nouns_018	nouns	12368	Translation	english	high	gloss	translation	translation (biology: protein synthesis from mRNA; mathematics: displacement); for language translation use *Übersetzung*	Without a domain label this is a dangerous false friend: ordinary linguistic “translation” is not normally *Translation* in German.
nouns_018	nouns	12390	Verkehrskontrolle	english	medium	gloss	traffic check/roadblock	traffic check/police traffic stop	A roadblock is a *Straßensperre*; it is not a normal synonym for *Verkehrskontrolle*.
nouns_018	nouns	12392	Vermischung	english	medium	gloss	mixture	mixing/intermingling/blending	*Vermischung* primarily names the process or act; the resulting mixture is normally *Mischung* or *Gemisch*.
nouns_018	nouns	12400	Wachstumsmarkt	english	low	gloss	growing market	growth market	“Growth market” is the established business term and need not mean a market merely growing at this moment.
nouns_018	nouns	12401	Wahlheimat	english	low	gloss	adopted homeland	adopted home/home by choice	*Wahlheimat* usually refers to the place one has chosen to make one’s home; “homeland” is unnecessarily national and emotive.
nouns_018	nouns	12407	Wäscherei	english	medium	gloss	laundry	laundry/laundry business; launderette where applicable	Bare “laundry” can mean clothes or washing, while the German count noun primarily denotes the business or premises.
nouns_018	nouns	12427	Wohlfahrt	plural	high	plural	Wohlfahrten	—	*Wohlfahrt* in the senses “welfare/well-being/social welfare” has no plural.
nouns_018	nouns	12431	Zeitumstellung	english	medium	gloss	time change	clock change/change to or from daylight saving time	Bare “time change” is ambiguous and fails to convey the usual clock-change sense.
nouns_018	nouns	12436	Zwangsvollstreckung	english	medium	gloss	enforcement	compulsory enforcement/execution of a judgment	The current gloss is too broad and hides the term’s specific legal meaning.
nouns_018	nouns	12446	Adlige	word	low	duplicate	separate entry *der Adlige* alongside earlier *der Adelige* in the same batch	consolidate the two spelling variants into one learner entry and show the other as a variant	These are variants of the same adjectival noun, not distinct vocabulary items.
nouns_018	nouns	12463	Aufguss	english	medium	gloss	infusion	infusion/brew; sauna infusion (pouring water onto hot stones)	The gloss omits the highly salient sauna sense used in everyday German.
nouns_018	nouns	12468	Außenministerium	english	low	gloss	Foreign Office/Foreign and Commonwealth Office/State Department	foreign ministry/Foreign Office; US State Department (context-specific)	The list mixes generic and country-specific institutions, and “Foreign and Commonwealth Office” is the obsolete UK department name.
nouns_018	nouns	12469	Außenspiegel	english	medium	gloss	outside mirror	wing mirror/side mirror/exterior mirror	“Outside mirror” is not the normal British term.
nouns_018	nouns	12472	Autostunde	english	low	gloss	hour by car	hour’s drive	The current phrase is an unnatural English calque.
nouns_018	nouns	12473	Babybauch	english	medium	gloss	baby belly	baby bump/pregnant belly	“Baby belly” can mean a baby’s own abdomen and is not the idiomatic British term for a pregnant abdomen.
nouns_018	nouns	12477	Bauplatz	english	low	gloss	building lot	building plot/building site	“Lot” is North American; British learners need “plot” or “site”.
nouns_018	nouns	12478	Bautechnik	english	medium	gloss	structural engineering	construction engineering/construction technology	Structural engineering is more specifically *Tragwerksplanung/Statik*; *Bautechnik* is broader.
nouns_018	nouns	12486	Berufsoberschule	english	medium	gloss	vocational high school	upper vocational school (Germany; a school leading vocationally qualified pupils to higher-education entrance qualifications)	The US-style generic gloss obscures a specific German institution and is poor guidance for British learners.
nouns_018	nouns	12487	Berufszweig	english	medium	gloss	profession	occupational/professional field or branch	A *Berufszweig* is a branch or sector containing professions, not normally one profession itself.
nouns_018	nouns	12502	Blütenpracht	english	low	gloss	floral splendor	floral splendour/magnificent display of flowers	The current spelling is American rather than British.
nouns_018	nouns	12523	Bürostuhl	cefrLevel	medium	cefr	C1	A2	This transparent everyday furniture noun is grossly over-levelled at C1.
nouns_018	nouns	12535	Dienstfahrzeug	english	medium	gloss	company car/company vehicle/office car	official/service vehicle; company vehicle where the employer is a company	It may belong to a public authority rather than a company, and “office car” is not idiomatic English.
nouns_018	nouns	12538	Diskussionsbeitrag	english	low	gloss	discussion contribution	contribution to a discussion/discussion point	The current noun phrase is an unnatural English calque.
nouns_018	nouns	12546	Eigenverbrauch	english	low	gloss	own consumption	self-consumption/internal consumption	The current wording is a calque; “self-consumption” is the established energy/accounting term.
nouns_018	nouns	12555	Entschleunigung	english	medium	gloss	deceleration	slowing down/a slower pace of life; deceleration in technical contexts	In contemporary general German the word commonly denotes deliberately reducing the pace of life, which bare technical “deceleration” misses.
nouns_018	nouns	12557	Erblindung	english	medium	gloss	blindness	loss of sight/going blind	*Erblindung* denotes the process or onset, whereas the state “blindness” is *Blindheit* (also present in this batch).
nouns_018	nouns	12562	Ernährungsgewohnheit	english	low	gloss	eating habits	eating habit/dietary habit	The singular German headword is paired with an unexplained plural English gloss.
nouns_018	nouns	12563	Ernährungswissenschaftler	english	medium	gloss	nutritionist	nutrition scientist/nutritional scientist	*Ernährungswissenschaftler* denotes a scientist; a practitioner called a nutritionist is more generally *Ernährungsberater*.
nouns_018	nouns	12565	Ersatzschule	english	medium	gloss	private school/alternative school	state-recognised substitute school (a private school replacing a corresponding state-school type)	This is a specific German legal category; “alternative school” is not equivalent and generic “private school” loses the defining distinction.
nouns_018	nouns	12574	Fackel	cefrLevel	medium	cefr	C1	B1/B2	The concrete everyday noun “torch” is substantially over-levelled at C1.
nouns_018	nouns	12582	Fertiggericht	english	medium	gloss	TV dinner/convenience food/instant meal	ready meal/convenience meal	“Ready meal” is the normal British term; a TV dinner is specifically US and an instant meal is not necessarily the same thing.
nouns_018	nouns	12587	Filialbank	english	low	gloss	branch bank	branch-based bank/bank with a branch network	“Branch bank” is opaque and not a natural general British gloss for the business model contrasted with direct banks.
nouns_018	nouns	12589	Firmenfeier	english	low	gloss	company celebration	company party/work function	“Company celebration” is a literal but unnatural English label for the usual sense.
nouns_018	nouns	12592	Fitnessgerät	english	low	gloss	exercise equipment	piece of exercise/gym equipment; exercise machine	The German headword is countable singular, while bare “equipment” is an uncountable category term.
nouns_018	nouns	12597	Flurbereinigung	english	high	gloss	land consolidation first	land consolidation	The stray word “first” is corrupt translation text.
nouns_019	nouns	12617	Generaldirektor	english	low	gloss	general director	director-general	“General director” is not the normal British-English title.
nouns_019	nouns	12639	Halm	english	low	gloss	stalk / blade (of grass) first	stalk; blade (of grass)	“first” is a stray editorial/ranking token, not part of the gloss.
nouns_019	nouns	12651	Heißluftballon	cefrLevel	medium	cefr	C1	B1 (or B2 at the latest)	This transparent, concrete everyday compound is grossly over-levelled at C1.
nouns_019	nouns	12677	Joch	english	low	gloss	yoke first	yoke	“first” is a stray editorial/ranking token, not part of the gloss.
nouns_019	nouns	12685	Kerle	word/article/plural/english	high	junk	der Kerle | Kerle | blokes/guys	der Kerl | Kerle | bloke/guy	The headword is already the plural/inflected form; *der Kerle* is not a valid singular citation entry.
nouns_019	nouns	12740	Lebensperspektive	english	low	gloss	life perspective	future prospects; outlook on life	The literal calque is unclear and misses the usual senses of future prospects or an outlook on life.
nouns_019	nouns	12752	Liquid	article/plural/english	high	gloss	der | Liquide | restrict to liquid consonant (phonetics) or e-liquid	Keep `der Liquid | Liquide | liquid consonant (phonetics)`; make the vaping sense a separate `das Liquid | Liquids | e-liquid` entry.	The row mixes two homographs with different gender and plural, and the editorial phrase “restrict to” has leaked into the learner gloss.
nouns_019	nouns	12766	Meinungsbild	english	medium	gloss	opinion poll/snapshot of opinion	picture/snapshot of opinion; overall state of opinion	A *Meinungsbild* is the picture or result obtained, not the opinion poll (*Meinungsumfrage*) itself.
nouns_019	nouns	12782	Müllsack	english	low	gloss	garbage bag	bin bag; rubbish sack	The current wording is American rather than the required idiomatic British English.
nouns_019	nouns	12798	Neubauwohnung	english	low	gloss	new-build apartment	new-build flat	“Flat” is the normal British-English term.
nouns_019	nouns	12807	Orchestermusik	english	low	gloss	orchestra music	orchestral music	The current English is an unnatural calque.
nouns_019	nouns	12818	Pelletheizung	english	low	gloss	pellet heating	pellet heating system; pellet-fired heating system	The noun normally denotes the installation/system, which the current gloss leaves unclear.
nouns_019	nouns	12819	Perfekt	english	high	plural	perfect tense; plural —	perfect tense	The gloss falsely says there is no plural, directly contradicting the correctly stored plural *Perfekte*.
nouns_019	nouns	12834	Pollenflug	english	medium	gloss	pollen count/airborne pollen	airborne pollen; pollen dispersal	*Pollenflug* is pollen in the air or its dispersal; “pollen count” is a measurement, not the noun itself.
nouns_019	nouns	12843	Privatvermögen	english	low	gloss	assets	private/personal assets; private wealth	“Assets” alone omits the defining *Privat-* distinction.
nouns_019	nouns	12866	Rettungssanitäter	english	high	gloss	ambulance officer/paramedic	emergency medical technician (EMT); ambulance technician	The German qualification is below *Notfallsanitäter* and should not be taught as “paramedic”; “ambulance officer” is also not idiomatic British usage.
nouns_019	nouns	12877	Schenkel	english	low	gloss	drumsticks/thigh	thigh; leg/drumstick (of poultry)	The singular row is glossed first with an unexplained English plural, and the poultry sense needs labelling.
nouns_019	nouns	12886	Schnuller	cefrLevel	medium	cefr	C1	A2 or B1	This common childcare noun is grossly over-levelled at C1.
nouns_019	nouns	12904	Spätfolge	english	low	gloss	late consequence	long-term/late effect; sequela	“Late consequence” is an unnatural literal translation.
nouns_019	nouns	12926	Stresstest	english	low	gloss	stress testing	stress test	The row is a countable test, not the activity noun “stress testing”.
nouns_019	nouns	12929	Studentenleben	cefrLevel	medium	cefr	C1	A2 or B1	This transparent, common compound is grossly over-levelled at C1.
nouns_019	nouns	12942	Telefonseelsorge	english	low	gloss	telephone counseling/telephone helpline	telephone counselling; telephone helpline	“Counseling” uses American spelling rather than the required British “counselling”.
nouns_019	nouns	12952	Trainerteam	english	low	gloss	coach team	coaching team; coaching staff	“Coach team” is not idiomatic English.
nouns_019	nouns	12956	Tumorgewebe	english	low	spelling	tumor tissue	tumour tissue	The bank targets British English, which spells this word “tumour”.
nouns_019	nouns	12985	Vesper	english	low	gloss	vespers	vespers; (southern German/regional) snack, light meal	The row omits the common regional food sense that learners are likely to encounter.
nouns_019	nouns	12989	Vorwarnung	english	low	gloss	warning	advance warning; forewarning	The current gloss loses the defining anticipatory sense of *vor-*.
nouns_019	nouns	12991	Wanderurlaub	english	low	gloss	hiking vacation	walking/hiking holiday	“Vacation” is American; “holiday” is the expected British-English wording.
nouns_019	nouns	13014	Wochenbett	english	low	gloss	childbed/maternity period	postnatal/postpartum period; confinement	“Childbed” is archaic and “maternity period” is vague; neither is a good modern learner gloss.
nouns_019	nouns	13021	Zahnspange	english	low	gloss	braces	dental brace; braces	The singular German headword should include the count-matching British singular “brace”.
nouns_019	nouns	13022	Zebrastreifen	english	low	gloss	crosswalk/marked crosswalk/zebra	zebra crossing	“Crosswalk” is American and “zebra” alone is incomplete; the standard British term is “zebra crossing”.
nouns_019	nouns	13028	Zugspitze	plural	high	plural	Zugspitzen	—	For the glossed proper-name sense, Germany’s mountain *die Zugspitze*, no plural is used.
nouns_019	nouns	13032	Zwischenlager	english	medium	gloss	interim storage	interim/temporary storage facility; interim store	*Zwischenlager* denotes the place or facility; the storage process is *Zwischenlagerung*.
nouns_019	nouns	13036	Abfallprodukt	english	medium	gloss	by-product/fall-out/spin-off product	waste product; by-product	The common waste-product sense is omitted, while “fall-out” and “spin-off product” are poor or misleading equivalents.
nouns_019	nouns	13042	Abschwung	english	low	gloss	downturn / decline first	downturn; decline	“first” is a stray editorial/ranking token, not part of the gloss.
nouns_019	nouns	13049	Aktenordner	english	low	gloss	folder	lever-arch file; ring binder/file binder	“Folder” is too broad and can teach *Mappe* instead of the rigid filing binder denoted here.
nouns_019	nouns	13050	Allerheiligen	article/plural	high	article	das | Allerheiligen	normally no article | —	The holiday name is normally used without an article (*heute ist Allerheiligen*, *zu Allerheiligen*) and has no plural; neuter agreement appears only when an attribute forces it, as in *das nächste Allerheiligen*.
nouns_019	nouns	13051	Alphabetisierung	english	medium	gloss	literacy	literacy education/training; alphabetisation/alphabetical ordering	The German noun denotes a process, not the state “literacy”, and it also has the everyday ordering sense.
nouns_019	nouns	13067	Artistik	english	medium	gloss	acrobatics/artistry	acrobatics; circus skills	German *Artistik* refers to acrobatic/circus performance; “artistry” is a false-friend gloss.
nouns_019	nouns	13078	Ausritt	english	low	gloss	horseback ride	horse ride; ride	“Horseback ride” is chiefly North American; British English normally uses “horse ride” or simply “ride”.
nouns_019	nouns	13099	Bedauern	english	low	gloss	compassion/regret	regret; sympathy	“Compassion” is too strong and is normally *Mitgefühl*; *Bedauern* expresses regret or sympathy.
nouns_019	nouns	13108	Bestattungsunternehmen	english	low	gloss	funeral home/funeral company	funeral directors; undertaking business	“Funeral home” is chiefly American and “funeral company” is unnatural British English.
nouns_019	nouns	13110	Betäubungsmittelgesetz	english	low	gloss	narcotic act	Narcotics Act; German Narcotics Act	This is the title/type of a law; the established English rendering is plural “Narcotics Act” and is capitalised.
nouns_019	nouns	13113	Bewegungsspiel	english	low	gloss	movement game	physical-activity game; active game; movement-based game	“Movement game” is an opaque literal calque for learners.
nouns_019	nouns	13127	Bowling	cefrLevel	medium	cefr	C1	A2 or B1	This common, transparent sport loanword is grossly over-levelled at C1.
nouns_019	nouns	13130	Briefpapier	english	low	gloss	letter paper	writing paper; stationery	“Letter paper” is not the normal idiomatic British-English term.
nouns_019	nouns	13141	Buntstift	english	high	gloss	coloured pencil/crayon	coloured pencil	A *Buntstift* is a coloured pencil; a wax crayon is a *Wachsmalstift*, so “crayon” teaches a false equivalence.
nouns_019	nouns	13142	Bursche	english	low	gloss	boy	boy/lad (regional, old-fashioned, or context-dependent)	The unlabelled gloss makes this sound like the neutral everyday word for “boy”, which is *Junge*.
nouns_019	nouns	13156	Dispokredit	english	low	gloss	drawing credit/overdraft	overdraft; overdraft facility	“Drawing credit” is not idiomatic English; the second gloss is the useful equivalent.
nouns_019	nouns	13169	Eiffelturm	english	low	spelling	Eiffel tower	Eiffel Tower	Both words of the English proper name are capitalised.
nouns_019	nouns	13171	Einblendung	english	medium	gloss	fade-in/inset	overlay; superimposition; on-screen insert/caption	A fade-in is normally *Aufblendung*; *Einblendung* is material inserted or superimposed on screen.
nouns_019	nouns	13177	Eistee	english	low	gloss	ice tea/iced tea	iced tea	“Ice tea” is not the standard English form.
nouns_019	nouns	13221	Freisprecheinrichtung	english	medium	gloss	speakerphone	hands-free system/device; hands-free kit	A *Freisprecheinrichtung* is any hands-free setup, especially in a car; it is not necessarily a speakerphone.
nouns_019	nouns	13234	Generalsanierung	english	medium	gloss	general redevelopment	complete/comprehensive renovation; complete refurbishment/overhaul	The current literal gloss is not idiomatic and misstates renovation as redevelopment.
nouns_019	nouns	13238	Geschäftsfähigkeit	english	low	gloss	capacity to act/transactional capacity	legal capacity; capacity to contract	The current phrases are nonstandard or overly broad; this is the legal capacity to enter valid transactions.
nouns_019	nouns	13242	Gewandhaus	english	medium	gloss	concert hall (Gewandhaus)	cloth hall; cloth merchants’ guildhall (historical); the Gewandhaus in Leipzig (proper-name sense)	The countable common noun with plural *Gewandhäuser* is historically a cloth hall; only the named Leipzig Gewandhaus is a concert hall.
nouns_019	nouns	13246	GIF	word	medium	duplicate	GIF (immediately after a separate `Gif | Gifs | gif` entry)	Merge the two spelling variants into one canonical GIF/Gif entry.	The two adjacent rows are the same lexical item and would duplicate it in the learner deck.
nouns_019	nouns	13270	Hauskatze	cefrLevel	medium	cefr	C1	A2 or B1	This common, transparent concrete compound is grossly over-levelled at C1.
nouns_019	nouns	13282	Hochdeutsch	cefrLevel	medium	cefr	C1	A2 or B1	“Standard German” is a basic term for German learners and is grossly over-levelled at C1.
nouns_020	nouns	13321	Kichererbse	cefrLevel	low	cefr	C1	Reassess as approximately B1 (possibly A2 in a food-focused deck).	This is an ordinary food noun, so C1 substantially delays a useful everyday word. uncertain: yes
nouns_020	nouns	13367	Landtagsfraktion	english	low	gloss	state parliament parliamentary group	parliamentary group in a state parliament/state-parliament caucus	The current translation is a repetitive calque and is not natural English.
nouns_020	nouns	13379	Lektorin	english	low	gloss	editor/proofreader	editor (in publishing)/university lecturer; proofreader only where context supports it	The entry omits the important university sense and makes proofreader look like an unrestricted equivalent.
nouns_020	nouns	13399	Maniküre	english	high	gloss	manicure/manicurist	manicure	A manicurist is a person (`Manikürist`/`Maniküristin`), not `Maniküre`.
nouns_020	nouns	13406	Messi	article/word/plural/english	high	spelling	die | Messi | Messis | hoarder (slang)/Messi	der Messie | Messies | hoarder (colloquial)	The standard lemma is `Messie`, and the bank combines a misspelling with the wrong article; the untranslated second gloss is also useless.
nouns_020	nouns	13433	Obdachlosigkeit	plural	high	plural	Obdachlosigkeiten	—	`Obdachlosigkeit` in the glossed abstract sense has no standard plural.
nouns_020	nouns	13436	Öko	english	medium	gloss	eco/eco-friendly person	environmentalist/green (colloquial, sometimes disparaging)	"Neither ""eco"" nor ""eco-friendly person"" is a clear, idiomatic person noun for a British learner."
nouns_020	nouns	13451	Physiotherapeutin	cefrLevel	low	cefr	A1	Reassess as approximately A2–B1.	This specific compound profession is markedly more specialised than core A1 occupation vocabulary. uncertain: yes
nouns_020	nouns	13458	Präfix	cefrLevel	low	cefr	A1	Reassess as approximately B1 (or A2 where explicit grammar terminology is taught).	This linguistic metalanguage is not normally productive general A1 vocabulary. uncertain: yes
nouns_020	nouns	13478	Rebfläche	english	medium	gloss	vineyard	area under vines/vineyard acreage	`Rebfläche` denotes the area of land planted with vines, not simply a vineyard as a place or establishment.
nouns_020	nouns	13495	Rückbesinnung	english	medium	gloss	reflection/recollection	return to/renewed focus on (earlier values, principles or traditions)	The noun normally expresses a deliberate return to something, not reflection or remembering in general.
nouns_020	nouns	13500	Saat	english	medium	gloss	seed/seedlings/sowing	seed (collectively)/sowing/crop	`Saat` does not normally mean seedlings; those are `Setzlinge` or `Keimlinge`.
nouns_020	nouns	13505	Scheibenwischer	cefrLevel	low	cefr	C1	Reassess as approximately A2–B1.	This is common practical car vocabulary, not plausibly a C1-only item. uncertain: yes
nouns_020	nouns	13515	Schotten	word/plural/english	high	junk	der Schotten | — | Scots/the Scottish	der Schotte | Schotten | Scot	The stored headword is the plural/oblique form under a singular masculine article rather than a valid singular lemma.
nouns_020	nouns	13516	Schrei	cefrLevel	low	cefr	C1	Reassess as approximately A2–B1.	This is a common concrete noun and C1 is a grossly late placement. uncertain: yes
nouns_020	nouns	13518	Schriftsprache	english	medium	gloss	literary language/standard language/written language	written language/written standard language	`Literary language` is usually `Literatursprache`, while a standard language need not be limited to writing.
nouns_020	nouns	13543	Sonntagmittag	english	low	gloss	Sunday noon	Sunday lunchtime/noon on Sunday	The current wording is unnatural British English.
nouns_020	nouns	13546	Spieldauer	english	medium	gloss	game duration	duration/running time/playing time	`Spiel` can be a game, play, performance or recording; the current gloss incorrectly restricts the compound to games.
nouns_020	nouns	13550	Sprachanimation	english	medium	gloss	language animation	activities designed to encourage speaking/language-use activities	The current literal translation is opaque and does not explain this pedagogical term to an English-speaking learner.
nouns_020	nouns	13551	Sprachausgabe	plural	high	plural	—	Sprachausgaben	The noun has a standard, usable plural, for example when choosing among German and English voice outputs.
nouns_020	nouns	13581	Tagesprogramm	english	low	gloss	daily program/day's program	daily programme/day's programme	Both alternatives use US spelling despite the bank targeting British English.
nouns_020	nouns	13582	Tagestour	english	low	gloss	day tour	day trip/day excursion	`Day tour` is possible tourism jargon, but `day trip` is the natural general British-English equivalent.
nouns_020	nouns	13606	Überzahl	english	medium	gloss	majority/superior number	numerical superiority/preponderance; majority only where context warrants it	`Superior number` is unidiomatic, and `Überzahl` often means outnumbering an opponent rather than a voting or population majority.
nouns_020	nouns	13615	Unionsbürger	english	medium	gloss	Union citizen	EU citizen/citizen of the European Union	The bare English phrase is unclear; in German legal usage `Union` here specifically means the European Union.
nouns_020	nouns	13619	Unterstellung	english	medium	gloss	insinuation/subordination	allegation/assumption; subordination/placing under someone's authority	The important sense of an unfounded allegation or assumption is not clearly represented by `insinuation`.
nouns_020	nouns	13628	Verdauungstrakt	english	low	gloss	digestive system	digestive tract/alimentary canal	The digestive system is broader and includes accessory organs; `Trakt` corresponds directly to tract.
nouns_020	nouns	13633	Verformung	english	medium	gloss	deformation/displacement	deformation/distortion	Displacement (`Verschiebung`) is not a general equivalent of a change in shape.
nouns_020	nouns	13648	Verwaltungsreform	english	low	gloss	administration reform	administrative reform/public-administration reform	The current compound is an unnatural English calque.
nouns_020	nouns	13654	Vollbeschäftigung	plural	high	plural	Vollbeschäftigungen	—	In both its economic `full employment` sense and its `full-time employment` sense, the noun is normally singular-only.
nouns_020	nouns	13657	Vorland	plural	high	plural	—	Vorlande	The geographical noun has the standard plural `Vorlande`, which is usable for distinct forelands.
nouns_020	nouns	13673	Wattwanderung	english	low	gloss	mud-flats hike	mudflat walk/mudflat hike	`Mud-flats hike` is not idiomatic English and the compound modifier is normally singular.
nouns_020	nouns	13684	Wickeltisch	cefrLevel	low	cefr	C1	Reassess as approximately A2–B1.	This is ordinary household and childcare vocabulary, not a C1-level lexical item. uncertain: yes
nouns_020	nouns	13694	Zehntausend	article/plural	high	article	die | Zehntausenden	das | Zehntausende (also invariant Zehntausend in appropriate constructions)	The noun is neuter, and `Zehntausenden` is a dative plural form rather than the nominative citation plural.
nouns_020	nouns	13695	Zeitzeugin	english	medium	gloss	contemporary witness/eyewitness (female)	female witness to historical events/female contemporary witness	A `Zeitzeugin` experienced a historical period or event but need not have directly witnessed the particular act, so `eyewitness` is too strong.
nouns_020	nouns	13726	Angemessenheit	plural	high	plural	Angemessenheiten	—	The abstract noun in the glossed sense `appropriateness` is singular-only.
nouns_020	nouns	13728	Anzeigetafel	english	low	gloss	scoreboard	display board/indicator panel; scoreboard in a sports context	`Scoreboard` is only one contextual sense of the more general noun.
nouns_020	nouns	13735	Arzttermin	cefrLevel	low	cefr	C1	Reassess as approximately A2.	Making and discussing a doctor's appointment is basic everyday learner language, so C1 is grossly late. uncertain: yes
nouns_020	nouns	13759	Bauherrin	english	medium	gloss	client, property developer (female)	female building owner/client commissioning construction	A `Bauherrin` is the party legally responsible for commissioning a building project and is not necessarily a property developer.
nouns_020	nouns	13767	Bereitschaftspolizei	english	low	gloss	riot police/standby police	riot police/police support units	`Standby police` is a literal but non-idiomatic English label.
nouns_020	nouns	13795	Branchenführer	english	medium	gloss	leader in the field	industry leader/market leader	The German noun normally denotes a leading company in a sector; the current gloss can misleadingly suggest a leading individual.
nouns_020	nouns	13801	Briefpost	english	low	gloss	letter mail	letter post/mail sent as letters	`Letter mail` is not the natural British postal term.
nouns_020	nouns	13805	Buchdruck	english	medium	gloss	letterpress	book printing/printing with movable type; letterpress printing where that technique is intended	`Letterpress` alone can denote the press or technique and is narrower than the German noun's general printing sense.
nouns_020	nouns	13831	Doppelhaus	english	medium	gloss	semi-detached house	pair of semi-detached houses/semi-detached building/duplex	`Doppelhaus` denotes the complete two-unit building, whereas British `a semi-detached house` normally denotes one half.
nouns_020	nouns	13838	Durcheinander	plural	high	plural	Durcheinander	—	The noun meaning chaos/confusion has no standard plural; repeating the singular would teach a false plural.
nouns_020	nouns	13882	Farbnuance	english	low	gloss	colour nuance	subtle shade/subtle variation in colour	`Colour nuance` is an understandable calque but not a natural general learner gloss.
nouns_020	nouns	13891	Fettstoffwechselstörung	english	low	spelling	dyslipidemia/lipid metabolic disease	dyslipidaemia/lipid metabolism disorder	The medical term uses US spelling, and `lipid metabolism disorder` is the more idiomatic rendering of the second alternative in British English.
nouns_020	nouns	13904	Firmenzentrale	english	medium	gloss	central office	company headquarters/head office	`Central office` is vague and does not reliably convey a company's main administrative location.
nouns_020	nouns	13910	Flüchtlingsstrom	english	medium	gloss	flood of refugees	flow/influx of refugees (often a politically loaded metaphor)	`Flood` intensifies the already contested metaphor and is not a neutral default translation for learners.
nouns_020	nouns	13922	Fressen	english	medium	gloss	eating/feeding/food	eating/food (of animals); eating (of people, disparaging)	Without the essential animal-versus-pejorative usage note, learners may use this noun offensively about people.
nouns_020	nouns	13926	Frontalunterricht	english	medium	gloss	teacher-centered instruction/direct instruction	teacher-centred whole-class teaching/instruction	`Direct instruction` is a distinct teaching approach, and the current first alternative also uses US spelling.
nouns_020	nouns	13946	Gegenverkehr	cefrLevel	low	cefr	C1	Reassess as approximately B1.	Oncoming traffic is routine travel and road-safety vocabulary, so C1 is grossly late. uncertain: yes
nouns_020	nouns	13979	Hafer	plural	low	plural	Hafer	— for the ordinary crop/food sense; retain `Hafer` only if explicitly marked as the technical botanical plural	The identical plural is specialist usage and is not genuinely useful to a general learner encountering `oats/oat`.
nouns_020	nouns	13990	Hausdach	english	medium	gloss	rooftop	roof of a house/house roof	`Rooftop` refers chiefly to the upper surface or a location on it, not the whole roof (`Dach`).
nouns_020	nouns	13996	Heiterkeit	plural	high	plural	Heiterkeiten	—	`Heiterkeit` meaning cheerfulness, merriment or clear weather is singular-only.
nouns_020	nouns	13998	Herzrasen	english	low	spelling	racing heart/rapid heart beat/tachycardia	racing heart/rapid heartbeat/tachycardia	`Heartbeat` is one word in standard English.
nouns_021	nouns	14009	Horizontale	plural	high	plural	Horizontale	Horizontalen	The noun is weakly declined in the plural: the UI should render `die Horizontalen`, not the singular-looking `die Horizontale`.
nouns_021	nouns	14013	Hufe	english	high	gloss	oxgang	hide (historical land measure)	A German Hufe is conventionally equivalent to a hide, land sufficient for a farming household; an oxgang is a smaller, more specific English subdivision and is not the general equivalent.
nouns_021	nouns	14032	Kaktus	cefrLevel	low	cefr	C1	A2 (or at latest B1)	This common concrete, internationally transparent plant name is grossly overlevelled at C1 and would be hidden from learners until far too late.
nouns_021	nouns	14059	Kodierung	word, english	medium	duplicate	Kodierung — codification/coding/encoding	Remove or merge into the later preferred-spelling entry `Codierung — coding/encoding`; do not include `codification`.	`Kodierung` is an orthographic variant of the later `Codierung` entry in this batch, while English “codification” normally corresponds to `Kodifizierung`, not coding/encoding.
nouns_021	nouns	14091	Landsmannschaft	english	medium	gloss	homeland association	association of expellees/displaced people from a particular former region; regional student fraternity (where relevant)	“Homeland association” is an opaque literalism and does not convey the word's historically specific association sense; the separate student-fraternity use is also common enough to identify.
nouns_021	nouns	14095	Lebenshaltung	english	low	gloss	cost of living/living expenses / —	cost/standard of living; attitude or approach to life	The dangling separator and dash are a data artefact, and the added second sense makes the standalone noun clearer without changing its valid economic use.
nouns_021	nouns	14181	Paintball	article	high	article	das	der	Standard German uses masculine `der Paintball` for the game.
nouns_021	nouns	14308	Sprechblase	cefrLevel	low	cefr	C1	A2/B1	This ordinary, transparent concrete term from comics and messaging is grossly overlevelled at C1 for deck selection.
nouns_021	nouns	14316	Sternekoch	english	high	gloss	star chef	Michelin-starred chef/chef of a starred restaurant	`Sternekoch` refers to restaurant-guide stars, not a celebrity or “star chef”; the current gloss teaches a false-friend sense.
nouns_021	nouns	14329	Studi	article	high	article	die	der	The standard jargon noun is masculine (`der Studi`, plural `die Studis`); the current row teaches the wrong singular article.
nouns_021	nouns	14356	Tretboot	english	low	gloss	paddle boat/paddle-boat/paddleboat	pedalo/pedal boat	For the bank's British-English audience, `pedalo` or `pedal boat` clearly identifies a foot-pedal craft; “paddle boat” is regionally variable and can suggest a different kind of boat.
nouns_021	nouns	14495	Arbeitsminister	english	low	gloss	labor minister/minister of labor	labour minister/minister of labour	Both stored alternatives use US spelling despite the bank's explicit British-English convention.
nouns_021	nouns	14475	Alki	english	medium	gloss	drunk/alcoholic (colloquial)	alcoholic (jargon; often derogatory or discriminatory)	Merely labelling this word colloquial omits its important pejorative/discriminatory force and risks teaching it as a harmless informal synonym.
nouns_021	nouns	14505	Atlas	plural, english	high	plural	Atlanten — atlas/satin	Keep `atlas — Atlanten` here; split the textile homonym as `Atlas (satin) — Atlasse` if that rare sense is retained.	`Atlanten` is the normal plural for the map-book sense, whereas the textile sense “satin” has plural `Atlasse`; combining both under one plural teaches a false form.
nouns_021	nouns	14568	Bodden	english	low	gloss	bay	shallow coastal inlet/lagoon (especially on the Baltic coast)	A Bodden is a particular shallow, narrowly connected coastal water body; bare “bay” is too broad to explain why this separate German word is used.
nouns_021	nouns	14576	Brokkoli	cefrLevel	low	cefr	C1	A1/A2	This common everyday food word and transparent cognate is grossly overlevelled at C1.
nouns_021	nouns	14582	Bundesrecht	plural	high	plural	Bundesrechte	—	In the glossed sense “federal law” (the body of law within federal jurisdiction), `Bundesrecht` has no plural; `Bundesrechte` would instead be understood as federal rights.
nouns_021	nouns	14611	Dolmetsch	english	medium	gloss	interpreter	interpreter (standard in Austria; otherwise rare); usual general form: Dolmetscher	The translation is denotationally correct but omits essential regional and frequency guidance, leaving learners with a markedly non-default person noun.
nouns_021	nouns	14620	Durchfallerkrankung	english	low	gloss	diarrheal illness/diarrhoea	diarrhoeal illness/diarrhoeal disease	The first form is US spelling, while bare “diarrhoea” names the symptom rather than an illness; the correction is precise British English.
nouns_021	nouns	14621	Ehevertrag	english	medium	gloss	premarital agreement/prenup/prenuptial agreement	marriage contract; prenuptial or postnuptial agreement	An `Ehevertrag` can be made before or during a marriage, so the current gloss misleadingly restricts it to premarital agreements.
nouns_021	nouns	14625	Einsatzleitung	english	high	gloss	operations management	operation/incident command; command team	The German noun means command of a particular emergency or operation, or the people exercising it; generic business “operations management” is a different concept.
nouns_021	nouns	14630	Eislaufen	english	low	gloss	skating	ice skating	The German noun explicitly denotes skating on ice; bare “skating” is unnecessarily ambiguous with roller skating and related activities.
nouns_022	nouns	14702	Forschungszweck	english	low	gloss	"""research purposes"""	"""research purpose"""	the German entry is singular, whereas the English gloss is plural.
nouns_022	nouns	14704	Frauenbeauftragte	plural, flags	high	plural	`Frauenbeauftragte` with no `adjectivalNoun` flag	store `Frauenbeauftragten` and mark the row as an adjectival noun	this is a substantivised adjective; the UI must render the nominative plural as `die Frauenbeauftragten`, not `die Frauenbeauftragte`.
nouns_022	nouns	14722	Fußsohle	cefrLevel	low	cefr	C1	approximately A2–B1	this ordinary body-part word is grossly overgraded at C1.
nouns_022	nouns	14732	Geburtenzahl	english	medium	gloss	"""number of births/birth rate"""	"""number of births/birth figure""; use `Geburtenrate` for ""birth rate"""	a number and a rate are different measures, and the second gloss teaches a false equivalence.
nouns_022	nouns	14738	Geldschein	cefrLevel	low	cefr	C1	approximately A2	"""banknote/note"" is everyday cash vocabulary and is grossly overgraded at C1."
nouns_022	nouns	14751	Geschlechtsorgan	english	medium	gloss	"""genitalia/sex organ/sexual organ"""	"""sex organ/genital organ""; reserve plural ""genitalia"" for `Geschlechtsorgane/Genitalien`"	"English ""genitalia"" is plural, so presenting it first against a singular German noun obscures number and invites `a genitalia`."
nouns_022	nouns	14792	Hauseingang	english	low	gloss	"""entrance/front door"""	"""entrance to a house/building entrance""; use `Haustür` for ""front door"""	an entrance and the door fitted in it are not interchangeable.
nouns_022	nouns	14808	Hilfsbedürftige	plural, english, flags	high	plural	`die Hilfsbedürftige | Hilfsbedürftige | person in need of help`, with no adjectival-noun flag	`die Hilfsbedürftige | Hilfsbedürftigen | woman/female person in need of help`, with `adjectivalNoun`	the UI would currently show the singular form as the plural; the feminine article also denotes a female person, not an unspecified person.
nouns_022	nouns	14812	Hirnblutung	english	low	gloss	"""brain hemorrhage"""	"""brain haemorrhage/cerebral haemorrhage"""	the app targets British English, where `haemorrhage` is the standard spelling.
nouns_022	nouns	14820	Hole	english	medium	gloss	"""hole"""	"""hole (in golf)"""	German `das Hole` is the golf term; an ordinary physical hole is `das Loch`.
nouns_022	nouns	14829	Informationsbeschaffung	english	medium	gloss	"""information procurement/provision of information"""	"""information gathering/acquisition/procurement"""	`Beschaffung` is obtaining or gathering information, not providing it to someone else.
nouns_022	nouns	14834	Interessenskonflikt	word, plural	medium	spelling	`Interessenskonflikt | Interessenskonflikte`	prefer standard `Interessenkonflikt | Interessenkonflikte`	the form with linking `-s-` is regional/nonstandard relative to the established standard learner headword `Interessenkonflikt`.
nouns_022	nouns	14835	Intro	english	medium	gloss	"""intro/introduction/launch"""	"""intro/introduction/opening sequence"""	`Intro` does not ordinarily mean a product or event launch.
nouns_022	nouns	14840	Jobticket	english	high	gloss	"""job ticket"""	"""employer-subsidised public-transport pass/commuter pass provided through an employer"""	"""job ticket"" is not an explanatory English equivalent and conceals the specific German transport-pass meaning."
nouns_022	nouns	14864	Klauen	whole row	medium	junk	`das Klauen | — | stealing`	"remove from the lexical noun bank; teach the verb `klauen` as colloquial ""to steal"" instead"	this is a freely formed nominalised infinitive rather than a useful lexical noun lemma and looks like corpus-derived part-of-speech contamination.
nouns_022	nouns	14870	Klingeln	whole row	medium	junk	`das Klingeln | — | ringing/buzzing`	remove from the lexical noun bank or teach it only as a transparent nominalisation under the verb `klingeln`	this is a productively formed nominalised infinitive, not an independently useful noun headword.
nouns_022	nouns	14880	Kompanie	english	medium	gloss	"""company"""	"""company (military unit); troupe/company (especially performers)"""	"bare English ""company"" strongly suggests a business, which is not the ordinary meaning of German `Kompanie`."
nouns_022	nouns	14881	Konsonant	cefrLevel	low	cefr	A1	approximately A2–B1	this grammatical/phonological term is implausibly early for a general A1 deck.
nouns_022	nouns	14887	Koriander	cefrLevel	low	cefr	C1	approximately A2–B1	a common food and herb name is grossly overgraded at C1.
nouns_022	nouns	14893	Krähe	english	medium	gloss	"""crow/rook"""	"""crow""; use `Saatkrähe` for ""rook"""	a rook is a particular species and is not the general equivalent of `Krähe`.
nouns_022	nouns	14906	Laborant	cefrLevel	low	cefr	A1	approximately B1	this specialised occupation is not realistic core A1 vocabulary.
nouns_022	nouns	14915	Leichenschau	english	high	gloss	"""post-mortem examination"""	"""external examination of a body/death examination"""	`Leichenschau` is the external medical examination and certification of a corpse, not a post-mortem dissection or autopsy (`Obduktion`).
nouns_022	nouns	14921	Liebespaar	english	low	gloss	"""couple"""	"""couple in love/lovers"""	"generic ""couple"" loses the defining romantic sense and is much broader than `Liebespaar`."
nouns_022	nouns	14929	Lügenpresse	english	medium	gloss	"""lying press"""	"""'lying press' (derogatory political slogan for allegedly dishonest/manipulative media)"""	the literal gloss omits that this is an accusatory, politically loaded and derogatory slogan, not a neutral term for the press.
nouns_022	nouns	14952	Millionenmetropole	english	low	gloss	"""metropolis of millions/large metropolis"""	"""city/metropolis with millions of inhabitants"""	"""metropolis of millions"" is not idiomatic English and ""large metropolis"" loses the population component."
nouns_022	nouns	14959	Moslem	word, plural	medium	spelling	`Moslem | Moslems`	prefer modern `Muslim | Muslime` (also `Muslims`)	`Moslem` is now marked as obsolescent; a learner bank should teach the neutral current form first.
nouns_022	nouns	14983	Oberhaupt	english	low	gloss	"""head"""	"""head/leader (of a state, church or family)"""	without a domain note the gloss can be mistaken for the body part, whereas `Oberhaupt` denotes a person in authority.
nouns_022	nouns	14999	Parkplatzsuche	english	medium	gloss	"""car park search"""	"""search for a parking space/looking for parking"""	"""car park search"" suggests looking for a whole car park and is not idiomatic British English for the normal German meaning."
nouns_022	nouns	15007	Personalpronomen	cefrLevel	low	cefr	A1	approximately A2–B1	this metalinguistic term is too advanced for a general A1 noun deck even if some pronouns themselves are taught at A1.
nouns_022	nouns	15012	Pflegerin	english	medium	gloss	"""caregiver/nurse/paediatric nurse"""	"""female carer/care worker; nurse""; use `Kinderkrankenpflegerin` for ""paediatric nurse"""	`Pflegerin` alone is not specifically a paediatric nurse.
nouns_022	nouns	15015	Pi	plural, english	high	plural	"`Pis` with ""pi"""	use `—` for the mathematical constant; retain `Pis` only if the separate countable Greek-letter sense is explicitly given	mathematical pi is not countable, so the stored plural does not belong to the glossed sense.
nouns_022	nouns	15018	Pol	cefrLevel	low	cefr	C1	approximately B1–B2	"the everyday geographic/scientific word ""pole"" is substantially below C1."
nouns_022	nouns	15023	Praxisraum	english	medium	gloss	"""practice room/consulting room"""	"""consulting room/treatment room (in a medical or professional practice)"""	"English ""practice room"" normally means a room for rehearsing, which is not the German `Praxis` sense here."
nouns_022	nouns	15039	Querdenker	english	low	gloss	"""contrarian"""	"""lateral/independent thinker; contrarian"" with a note that the word can now evoke the German anti-establishment `Querdenken` movement"	the traditional positive sense is omitted, while the bare gloss gives learners no warning about the word's strong contemporary political associations.
nouns_022	nouns	15051	Regionalverkehr	plural, english	medium	plural	"`Regionalverkehre` with ""regional transport"""	"use `—` for general ""regional transport""; retain technical plural `Regionalverkehre` only with an explicit countable sense such as regional transport flows/services"	ordinary transport as a system is a mass noun; the specialist plural should not be taught as its unrestricted everyday plural.
nouns_022	nouns	15056	Relegation	english	high	gloss	"""relegation"""	"""promotion/relegation play-off"""	in German sport `Relegation` normally names the play-off deciding promotion or relegation, not relegation itself (`Abstieg`).
nouns_022	nouns	15066	Rolltreppe	cefrLevel	low	cefr	B2	approximately A1–A2	"""escalator"" is ordinary public-place and travel vocabulary and is grossly overgraded at B2."
nouns_022	nouns	15081	Sauerkraut	cefrLevel	low	cefr	C1	approximately A1–A2	this common, culturally salient food word is grossly overgraded at C1.
nouns_022	nouns	15083	Schachspieler	cefrLevel	low	cefr	C1	approximately A2	"the transparent compound ""chess player"" is far below C1 learner difficulty."
nouns_022	nouns	15090	Schlendern	whole row	medium	junk	`das Schlendern | — | strolling`	remove from the lexical noun bank; teach `schlendern` as a verb	this is merely the productive nominalisation of the infinitive and is poor standalone noun-bank material.
nouns_022	nouns	15098	Schulbau	plural, english	low	gloss	"`Schulbauten` with ""school construction"""	"""school construction; school building"" and clarify that `Schulbauten` is the plural of the countable building sense"	the displayed mass/process gloss does not explain the stored countable plural.
nouns_022	nouns	15100	Schwefeldioxid	english	low	gloss	"""sulfur dioxide"""	"""sulphur dioxide"""	the app targets British English, where `sulphur` is the standard spelling.
nouns_022	nouns	15111	Selbstversorger	english	medium	gloss	"""self-caterer"""	"""self-sufficient person/producer; self-catering holidaymaker"""	`Selbstversorger` is not restricted to holiday accommodation and centrally denotes someone who supplies their own needs.
nouns_022	nouns	15120	Skispringen	plural	high	plural	`Skispringen`	`—`	the sport noun `Skispringen` has no plural; repeating the singular as a stored plural falsely implies an invariant count noun.
nouns_022	nouns	15135	Sportboot	english	medium	gloss	"""sports boat"""	"""recreational/pleasure craft"""	`Sportboot` is the standard broad term for privately used recreational craft, not necessarily a boat used in competitive sport.
nouns_022	nouns	15143	Stabstelle	word, plural	high	spelling	`Stabstelle | Stabstellen`	`Stabsstelle | Stabsstellen`	"the organisational term meaning ""staff unit"" requires the linking `-s-`; the stored headword and plural are misspelled."
nouns_022	nouns	15160	Störfall	english	medium	gloss	"""incident"""	"""malfunction/operational incident (especially at an industrial or nuclear facility)"""	"generic ""incident"" is far broader and omits the technical operational-safety sense."
nouns_022	nouns	15173	Superintendentin	english	medium	gloss	"""superintendent"""	"""female Protestant regional church superintendent/church official"""	"unqualified English ""superintendent"" usually denotes an administrative, police or school role and misses the specifically ecclesiastical German sense."
nouns_022	nouns	15177	Tatkraft	english	low	gloss	"""energy/vigor"""	"""energy/drive/vigour"""	"the app targets British English, which spells the word `vigour`; ""drive"" also makes the active, enterprising sense clearer."
nouns_022	nouns	15189	Textbaustein	cefrLevel	low	cefr	A1	approximately B2	this abstract workplace/computing term is grossly too specialised for A1.
nouns_022	nouns	15190	Textverarbeitung	plural, english	high	plural	"`Textverarbeitungen` with ""word processing"""	"use `—` for the glossed field/activity ""word processing"""	the ordinary glossed sense is uncountable; a highly contextual plural of processing operations should not be presented as its learner citation plural.
nouns_022	nouns	15200	Transgender	article, english	medium	gloss	`der Transgender | Transgender | trans person/trans-person/transgender`	"""transgender person/trans person (male)"" for the masculine entry, and do not use bare English ""a transgender"""	the German masculine article makes this a male-person entry, while English `transgender` is normally an adjective and the current gloss is both grammatically and referentially unclear.
nouns_022	nouns	15202	Trauzimmer	english	medium	gloss	"""marriage room/wedding room"""	"""wedding ceremony room/ceremony room (at a register office)"""	both current phrases are unnatural English and fail to explain the room's actual function.
nouns_022	nouns	15233	Verfahrensrecht	plural, english	high	plural	"`Verfahrensrechte` with ""procedural law"""	"use `—` for the body-of-law sense; add ""procedural right"" as a separate countable sense if retaining `Verfahrensrechte`"	procedural law as a legal system has no plural; `Verfahrensrechte` denotes individual procedural rights, a different sense absent from the gloss.
nouns_022	nouns	15235	Verhütungsmethode	english	low	gloss	"""contraception method"""	"""contraceptive method/method of contraception"""	the current phrase is comprehensible but not idiomatic English.
nouns_022	nouns	15257	Voting	english	medium	gloss	"`Votings` with ""voting"""	"""vote/poll (especially a public or audience vote)"""	"German `Voting` is a countable voting event or poll, as its plural shows; English ""voting"" is normally an uncountable activity."
nouns_022	nouns	15265	Wasserbecken	english	medium	gloss	"""water basin"""	"""pool/reservoir/water tank or basin"" according to context"	"bare ""water basin"" is an unnatural and overly narrow translation for the several common kinds of `Wasserbecken`."
nouns_022	nouns	15274	Weihnacht	english	medium	gloss	"""Christmas"""	"""Christmas (poetic, regional or in compounds/fixed expressions)""; teach ordinary `Weihnachten` first"	bare singular `Weihnacht` is not the neutral everyday learner form for Christmas.
nouns_022	nouns	15279	Weltstar	english	medium	gloss	"""world star"""	"""international/global superstar"""	"""world star"" is an unidiomatic calque and does not give learners a usable English equivalent."
nouns_022	nouns	15281	Wettbewerbsverzerrung	english	medium	gloss	"""distortion of competition/unfair competition"""	"""distortion of competition/anti-competitive distortion"""	"""unfair competition"" is the distinct concept `unlauterer Wettbewerb`, not a general interchangeable translation."
nouns_022	nouns	15284	Wildunfall	english	medium	gloss	"""wildlife accident"""	"""road accident/collision involving a wild animal"""	"""wildlife accident"" is neither idiomatic nor specific enough to convey the established traffic sense."
nouns_022	nouns	15304	Zahnstein	english	high	gloss	"""tartar / dental plaque"""	"""tartar/dental calculus""; use `Zahnbelag` for ""dental plaque"""	plaque is the soft biofilm that can harden into tartar, so the two terms are not synonyms.
nouns_022	nouns	15315	Zielvorstellung	english	medium	gloss	"""objective/goal"""	"""idea/conception of the desired goal or outcome"""	`Zielvorstellung` is a mental conception of what the goal should be, not simply the goal itself.
nouns_022	nouns	15319	Zugverkehr	plural, english	medium	plural	"`Zugverkehre` with ""rail traffic"""	"use `—` for general ""rail/train traffic""; retain technical plural only with an explicit sense such as train services/traffic flows"	everyday rail traffic is uncountable, while `Verkehre` is a specialist transport-planning plural.
nouns_022	nouns	15326	Abbrennen	whole row	medium	junk	`das Abbrennen | — | burning down/burning off`	remove from the lexical noun bank and teach the separable verb `abbrennen`	this is a freely generated nominalised infinitive rather than an independent learner noun lemma.
nouns_022	nouns	15336	Abschleppdienst	english	medium	gloss	"""breakdown service/towing service"""	"""towing/recovery service""; use `Pannendienst` for a general breakdown service"	a breakdown service may repair a vehicle at the roadside, whereas `Abschleppdienst` specifically tows or recovers it.
nouns_022	nouns	15369	Apostelgeschichte	plural, english	high	plural	"`Apostelgeschichten` with ""Acts of the Apostles/Book of Acts"""	"use `—` for the biblical book title; retain `Apostelgeschichten` only with the separate literal sense ""stories about apostles"""	the proper-title sense in the gloss has no plural; the stored plural belongs to a different compositional sense.
nouns_022	nouns	15383	Aufholjagd	english	medium	gloss	"""catch-up/catching up/catching-up process"""	"""comeback/rally/fightback; chase to catch up"""	the current calques are unnatural English and miss the vivid sporting/competitive sense of the German noun.
nouns_022	nouns	15386	Auftauchen	whole row	medium	junk	`das Auftauchen | — | appearance`	"remove from the lexical noun bank and teach `auftauchen` as ""to appear/emerge"""	this is a transparent productive nominalisation, not an independent noun lemma worth memorising.
nouns_022	nouns	15388	Augentropfen	article, word, plural	high	article	`das Augentropfen | Augentropfen | eye drops`	`die Augentropfen | Augentropfen | eye drops` as a plural-only entry	"medicine meaning ""eye drops"" is plural-only and takes `die`; `das Augentropfen` would instead be a nominalised action of dripping into the eyes."
nouns_022	nouns	15389	Ausatmen	whole row	medium	junk	`das Ausatmen | — | exhalation/breathing out`	remove from the lexical noun bank and teach `ausatmen` as a verb; use lexical noun `Ausatmung` if a noun is required	this is simply the productive nominalisation of the infinitive and is poor standalone noun-bank material.
nouns_022	nouns	15391	Ausflugslokal	english	medium	gloss	"""excursion restaurant"""	"""country/destination restaurant popular with day-trippers"""	"""excursion restaurant"" is an unidiomatic calque and does not explain the cultural sense."
nouns_022	nouns	15398	Bademeister	english	low	gloss	"""pool attendant/lifeguard"""	"""pool supervisor/attendant""; use `Rettungsschwimmer` for a lifeguard"	a `Bademeister` manages or supervises a bathing facility and is not automatically equivalent to a lifeguard.
nouns_022	nouns	15399	Bahndamm	english	low	gloss	"""railroad embankment"""	"""railway/rail embankment"""	the app targets British English, where `railway` rather than `railroad` is standard.
nouns_023	nouns	15411	Bauminister	english	medium	gloss	building minister	minister for building/construction and urban development	“Building minister” is an unclear literal calque, not an idiomatic description of this government portfolio.
nouns_023	nouns	15413	Beauty	english	medium	gloss	beauty	beauty/beautiful woman (a person, not abstract beauty)	German `die Beauty` denotes a person; the abstract quality “beauty” is `die Schönheit`, so the unqualified gloss invites a false-friend use.
nouns_023	nouns	15423	Beruhigungsmittel	english	low	gloss	sedative/tranquilizer	sedative/tranquilliser	The app targets British English, in which the standard spelling is “tranquilliser”.
nouns_023	nouns	15475	Datenpanne	english	low	gloss	data leak	data breach/data leak/data mishap	`Datenpanne` is broader than an intentional or technically defined data leak; “data breach” is the clearer default learner equivalent.
nouns_023	nouns	15482	Dienstbehörde	english	medium	gloss	service authority	supervising authority/authority responsible for a branch of public service	“Service authority” is not idiomatic English and does not communicate the administrative meaning.
nouns_023	nouns	15501	Dummheit	cefrLevel	medium	cefr	C1	B1 (at the latest)	This common, transparent noun derived from basic `dumm` is far below C1 and the label would materially delay ordinary vocabulary.
nouns_023	nouns	15525	Entzündungsreaktion	english	low	gloss	inflammation reaction	inflammatory response/reaction	“Inflammation reaction” is not the standard English medical collocation.
nouns_023	nouns	15540	Eucharistiefeier	english	low	gloss	Eucharist ceremony	Eucharistic celebration/service	The current wording is an unnatural calque rather than the normal English church term.
nouns_023	nouns	15550	Falschparker	english	low	gloss	illegal parker	parking offender/driver who has parked illegally	“Illegal parker” is not idiomatic British English.
nouns_023	nouns	15625	Geübte	english	low	gloss	practiced person/skilled person	experienced/skilled person	“Practiced person” is unnatural here (and British verbal spelling would be “practised”); `Geübte` means someone experienced or skilled.
nouns_023	nouns	15651	Hauptamt	english	medium	gloss	full-time post (as opposed to Ehrenamt)/head office	full-time official post/main administrative department	The first sense is useful, but generic “head office” is normally `Hauptsitz` or `Hauptstelle` and overgeneralises a public-administration term.
nouns_023	nouns	15697	Innenstadtbereich	english	low	gloss	downtown area	city-centre area	“Downtown” is North American; “city centre” is the idiomatic British-English equivalent.
nouns_023	nouns	15706	Jagdrecht	english	low	gloss	hunting law	hunting law/right to hunt	The stored plural `Jagdrechte` is naturally used for individual hunting rights, a major sense omitted by the singular mass-law gloss.
nouns_023	nouns	15726	Kaufsumme	english	medium	gloss	purchase price	purchase total/total amount spent	`Kaufsumme` is the total sum involved in a purchase; the agreed price of an item is more specifically `Kaufpreis`.
nouns_023	nouns	15737	Kirchenpräsident	english	low	gloss	church chairman	church president/regional Protestant church leader	“Chairman” misstates this formal leadership title and obscures its specifically Protestant institutional use.
nouns_023	nouns	15741	Klaviermusik	plural, english	high	plural	plural `Klaviermusiken`; English `piano music`	use `—` for the mass sense “piano music”, or add the countable sense “piano piece” that licenses `Klaviermusiken`	In the two ordinary “piano music” senses the noun is used without a plural; the stored plural belongs to the separate countable sense “piano piece”.
nouns_023	nouns	15786	Kurzentschlossene	english	medium	gloss	spur-of-the-moment decider	someone acting on impulse/at short notice	The current phrase is not idiomatic English and does not provide a natural learner model.
nouns_023	nouns	15805	Lauftraining	english	low	gloss	running training	running practice/training for running	“Running training” is an unnatural English collocation.
nouns_023	nouns	15806	Lebensmittelgeschäft	english	low	gloss	grocery/grocery store	grocery shop/food shop	“Grocery store” is North American, and bare “grocery” for the shop is not normal British English.
nouns_023	nouns	15808	Lebenstraum	english	low	gloss	life’s dream	lifelong dream/dream of a lifetime	“Life’s dream” is not the idiomatic English equivalent.
nouns_023	nouns	15812	Leidwesen	english	medium	gloss	regret/chagrin	only in `zu jemandes Leidwesen` = to someone’s regret/annoyance	This noun is phrase-bound in modern use; presenting it as a freely usable synonym for “regret” gives learners an unnatural model.
nouns_023	nouns	15831	Mache	english	medium	gloss	machination/way of doing	manner/style of making or presenting (often disparaging)	`Mache` denotes the way something is made or presented; “machination” is normally `Machenschaft` and teaches the wrong sense.
nouns_023	nouns	15834	Mainzelmännchen	english	low	gloss	Mainzelmaennchen (ZDF mascot)	Mainzelmännchen (ZDF mascot)	The English explanation unnecessarily replaces the proper name’s umlaut with an ASCII transliteration even though the headword displays it correctly.
nouns_023	nouns	15857	Mitfahrgelegenheit	cefrLevel	medium	cefr	C1	B1/B2	This is common practical travel vocabulary and is substantially easier and more useful than a C1 placement suggests.
nouns_023	nouns	15860	Mob	english	medium	gloss	criminal band/gang/mob	mob/unruly crowd/rabble	German `Mob` primarily denotes a disorderly or contemptible crowd, not specifically a criminal band or gang.
nouns_023	nouns	15909	Paroli	plural, english	high	plural	plural `Parolis`; English `Paroli bieten — to stand up to / match someone`	use `—` for the fixed-expression resistance sense; retain `Parolis` only if separately glossing the historical gambling sense	The resistance meaning occurs in the fixed singular expression `jemandem/einer Sache Paroli bieten`; `Parolis` is the plural of the homonymous bet-doubling term in the game of Pharao.
nouns_023	nouns	15913	Pendlerpauschale	english	low	gloss	commuting allowance	commuter tax allowance/commuting tax deduction	This is specifically a tax allowance for commuting costs, not a generic employer-paid commuting allowance.
nouns_023	nouns	15920	Phönix	english	low	gloss	Phoenix	phoenix	The English common noun is normally lowercase; the capitalised form suggests a proper name.
nouns_023	nouns	15921	Photograph	word, english	low	duplicate	Photograph — photographer	remove as a duplicate of existing `Fotograf`, or label it explicitly as the older spelling	The bank already contains modern `Fotograf`; this permitted older variant is otherwise presented as an unexplained second lemma.
nouns_023	nouns	15925	Planänderung	english	low	gloss	alteration in the plan	change of plan/change to the plan	The current wording is a stiff, non-idiomatic translation.
nouns_023	nouns	15927	Podestplatz	english	low	gloss	podium place	podium finish/place on the podium	“Podium place” is not idiomatic English.
nouns_023	nouns	15967	Regierungserklärung	english	low	gloss	government declaration	government policy statement/ministerial statement	“Government declaration” is a literal calque and not the usual English term for this formal policy address.
nouns_023	nouns	15979	Restmülltonne	english	low	gloss	dustbin/garbage can/residual waste container	residual-waste bin/non-recyclable-waste bin	The first two equivalents are too broad and “garbage can” is North American; the defining feature is that the bin is for residual waste.
nouns_023	nouns	15982	Rettungsfahrzeug	english	medium	gloss	ambulance vehicle	emergency vehicle/rescue vehicle	`Rettungsfahrzeug` is the broader class of rescue or emergency vehicles and is not limited to ambulances; “ambulance vehicle” is also unnatural.
nouns_023	nouns	16034	Schweißausbruch	english	low	gloss	outbreak of sweating	sudden sweating/bout of perspiration	“Outbreak of sweating” is an unnatural literal translation.
nouns_023	nouns	16041	Seilen	word, english	medium	junk	Seilen — roping/use of ropes	remove this marginal substantivised infinitive, or replace it with a precise term such as `Anseilen`/`Abseilen` and the corresponding sense	`seilen` has narrow senses such as making ropes, tying with a rope, or rare shortening of `an-/abseilen`; the generic gloss “use of ropes” invents a broad lexical noun learners cannot safely use.
nouns_023	nouns	16055	Sonderpädagoge	english	low	gloss	special education teacher	special educational needs (SEN) teacher	The current term is North American; the recommended wording is idiomatic British English.
nouns_023	nouns	16056	Sonstige	english	medium	gloss	other/miscellaneous	other things/miscellaneous items/the remainder	As `das Sonstige` this is a substantivised neuter noun; the current adjective-only gloss encourages learners to use it like ordinary `sonstig`.
nouns_023	nouns	16065	Spielfeldrand	english	low	gloss	field edge	edge of the pitch/touchline/sideline	“Field edge” is an unnatural literal translation, especially for the normal sports context.
nouns_023	nouns	16081	Statist	cefrLevel	medium	cefr	A1	B2	This relatively specialised word for a film or stage extra is not foundational A1 vocabulary, and its false-friend appearance makes the early placement especially misleading.
nouns_023	nouns	16084	Stellensuche	cefrLevel	medium	cefr	C1	B1/B2	“Job hunting/job search” is ordinary employment vocabulary and does not belong as late as C1.
nouns_024	nouns	16134	Transsexuelle	english	medium	gloss	"""transsexual person"""	"""trans person; transsexual person (dated and potentially offensive)"""	both the German headword and the unlabelled English gloss are now widely regarded as dated; learners need the register warning and the current neutral term.
nouns_024	nouns	16144	Überholspur	english	low	gloss	"""fast lane"""	"""overtaking lane"""	"""fast lane"" is colloquial and does not express the lane's legal purpose; ""overtaking lane"" is the idiomatic British learner equivalent."
nouns_024	nouns	16161	Verhandlungsgeschick	english	low	gloss	"""negotiating skills"""	"""negotiating skill/ability; skill in negotiation"""	singular mass noun *Geschick* denotes an aptitude, so the plural English gloss suggests the wrong number and construction.
nouns_024	nouns	16171	Vernehmen	english	high	gloss	"""hearing (in 'dem Vernehmen nach')"""	"""hearing/questioning; (dem Vernehmen nach) according to reports/as is understood"""	"in the cited fixed phrase, *Vernehmen* does not translate as ""hearing""; the current parenthetical explicitly teaches a false interpretation of the idiom."
nouns_024	nouns	16189	Vortritt	english	low	gloss	"""precedence"""	"""precedence; right of way (especially jemandem den Vortritt lassen)"""	the current gloss omits the ordinary learner use in which someone is allowed to go first.
nouns_024	nouns	16205	Warteschleife	english	medium	gloss	"""hold/holding"""	"""telephone queue/on-hold loop; holding pattern"""	the current English is not a natural noun gloss and does not distinguish the common telephone and aviation senses.
nouns_024	nouns	16223	Whiskey	english	medium	gloss	"""whisky"""	"""whiskey (especially Irish or American); compare Whisky"""	German normally preserves the *Whiskey/Whisky* spelling distinction; replacing the headword with the other spelling hides a useful regional distinction.
nouns_024	nouns	16225	Wildschaden	english	medium	gloss	"""game damage"""	"""damage caused by game/wild animals (especially to crops or woodland); also damage to game"""	"""game damage"" is opaque and leaves the direction of the damage unresolved, although that distinction matters in the German legal/insurance term."
nouns_024	nouns	16231	Wölbung	english	low	gloss	"""arch/bulge/vault"""	"""curvature/curve; bulge"""	a *Wölbung* is a curved or bulging shape; a structural vault is normally a *Gewölbe*.
nouns_024	nouns	16232	Wörtchen	english	medium	gloss	"""a word or two/little word"""	"""little word; (ein Wörtchen mit jemandem reden) have a word with someone"""	"bare *Wörtchen* is not ""a word or two""; the likely source of that gloss is a fixed idiom that needs to be shown explicitly."
nouns_024	nouns	16243	Zeltplatz	english	low	gloss	"""campground"""	"""campsite/camping site"""	"""campground"" is primarily North American; the bank is intended for British-English-speaking learners."
nouns_024	nouns	16268	Abverkauf	english	low	gloss	"""discount sale/sale"""	"""clearance sale/sell-off"""	an *Abverkauf* is the selling off of remaining stock and does not necessarily entail a discount.
nouns_024	nouns	16278	Aktivum	english	low	gloss	"""active/active voice/asset"""	"""asset; active voice (grammar)"""	"""active"" is not a natural English noun gloss here, and the two specialist senses should be labelled rather than run together."
nouns_024	nouns	16303	Arschloch	english	medium	gloss	"""jerk/anus (vulgar)"""	"""arsehole/asshole (vulgar; anatomy and insult)"""	"""jerk"" suppresses the headword's strong vulgarity, while clinical ""anus"" does not give learners the direct British lexical equivalent."
nouns_024	nouns	16305	Aszendent	english	medium	gloss	"""ascendant"""	"""rising sign/ascendant (astrology); ancestor (genealogy)"""	the identical but uncommon English word is opaque and does not identify either established German sense.
nouns_024	nouns	16309	Aufmarsch	english	medium	gloss	"""parade/deployment"""	"""deployment/massing of forces; march-past"""	"*Aufmarsch* normally describes organised mass assembly or deployment, often military; generic ""parade"" can make the word sound misleadingly festive."
nouns_024	nouns	16319	Außenalster	whole row	medium	junk	"`die Außenalster` / ""Outer Alster"""	remove from the general lexical noun bank or place it in a proper-names/geography list	this is the proper name of a specific Hamburg lake, not a reusable German noun lemma.
nouns_024	nouns	16338	Base	english	low	gloss	"""base/cousin/paternal aunt"""	"""base (chemistry/mathematics); female cousin (dated/regional); aunt (obsolete)"""	the family senses are strongly marked in modern German, but the current gloss presents them as neutral everyday equivalents.
nouns_024	nouns	16372	Blutdruckmessgerät	english	low	gloss	"""blood pressure metre/sphygmomanometer"""	"""blood pressure monitor/meter; sphygmomanometer"""	British English uses *meter* for a measuring instrument; *metre* is the unit of length.
nouns_024	nouns	16373	Blutkrebs	english	low	spelling	"""blood Cancer"""	"""blood cancer"""	the common noun is incorrectly capitalised in English.
nouns_024	nouns	16437	Dorfleben	plural	high	plural	`Dorfleben`	`—`	*Dorfleben* meaning village life or the rural way of life is a mass noun without an ordinary plural; the UI would teach the unnatural form *die Dorfleben*.
nouns_024	nouns	16558	Frühschoppen	english	low	gloss	"""morning pint"""	"""late-morning drink/get-together (traditionally over beer)"""	a *Frühschoppen* can denote the whole social occasion and is not necessarily one pint.
nouns_024	nouns	16559	Fug	english	medium	gloss	"""right (in 'mit Fug und Recht')"""	"""(mit Fug und Recht) with good reason/with every justification"""	"*Fug* is not productively used as an everyday noun meaning ""right""; learners should be taught the fixed expression as a whole."
nouns_024	nouns	16566	Garaus	english	medium	gloss	"""demise (in 'den Garaus machen')"""	"""(jemandem/etwas den Garaus machen) finish off, destroy or kill someone/something"""	"the idiom is verbal and transitive; translating the noun as standalone ""demise"" gives learners the wrong usage model."
nouns_024	nouns	16571	Gaszähler	english	low	gloss	"""gas metre"""	"""gas meter"""	British English spells a measuring instrument *meter*; *metre* denotes the unit of length.
nouns_024	nouns	16572	Gaudi	english	low	gloss	"""fun"""	"""fun, merrymaking (southern German/Austrian, informal)"""	the meaning is right, but the strong regional and informal marking is important learner information.
nouns_024	nouns	16600	Gleichschaltung	english	medium	gloss	"""forced conformity/synchronisation"""	"""forced coordination/conformity, especially the Nazi bringing of institutions under central control"""	"unlabelled ""synchronisation"" obscures the word's dominant political-historical sense and can misleadingly neutralise it."
nouns_024	nouns	16602	Glücksbringer	cefrLevel	low	cefr	C1	approximately B1–B2	this transparent and common compound for a lucky charm is grossly overgraded at C1.
nouns_024	nouns	16609	Grabhügel	english	low	gloss	"""tumulus"""	"""burial mound/tumulus"""	the technical English cognate is correct but unnecessarily opaque as the only gloss for a general learner.
nouns_024	nouns	16629	Hagel	cefrLevel	low	cefr	C1	approximately A2–B1	hail is ordinary weather vocabulary and C1 is a gross overestimate.
nouns_024	nouns	16637	Handzeichen	english	low	gloss	"""hand gesture"""	"""hand signal/sign; show of hands; signature/mark made by hand"""	a generic gesture is usually a *Handbewegung*; *Handzeichen* conventionally signals, votes, or authenticates something.
nouns_024	nouns	16645	Heimtextilien	article, word	high	article	`das Heimtextilien` / plural `Heimtextilien`	use singular `die Heimtextilie`, plural `Heimtextilien`; if retained as a plural-only headword, its article must be `die`	*Heimtextilien* is plural and cannot take neuter singular *das*; the current card displays an impossible noun phrase.
nouns_024	nouns	16652	Hexenwerk	english	medium	gloss	"""witchcraft/sorcery; difficult task (usually kein Hexenwerk)"""	"""witchcraft; (kein Hexenwerk) not rocket science/nothing especially difficult"""	"the fixed phrase has negative polarity: *kein Hexenwerk* says that something is not difficult, not that *Hexenwerk* itself means ""difficult task""."
nouns_024	nouns	16669	Illustrierte	plural, flags	high	plural	`Illustrierte` / no `adjectivalNoun` flag	plural `Illustrierten` and add `adjectivalNoun`	the magazine noun follows adjectival declension: singular *die Illustrierte*, plural *die Illustrierten*; the stored value would make the UI display the singular form as a plural.
nouns_024	nouns	16670	Immatrikulationsbescheinigung	english	low	gloss	"""certificate of enrollment"""	"""certificate of enrolment"""	*enrolment* is the standard British spelling expected by this bank.
nouns_024	nouns	16681	Insektenschutz	english	medium	gloss	"""insect protection"""	"""protection against insects/insect screen or repellent; insect conservation (by context)"""	the German compound can point in opposite directions, and its common household sense is protection from insects, not protection of them.
nouns_024	nouns	16693	Joghurtbecher	english	low	gloss	"""yogurt cup/yogurt pot"""	"""yoghurt pot"""	"the current forms are American; ""yoghurt pot"" is the natural British equivalent."
nouns_024	nouns	16723	Kehrtwende	english	low	spelling	"""U-turn/about turn/about-face"""	"""U-turn/about-turn/about-face"""	the British noun *about-turn* is hyphenated.
nouns_024	nouns	16749	Königsdisziplin	english	low	gloss	"""supreme discipline"""	"""premier/blue-riband discipline; most prestigious or demanding field"""	"""supreme discipline"" is an unnatural calque and does not clearly convey the idiomatic evaluative sense."
nouns_024	nouns	16765	Kriminalroman	english	medium	gloss	"""detective fiction/detective story"""	"""crime novel/detective novel"""	*Roman* specifically means a novel; the current alternatives can denote a genre collectively or a short story.
nouns_024	nouns	16766	Krisenzeit	english	low	gloss	"""crisis time"""	"""time/period of crisis"""	"""crisis time"" is an awkward calque rather than idiomatic British English."
nouns_024	nouns	16783	Landeswahlleiterin	english	low	gloss	"""state election commissioner (female)"""	"""female state returning officer/electoral officer"""	"""returning officer"" is the clearer British institutional equivalent; ""election commissioner"" suggests a different office in some English-speaking systems."
nouns_025	nouns	16821	Maar	english	low	gloss	crater cavity/maar	maar/volcanic crater (often containing a lake)	“Crater cavity” is not idiomatic English and omits the defining volcanic sense.
nouns_025	nouns	16827	Magenbeschwerden	article	high	article	das	die	Magenbeschwerden is a plural-only noun and therefore takes the plural article die.
nouns_025	nouns	16833	Mango	cefrLevel	medium	cefr	C1	A1/A2	This common, internationally transparent food word is grossly over-levelled for a learner deck.
nouns_025	nouns	16908	Neige	english	medium	gloss	decline/depletion/dreg	end/last remnants; chiefly in “zur Neige gehen” = run out/draw to a close	The current isolated glosses do not give learners the noun’s overwhelmingly idiomatic use and “dreg” is misleading as a direct equivalent.
nouns_025	nouns	16928	Obstwiese	english	medium	gloss	fruit meadow	orchard/meadow orchard	“Fruit meadow” is an unnatural calque and does not clearly identify the place as land planted with fruit trees.
nouns_025	nouns	16961	Platzgründe	english	low	gloss	reasons of space	space constraints/lack of space; “aus Platzgründen” = because of space constraints	The current phrase is not idiomatic English and gives no usable model for this plural-only noun’s usual expression.
nouns_025	nouns	16972	Privatdozent	english	medium	gloss	private lecturer, adjunct university lecturer (post-doctoral teaching qualification)	university lecturer with a habilitation and the right to teach independently (often unsalaried)	Neither “private lecturer” nor “adjunct” accurately conveys this specifically German academic status.
nouns_025	nouns	16974	Produktionsland	english	low	gloss	production country	country of production/country of manufacture	“Production country” is an unnatural English compound.
nouns_025	nouns	16989	Qualitätsoffensive	english	low	gloss	quality offensive	quality drive/quality initiative	“Quality offensive” is a conspicuous German calque rather than natural learner-facing English.
nouns_025	nouns	17010	Regenjacke	english	medium	gloss	raincoat	rain jacket/waterproof jacket	A Regenjacke is a jacket; “raincoat” normally corresponds to Regenmantel and teaches the wrong garment distinction.
nouns_025	nouns	17011	Regens	english	medium	gloss	rector (church)	head/rector of a Catholic seminary	The role is specifically the person who heads a Catholic seminary, not a generic rector of a church.
nouns_025	nouns	17022	Rekordzahl	english	low	gloss	record count	record number	“Record number” is the normal idiomatic English equivalent.
nouns_025	nouns	17037	Rückläufer	english	low	gloss	returns	returned item/return; undeliverable item; returnee (by context)	The plural English label mismatches the singular German headword and obscures its common concrete senses.
nouns_025	nouns	17059	Scheiße	english	medium	gloss	nonsense/mess/excrement (vulgar)	shit/crap (vulgar); mess/nonsense	The entry avoids the direct, everyday vulgar equivalent and substitutes the overly clinical “excrement”.
nouns_025	nouns	17063	Schlafapnoe	english	low	gloss	sleep apnea	sleep apnoea	“Apnoea” is the standard British spelling required by the app’s target variety.
nouns_025	nouns	17104	Softwaretest	english	low	gloss	software testing	software test	The German count noun denotes an individual test, whereas “software testing” denotes the activity or discipline.
nouns_025	nouns	17196	Tops	word, article, english	high	junk	das Tops | Tops | tops	das Top | Tops | top (garment)	The stored headword is the plural form paired with a singular neuter article, evidently a malformed corpus extraction.
nouns_025	nouns	17199	Trakt	english	medium	gloss	suite/tract	wing/section (of a building); tract (specialist contexts)	The common building sense is missing, while “suite” is not a reliable general equivalent and bare “tract” is opaque to learners.
nouns_025	nouns	17203	Tribunal	english	low	gloss	forum/tribunal	tribunal/court	“Forum” is not a normal equivalent of modern German Tribunal and creates a false additional sense.
nouns_025	nouns	17271	Waisenkind	cefrLevel	medium	cefr	C1	A2/B1	This transparent, everyday word for an orphan is grossly over-levelled and would be hidden from learners until far too late.
nouns_025	nouns	17289	Weichteile	article	high	article	der	die	Weichteile is a plural-only noun and therefore takes die; der is only possible in an inflected genitive-plural phrase, not as its article.
nouns_025	nouns	17306	Windpocke	word, plural, english	high	gloss	die Windpocke | Windpocken | chicken pox	die Windpocken | — | chickenpox; alternatively keep singular Windpocke only with “chickenpox blister/pock”	The disease name is conventionally plural-only; the singular denotes an individual blister, so the current citation form and disease gloss do not match.
nouns_025	nouns	17309	Winterhalbjahr	english	medium	gloss	winter half-year/winter semester	winter half-year/winter six-month period	Wintersemester is the academic “winter semester”; Winterhalbjahr is not its general synonym.
nouns_025	nouns	17327	Zeitablauf	english	medium	gloss	passage of time/timeline	passage/lapse of time	A timeline is a Zeitleiste or Zeitplan, not a Zeitablauf.
nouns_025	nouns	17427	Autograph	english	medium	gloss	autograph/manuscript	autograph manuscript/original manuscript in the author’s or composer’s hand	The bare English “autograph” strongly suggests a signature (German Autogramm); this specialist noun denotes a handwritten original manuscript.
nouns_025	nouns	17465	Beschallung	english	low	gloss	sound coverage/sonication	sound reinforcement/amplification; sonication (technical)	“Sound coverage” is an awkward label for the common public-address/amplification sense and is a poor learner model.
nouns_025	nouns	17491	Blutabnahme	english	medium	gloss	taking of a blood sample/blood test	taking/drawing of blood; blood draw/blood sampling	Blutabnahme is the sampling procedure, not the subsequent blood test.
nouns_026	nouns	17523	Chlamydie	english	medium	gloss	chlamydia	chlamydia bacterium; distinguish this from Chlamydieninfektion “chlamydia/chlamydial infection”	The German singular denotes one bacterium, while unqualified English “chlamydia” is normally understood as the infection.
nouns_026	nouns	17532	Damenmode	english; cefrLevel	medium	cefr	lady fashion; A1	women’s fashion; approximately B1	“Lady fashion” is not idiomatic English, and this compound is substantially beyond a realistic A1 deck.
nouns_026	nouns	17542	DIA	word; english	high	junk	die DIA — DIA	remove unless a specific expanded acronym and sense can be supplied	An unexplained all-capital acronym translated only as itself is not a usable German noun entry and has no determinate learner meaning.
nouns_026	nouns	17592	Ellbogen	cefrLevel	medium	cefr	C1	approximately A2	This is an ordinary basic body-part word, so C1 seriously misplaces it in deck progression.
nouns_026	nouns	17609	Erfindergeist	plural	high	plural	Erfindergeister	—	In the glossed abstract sense “inventiveness/ingenuity”, Erfindergeist has no plural; Erfindergeister would instead be interpreted as inventive people/spirits.
nouns_026	nouns	17629	Exempel	english	medium	gloss	example	example, especially in the expression ein Exempel statuieren “to make an example of someone”	The bare gloss suggests a neutral everyday equivalent of Beispiel, although Exempel is elevated and now strongly phrase-bound.
nouns_026	nouns	17632	Exportschlager	english	low	gloss	export hit	successful/bestselling export; export success	“Export hit” is a German-influenced rendering rather than idiomatic British English.
nouns_026	nouns	17638	Fahnder	english	low	gloss	investigator/searcher	police investigator/detective	Fahnder normally means an investigator engaged in a police search; generic “searcher” is too broad.
nouns_026	nouns	17653	Fehlerkultur	english	medium	gloss	error culture	culture/organisational approach for dealing with mistakes	“Error culture” is an opaque calque and does not teach the concept to an English-speaking learner.
nouns_026	nouns	17669	Filmprogramm	english	low	gloss	film program	film programme	The bank targets British English, which spells this sense “programme”.
nouns_026	nouns	17670	Filzstift	english	low	gloss	felt pen/felt tip	felt-tip pen	“Felt pen” and bare “felt tip” are poorer learner models than the normal British term.
nouns_026	nouns	17678	Flitterwochen	cefrLevel	medium	cefr	C1	approximately B1–B2	This common word for “honeymoon” is markedly easier and more useful than a C1 assignment suggests.
nouns_026	nouns	17688	Football	english	high	gloss	American football	American football; for the count noun with plural Footballs, specifically an American-football ball	The stored plural belongs to the physical ball, whereas the gloss reads as the normally uncountable sport and hides that distinction.
nouns_026	nouns	17717	Garnier	word; english	high	junk	das Garnier — garnish	remove; use die Garnierung or die Garnitur for “garnish” as appropriate	Garnier is not a standard German common-noun lemma meaning “garnish” and appears to be corpus/name contamination.
nouns_026	nouns	17721	Gastauftritt	english	low	gloss	cameo	guest appearance; cameo (where the appearance is brief)	A Gastauftritt need not be the brief or minor appearance implied by “cameo”.
nouns_026	nouns	17738	Geocaching	cefrLevel	medium	cefr	C1	approximately B1–B2	This transparent, everyday leisure term is grossly over-levelled at C1.
nouns_026	nouns	17760	Gorleben	article; word; english	high	junk	das Gorleben — Gorleben	remove from the common-noun bank, or store Gorleben as a proper place name without an article in a proper-name resource	Gorleben is a place name normally used without an article, not a neuter common noun for learners.
nouns_026	nouns	17778	Grundton	english	high	gloss	keynote	fundamental note/tone; underlying tone or mood	“Keynote” is not the normal musical or figurative meaning and points learners toward Hauptgedanke/Leitmotiv instead.
nouns_026	nouns	17790	Habitus	english	medium	gloss	habit/habitus	habitus; bearing, demeanour or outward appearance	English “habit” is a false friend here and does not mean the German person’s characteristic bearing or appearance.
nouns_026	nouns	17810	Hausgebrauch	plural	high	plural	Hausgebräuche	— for the glossed sense “domestic/personal use”	Hausgebrauch is uncountable in this sense; Hausgebräuche would suggest household customs, not multiple instances of domestic use.
nouns_026	nouns	17825	Herrin	english	medium	gloss	mistress/lady	female master/owner/ruler; mistress only in the sense “female master”	The current gloss is ambiguous and invites the usual modern English sense “lover”, while “lady” is too vague.
nouns_026	nouns	17826	Herzchen	english	medium	gloss	sweetie pie	little heart/heart shape; darling/sweetheart (as a term of address)	The literal diminutive sense is omitted, and the entry presents only one contextual term-of-endearment translation.
nouns_026	nouns	17828	Herzklopfen	cefrLevel	medium	cefr	C1	approximately B1–B2	This transparent and common word for a pounding/racing heart is materially over-levelled.
nouns_026	nouns	17854	Hundesteuer	english	medium	gloss	dog licence fee	dog tax	Hundesteuer is legally a tax; a licence fee is a different charge and misstates the German concept.
nouns_026	nouns	17875	Iraner	english	low	gloss	Irani/Iranian	Iranian; Iranian man where gender needs to be explicit	“Irani” is not the normal British demonym and can have a narrower South-Asian meaning.
nouns_026	nouns	17877	Italienerin	english	low	gloss	Italian	Italian woman/female Italian	The gloss suppresses the explicitly feminine meaning that distinguishes Italienerin from Italiener.
nouns_026	nouns	17888	Kaminzimmer	english	low	gloss	fireplace room	room with a fireplace; fireside room	“Fireplace room” is not natural British English.
nouns_026	nouns	17908	Kiffen	english	low	gloss	smoking dope	smoking cannabis/weed	“Smoking dope” is dated and less clear for a modern learner than the direct everyday terms.
nouns_026	nouns	17909	Kinderfreundlichkeit	english	low	gloss	child friendliness	child-friendliness; how child-friendly something is	The unhyphenated calque is awkward and does not model idiomatic English clearly.
nouns_026	nouns	17941	Kohleverstromung	english	low	gloss	coal conversion into electricity	coal-fired power generation; generation of electricity from coal	The current wording is cumbersome and non-idiomatic.
nouns_026	nouns	17953	Königsweg	english	high	gloss	royal road/silver bullet	ideal/best solution or course of action	The usual figurative meaning is omitted; “royal road” is a literal calque and “silver bullet” adds the different idea of an effortless magic solution.
nouns_026	nouns	17971	Kreisklasse	english	medium	gloss	district class	district-level amateur league/division	“District class” is an opaque calque and does not explain the German sports-league level.
nouns_026	nouns	17985	Kulturfolger	english	medium	gloss	synanthrope/follower of human culture	synanthropic species; animal or plant that thrives in human-influenced habitats	“Follower of human culture” is a misleading literal translation, and “synanthrope” alone is too specialist for learner clarity.
nouns_026	nouns	18004	Landleben	plural	high	plural	Landleben	—	Landleben “country life” has no plural; the stored form would incorrectly render as die Landleben.
nouns_026	nouns	18022	Lebensphilosophie	plural	high	plural	—	Lebensphilosophien	The regular plural is standard and genuinely usable when referring to different philosophies/outlooks on life.
nouns_026	nouns	18036	Leite	english	low	gloss	slope/hillside	slope/hillside (regional, especially Austrian/Bavarian)	The meaning is right, but omitting the strong regional restriction makes this rare word look like neutral standard vocabulary.
nouns_026	nouns	18039	Lichtschranke	english	medium	gloss	light barrier	photoelectric sensor/beam sensor; photoelectric barrier	“Light barrier” is a German calque and is unlikely to tell a British learner what the device is.
nouns_026	nouns	18052	Lymphdrainage	english	low	gloss	lymph drain/lymphatic drainage	lymphatic drainage	“Lymph drain” suggests a physical drain rather than the therapeutic drainage/massage procedure.
nouns_026	nouns	18079	Melone	english	low	gloss	melon/bowler hat	melon; bowler hat (regional/dated)	The hat sense is not neutral contemporary standard usage and needs a register label.
nouns_026	nouns	18096	Missgunst	english	low	gloss	disfavour/envy/grudge	envy/ill will/resentment	“Disfavour” is not the usual meaning, and “grudge” describes a more specific lasting grievance.
nouns_026	nouns	18119	Musikant	english	medium	gloss	musician	folk/traditional musician; musician (often one playing popular or folk music)	The unqualified gloss erases the usage distinction from the neutral Musiker.
nouns_026	nouns	18131	Nachtwache	english	low	gloss	nightwatch	night watch/night duty; night watchman or night nurse according to context	The closed spelling is nonstandard here and the German word can denote the duty, the guard/person, or the watch period.
nouns_026	nouns	18146	Niedrigwasser	english	medium	gloss	low tide	low water/low-water level; low tide only in a tidal context	Niedrigwasser commonly describes low water in rivers and other bodies of water and is not synonymous with Ebbe.
nouns_026	nouns	18163	Ordination	english	medium	gloss	surgery/doctor's surgery (Austrian)	ordination; additionally doctor’s surgery/medical practice (Austrian)	The standard supraregional religious sense is omitted, leaving only the Austrian medical sense.
nouns_026	nouns	18171	Outing	english	high	gloss	coming out/outing	outing, i.e. public disclosure of another person’s sexuality or private identity; distinguish das Coming-out for voluntary coming out	German Outing normally denotes disclosure by others, so teaching it as “coming out” reverses the crucial agency distinction.
nouns_026	nouns	18175	Palladium	plural	high	plural	Palladien	— for the chemical element “palladium”	The metal is a mass noun without a plural; Palladien is associated with the separate historical sense “Palladium/Palladion statue”.
nouns_026	nouns	18180	Parkschein	english	high	gloss	parking ticket (pay-and-display) / parking permit	pay-and-display ticket/parking ticket; remove “parking permit”	A parking permit is a Parkausweis/Parkberechtigung, not a Parkschein.
nouns_026	nouns	18186	Personenkontrolle	english	medium	gloss	identity check	check/search of a person; identity check where that is specifically what is checked	Personenkontrolle can include a physical/security check and is broader than checking identity alone.
nouns_026	nouns	18196	Pflegeanstalt	english	low	gloss	nursing home/care institution	nursing/care institution (often dated or institutional in tone)	The meaning is broadly correct, but the important dated/institutional register is missing for a learner.
nouns_027	nouns	18205	Polizeiangabe	english	medium	gloss	police statement	information/details supplied by the police; police information	An Angabe is a piece of information or a detail; a formal police statement is normally an Aussage or Stellungnahme.
nouns_027	nouns	18219	Pressetext	english	medium	gloss	press release/press text	press copy/text supplied to the media; reserve “press release” for Pressemitteilung	Pressetext does not by itself denote the specific publication genre “press release.”
nouns_027	nouns	18249	Re	english	high	gloss	re/regarding	redouble/counter-call (in card games)	The German neuter noun with plural Res is the card-game call made in response to Kontra; “re/regarding” is an English preposition, not this noun's meaning.
nouns_027	nouns	18262	Reizhusten	english	medium	gloss	dry cough/nervous cough	dry/tickly/irritating cough	Reizhusten is caused by irritation and is not the German term for a nervous cough.
nouns_027	nouns	18288	Safety	english	high	gloss	safety	safety (American-football defensive player or two-point scoring play)	German der Safety is the borrowed American-football term, not the ordinary abstract concept “safety” (Sicherheit).
nouns_027	nouns	18290	Sakralbau	english	low	gloss	sacred architecture/sacred building	sacred/religious building	A Bau is a building; “sacred architecture” denotes the field or style rather than one Sakralbau.
nouns_027	nouns	18315	Schlagersänger	english	low	gloss	Schlager singer/pop singer	Schlager singer; singer of German-language popular music	A Schlagersänger performs the specific Schlager genre and is not a generic pop singer.
nouns_027	nouns	18329	Schoppen	english	low	gloss	tankard/measure of wine	glass or regional measure of wine	Schoppen normally denotes a measure or the corresponding glass of wine, not a tankard.
nouns_027	nouns	18386	Sonnensegel	english	medium	gloss	awning/solar sail/sun awning	shade sail/sun sail; solar sail (spacecraft sense)	The everyday object is a tensioned shade sail, not a generic awning; the spacecraft sense is distinct.
nouns_027	nouns	18394	Speis	article / english	high	article	der Speis — pantry/mortar	der Speis — mortar (Austrian/regional); treat die Speis — pantry as a separate feminine entry	The row conflates two regional nouns with different genders and meanings.
nouns_027	nouns	18421	Staphylococcus	word / plural	high	spelling	Staphylococcus — Staphylococcen	Staphylokokkus — Staphylokokken; alternatively retain scientific Staphylococcus only as a taxonomic name without the hybrid plural	The standard German common noun is Staphylokokkus; Staphylococcen is not its standard plural.
nouns_027	nouns	18454	TAN	english	medium	gloss	TAN	transaction authentication number (banking security code)	Repeating the unexplained German/English acronym gives a learner no meaning.
nouns_027	nouns	18473	Theaterbesuch	cefrLevel	low	cefr	C1	B1/B2	This transparent, everyday compound is substantially over-levelled and should not be held back to a C1 deck.
nouns_027	nouns	18474	Thesenpapier	english	low	gloss	position paper/thesis paper	position paper; paper/list setting out key propositions	It is not an academic thesis paper; that false cognate can mislead learners.
nouns_027	nouns	18503	Tröpfcheninfektion	english	high	gloss	airborne infection/droplet infection	droplet-transmitted infection/infection spread by respiratory droplets	Droplet and airborne transmission are medically distinct; the first alternative teaches a false equivalence.
nouns_027	nouns	18506	Tumorwachstum	english	low	gloss	tumor growth	tumour growth	The bank targets British English, which spells this noun “tumour.”
nouns_027	nouns	18509	Überholmanöver	english	low	gloss	overtaking maneuver	overtaking manoeuvre	The current spelling is American rather than British English.
nouns_027	nouns	18520	Unfallhergang	english	medium	gloss	course of the accident	circumstances/sequence of events of an accident	The current wording is a German calque and does not naturally convey the investigative sense of Hergang.
nouns_027	nouns	18533	Verdächtigung	english	medium	gloss	suspicion	accusation/allegation; suspicion cast on someone	Verdächtigung is the act or result of implicating someone, not merely an internally held suspicion.
nouns_027	nouns	18534	Verdachtsdiagnose	english	medium	gloss	suspected diagnosis	provisional/tentative diagnosis	“Suspected diagnosis” is unnatural and can suggest that the diagnosis itself, rather than the illness, is suspect.
nouns_027	nouns	18556	Videofilm	english	low	gloss	video film	video; film recorded on video	“Video film” is not a natural British-English headword.
nouns_027	nouns	18569	Vollzeitjob	cefrLevel	low	cefr	C1	A2/B1	This highly transparent and common work-related compound is grossly over-levelled for learner deck selection.
nouns_027	nouns	18576	Vorschule	english	medium	gloss	infant school/nursery school/pre-school	pre-school/preschool class; preparatory school or class where context requires	Vorschule is not generally equivalent to either a British infant school or a nursery school.
nouns_027	nouns	18578	Vortragsabend	english	low	gloss	lecture evening	evening lecture/evening of lectures	“Lecture evening” is an unnatural German calque.
nouns_027	nouns	18612	Weltkugel	plural	high	plural	—	Weltkugeln	The countable globe sense has the regular, standard plural die Weltkugeln.
nouns_027	nouns	18622	Wikidata	word / article	high	junk	die Wikidata	remove from the noun bank; ordinary German uses the bare proper name Wikidata	Wikidata is a proper name, not a feminine count noun that learners should memorise with die.
nouns_027	nouns	18639	Zahlungsbedingung	english	low	gloss	term of payment	payment term; terms of payment (plural)	“Term of payment” is an unnatural calque in ordinary British business English.
nouns_027	nouns	18650	Zentner	english	medium	gloss	hundredweight	metric hundredweight, normally 50 kg in Germany (100 kg in some Swiss contexts)	An unqualified British hundredweight is 112 lb/about 50.8 kg, so the current gloss hides a material regional difference in the unit.
nouns_027	nouns	18677	Abgeltungsteuer	english	medium	gloss	withholding tax/flat-rate capital-gains tax	final withholding tax on investment income (Germany)	It is neither generic withholding tax nor limited to capital gains; it also covers interest and dividends.
nouns_027	nouns	18687	Abwrackprämie	english	low	gloss	scrappage scheme/scrappage bonus	scrappage payment/incentive/bonus	The Prämie is the payment or incentive, not the scheme as a whole.
nouns_027	nouns	18692	Affekt	english	high	gloss	affect	strong emotion/fit of passion; affective outburst	English “affect” is a dangerous false friend and does not normally mean the intense, short-lived emotional state denoted by German Affekt.
nouns_027	nouns	18696	Aktenlage	english	low	gloss	case-file situation/state of the files	evidence/information on record; state of the case according to the files	Both current alternatives are opaque German calques rather than usable English.
nouns_027	nouns	18700	Alkoholverbot	english	low	gloss	alcohol prohibition	alcohol ban	“Alcohol prohibition” is an unnatural rendering for a specific ban.
nouns_027	nouns	18702	Allgemeinanästhesie	english	low	gloss	general anesthesia	general anaesthesia	The current spelling is American rather than British English.
nouns_027	nouns	18727	Antwortschreiben	english	low	gloss	answer letter	reply/response letter; written reply	“Answer letter” is not idiomatic British English.
nouns_027	nouns	18732	Anzucht	plural	high	plural	Anzüchte	— for the glossed cultivation/growing/raising sense	The cultivation sense is used without a plural; Anzüchte is the plural attached to the separate mining term meaning drainage ditches.
nouns_027	nouns	18733	Apfelkuchen	english	medium	gloss	apple cake/apple pie	apple cake/apple tart	Generic English “apple pie” is not equivalent to Kuchen and is normally Apfelpastete or a more specific kind of covered Apfelkuchen.
nouns_027	nouns	18735	Apparatur	english	low	gloss	apparatus/equipment/gadget	apparatus/equipment/setup	A gadget is a small ingenious device and is not a general equivalent of the usually technical Apparatur.
nouns_027	nouns	18739	Arbeitsmigrant	english	low	gloss	labor migrant/migrant worker	labour migrant/migrant worker	The first alternative uses American spelling in a British-English bank.
nouns_027	nouns	18747	Assessor	english	medium	gloss	assessor/junior civil servant	person who has passed the second state examination; fully qualified lawyer/candidate for the higher civil service (context-dependent)	English “assessor” is a false friend, and a German Assessor is not simply any junior civil servant.
nouns_027	nouns	18755	Aufklärungsquote	english	low	gloss	clearance rate	crime clear-up rate/detection rate	The current US-oriented term is underspecified for a British learner and omits the crime-investigation sense.
nouns_027	nouns	18757	Aufnahmegebühr	english	low	gloss	admission fee/enrollment fee	admission fee/enrolment fee	“Enrollment” is the American spelling; British English uses “enrolment.”
nouns_027	nouns	18767	Ausfuhrgenehmigung	english	low	gloss	export approval	export licence/permit	“Export approval” is less precise and less idiomatic than the standard regulatory terms.
nouns_027	nouns	18768	Ausgliederung	english	medium	gloss	spin-off/outsourcing	spin-off/demerger/hive-down; separation into another entity	Ausgliederung is a corporate or organisational separation; outsourcing work to an external supplier is not the same operation.
nouns_027	nouns	18777	Außenverteidiger	english	low	gloss	fullback	full-back	The standard British football spelling is “full-back.”
nouns_027	nouns	18789	Automotive	english	medium	gloss	automotive	automotive industry/sector	German die Automotive is a business-sector noun, whereas bare English “automotive” is primarily an adjective and does not explain the entry.
nouns_027	nouns	18791	Babyklappe	english	low	gloss	baby flap/baby hatch	baby hatch	“Baby flap” is a misleading literal translation rather than the established English term.
nouns_027	nouns	18812	Baumwollspinnerei	english	medium	gloss	cotton mill/cotton spinning	cotton-spinning mill/cotton mill	The noun denotes the mill or factory; “cotton spinning” is the process, not a translation of the establishment.
nouns_027	nouns	18814	Beamtenrecht	plural	high	plural	Beamtenrechte (with gloss “civil service law”)	— for the “civil-service law” sense	The legal-system sense is uncountable; Beamtenrechte is interpreted as “civil servants' rights,” a separate sense, not multiple bodies of civil-service law.
nouns_027	nouns	18829	Beschützer	cefrLevel	low	cefr	C1	B1/B2	This common, transparently derived agent noun is substantially over-levelled and unsuitable as a C1-only item.
nouns_027	nouns	18838	Beuteschema	english	medium	gloss	prey pattern/type	prey profile/type; figuratively, preferred partner type/profile	“Prey pattern” is not idiomatic English and the common figurative German use is missing.
nouns_027	nouns	18854	Bioladen	english	low	gloss	organic store	organic food shop/health-food shop	“Store” is US usage and the current gloss does not make clear that this is a food shop.
nouns_027	nouns	18867	Bluterguss	english	low	gloss	bruise/hematoma	bruise/haematoma	The medical alternative uses American rather than British spelling.
nouns_027	nouns	18870	Bohrhammer	english	medium	gloss	drifter drill/hammer drill/hammering drill	rotary hammer/hammer drill	“Hammering drill” is not idiomatic, and a drifter drill is a more specialised rock-drilling machine rather than the general tool.
nouns_027	nouns	18871	Boje	english	low	gloss	buoy/sonobuoy	buoy	A sonobuoy is specifically a Sonarboje, not a generic Boje.
nouns_027	nouns	18895	Bühnentechnik	english	low	gloss	stage technology	stage engineering/technical theatre/stagecraft	“Stage technology” is a literal and less idiomatic rendering of the theatrical field.
nouns_028	nouns	18908	Checker	english	low	gloss	smart cookie/checker	smart cookie/whizz; someone who understands or is knowledgeable (informal)	English “checker” normally means an inspector, a check-pattern element, or a game piece and is a false friend here.
nouns_028	nouns	18909	Chefkoch	english	medium	gloss	chef	head chef/executive chef	“Chef” is too broad; the compound specifically denotes the chef in charge of a kitchen.
nouns_028	nouns	18985	Einreichungsfrist	english	low	gloss	deadline	submission deadline/deadline for submitting something	The generic gloss loses the defining restriction expressed by Einreichung and can encourage over-broad use.
nouns_028	nouns	19027	Erziehungsgeld	english	medium	gloss	parental allowance	child-rearing allowance (former German benefit; replaced by Elterngeld)	The historical Erziehungsgeld scheme is not the current Elterngeld (“parental allowance”); the present gloss conflates them.
nouns_028	nouns	19035	Fabrikhalle	english	low	gloss	factory hall	factory building/production hall/factory floor (according to context)	“Factory hall” is an unnatural literal translation in British English.
nouns_028	nouns	19044	Fahrtstrecke	english	low	gloss	route/distance traveled	route/distance travelled	For the specified British-English audience, “travelled” takes double l.
nouns_028	nouns	19048	Fanclub	cefrLevel	low	cefr	C1	A2 or B1	This common, transparent international compound is grossly easier than C1 and would be introduced implausibly late.
nouns_028	nouns	19056	Feldstein	english	medium	gloss	fieldstone/erratic	fieldstone/stone cleared from a field	A glacial erratic is specifically a Findling; “erratic” is not a safe general translation of Feldstein.
nouns_028	nouns	19058	Fernost	article	high	article	der	no article (Fernost, as in in/nach/aus Fernost)	Standard German uses this geographical name without an article; teaching “der Fernost” gives learners an unusable citation phrase.
nouns_028	nouns	19083	Fischereihafen	english	low	gloss	fishing harbor	fishing harbour	The target audience is British-English-speaking, for whom the standard spelling is “harbour”.
nouns_028	nouns	19097	Flugstunde	english	medium	gloss	flight hour	flying lesson; hour of flying/one hour’s flight time	The first and highly salient dictionary sense is a lesson with a flying instructor; the current gloss presents only the secondary duration sense.
nouns_028	nouns	19111	Freitod	english	medium	gloss	suicide	suicide (euphemistic/elevated term)	Without the usage label, learners may treat Freitod as the neutral everyday equivalent of Suizid/Selbsttötung.
nouns_028	nouns	19116	Früh	article	high	article	der	die	The Austrian noun occurs as die Früh, especially in the phrase in der Früh.
nouns_028	nouns	19155	Gemeine	english	high	gloss	the common/lowly	community/congregation (obsolete/regional variant of Gemeinde), or remove the entry	The feminine noun die Gemeine means Gemeinde; the current gloss instead mistranslates a nominalised use of the adjective gemein.
nouns_028	nouns	19165	Geschichtsdidaktik	english	low	gloss	didactics of history	history education/history teaching methodology	“Didactics of history” is an unnatural calque and is unclear to an English-speaking learner.
nouns_028	nouns	19190	Grenzerfahrung	english	medium	gloss	borderline experience/liminal experience	extreme experience/experience of reaching one’s limits	The word normally denotes an experience at the limits of physical or psychological endurance, not a “borderline” or anthropologically liminal experience.
nouns_028	nouns	19207	Guerilla	english	medium	gloss	guerilla/guerrilla	guerrilla warfare/guerrilla force or unit	Feminine die Guerilla denotes the form of warfare or the fighting unit; an individual guerrilla is masculine der Guerilla (now dated) or a Guerillakämpfer.
nouns_028	nouns	19245	Heizwerk	english	high	gloss	heating plant/thermal power station	heating plant/district-heating plant	A Heizwerk supplies heat; a power station, especially one also producing electricity, is a Kraftwerk or Heizkraftwerk.
nouns_028	nouns	19270	Holzbrücke	cefrLevel	low	cefr	C1	A2 or B1	This fully transparent compound of two basic nouns is grossly mislevelled at C1.
nouns_028	nouns	19282	Hundeschule	english	low	gloss	dog school	dog-training school/dog-training classes	“Dog school” is an avoidable Germanism and does not provide an idiomatic British learner model.
nouns_028	nouns	19287	Ich	plural; english	high	plural	plural=Ich; english=Ichs	plural=Ichs; english=ego/self/the I	The plural and translation appear shifted: Ichs is the German plural, while the English field currently contains no translation at all.
nouns_028	nouns	19288	Illegale	english	medium	gloss	undocumented person/illegal	person living/working in a country illegally; undocumented migrant (where that sense is intended, with usage note)	“Undocumented” is not coextensive with every use of Illegale, while bare English “illegal” as a person label is disparaging and needs a register warning.
nouns_028	nouns	19295	Industrieproduktion	english	low	gloss	industry production	industrial production	“Industrial production” is the idiomatic English collocation.
nouns_028	nouns	19299	Infektionsschutz	english	low	gloss	infection protection	infection prevention/infection control/protection against infection	“Infection protection” is a German calque rather than an idiomatic British-English term.
nouns_028	nouns	19321	Jahreszeugnis	english	low	gloss	annual report card	end-of-year school report/annual school report	“Report card” is chiefly North American, and “annual report card” is not a natural British school term.
nouns_028	nouns	19327	Juniorchef	english	medium	gloss	junior manager/junior boss	younger/junior member of the management, especially the owner’s successor in a family business	The term commonly marks the younger generation or designated successor in a family firm, not simply any low-ranking manager.
nouns_028	nouns	19342	Kampfpreis	english	low	gloss	competitive price/killer price	aggressively low price/rock-bottom price	“Killer price” is not idiomatic British English, while “competitive price” understates the deliberate price-cutting force of Kampfpreis.
nouns_028	nouns	19368	Kinderbekleidung	plural	high	plural	Kinderbekleidungen	—	Kinderbekleidung is normally an uncountable collective; the stored plural is not a standard, genuinely useful citation plural.
nouns_028	nouns	19375	Kitz	english	low	gloss	fawn	fawn; kid/young goat, chamois or deer (depending on species)	Kitz is not restricted to young deer, so the sole gloss omits other ordinary animal senses.
nouns_028	nouns	19378	Klarinettist	english	low	gloss	clarinetist	clarinettist	“Clarinettist” is the standard British spelling requested for this bank.
nouns_028	nouns	19382	Kleindarsteller	english	medium	gloss	bit-part actor/extra	bit-part actor/small-part actor	A Kleindarsteller has a small acting role; an extra without an individual role is a Komparse.
nouns_028	nouns	19424	Krümel	cefrLevel	low	cefr	C1	A2 or B1	This common everyday noun is grossly easier than C1 and should not be withheld to an advanced deck.
nouns_028	nouns	19447	Ländle	english	medium	gloss	Swabia/the Ländle	the Ländle (affectionate regional name for Württemberg/Baden-Württemberg or Vorarlberg, depending on context)	Ländle does not straightforwardly equal the geographical and historical region “Swabia”; its reference varies by speaker and region.
nouns_028	nouns	19452	Laubholz	english	medium	gloss	deciduous wood/broadleaf timber	wood from a broad-leaved/deciduous tree; also a broad-leaved woody plant/tree	The current gloss covers only the material sense, although the countable sense—especially behind the plural Laubhölzer—denotes the trees or woody plants themselves.
nouns_028	nouns	19464	Lehrgeld	english	medium	gloss	tuition fee/lesson learned the hard way	apprenticeship/training fee (historical); hard-earned lesson, especially in Lehrgeld zahlen	Modern university or school tuition is not normally Lehrgeld, and the figurative sense is chiefly used in the fixed expression Lehrgeld zahlen.
nouns_028	nouns	19470	Lernmittelfreiheit	english	medium	gloss	free learning resources/free provision of school materials	free provision of school/teaching materials	“Free learning resources” can mean freely licensed or generally no-cost resources and obscures the specific policy of publicly providing required school materials.
nouns_028	nouns	19508	Mass	article; word; plural; english	high	junk	die | Mass | Mass | die Maß, plural Maß	replace with das Maß | Maße | measure/degree/dimensions, or use Swiss das Mass | Masse with an explicit regional label	This row is corrupted: its article is wrong, its English field contains German metadata, and neither the standard-German nor Swiss spelling has been given a valid plural.
nouns_028	nouns	19524	Meinungsforschung	english	low	gloss	opinion research	public-opinion research/opinion polling	“Opinion research” is a literal and much less idiomatic English rendering.
nouns_028	nouns	19534	Meterware	english	low	gloss	fabric/material sold by the meter	fabric/material sold by the metre	British English spells the unit of length “metre”.
nouns_028	nouns	19552	Mittelmeer	english	low	gloss	mediterranean sea	Mediterranean Sea/the Mediterranean	The proper geographical name requires capitals in English.
nouns_028	nouns	19574	Mündigkeit	english	medium	gloss	legal majority / coming of age	maturity/autonomy/capacity to make responsible decisions; also legal majority	The current gloss reduces the broad, common concept of personal intellectual and civic autonomy to the narrower legal sense of Volljährigkeit.
nouns_028	nouns	19581	Mutterhaus	english	medium	gloss	mother house	motherhouse (of a religious order); parent company/head office (business)	The spaced literal translation is not a clear general English gloss and omits the important corporate sense.
nouns_028	nouns	19586	Nachmittagsunterricht	plural	high	plural	Nachmittagsunterrichte	—	In its normal collective sense “afternoon teaching/classes”, this compound is used without a plural; the stored form is artificial and not learner-worthy.
nouns_028	nouns	19599	Neger	english	medium	gloss	Negro (offensive racial slur)	highly offensive racial slur for a Black person (receptive knowledge only)	Mapping one historically variable English racial term to another can miscalibrate the German word’s present-day severity; a direct usage warning is safer for learners.
nouns_029	nouns	19606	Nichtschwimmer	cefrLevel	medium	cefr	B2	A2 or B1	This transparent, everyday word is far too basic for a B2-only deck.
nouns_029	nouns	19622	Obergeschoß	word, plural	low	spelling	Obergeschoß; Obergeschoße	Prefer Obergeschoss; Obergeschosse, or label the current forms southern German/Austrian.	The ß forms are valid regional standard forms, but presenting them without a regional label is liable to confuse learners expecting the broadly used German forms.
nouns_029	nouns	19626	Oberschüler	english	low	gloss	upper school student/high school student	secondary-school pupil; formerly grammar-school pupil	The current wording mixes an unclear calque with US English and omits the word's dated or school-system-dependent character.
nouns_029	nouns	19650	Paketbote	english	low	gloss	parcel delivery driver / postman	parcel courier / parcel delivery worker	A Paketbote specifically delivers parcels and need not be a postman or even the vehicle's driver.
nouns_029	nouns	19653	Panoramafenster	english	low	gloss	picture-window	picture window / panoramic window	The standalone English noun is normally written without a hyphen.
nouns_029	nouns	19656	Papiermüll	english	low	gloss	waste-paper	waste paper / paper waste	The hyphenated standalone English form is unnatural learner-facing wording.
nouns_029	nouns	19689	Pneu	english	medium	gloss	tyre	tyre (Swiss German; elsewhere usually Reifen)	Pneu is standard everyday usage chiefly in Switzerland; the missing regional label could make learners use it as the general German word.
nouns_029	nouns	19693	Polizeigewalt	plural	high	plural	Polizeigewalten	"— for the glossed sense ""police violence/brutality"""	The violence sense is uncountable; Polizeigewalten belongs to the distinct sense of police powers/authorities.
nouns_029	nouns	19697	Postfiliale	english	low	gloss	postal branch	post office branch / local post office	"""Postal branch"" is an unnatural British-English label for this everyday place."
nouns_029	nouns	19714	Probetraining	english	low	gloss	trial training	trial training session / taster session	"""Trial training"" on its own is a German-influenced, unnatural English collocation."
nouns_029	nouns	19758	Rechtsfähigkeit	plural	high	plural	Rechtsfähigkeiten	—	The legal status/capacity denoted by Rechtsfähigkeit has no standard plural.
nouns_029	nouns	19773	Rein	english	medium	gloss	roasting pan/baking dish	roasting tin / baking dish (Bavarian/Austrian regional usage; standard German usually Bräter)	The headword and stored forms are legitimate, but the missing strong regional label makes it a poor general learner model.
nouns_029	nouns	19807	Rota	english	low	gloss	Rota	Roman Rota / papal court of appeal	Repeating the rare proper name gives a learner no usable meaning or domain information.
nouns_029	nouns	19834	Schichtbetrieb	plural, english	high	plural	Schichtbetriebe; shift operation	"Use — with ""shift work/shift operation"", or retain Schichtbetriebe and add the countable sense ""business/facility operating shifts""."	The plural is valid only for countable workplaces; the currently glossed operating arrangement is singular-only.
nouns_029	nouns	19836	Schienbein	cefrLevel	medium	cefr	C1	A2 or B1	This common body-part word is grossly over-levelled at C1.
nouns_029	nouns	19840	Schimpfwort	english	medium	gloss	curse/name/swearword	insult / abusive word / swear word	"Bare ""name"" is not a translation, and ""curse"" alone can suggest a magical curse rather than an insulting word."
nouns_029	nouns	19852	Schneeball	cefrLevel	medium	cefr	B2	A1 or A2	This concrete, transparent everyday word is grossly over-levelled.
nouns_029	nouns	19853	Schneehase	english	high	gloss	alpine hare/arctic hare/mountain hare	mountain hare / alpine hare	Arctic hare is a different species; German Schneehase denotes Lepus timidus, not Lepus arcticus.
nouns_029	nouns	19857	Schnellstraße	english	medium	gloss	dual carriageway / expressway	expressway / high-speed road	A Schnellstraße need not be a dual carriageway, so the first equivalent teaches a false structural requirement.
nouns_029	nouns	19901	Selbsterfahrung	english	medium	gloss	self-awareness/self-experience	self-exploration / experiential self-discovery; self-experience (specialist contexts)	"Self-awareness is Selbstwahrnehmung or Selbstbewusstsein, while ""self-experience"" is not clear everyday English."
nouns_029	nouns	19917	Snap	english	medium	gloss	hike/snap	snap (American football: the backward handover that starts a play)	"The context-free alternatives do not explain the specialised German noun, and ""hike"" is especially opaque outside American-football usage."
nouns_029	nouns	19919	Sojamilch	plural	high	plural	Sojamilchen	Sojamilche (rare sort plural), or — for ordinary soy milk	Sojamilchen is the dative plural, not the nominative citation plural that the app displays after die.
nouns_029	nouns	19945	Spritzwasser	english	low	gloss	splash water/spray water	spray / splashed water	Both current English compounds are unnatural and can be misread as water intended for spraying.
nouns_029	nouns	19953	Stahlbau	plural, english	high	plural	Stahlbauten; steel construction	"Use — for ""steel construction"", or retain Stahlbauten and add ""steel structure/building""."	Stahlbauten is the plural of the countable structure sense, whereas the gloss names the uncountable construction method/industry.
nouns_029	nouns	19959	Startnummer	english	low	gloss	start number	race number / competitor number / bib number	"""Start number"" is a literalism and is less clear or idiomatic for British learners."
nouns_029	nouns	19974	Stofftier	cefrLevel	medium	cefr	C1	A1 or A2	This basic childhood object is grossly over-levelled at C1.
nouns_029	nouns	19976	Strafantrag	english	high	gloss	criminal complaint	request/application for criminal prosecution	A criminal complaint is a Strafanzeige; a Strafantrag is the legally distinct request needed to prosecute certain offences.
nouns_029	nouns	19980	Stringenz	english	high	gloss	stringency	cogency / logical rigour / coherence	This is a dangerous false friend: English stringency normally means strictness, not the logical consistency meant by German Stringenz.
nouns_029	nouns	20003	Techno	cefrLevel	medium	cefr	C1	A2 or B1	The familiar music-genre word is grossly over-levelled at C1.
nouns_029	nouns	20029	Topfavorit	english	low	gloss	top favorite	firm favourite / clear favourite	The bank targets British English, but the current gloss uses US spelling and an awkward tautological phrase.
nouns_029	nouns	20031	Torschuss	english	high	gloss	on-target shot/shot on goal	shot at goal / goal attempt	A Torschuss need not be on target; the current first equivalent wrongly narrows the football term.
nouns_029	nouns	20039	Trambahn	english	low	gloss	tramway	tram / tramway (regional, especially southern German/Austrian; general German Straßenbahn)	The translation is sound, but the missing regional label encourages learners to treat Trambahn as the neutral nationwide default.
nouns_029	nouns	20050	Trompeter	cefrLevel	medium	cefr	C1	A2 or B1	This transparent name for a common musician is grossly over-levelled at C1.
nouns_029	nouns	20096	Verderben	plural	high	plural	Verderben	—	"The noun meaning ruin, spoilage or undoing has no plural; the stored value would render as the invalid learner form ""die Verderben""."
nouns_029	nouns	20131	Viruserkrankung	english	medium	gloss	viral infection	viral illness / viral disease	Erkrankung denotes an illness or disease, while an infection (Infektion) can exist without symptomatic disease.
nouns_029	nouns	20171	Wasserstoffperoxid	plural	high	plural	Wasserstoffperoxide	—	Hydrogen peroxide is the name of a specific chemical substance and has no standard plural in this sense.
nouns_029	nouns	20233	Zeitverschwendung	cefrLevel	medium	cefr	C1	B1 or B2	"This very common, transparent equivalent of ""waste of time"" is materially over-levelled at C1."
nouns_029	nouns	20238	Zeus	article	high	article	der	no article; mark as a proper name or remove it from an article-drilling noun bank	"Zeus is a personal proper name and is normally used articlelessly, so teaching ""der Zeus"" as its citation form is false."
nouns_029	nouns	20274	Ablehnungsbescheid	english	medium	gloss	rejection letter	official rejection notice / decision rejecting an application	A Bescheid is an official administrative decision, not merely any letter communicating rejection.
nouns_029	nouns	20275	Abschlusstraining	english	low	gloss	final training	final training session	The current English sounds like the completion of someone's overall training rather than the final practice session meant in German.
nouns_029	nouns	20286	Agitation	english	medium	gloss	agitation	political agitation / propaganda / active campaigning	The bare cognate invites the much commoner English sense of anxiety or restlessness and does not identify the German word's political meaning.
nouns_029	nouns	20296	Alkoholmissbrauch	plural	high	plural	Alkoholmissbräuche	—	The fixed substance-abuse term Alkoholmissbrauch is singular-only; separate incidents would be Fälle von Alkoholmissbrauch.
nouns_030	nouns	20314	Anfangskapital	plural	high	plural	—	Anfangskapitalien (also Anfangskapitale)	the noun has a usable standard plural, especially when comparing the starting capital of several firms or projects.
nouns_030	nouns	20331	Arbeiterschaft	plural	high	plural	—	Arbeiterschaften	the standard plural is established and usable for the workforces or working classes of different places or periods.
nouns_030	nouns	20333	Arbeitsgeber	word	medium	gloss	"Arbeitsgeber — ""employer"""	replace with the standard Arbeitgeber, or explicitly label Arbeitsgeber as a rare variant	Arbeitsgeber exists, but Arbeitgeber is overwhelmingly the normal modern form; presenting the rare variant without warning is a poor learner model.
nouns_030	nouns	20337	As	word, plural, english	high	gloss	"das As; plural Asse; ""as/ace"""	"das As; plural As; ""A flat (musical note)"""	"the row conflates As, the musical note A flat, with Ass ""ace""; Asse is the plural of Ass, not of this lemma."
nouns_030	nouns	20385	Ballverlust	english	low	gloss	"""turnover"""	"""loss of possession; turnover"""	"in the football context most likely here, ""loss of possession"" is the clear idiomatic British-English gloss, while bare ""turnover"" is chiefly an American or sport-specific rendering."
nouns_030	nouns	20387	Bange	english	low	gloss	"""fear"""	"""fear (regional/idiomatic, especially nur keine Bange! = don't worry!)"""	the noun is regionally marked and strongly associated with fixed expressions; the bare gloss makes it look like a neutral general synonym for Angst.
nouns_030	nouns	20394	Bauklotz	english	high	gloss	"""building brick"""	"""building block; toy block"""	a Bauklotz is a child's building block, not an ordinary masonry brick.
nouns_030	nouns	20395	Baumwollstoff	english	high	gloss	"""scrim"""	"""cotton fabric; cotton cloth"""	scrim is only one particular loosely woven fabric; it is not the general meaning of Baumwollstoff.
nouns_030	nouns	20397	Befangenheit	plural	high	plural	—	Befangenheiten	the noun has the standard plural Befangenheiten, usable for distinct forms or instances of inhibition, partiality, or bias.
nouns_030	nouns	20405	Beitrittserklärung	english	medium	gloss	"""application for membership"""	"""declaration of accession/joining; membership form"""	an application is a Beitrittsantrag; a Beitrittserklärung is a declaration of joining, though a club may use such a form as part of its application process.
nouns_030	nouns	20475	Bub	english	medium	gloss	"""lad/little boy"""	"""boy/lad (southern German, Austrian and Swiss)"""	the meaning is right, but the missing regional label encourages learners to use Bub as the neutral nationwide word for Junge.
nouns_030	nouns	20480	Buddel	english	medium	gloss	"""bottle"""	"""bottle (northern German, colloquial)"""	Buddel is a regional colloquial word, not the unmarked standard equivalent of Flasche.
nouns_030	nouns	20572	Einkaufstasche	cefrLevel	low	cefr	C1	A2/B1 (approximately)	"""shopping bag"" is routine concrete shopping vocabulary, so placing it at C1 substantially overstates its difficulty."
nouns_030	nouns	20573	Einlauf	english	medium	gloss	"""finish, arrival (of a race)"""	"""inflow/inlet; enema; entrance or finish (sport), depending on context"""	the row gives only a narrow sporting sense and omits the common medical sense and the basic senses involving something flowing or entering.
nouns_030	nouns	20609	Erfrischungsgeld	english	medium	gloss	"""refreshment allowance"""	"""allowance/expense payment for election workers"""	the literal gloss does not explain the word's specific German administrative use and may suggest an ordinary workplace refreshments allowance.
nouns_030	nouns	20657	Farbige	english	high	gloss	"""person of colour"""	"""coloured person (dated and discriminatory); do not teach as the neutral equivalent of Person of Color"""	der Farbige is not a neutral German rendering of the self-designation Person of Color and is now widely marked as discriminatory.
nouns_030	nouns	20668	Feldmark	plural	high	plural	—	Feldmarken	Feldmark has the regular, genuinely usable plural Feldmarken for the lands belonging to different settlements.
nouns_030	nouns	20699	Flößerei	english	medium	gloss	"""log driving"""	"""timber rafting; rafting trade"""	Flößerei centrally denotes transporting timber in rafts and the associated trade; log driving more specifically suggests floating loose logs.
nouns_030	nouns	20725	Frei	english	medium	gloss	"""day off/time off"""	"""time off (occupational jargon, especially in care work: im Frei)"""	das Frei is real but restricted workplace jargon; ordinary learners should normally use frei haben, Freizeit, or ein freier Tag.
nouns_030	nouns	20747	Fußballnationalmannschaft	english	low	gloss	"""national soccer team"""	"""national football team"""	"the bank is aimed at British-English speakers, for whom ""football"" is the natural term."
nouns_030	nouns	20748	Fußballtraining	english	low	gloss	"""football practice"""	"""football training"""	"""football training"" is the idiomatic British-English phrase; ""practice"" is the American choice here."
nouns_030	nouns	20808	Geröll	english	medium	gloss	"""boulder/detritus/scree"""	"""scree; rubble; loose rock/debris"""	Geröll is a collective mass of loose rock or debris, not one individual boulder.
nouns_030	nouns	20840	Goldstandard	plural	high	plural	—	Goldstandards	the standard plural Goldstandards is common when comparing monetary systems, procedures, or benchmark methods.
nouns_030	nouns	20865	Gruppendynamik	plural	high	plural	—	Gruppendynamiken	the noun has a standard usable plural for the differing dynamics of multiple groups.
nouns_030	nouns	20866	Grütze	english	low	gloss	"""groats"""	"""groats; porridge/pudding (especially rote Grütze); brains/wits (colloquial)"""	"""groats"" covers the raw-grain sense but omits the very common prepared-food use and a useful colloquial sense."
nouns_030	nouns	20868	Gymnasiallehrerin	english	low	gloss	"""female secondary school teacher"""	"""female teacher at a Gymnasium; female grammar-school teacher"""	Gymnasium is a particular academically oriented type of secondary school, not a generic secondary school.
nouns_030	nouns	20929	Heulen	english	medium	gloss	"""howl/roar"""	"""howling; wailing/crying; roaring"""	the very common human sense, crying or wailing, is absent, and the current bare singular nouns are an awkward model for the nominalised activity.
nouns_030	nouns	20955	Holzmöbel	english	low	gloss	"""timber furniture"""	"""wooden furniture; wood furniture"""	"""timber furniture"" is an unnatural default gloss for a finished item in British English."
nouns_030	nouns	20956	Holzskulptur	english	low	gloss	"""timber sculpture"""	"""wood sculpture; wooden sculpture"""	"""timber sculpture"" is not the normal general English term."
nouns_030	nouns	20961	Hörsturz	plural	high	plural	—	Hörstürze	Hörsturz is countable and has the ordinary plural Hörstürze.
nouns_030	nouns	20962	Hortkind	english	low	gloss	"""after-school care child"""	"""child attending an after-school care centre/club"""	the current phrase is an opaque German-style compound rather than natural explanatory English.
nouns_030	nouns	20977	Imageschaden	english	low	gloss	"""image damage"""	"""reputational damage; damage to one's public image"""	"bare ""image damage"" normally suggests damage to a picture or image file and is a misleading calque here."
nouns_030	nouns	20978	Imbissbude	cefrLevel	low	cefr	C1	B1/B2 (approximately)	this familiar everyday word for a snack bar or food stall is substantially below advanced C1 vocabulary.
nouns_030	nouns	20983	Individualist	cefrLevel	low	cefr	A1	B1/B2 (approximately)	this abstract personality label is not realistic absolute-beginner vocabulary, so A1 places it grossly too early.
nouns_030	nouns	20996	Inländer	english	medium	gloss	"""domestic resident/native"""	"""citizen or resident of the country; domestic national (contrasted with Ausländer)"""	"""native"" can mean an indigenous or locally born person and does not reliably convey the legal/administrative domestic-versus-foreign contrast of Inländer."
nouns_031	nouns	21038	Kaffeemühle	english	low	gloss	coffee grinder/coffee mill/coffeemill	coffee grinder/coffee mill	`coffeemill` is not the standard English spelling; it should not be taught as an alternative form.
nouns_031	nouns	21039	Kaffeepulver	cefrLevel	medium	cefr	C1	A2/B1	This transparent, everyday food noun is grossly over-levelled at C1.
nouns_031	nouns	21052	Kapitalertragsteuer	english	high	gloss	capital gains tax	tax on investment income/capital-income tax	Kapitalertragsteuer covers investment income such as interest and dividends, not merely capital gains; the current gloss teaches the wrong tax concept.
nouns_031	nouns	21098	Kleinkunstbühne	english	medium	gloss	cabaret	cabaret stage/small-arts venue	The noun denotes the stage or venue for Kleinkunst, not the art form or performance itself.
nouns_031	nouns	21114	Kommissionspräsident	english	medium	gloss	commission chairman	commission president	Präsident is “president” here (notably in the European Commission title); “chairman” is an avoidable role and gender mismatch.
nouns_031	nouns	21172	Kuhstall	cefrLevel	medium	cefr	C1	A2/B1	This concrete, transparent farm noun is grossly over-levelled at C1.
nouns_031	nouns	21173	Kulturmagazin	english	low	gloss	culture mag/culture program	arts/culture magazine; arts/culture programme	“Culture mag” is unnecessarily casual and `program` is the US spelling rather than the intended British `programme` for a broadcast.
nouns_031	nouns	21174	Kulturministerin	english	low	gloss	cultural minister	culture minister (female)	“Cultural minister” is not the idiomatic English title.
nouns_031	nouns	21209	Langsamkeit	cefrLevel	medium	cefr	C1	A2/B1	This common, transparently derived noun is grossly over-levelled at C1.
nouns_031	nouns	21233	Leseratte	cefrLevel	medium	cefr	C1	A2/B1	This common learner-friendly word for “bookworm” is grossly over-levelled at C1.
nouns_031	nouns	21260	Luxusproblem	english	medium	gloss	luxury problem	first-world problem/problem arising from affluence	“Luxury problem” is a literal calque and does not convey the idiomatic meaning clearly in English.
nouns_031	nouns	21282	Mehrkampf	english	low	gloss	all-around	combined event/multi-event competition	The current US-oriented shorthand is opaque and does not clearly say that the competition comprises several disciplines.
nouns_031	nouns	21284	Meise	english	low	gloss	titmouse	tit	`Tit` is the normal British-English bird name; `titmouse` is chiefly North American or historical.
nouns_031	nouns	21315	Mucke	english	high	gloss	plural —; also note Mucken is the plural of a different word (whims/quirks)	gig (music jargon); music (informal)	The English field contains a misleading editorial note instead of a translation. For the music/gig senses, Mucken is in fact a standard plural too.
nouns_031	nouns	21317	Müllhalde	english	low	gloss	garbage dump	rubbish dump/rubbish tip	The current gloss is North American rather than the requested idiomatic British English.
nouns_031	nouns	21323	Mundharmonika	english	low	gloss	harmonica/mouth organ/mouthorgan	harmonica/mouth organ	`mouthorgan` is not the standard spelling and should not be offered as a learner form.
nouns_031	nouns	21327	Muskelfaserriss	english	low	gloss	torn muscle fiber	torn muscle fibre/muscle-fibre tear	`Fibre` is the required British-English spelling, and the compound is more clearly rendered as a muscle-fibre tear.
nouns_031	nouns	21338	Nachtschattengewächs	english	low	gloss	nightshade/solanum	nightshade-family plant/member of the nightshade family	A Nachtschattengewächs is any member of Solanaceae, whereas Solanum is only one genus in that family.
nouns_031	nouns	21347	Namensschild	cefrLevel	medium	cefr	C1	A2/B1	This common, concrete compound (“name badge/nameplate”) is grossly over-levelled at C1.
nouns_031	nouns	21387	Oberbauch	english	low	gloss	upper abdomen; plural —	upper abdomen	The editorial plural note contradicts the valid stored plural Oberbäuche and does not belong in the translation.
nouns_031	nouns	21393	Obligation	english	medium	gloss	obligation	bond/debenture; obligation (dated legal sense)	The unlabelled cognate foregrounds a dated legal sense and hides the normal modern finance meaning, creating a strong false-friend risk.
nouns_031	nouns	21425	Paarbeziehung	english	low	gloss	couple relationship	relationship/romantic relationship	“Couple relationship” is an unnatural English calque.
nouns_031	nouns	21447	Pferdewirt	english	medium	gloss	groom/stablehand	equine professional/horse-industry professional	Pferdewirt is a trained occupation covering breeding, husbandry, care and often training; reducing it to a groom or stablehand is materially too narrow.
nouns_031	nouns	21458	Pizzabäcker	english	low	gloss	pizzaiolo/pizzamaker	pizzaiolo/pizza maker	`Pizza maker` is written as two words; `pizzamaker` should not be taught as an alternative spelling.
nouns_031	nouns	21476	Pränataldiagnostik	english	low	gloss	prenatal diagnosis	prenatal testing/prenatal diagnostics	The German noun denotes the field or range of prenatal diagnostic tests, not one diagnosis.
nouns_031	nouns	21479	Presseausweis	english	low	gloss	press identity card	press card/press pass	The current phrase is understandable but not idiomatic British English.
nouns_031	nouns	21507	Pürierstab	english	low	gloss	immersion blender	hand blender/stick blender	The current term is chiefly North American; `hand blender` is the usual British learner gloss.
nouns_031	nouns	21511	Qualitätsarbeit	english	low	gloss	quality work	high-quality work/quality workmanship	The bare phrase “quality work” is ambiguous and does not clearly convey work of high quality.
nouns_031	nouns	21533	Reagenzglas	english	low	gloss	test glass/test tube	test tube	`Test glass` is a German-influenced nonstandard alternative and should be removed.
nouns_031	nouns	21537	Rechtsakte	article, word, plural, english	high	junk	die Rechtsakte; plural Rechtsakten; legal act	der Rechtsakt; plural Rechtsakte; legal act	The row has mistaken the plural Rechtsakte for a feminine singular and then generated Rechtsakten; the gloss belongs to the masculine lemma Rechtsakt.
nouns_031	nouns	21546	Regierungsbeteiligung	english	low	gloss	government participation	participation in government/being part of the governing coalition	The current noun phrase is an unnatural calque and obscures the political meaning.
nouns_031	nouns	21563	Renaturierungsmaßnahme	english	low	gloss	ecological restoration action	ecological restoration measure	`Measure` is the natural and more precise translation of Maßnahme here.
nouns_031	nouns	21572	Rettungsschwimmer	english	low	spelling	life-guard	lifeguard	The standard modern spelling is the closed form `lifeguard`.
nouns_031	nouns	21577	Rippchen	english	medium	gloss	cured pork rib	rib/pork rib(s)	Rippchen is rib meat, especially pork, but it is not inherently cured; the current gloss teaches an unjustified preparation detail.
nouns_031	nouns	21597	Sägewerk	english	low	gloss	lumbermill/sawmill	sawmill	`Lumbermill` is not the normal British-English form; the valid, clear equivalent is `sawmill`.
nouns_031	nouns	21606	Sanierungskonzept	english	medium	gloss	redevelopment concept	renovation/remediation/restructuring plan (according to context)	Sanierung has several central senses, and “redevelopment” alone is too narrow; `plan` is also more idiomatic here than `concept`.
nouns_031	nouns	21608	Satzglied	english	low	gloss	sentence element	sentence constituent/constituent	`Constituent` is the established grammatical term; the current literal phrase is imprecise for learners.
nouns_031	nouns	21623	Schießscharte	english	medium	gloss	arrow slit/balistraria	firing slit/loophole/embrasure	The German term is generic for a defensive opening used to fire at an enemy; restricting it to arrows is too narrow, and `balistraria` is needlessly obscure.
nouns_031	nouns	21655	Schulfreund	cefrLevel	medium	cefr	C1	A2/B1	This transparent, everyday compound is grossly over-levelled at C1.
nouns_031	nouns	21659	Schulmensa	english	low	gloss	school cafeteria	school canteen	`School canteen` is the idiomatic British-English equivalent.
nouns_031	nouns	21661	Schulterblatt	cefrLevel	medium	cefr	C1	B1/B2	This ordinary anatomical term is grossly over-levelled at C1.
nouns_031	nouns	21670	Schwerstarbeit	english	low	spelling	hard labor	hard labour/very hard work	`Labour` is the required British-English spelling.
nouns_031	nouns	21685	Selbstbehauptung	english	low	spelling	self assertion	self-assertion/assertiveness	The standard English compound is hyphenated; `assertiveness` is also the clearest learner gloss.
nouns_031	nouns	21691	Seminarschule	english	medium	gloss	seminar school	teacher-training school/school that trains trainee teachers	“Seminar school” is an opaque calque; in this German educational use the school provides practical training for trainee teachers.
nouns_032	nouns	21733	Souterrain	english	low	gloss	souterrain	basement / semi-basement / basement flat	Although the French loan occurs in specialist English, repeating it is not a clear, useful translation for an English-speaking learner.
nouns_032	nouns	21744	Spielkamerad	cefrLevel	medium	cefr	C1	B1 (at the latest B2)	This is an everyday, transparent word for a playmate, so placing it only in a C1 deck is a gross overestimate.
nouns_032	nouns	21745	Spiritus	english	medium	gloss	alcohol/spirit	methylated spirits / denatured alcohol	In ordinary modern German, *Spiritus* means denatured alcohol used as fuel or cleaner, not alcohol or spirits generically.
nouns_032	nouns	21758	Spülkasten	english	low	gloss	toilet tank	toilet cistern (also US: toilet tank)	The current wording is American; *cistern* is the normal British learner equivalent.
nouns_032	nouns	21759	Spurensicherung	english	medium	gloss	crime scene investigation	securing/collecting forensic evidence; forensic evidence collection	*Spurensicherung* is specifically the preservation and collection of traces/evidence, not the whole crime-scene investigation.
nouns_032	nouns	21776	Stationsarzt	english	low	gloss	ward physician	ward doctor / doctor in charge of a ward	In British English *physician* normally has the narrower sense of a medical (rather than surgical) specialist, which the German word does not imply.
nouns_032	nouns	21787	Stewardess	english	low	gloss	stewardess	flight attendant / female cabin crew member; mark *Stewardess* as dated	Both the German headword and the repeated English equivalent are dated occupational terms, and the learner receives no register warning.
nouns_032	nouns	21794	Stoßstange	cefrLevel	medium	cefr	C1	B1 (or B2 at most)	The ordinary car-part word for a bumper is far below advanced C1 vocabulary, so the level materially misplaces it.
nouns_032	nouns	21829	Sympathisant	english	low	spelling	sympathizer	sympathiser	The bank targets British English, whose standard spelling uses *-iser* here.
nouns_032	nouns	21831	Systemsprenger	english	medium	gloss	system-buster (problem child)	person whose needs cannot be accommodated by the support/care system; mark as a controversial institutional label	*System-buster* is not an established learner translation, while *problem child* is both too narrow and misleadingly blames the person rather than explaining the institutional sense.
nouns_032	nouns	21845	Tariflohn	english	medium	gloss	standard wage/union wage	collectively agreed wage / collectively bargained wage / pay-scale wage	A *Tariflohn* is set by a collective agreement; it is neither any standard wage nor a wage unilaterally set by a union.
nouns_032	nouns	21847	Tatar	article, english	high	article	der Tatar; Tatar/steak tartare	keep **der Tatar** = Tatar (person); make a separate **das Tatar** = steak tartare/minced raw beef entry	The row conflates two homographs with different genders, teaching the masculine article for the food sense, which is neuter.
nouns_032	nouns	21860	Terrassenwohnung	english	low	gloss	terrace apartment	flat/apartment with a terrace	*Terrace apartment* is liable to be read as a flat in a terraced building and is not the clearest British-English equivalent.
nouns_032	nouns	21899	Trendsport	english	low	gloss	trend sport	newly fashionable sport / up-and-coming sport	*Trend sport* is a German calque rather than an idiomatic general-English gloss.
nouns_032	nouns	21911	Überbegriff	english	medium	gloss	generic term	umbrella term / superordinate term	A generic term need not be a term that subsumes several narrower concepts, which is the defining relation expressed by *Überbegriff*.
nouns_032	nouns	21916	Überraschungsmoment	english	medium	gloss	surprise moment	element of surprise / surprise factor	*Surprise moment* is an unnatural calque and does not express the usual tactical/psychological sense.
nouns_032	nouns	21932	Unfallfahrzeug	english	medium	gloss	accident vehicle/crashed vehicle	vehicle involved in an accident / accident-damaged vehicle (according to context)	The German term covers a vehicle involved in an accident, which need not itself have crashed; *accident vehicle* is not idiomatic English.
nouns_032	nouns	21933	Unfallflucht	english	medium	gloss	hit and run	leaving the scene of an accident / hit-and-run offence	The German noun names the offence of unlawfully leaving the scene, whereas bare *hit and run* can denote the collision itself and is not properly formed as an attributive compound here.
nouns_032	nouns	21934	Unfallgeschehen	english	medium	gloss	accident events/accident situation	course/circumstances of an accident; accident occurrence(s), depending on context	Both current alternatives are unnatural English and fail to convey the collective/process meaning of *Geschehen*.
nouns_032	nouns	21948	Unterforderung	english	low	gloss	being underchallenged	lack of challenge / being insufficiently challenged / under-stimulation	*Being underchallenged* is an awkward and uncommon learner gloss.
nouns_032	nouns	21956	Unterzuckerung	english	low	spelling	hypoglycemia	hypoglycaemia	The current form is American; British medical English normally retains *-aemia*.
nouns_032	nouns	21959	Urabstimmung	english	medium	gloss	strike ballot (union membership vote)	ballot of the full membership / membership-wide ballot; strike ballot only when context specifies a strike	An *Urabstimmung* is any direct ballot of all members and is not inherently a vote on strike action.
nouns_032	nouns	21960	Urgroßvater	english, cefrLevel	medium	cefr	great grandfather; B2	great-grandfather; A2	This is basic family vocabulary and is grossly over-levelled at B2; the standard English compound is also hyphenated.
nouns_032	nouns	21967	Verdachtsmoment	english	medium	gloss	suspicious circumstance	ground/indication for suspicion / incriminating circumstance	The word means a fact that gives rise to suspicion, not simply a circumstance that itself seems suspicious.
nouns_032	nouns	21981	Vermisstenfall	english	low	spelling	missing persons case	missing-person case	The singular German compound denotes one missing-person case; the unhyphenated plural *persons* suggests a case involving several people.
nouns_032	nouns	21986	Verrückte	english	medium	gloss	crazy person/madman	person regarded as mad/mentally unstable; mark as informal and potentially derogatory	Both the German label and the current English terms can be stigmatising, but the row presents them as neutral learner vocabulary without a usage warning.
nouns_032	nouns	21991	Versteckspiel	english	low	spelling	hide and seek	hide-and-seek	The conventional English name of the game is hyphenated.
nouns_032	nouns	21993	Versuchstier	english	low	gloss	test animal	experimental animal / laboratory animal	*Test animal* is a literal but less idiomatic learner equivalent.
nouns_032	nouns	21995	Verwaltungsangestellte	english	low	gloss	administration employee	administrative employee / administrative staff member	*Administration employee* is an unnatural English collocation.
nouns_032	nouns	22001	Verzeihung	english	medium	gloss	excuse me	forgiveness / pardon; also the interjection **Verzeihung!** = excuse me / sorry	The row is presented as an article-bearing noun but gives only one interjectional use and omits the noun's core meaning.
nouns_032	nouns	22008	Vize	english	low	gloss	deputy/vice (sport runner-up)	deputy / second-in-command; runner-up (sport)	English *vice* is not the noun for a sporting runner-up, and the current parenthesis confusingly attaches that sense to it.
nouns_032	nouns	22026	Wafer	english	medium	gloss	wafer	semiconductor wafer / thin semiconductor disc	German *Wafer* normally denotes the electronics component; bare English *wafer* strongly invites the unrelated food sense.
nouns_032	nouns	22047	Wasen	english	low	gloss	turf/sod	turf / sod (regional, especially southern German/Austrian/Swiss)	The meaning is correct, but the important regional restriction is missing for a learner.
nouns_032	nouns	22051	Wassern	english	medium	gloss	splashdown (aircraft on water)	landing/alighting on water; splashdown (especially of a spacecraft); ditching when an aircraft makes an emergency landing	*Splashdown* is chiefly used of spacecraft, while an aircraft landing on water is not necessarily a splashdown and may or may not be an emergency ditching.
nouns_032	nouns	22054	Wasserschutzpolizei	english	low	gloss	water police	waterways police / river police / waterway police	*Water police* is an opaque literal rendering; the force polices navigable waterways and ports.
nouns_032	nouns	22060	Weichsel	english	low	gloss	morello cherry/sour cherry	morello/sour cherry (regional German, especially Austrian)	The plant meaning is valid but regionally marked, which matters to a learner and is not indicated.
nouns_032	nouns	22068	Weltrang	english	low	gloss	world class / international standing	international/world standing; in compounds or predicates, world-class status	Bare *world class* is adjectival in normal English and is not a direct noun equivalent, though the second gloss is sound.
nouns_032	nouns	22071	Wertguthaben	english	low	gloss	credit balance/value credit	accrued credit / credit balance (especially accrued working-time or pay credit)	*Value credit* is a non-idiomatic calque and the row does not clarify this specialised employment/social-security sense.
nouns_032	nouns	22072	Westbahnhof	english	low	gloss	west station	western railway station / West Station (when part of a proper name)	Lower-case *west station* is an unnatural free-standing English gloss and obscures the common proper-name use.
nouns_032	nouns	22130	Zivil	english	high	gloss	in Zivil	civilian/plain clothes; **in Zivil** = in plain clothes / out of uniform	The English field merely repeats a German phrase, so the learner is given no translation at all.
nouns_032	nouns	22131	Zögling	english	medium	gloss	boarding pupil	pupil/ward/trainee in an institution; protégé, depending on context	The word is not restricted to boarding-school pupils and often refers more broadly, sometimes datedly, to someone under institutional care or supervision.
nouns_032	nouns	22137	Zugpferd	english	low	gloss	draft horse/draught horse	draught horse; also figuratively star attraction / driving force / crowd-puller	The literal sense is correct, but the frequent figurative everyday sense is missing.
nouns_032	nouns	22140	Zungenschlag	english	high	gloss	tone/undertone; slip of the tongue	accent / intonation / characteristic tone of speech	*Slip of the tongue* is *Versprecher* or *Freud'scher Versprecher*, not *Zungenschlag*; the row teaches a false sense.
nouns_032	nouns	22152	Abbiegeassistent	english	low	gloss	turning assistant	turning-assistance system / turn-assist safety system	The headword denotes a vehicle safety system, whereas *turning assistant* sounds like a person and is not a clear established learner equivalent.
nouns_032	nouns	22164	Abführung	english	medium	gloss	transfer/delivery	removal/discharge; taking/escorting away; bowel evacuation or purging, according to context	The current pair is vague and omits the word's principal modern senses, including being escorted away and medical/bodily discharge.
nouns_032	nouns	22199	Ahnungslosigkeit	english	low	gloss	ignorance	cluelessness / unawareness / having no idea	*Ignorance* normally corresponds more closely to *Unwissenheit*; *Ahnungslosigkeit* specifically stresses having no inkling or idea.
nouns_032	nouns	22219	Alterserscheinung	english	low	spelling	sign of aging/age-related symptom	sign of ageing / age-related symptom	The bank targets British English, where *ageing* is the standard spelling.
nouns_032	nouns	22226	Amtsdirektor	english	medium	gloss	office director	senior civil-service official / director of a public authority; retain the German title where institutional precision matters	*Amtsdirektor* is an official administrative title or rank, not a generic director of an office.
nouns_032	nouns	22245	Antidiabetikum	english	medium	gloss	antidiabetic	antidiabetic drug / diabetes medication	*Antidiabetic* is normally an adjective in learner English; without *drug/medicine* the noun sense is unclear.
nouns_032	nouns	22247	Antiqua	english	medium	gloss	antiqua/old face type	roman type / roman typeface (as opposed to blackletter)	*Antiqua* is not a useful general-English translation, and *old face type* can be confused with the distinct typographic category of old-style faces.
nouns_032	nouns	22268	Assistenzärztin	english	medium	gloss	assistant doctor/resident	female junior doctor / doctor in specialist training (US: female resident)	*Assistant doctor* is not idiomatic British medical English, and *resident* is chiefly the US-system term.
nouns_032	nouns	22284	Aufnahmefähigkeit	english	medium	gloss	absorption capacity	capacity to absorb/admit; receptiveness / ability to take things in, according to context	The technical absorption sense is valid, but the row omits the common human sense of mental receptiveness and presents one narrow translation as exhaustive.
nouns_032	nouns	22297	Außenbezirk	english	medium	gloss	suburb	outer/outlying district	An *Außenbezirk* is an administrative or geographical district on the edge of a city and is not necessarily a suburb.
nouns_032	nouns	22319	Backe	english, cefrLevel	medium	cefr	cheek (face) first; C1	cheek; A1/A2	The stray word *first* is corpus/ranking residue in the gloss, and this basic body-part noun is grossly over-levelled at C1.
nouns_032	nouns	22323	Badebetrieb	english	medium	gloss	bathing operations	operation/use of bathing or swimming facilities / bathing activity	*Bathing operations* is an unnatural calque and gives a learner no clear model of how this collective German noun is used.
nouns_032	nouns	22345	Baudezernent	english	medium	gloss	building director	head of a municipal building/planning department / municipal planning official	A *Baudezernent* is a municipal official responsible for a building or planning department, not a generic director in the construction industry.
nouns_032	nouns	22363	Bekleidungsgeschäft	english	low	gloss	clothing store	clothes shop (also US: clothing store)	The supplied wording is American; *clothes shop* is the ordinary British-English learner equivalent.
nouns_032	nouns	22365	Benommenheit	english	medium	gloss	drowsiness/dizziness	dazedness / grogginess / stupor; dizziness or drowsiness only where context supports it	*Benommenheit* is primarily a clouded, dazed state of consciousness; dizziness and drowsiness are related symptoms but are not reliable equivalents on their own.
nouns_033	nouns	22424	Blauwal	english	low	gloss	Blue Whale	blue whale	This is a common-noun species name in English and should not be capitalised.
nouns_033	nouns	22489	Charm	english	medium	gloss	charm	charm (particle physics; quantum number)	German *Charm* is the specialist physics term; everyday “charm” is *Charme*. The unlabeled cognate invites a serious false-friend reading.
nouns_033	nouns	22515	Dachgeschoß	word	low	spelling	Dachgeschoß	Dachgeschoss (or explicitly label *Dachgeschoß* southern German/Austrian)	*Dachgeschoß* is a valid regional form, but the unmarked standard form is *Dachgeschoss* and is the safer learner headword.
nouns_033	nouns	22613	Eindringlichkeit	english	medium	gloss	urgency	forcefulness/intensity/insistence	The core meaning is the forceful, compelling quality of words, an appeal, a portrayal, etc.; “urgency” primarily corresponds to *Dringlichkeit*.
nouns_033	nouns	22637	Elbe	plural	high	plural	Elben	—	The river name *die Elbe* has no plural; *Elben* is the plural of *Elb* (“elf”), not of this proper name.
nouns_033	nouns	22638	Elbmündung	plural	high	plural	—	Elbmündungen	The standard citation plural is *Elbmündungen* and is usable when referring to channels, historical configurations, or representations of the estuary.
nouns_033	nouns	22673	Ernährungswissenschaftlerin	english	medium	gloss	nutritionist	female nutrition scientist/nutritional scientist	The German denotes a scientist in nutritional science; “nutritionist” more often denotes an adviser or practitioner and loses the scientific qualification.
nouns_033	nouns	22680	Ersti	english	low	gloss	freshman	first-year student (informal)	“Freshman” is American English; *Ersti* is an informal term for a student in their first semester/year.
nouns_033	nouns	22688	Euter	article	low	article	der	das (also nontechnical *der*)	Neuter is the canonical and technical gender; masculine is accepted outside technical usage, but teaching it alone obscures the primary article.
nouns_033	nouns	22698	Expertenbefragung	english	medium	gloss	expert inquiry	survey of experts/expert survey; interviews with experts	The German means that experts are questioned; “expert inquiry” can instead suggest an inquiry conducted by experts and is not idiomatic here.
nouns_033	nouns	22711	Fahrlehrerlaubnis	english	low	gloss	driving instructor license	driving-instructor licence	For the bank's British-English audience, the noun is spelled “licence”, not “license”.
nouns_033	nouns	22724	Familienhaus	english	low	gloss	family house	family home/house for one family	“Family house” is an unnatural direct calque and does not clearly express the usual residential sense.
nouns_033	nouns	22816	Freigang	english	medium	gloss	leave (from prison)/free running	temporary prison leave/day release; outdoor access/free roaming (for a pet)	“Free running” is not idiomatic for either principal sense and may be mistaken for the sport of freerunning.
nouns_033	nouns	22819	Fremdarbeiter	english	medium	gloss	foreign worker	foreign worker (dated and often offensive); historically, foreign/forced labourer	The bare translation omits the word's strongly dated, politically loaded, and sometimes Nazi-era usage, making it unsafe as a neutral learner equivalent.
nouns_033	nouns	22838	Führerscheinentzug	english	low	gloss	driver's license revocation	driving-licence revocation/withdrawal of a driving licence	The current wording is American; the requested British-English model uses “driving licence” and the noun spelling “licence”.
nouns_033	nouns	22903	Genua	article	high	article	das	die	The foresail is *die Genua* (plural *Genuas*); neuter *das Genua* is the city name, not the glossed sailing term.
nouns_033	nouns	22931	Gießwasser	english	low	gloss	watering water/irrigation water	water for watering/irrigation water	“Watering water” is an unidiomatic tautological calque.
nouns_033	nouns	22970	Grußformel	english	high	gloss	greeting/form of address (in a letter)	complimentary close/sign-off/closing formula (in a letter or email)	A *Grußformel* is the closing expression such as *Mit freundlichen Grüßen*, not the greeting, salutation, or form of address.
nouns_033	nouns	22930	Gewürzpflanze	english	low	gloss	flavouring plant	spice plant/culinary herb	“Flavouring plant” is understandable but not an idiomatic dictionary equivalent and is too vague for learners.
nouns_033	nouns	22958	Grillkohle	english	low	gloss	charcoal	barbecue charcoal/charcoal for grilling	The compound specifically denotes charcoal used for barbecuing, while “charcoal” alone is broader.
nouns_033	nouns	22991	Handelfmeter	english	medium	gloss	handball penalty	penalty for handball (in football)	The current wording can be read as a penalty in the sport of handball; the German denotes a football penalty awarded for a handball offence.
nouns_033	nouns	22984	Halbschatten	plural, english	high	plural	plural —; English half-shadow	plural Halbschatten; English penumbra/partial shade	*Halbschatten* has the standard usable zero-ending plural *Halbschatten*, and “half-shadow” is an unidiomatic literal rendering.
nouns_033	nouns	23023	Heimatkunde	english	medium	gloss	local history	local studies (local geography, history, nature, and culture)	*Heimatkunde* is a broader school subject or field than local history alone.
nouns_033	nouns	23055	Hochwasserlage	english	low	gloss	high water situation	flood situation/flood conditions	“High water situation” is a German-influenced calque; in ordinary British English this is a flood situation or flood conditions.
nouns_033	nouns	23058	Hoheitszeichen	english	low	gloss	emblem	official/national emblem; insignia of sovereignty	Generic “emblem” omits the defining sense that the symbol represents state or sovereign authority.
nouns_033	nouns	23063	Holzhackschnitzel	english	low	gloss	woodchips	wood chip	The German headword is singular; the English citation equivalent should likewise be singular (and normally written as two words).
nouns_033	nouns	23071	Hostess	english	medium	gloss	hostess	promotional hostess/exhibition attendant; tour hostess	German *Hostess* usually denotes a woman employed to receive or assist visitors at an event or on a tour, not the broad everyday English sense of a female host.
nouns_033	nouns	23096	Imprägnierung	english	medium	gloss	impregnation	waterproofing/protective treatment; impregnation (technical)	In everyday German this usually means treating material to make it water- or dirt-resistant; the cognate alone is opaque and false-friend-prone for learners.
nouns_034	nouns	23132	Jolle	english	medium	gloss	dinghy/jolly-boat/yawl	dinghy/sailing dinghy	A Jolle is a small open sailing boat; a yawl is normally a two-masted sailing vessel, and “jolly-boat” is an obsolete, misleading equivalent.
nouns_034	nouns	23147	Kaffeefilter	cefrLevel	low	cefr	C1	A2 (at most B1)	This transparent everyday kitchen noun is grossly overlevelled at C1 and would be withheld from learners far too long.
nouns_034	nouns	23151	Kalorienbedarf	english	low	gloss	calorie need	calorie requirement/caloric requirement	“Calorie need” is comprehensible but not idiomatic English for the usual nutritional sense.
nouns_034	nouns	23169	Kartoffelsuppe	cefrLevel	low	cefr	B2	A1/A2	A basic, transparent food word is grossly overlevelled at B2.
nouns_034	nouns	23195	Kinderspielzeug	english	low	gloss	children's toys; plural better —	children's toy/toys	An internal editorial note has leaked into the learner-facing translation.
nouns_034	nouns	23243	Kokosraspel	article	high	article	die	der	Standard German has der Kokosraspel, plural die Kokosraspel; the stored feminine article teaches the wrong gender.
nouns_034	nouns	23267	Körperfett	english	low	gloss	body fat; plural —	body fat	The semicolon note is internal plural-editing metadata, not part of an English gloss, and it also visibly conflicts with the stored plural.
nouns_034	nouns	23280	Kreischen	plural	high	plural	Kreischen	—	The nominalised infinitive das Kreischen is a mass/event noun without a normal plural; the UI would incorrectly display “die Kreischen”.
nouns_034	nouns	23282	Kreuzer	english	low	gloss	Kreuzer/cruiser	cruiser; kreuzer (historical coin)	The untranslated “Kreuzer” does not tell a learner that this sense is a former coin and obscures the two distinct senses.
nouns_034	nouns	23289	Kriminaltechnik	plural	high	plural	Kriminaltechniken	—	Kriminaltechnik in the glossed sense “forensic science” is a field name and standard dictionaries mark it as having no plural.
nouns_034	nouns	23320	Labordiagnostik	plural	high	plural	Labordiagnostiken	—	The medical field/process Labordiagnostik has no standard count plural; the generated-looking form is not a useful citation plural.
nouns_034	nouns	23323	Ladenhüter	english	medium	gloss	poor seller	slow-selling item/poor-selling item/shelf-warmer	“Poor seller” can naturally mean an unsuccessful salesperson, whereas Ladenhüter denotes unsold or slow-moving merchandise.
nouns_034	nouns	23329	Länderfinanzausgleich	english	low	gloss	fiscal equalization between federal states	fiscal equalisation between Germany's federal states	The spelling is American rather than the bank's requested British English, and naming Germany makes the institution clearer.
nouns_034	nouns	23340	Laufwettbewerb	english	medium	gloss	track event	running event/running race	A Laufwettbewerb can be on the road, cross-country, or elsewhere and is not restricted to track athletics.
nouns_034	nouns	23351	Lebensversicherungsvertrag	english	low	gloss	life assurance agreement	life assurance contract/life insurance policy	Vertrag is a contract, and in this context “policy” is the natural learner-facing insurance term.
nouns_034	nouns	23352	Lebensweisheit	english	low	gloss	life wisdom	piece of wisdom about life/maxim	“Life wisdom” is an unnatural literal translation for a saying or insight gained from life.
nouns_034	nouns	23354	Lebertumor	english	low	gloss	liver tumor	liver tumour	The bank targets British English, which spells this noun “tumour”.
nouns_034	nouns	23362	Leibspeise	english	low	gloss	favorite dish	favourite dish	The bank targets British English, which uses “favourite”.
nouns_034	nouns	23380	Lieblingslied	english	low	gloss	favorite song	favourite song	The bank targets British English, which uses “favourite”.
nouns_034	nouns	23381	Lieblingsspeise	english	low	gloss	favorite dish	favourite dish	The bank targets British English, which uses “favourite”.
nouns_034	nouns	23388	Literaturkritik	english	medium	gloss	literary criticism	literary criticism; literary/book review	The plural Literaturkritiken normally refers to individual reviews, a common count sense absent from the current gloss.
nouns_034	nouns	23391	Lithografie	english	medium	gloss	lithography	lithography; lithograph	The stored plural Lithografien is chiefly useful for individual prints, but the English gives only the uncountable process/art.
nouns_034	nouns	23402	Luftlinie	english	medium	gloss	as the crow flies/beeline	straight-line distance; as the crow flies	Luftlinie is a noun meaning the direct straight-line distance; “beeline” is not a reliable equivalent, and the phrase alone hides the noun sense.
nouns_034	nouns	23422	Maid	english	low	gloss	maiden/wench	maiden (literary/archaic)	The German word is literary or archaic, while English “wench” is now usually derogatory; the current gloss does not guide learners on register.
nouns_034	nouns	23425	Maisstärke	english	low	gloss	cornflour (maize starch); plural —	cornflour/maize starch	“plural —” is an internal editorial note leaked into the learner-facing gloss; Maisstärken is in fact an attested dictionary plural.
nouns_034	nouns	23438	Marktrecht	english	medium	gloss	market law	right to hold a market; market law	The important historical/legal sense is the granted right to hold a market, not simply the body of law governing markets.
nouns_034	nouns	23476	Menu	word, plural	medium	spelling	Menu; Menus	Menü; Menüs (or explicitly label Menu/Menus as Swiss, otherwise obsolete)	Menu without an umlaut is Swiss usage and otherwise obsolete; presenting it unlabelled as the default is poor guidance for general Standard German learners.
nouns_034	nouns	23487	Milcherzeugnis	english	low	gloss	milk product	dairy product/milk product	“Dairy product” is the usual idiomatic British English equivalent.
nouns_034	nouns	23499	Mittelmotor	english	medium	gloss	mid-engine	mid-mounted engine/centrally mounted motor	“Mid-engine” is normally an attributive description of a vehicle, not a clear noun equivalent for the engine itself.
nouns_034	nouns	23501	Mitwisser	english	medium	gloss	accessory/confidant	person privy to wrongdoing/someone in the know	A Mitwisser knows about a secret or offence but need not assist it, so “accessory” falsely implies legal participation and “confidant” is too broad.
nouns_034	nouns	23519	Moses	english	high	gloss	Moses	ship's boy/youngest crew member; yacht tender (nautical, dated)	The article der and plural Moses belong to the nautical common noun, not the biblical proper name supplied as the translation.
nouns_034	nouns	23555	Näher	english	low	gloss	seamster/sewer	male sewing worker/seamster	“Sewer” is easily misread as the waste-water noun, while “seamster” is rare; a plain explanatory gloss is clearer.
nouns_034	nouns	23562	Narrenfreiheit	english	medium	gloss	jester's licence	licence to speak or behave freely without consequences/carte blanche	“Jester's licence” is an opaque literal calque and does not convey the modern figurative meaning.
nouns_034	nouns	23567	Naturverbundenheit	plural	high	plural	Naturverbundenheiten	—	This abstract noun meaning closeness to or love of nature has no standard plural.
nouns_034	nouns	23574	Net	plural, english	high	plural	Nets; net	—; the Internet/the Net	German das Net is a short form of Internet and has no standard plural; the generic English “net” instead suggests German Netz.
nouns_034	nouns	23593	Nocke	english	medium	gloss	der Nocken = cam/lobe; die Nocke is an Austrian dumpling / a notch	dumpling (Austrian); optionally add the dated derogatory regional sense “silly/conceited woman”	The gloss mixes in a different masculine headword and an unsupported “notch” sense instead of cleanly translating the feminine entry.
nouns_034	nouns	23602	Numerus	english	medium	gloss	number	grammatical number	Bare “number” suggests Zahl; Numerus is the linguistic category contrasting singular and plural.
nouns_034	nouns	23603	Nutrition	plural	high	plural	Nutritionen	—	The medical noun Nutrition meaning nutrition/feeding has no standard plural.
nouns_034	nouns	23626	Opernsänger	cefrLevel	low	cefr	C1	B1 (at most B2)	This transparent and culturally common profession noun is substantially overlevelled at C1.
nouns_034	nouns	23634	Organizer	english	medium	gloss	organiser	personal organiser/electronic organiser	German Organizer denotes an organising device, diary, case, or similar item, not normally a person (which is Organisator); the bare cognate invites that false reading.
nouns_034	nouns	23639	Ossi	english	low	gloss	East German	East German (colloquial, sometimes disparaging)	The missing register warning can lead learners to use an informal and contextually sensitive label as a neutral default.
nouns_034	nouns	23651	PaK	word, plural	medium	duplicate	PaK; PaKs; anti-tank gun (Panzerabwehrkanone)	remove or merge into the immediately preceding standard entry Pak (plural Pak or Paks)	This is a duplicate casing variant of Pak with the same meaning, creating redundant cards and inconsistent plural presentation.
nouns_034	nouns	23690	Pflanzloch	english	low	gloss	plant hole	planting hole	“Plant hole” is an unnatural literal compound; English calls a prepared hole for a plant a planting hole.
nouns_034	nouns	23710	Pokemon	word, plural	high	spelling	Pokemon; Pokemon	Pokémon; Pokémon	The official and standard spelling includes the acute accent, as the current English gloss itself shows.
nouns_034	nouns	23720	POS	article, english	high	gloss	die; point of sale	der POS; point of sale (or retain die POS and translate the DDR abbreviation “polytechnic secondary school”)	Die POS is the former East German Polytechnische Oberschule, whereas point of sale is masculine after der Point; the row combines the gender of one expansion with the meaning of another.
nouns_034	nouns	23749	Prüfungslehrprobe	english	medium	gloss	exam teaching sample	assessed teaching demonstration/observed lesson in a teaching examination	The current phrase is not idiomatic English and does not clearly describe a formally assessed lesson.
nouns_034	nouns	23753	Pulle	english	low	gloss	bottle	bottle (very informal)	Pulle is markedly colloquial/slangy, while the unqualified English gloss makes it look interchangeable with neutral Flasche.
nouns_034	nouns	23755	Puppenspieler	english	low	gloss	puppet master/puppeteer	puppeteer	“Puppet master” usually means a covert manipulator in modern English; “puppeteer” is the unambiguous occupational equivalent.
nouns_034	nouns	23770	Radiowerbung	plural, english	high	plural	Radiowerbungen; radio advertisement	—; radio advertising	Radiowerbung denotes advertising as a medium/activity and standard dictionaries mark it as having no plural; an individual advert is a Radiospot/Werbespot.
nouns_034	nouns	23797	Recorder	english	medium	gloss	recorder	recording device; tape/video recorder	The identical English word is ambiguous and commonly denotes a woodwind instrument, while German Recorder here denotes recording equipment.
nouns_035	nouns	23809	Reglung	word	low	spelling	Reglung	prefer Regelung, or explicitly label Reglung as a less common variant	Reglung is accepted, but Regelung is overwhelmingly the normal modern spelling and is the better learner headword.
nouns_035	nouns	23820	Reiseverlauf	english	medium	gloss	"""itinerary/course of the trip"""	"""course/progress of the journey/trip"""	an itinerary is a Reiseplan; Reiseverlauf describes how a journey proceeds or proceeded, not primarily its planned schedule.
nouns_035	nouns	23873	Sakko	article	high	article	der	das	the standard noun is das Sakko; Sakkos is the correct stored plural.
nouns_035	nouns	23837	Revers	article, english	high	article	"der Revers; ""lapel/reverse"""	"das Revers; plural Revers; ""lapel"" (separate the specialist der Revers ""reverse side of a coin"" if wanted)"	standard German uses das Revers for a lapel; der Revers is Austrian for that sense or belongs to other specialist senses, so the row conflates senses and their gender.
nouns_035	nouns	23882	Satellitendaten	article	high	article	das	die	Satellitendaten is a plural headword (singular: das Satellitendatum), so its citation article is die.
nouns_035	nouns	23900	Schauraum	english	low	gloss	"""show room"""	"""showroom"""	the ordinary English noun is written as one word.
nouns_035	nouns	23910	Schlagerstar	english	medium	gloss	"""pop star"""	"""Schlager star; star of German-language popular music"""	Schlager is a specific musical genre, not a general synonym for pop; the current gloss erases an important cultural distinction.
nouns_035	nouns	23932	Schnellimbiss	english	medium	gloss	"""fast food/snack bar"""	"""fast-food outlet; snack bar"""	"the count noun der Schnellimbiss normally denotes the outlet, whereas bare ""fast food"" denotes the food and is not countable in the same way."
nouns_035	nouns	23963	Schwerverbrecher	english	medium	gloss	"""felon"""	"""serious criminal; hardened criminal"""	felon is chiefly US or historical legal vocabulary and is not the clear idiomatic British-English equivalent of this general German term.
nouns_035	nouns	23967	Sechszylinder	english	low	gloss	"""six cylinder"""	"""six-cylinder engine; six-cylinder car"""	the German count noun denotes an engine or vehicle with six cylinders; the current English phrase is incomplete and lacks the attributive hyphen.
nouns_035	nouns	23972	Seemannsgarn	plural	high	plural	Seemannsgarne	—	"in the glossed figurative sense ""tall tale/yarn"", Seemannsgarn is a mass noun used without a plural."
nouns_035	nouns	23976	Seereise	english	medium	gloss	"""cruise"""	"""sea voyage; journey by sea"" (a cruise specifically is Kreuzfahrt)"	Seereise is the broad term for a journey by sea and does not imply the leisure itinerary denoted by cruise.
nouns_035	nouns	23979	Seher	english	medium	gloss	"""clairvoyant/seer/viewer"""	"""seer; clairvoyant"""	"standard German Seher means a prophetic or clairvoyant person; ordinary ""viewer"" is Zuschauer/Zuseher and should not be taught as an unmarked sense here."
nouns_035	nouns	24001	Siebziger	english	medium	gloss	"""(person) in their seventies/the seventies"""	"""person in their seventies""; note separately that plural die Siebziger can denote the 1970s"	the singular der Siebziger cannot itself mean the decade; the row conflates singular person and plural decade uses.
nouns_035	nouns	24015	Skin	english	medium	gloss	"""skin (skinhead/cosmetic)"""	"""skinhead; software/game skin"""	"""cosmetic"" is not a noun sense of German Skin; the relevant non-person sense is a visual skin or appearance for software or a game item."
nouns_035	nouns	24016	Skizzenbuch	english	low	gloss	"""sketch book"""	"""sketchbook"""	the standard English headword is normally written as one word.
nouns_035	nouns	24034	Spachtel	plural	high	plural	der Spachtel; plural Spachteln	der Spachtel; plural Spachtel (alternatively Austrian die Spachtel; plural Spachteln)	the stored gender and plural mix two declension variants; masculine der takes the unchanged plural Spachtel, while Spachteln belongs to feminine die Spachtel.
nouns_035	nouns	24049	Spielbericht	english	low	gloss	"""game report"""	"""match report; match summary"""	for the ordinary sports sense, match report is the idiomatic British-English term.
nouns_035	nouns	24115	Stoppuhr	cefrLevel	low	cefr	C1	A2/B1 (approximately)	"""stopwatch"" is routine concrete vocabulary, so C1 substantially overstates its difficulty."
nouns_035	nouns	24139	Studienrat	english	medium	gloss	"""secondary school teacher/senior teacher"""	"""state-appointed teacher at a Gymnasium or comparable upper-level school (official rank)"""	Studienrat is an official civil-service rank, not the generic German term for any secondary-school teacher or senior teacher.
nouns_035	nouns	24140	Studienrätin	english	medium	gloss	"""secondary school teacher (female)"""	"""female state-appointed teacher at a Gymnasium or comparable upper-level school (official rank)"""	the feminine form denotes the same specific civil-service rank and should not be presented as the generic female secondary-school teacher.
nouns_035	nouns	24142	Stura	word	high	spelling	Stura	StuRa	this is the abbreviation of Studierendenrat/Studentenrat and conventionally retains its internal capital R; Stura is not the standard written form.
nouns_035	nouns	24164	Tagesbaustelle	english	low	gloss	"""day construction site"""	"""short-term/daytime roadworks site; work site set up for one day"""	the current phrase is an opaque calque and does not explain the German administrative/roadworks term.
nouns_035	nouns	24176	Tarifpolitik	english	medium	gloss	"""pay scale policy"""	"""wage policy; collective-bargaining policy"""	Tarifpolitik concerns policy and strategy in collective wage bargaining, not merely the design of a pay scale.
nouns_035	nouns	24180	Tätigkeitsgebiet	english	low	gloss	"""activity area"""	"""field/sphere of activity; area of work"""	"""activity area"" is not idiomatic English and can suggest a physical recreation area."
nouns_035	nouns	24219	Tischgespräch	english	low	gloss	"""table conversation"""	"""conversation at the table; table talk"""	the current rendering is a German-shaped calque rather than a natural learner gloss.
nouns_035	nouns	24235	Traditionsverein	english	low	gloss	"""traditional club"""	"""long-established/historic club; club with a strong tradition"""	"""traditional club"" is ambiguous in English and does not clearly convey a club valued for its long history and tradition."
nouns_035	nouns	24251	Treter	english	medium	gloss	"""boots/kickers (slang)"""	"""shoe (slang; often plural Treter = shoes/boots)"""	the German headword is singular, while the English gloss is plural and obscures that one Treter is one colloquially named shoe.
nouns_035	nouns	24253	Trias	plural	high	plural	Trias	"— for the glossed geological sense ""Triassic"""	"the geological period die Trias has no plural; unchanged plural Trias belongs to the separate learned sense ""triads/groups of three""."
nouns_035	nouns	24290	Umschüler	english	low	gloss	"""retrainee"""	"""person retraining for a new occupation; vocational retraining student"""	"""retrainee"" is uncommon and opaque English and does not clearly explain the German vocational-retraining concept."
nouns_035	nouns	24330	Vereinsrecht	plural	high	plural	Vereinsrechte	"— for ""association law"""	the legal-field sense das Vereinsrecht is uncountable; Vereinsrechte means rights held by a club or association, not multiple instances of association law.
nouns_035	nouns	24341	Verhinderungsfall	english	low	gloss	"""case of being prevented"""	"""case of inability/unavailability; situation in which someone is unable to act"""	the current literal wording is unnatural and fails to convey the administrative/legal use.
nouns_035	nouns	24350	Verrentung	english	medium	gloss	"""retirement"""	"""pensioning off; placement/retirement on a pension (often early or for incapacity)"""	Verrentung is an administrative act of placing someone on a pension, not the neutral general equivalent of retirement.
nouns_035	nouns	24353	Versicherungspflichtgrenze	english	medium	gloss	"""compulsory insurance limit"""	"""compulsory health-insurance earnings threshold"""	the bare literal gloss hides the specific German social-insurance concept and could be read as a limit on insurance coverage.
nouns_035	nouns	24355	Verteidigungsanlage	english	low	gloss	"""defense installation/fortification"""	"""defence installation; fortification"""	the bank targets British English, where the noun is spelt defence.
nouns_035	nouns	24358	Verteilungsschlüssel	english	low	gloss	"""distribution key"""	"""allocation formula; distribution/allocation key"""	"bare ""distribution key"" is an opaque calque; the noun normally denotes the formula or rule used to allocate costs, seats, funds, or other shares."
nouns_035	nouns	24360	Verwaltungseinrichtung	english	low	gloss	"""administrative facility"""	"""administrative institution/body; administrative facility (where a physical facility is meant)"""	Einrichtung commonly denotes an institution or body, while the current gloss misleadingly prioritises a building or physical facility.
nouns_035	nouns	24361	Verwandtschaftsgrad	english	low	gloss	"""relationship degree"""	"""degree of kinship; degree of relationship"""	"""relationship degree"" is not idiomatic English and does not clearly identify a genealogical relationship."
nouns_035	nouns	24411	Hochsprache	english	low	gloss	"""standard literary language"""	"""standard language; elevated/literary language (depending on context)"""	the current wording fuses two distinct uses and may teach that every standard language is specifically literary.
nouns_035	nouns	24421	Leihroller	cefrLevel	low	cefr	C1	A2/B1 (approximately)	this transparent everyday word for a rental scooter is far below advanced C1 vocabulary.
nouns_035	nouns	24423	Vernetzung	cefrLevel	low	cefr	A2	B2 (approximately; sense-dependent)	"the abstract senses ""networking/interconnection"" are not realistic elementary A2 vocabulary, so the entry is placed much too early."
nouns_035	nouns	24426	Praktikumsplatz	cefrLevel	low	cefr	C1	B1 (approximately)	an internship placement is routine education and job-search vocabulary and is substantially below C1.
nouns_035	nouns	24427	Liniendiagramm	cefrLevel	low	cefr	C1	B1/B2 (approximately)	this standard graph-description term is commonly needed well before advanced C1 study.
nouns_035	nouns	24428	Tortendiagramm	cefrLevel	low	cefr	C1	B1/B2 (approximately)	"the everyday chart term ""pie chart"" is substantially over-levelled at C1."
nouns_035	nouns	24430	Studienangebot	cefrLevel	low	cefr	C1	B1/B2 (approximately)	discussing the courses or degree programmes a university offers is routine study-choice vocabulary, not specifically C1.
nouns_035	nouns	24433	Karrieremesse	cefrLevel	low	cefr	C1	B1/B2 (approximately)	"""career fair"" is a transparent, practical job-search term and is substantially over-levelled at C1."
nouns_035	nouns	24434	Reduzierung	plural	high	plural	—	Reduzierungen	Reduzierung is countable and has the ordinary, productive plural Reduzierungen for multiple reductions.
nouns_035	nouns	24435	Messebesucher	cefrLevel	low	cefr	C1	B1/B2 (approximately)	this transparent person compound for a trade-fair visitor is not plausibly restricted to C1 vocabulary.
nouns_035	nouns	24436	Krankheitsquote	english	medium	gloss	"""sickness rate"""	"""sickness-absence rate; rate of staff sickness absence"""	"in employment contexts Krankheitsquote measures absence caused by illness, whereas ""sickness rate"" can suggest disease incidence in a population."
nouns_035	nouns	24441	Hafermilch	cefrLevel	low	cefr	C1	A2/B1 (approximately)	oat milk is common concrete food and shopping vocabulary, so C1 is a gross overestimate.
nouns_035	nouns	24451	Abiturient	english	medium	gloss	"""Abitur student/high-school graduate"""	"""Abitur candidate; school-leaver who has taken or is about to take the Abitur"""	"""Abitur student"" is not natural English, and US-style ""high-school graduate"" erases the specific German qualification and educational stage."
nouns_035	nouns	24454	Rollenbild	english	medium	gloss	"""gender role/role model image"""	"""conception/image of a social role; role stereotype (often a gender-role stereotype)"""	Rollenbild concerns an idea or stereotype of how a role is performed; it does not mean an image of a role model (Vorbild).
nouns_035	nouns	24455	Körpermaße	cefrLevel	low	cefr	C1	A2/B1 (approximately)	body measurements are routine clothing, health, and description vocabulary and are far below C1.
nouns_035	nouns	24456	Wahlfach	cefrLevel	low	cefr	C1	A2/B1 (approximately)	"""elective subject"" is ordinary school vocabulary, so C1 materially overstates its difficulty."
nouns_035	nouns	24459	Sehbehinderung	cefrLevel	low	cefr	C1	B1/B2 (approximately)	this common, transparent term for visual impairment is normally needed before C1 and is substantially over-levelled.
nouns_035	nouns	24476	Informationsmaterial	english	low	gloss	"""information material"""	"""information materials; informational material"""	the current singular phrase is an unnatural calque in English; the idiomatic collective/plural wording is different.
nouns_035	nouns	24493	Rundfunksender	english	low	gloss	"""radio/TV broadcaster"""	"""radio/television station or broadcaster; broadcast transmitter"""	the current gloss covers the organisation but omits the common concrete sense of a station/transmitting installation.
nouns_036	nouns	24502	Melange	english	high	gloss	"""put the Viennese-coffee sense first"""	"""Viennese coffee/mélange; mixture/blend"""	The stored value is an editing instruction, not an English translation.
nouns_036	nouns	24566	Vinyl	plural, english	high	plural	"`—` / ""vinyl (records)"""	"use `Vinyls` for the countable record sense, or change the gloss to the uncountable material/medium sense ""vinyl"""	*Vinyl* as jargon for an individual record has the standard plural *Vinyls*; the no-plural value fits only the material/medium sense.
nouns_036	nouns	24577	Mittelschule	english	medium	gloss	"""middle school"""	"""secondary school (regional term; institution varies by country and German state)"""	*Mittelschule* is not a stable equivalent of an English-language middle school; it names different school types in Austria, Switzerland and parts of Germany.
nouns_036	nouns	24579	Studierende	article, english	high	gloss	"`der Studierende` / ""student (gender-neutral)"""	"""male student; student (grammatically masculine singular)""; use plural `die Studierenden` or `die studierende Person` for explicitly gender-neutral reference"	The masculine definite article and inflection make this a masculine singular form, not a gender-neutral singular citation form.
nouns_036	nouns	24584	Einzelperson	cefrLevel	low	cefr	C1	approximately B1/B2	This transparent, ordinary word for an individual is substantially easier and more common than C1 placement suggests. uncertain: yes
nouns_036	nouns	24587	Konsumierende	article, english	high	gloss	"`der Konsumierende` / ""consumer (gender-neutral)"""	"""male consumer; consumer (grammatically masculine singular)""; use plural `die Konsumierenden` or a gender-neutral periphrasis for explicitly inclusive reference"	With `der`, the nominalised participle is masculine singular; calling that form gender-neutral teaches a false agreement fact.
nouns_036	nouns	24591	Preis-Leistungs-Verhältnis	english	medium	gloss	"""price-performance ratio"""	"""value for money; price-to-performance ratio"""	"In ordinary British English the everyday sense is ""value for money""; the current calque is mainly suitable in technical performance comparisons."
nouns_036	nouns	24600	Infografik	cefrLevel	low	cefr	C1	approximately B1/B2	This common transparent media term is not realistically restricted to advanced C1 vocabulary. uncertain: yes
nouns_036	nouns	24605	Erklärvideo	cefrLevel	low	cefr	C1	approximately B1	The highly transparent compound is routine educational and online vocabulary well before C1. uncertain: yes
nouns_036	nouns	24612	Impulsvortrag	english	low	gloss	"""short keynote / opening input talk"""	"""brief introductory talk; impulse talk"""	"""Opening input talk"" is not idiomatic British English, while a keynote can be a more substantial and different event role."
nouns_036	nouns	24619	Fitnesstracker	cefrLevel	low	cefr	C1	approximately A2/B1	This everyday technology loan compound is grossly over-levelled at C1. uncertain: yes
nouns_036	nouns	24620	Smarthome	cefrLevel	low	cefr	C1	approximately B1	This familiar modern-technology term is substantially below C1 in learner difficulty. uncertain: yes
nouns_036	nouns	24621	Sprachassistent	cefrLevel	low	cefr	C1	approximately B1/B2	Voice assistants are routine consumer-technology vocabulary, and the transparent compound is not plausibly C1-only. uncertain: yes
nouns_036	nouns	24622	Anti-Held	word	high	spelling	`Anti-Held`	`Antiheld`	The standard German compound is written closed, without a hyphen.
nouns_036	nouns	24626	Missfallen	cefrLevel	low	cefr	A1	approximately B2/C1	This relatively formal abstract noun is grossly too advanced for an A1 deck. uncertain: yes
nouns_036	nouns	24627	Polarstern	english	medium	gloss	"""polar star/Polaris"""	"""Pole Star/North Star; Polaris"""	"""Polar star"" is not the normal English name and can be mistaken for any star in a polar region; the established British term is ""Pole Star"" or ""North Star""."
nouns_036	nouns	24633	Antarktis	cefrLevel	low	cefr	C1	approximately A2/B1	This basic geographical name is grossly over-levelled at C1. uncertain: yes
nouns_036	nouns	24634	U-Boot	cefrLevel	low	cefr	C1	approximately A2/B1	The common word for a submarine is ordinary basic/intermediate vocabulary, not C1 vocabulary. uncertain: yes
nouns_036	nouns	24637	Salatdressing	cefrLevel	low	cefr	C1	approximately A2/B1	This transparent everyday food word is grossly over-levelled at C1. uncertain: yes
nouns_036	nouns	24641	Tofu	cefrLevel	low	cefr	C1	approximately A2/B1	The internationally familiar everyday food term is far below C1 difficulty. uncertain: yes
nouns_036	nouns	24643	Grille	cefrLevel	low	cefr	C1	approximately B1/B2	"The ordinary insect sense is standard intermediate vocabulary, even though the figurative ""whim"" sense is less common. uncertain: yes"
nouns_036	nouns	24644	AspergerSyndrom	word, plural	high	spelling	`AspergerSyndrom` / `—`	remove this malformed duplicate; the correctly hyphenated `Asperger-Syndrom` already occurs at source row 24582	German requires the hyphen in this proper-name compound, and this row duplicates an existing correct bank entry.
nouns_036	nouns	24645	Preis-LeistungsVerhältnis	word, plural	high	spelling	`Preis-LeistungsVerhältnis` / `Preis-LeistungsVerhältnisse`	remove this malformed duplicate; `Preis-Leistungs-Verhältnis` already occurs at source row 24591	A hyphen is missing before *Verhältnis* in both singular and plural, and the correctly written item is already present.
nouns_036	nouns	24646	Pro-KopfEinkommen	word	high	spelling	`Pro-KopfEinkommen`	remove this malformed duplicate; `Pro-Kopf-Einkommen` already occurs at source row 24595	The multi-part compound requires the second hyphen, and an otherwise identical correct entry is already present.
nouns_036	nouns	24647	Work-LifeBalance	word	high	spelling	`Work-LifeBalance`	remove this malformed duplicate; `Work-Life-Balance` already occurs at source row 24596	The final component must also be linked by a hyphen, and the correct form is already in the bank.
nouns_036	nouns	24691	Serviceangestellte	article, english	high	gloss	"`die Serviceangestellte` / ""service employee (gender-neutral)"""	"""service employee (female)"""	The feminine article and weak feminine singular ending explicitly mark a female employee; this form is not gender-neutral.
nouns_036	nouns	24753	Deutschland	article	high	article	`das Deutschland`	mark the country name as normally articleless; retain neuter gender only as metadata or explain exceptional modified uses such as `das heutige Deutschland`	The unmodified country name is normally used without an article, so presenting `das Deutschland` as its citation form gives learners a false model.
nouns_036	nouns	24754	Österreich	article	high	article	`das Österreich`	mark the country name as normally articleless; retain neuter gender only as metadata	Standard unmodified usage is `Österreich`, not `das Österreich`.
nouns_036	nouns	24755	Luxemburg	article	high	article	`das Luxemburg`	mark the country name as normally articleless; retain neuter gender only as metadata	The country name ordinarily appears without an article; the definite article requires a special modified or contrastive context.
nouns_036	nouns	24756	Europa	article	high	article	`das Europa`	mark the proper name as normally articleless; retain neuter gender only as metadata	The continent name is normally simply `Europa`; `das Europa` is possible only in marked constructions such as `das Europa des 19. Jahrhunderts`.
nouns_036	nouns	24758	Griechenland	article	high	article	`das Griechenland`	mark the country name as normally articleless; retain neuter gender only as metadata	Unmodified `Griechenland` does not take the definite article in ordinary German.
nouns_036	nouns	24760	Finnland	article	high	article	`das Finnland`	mark the country name as normally articleless; retain neuter gender only as metadata	Teaching `das Finnland` as the default form falsely implies that this neuter country name normally takes an article.
nouns_036	nouns	24761	Mexiko	article	high	article	`das Mexiko`	mark the country name as normally articleless; retain neuter gender only as metadata	The ordinary country name is articleless; `das Mexiko` occurs only in specially modified or contrastive uses.
nouns_036	nouns	24769	Angestellter	article, word, plural	high	junk	`der Angestellter` / `Angestellten`	`der Angestellte` / stored plural `Angestellten`	With the definite article, this adjectival noun takes weak nominative singular `-e`; `der Angestellter` is ungrammatical.
nouns_036	nouns	24770	Auszubildender	article, word, plural	high	junk	`der Auszubildender` / `Auszubildenden`	`der Auszubildende` / stored plural `Auszubildenden`	The definite article requires weak adjectival-noun inflection, so the displayed citation form must be `der Auszubildende`.
nouns_036	nouns	24795	Arbeitsvertag	word	high	spelling	`Arbeitsvertag`	`Arbeitsvertrag`	The headword is missing the `r` in *Vertrag*; the stored plural already reflects the intended noun.
nouns_036	nouns	24814	Windeseile	english	medium	gloss	"""great speed/haste"""	"""in/with great haste (only in the fixed phrase `in/mit Windeseile`)"""	The noun is not freely used with the generic meaning given; for learners its essential fact is the fixed adverbial phrase.
nouns_036	nouns	24819	Juryvorsitz	english	medium	gloss	"""jury chair"""	"""chairmanship of a jury; position of jury chair"""	"*Vorsitz* denotes the role or function, whereas ""jury chair"" most naturally denotes the person and is therefore ambiguous."
nouns_036	nouns	24856	Bauzeichner	english	medium	gloss	"""draughtsman"""	"""architectural/construction draughtsman"""	The generic English term is too broad and loses the headword's specific construction and architecture field.
nouns_036	nouns	24858	Praktikumsbörse	english	medium	gloss	"""internship exchange"""	"""internship portal/job board"""	"""Internship exchange"" is an unnatural literal rendering and can suggest an exchange programme rather than a listing service."
nouns_036	nouns	24865	Freizeitkleidung	cefrLevel	low	cefr	A1	approximately A2/B1	This compound for leisurewear is materially beyond core A1 vocabulary. uncertain: yes
nouns_036	nouns	24872	Durchführung	english	medium	gloss	"""realisation"""	"""implementation; carrying out; conduct"""	"In the usual project, procedure and event senses, British English ""realisation"" does not mean the act of carrying something out."
nouns_036	nouns	24873	EDV-Kenntnisse	plural	high	plural	`—`	`EDV-Kenntnisse`	The headword is itself a normal plural-only learner expression; marking it as having no plural conflicts with the form and with the bank's treatment of comparable plural headwords.
nouns_036	nouns	24877	Persönlichkeitstraining	english	medium	gloss	"""Personality training"""	"""personal-development training"""	"""Personality training"" is an unnatural calque and can suggest training a personality rather than developing interpersonal or personal skills."
nouns_036	nouns	24889	Angebotserstellung	english	medium	gloss	"""preparation of offers"""	"""preparation of quotations/proposals"""	"In this business compound, *Angebot* normally means a quotation, tender or proposal; ""offers"" is an unhelpfully literal rendering."
nouns_036	nouns	24903	Selbstbeherrschung	plural	high	plural	`Selbstbeherrschungen`	`—`	*Selbstbeherrschung* meaning self-control is an uncountable abstract noun and has no standard plural in this sense.
nouns_036	nouns	24908	Fördermaßnahme	english	low	gloss	"""funding measure"""	"""support/promotion measure; funding measure (where financial)"""	*Förderung* is broader than financial funding and commonly covers educational, employment or developmental support.
nouns_036	nouns	24916	Weltbank	plural, english	high	plural	"`Weltbanken` / ""World Bank"""	"use `—` for the proper-name sense ""the World Bank""; retain `Weltbanken` only with a separate generic gloss"	The capitalised English gloss denotes the single international institution, for which the stored plural teaches the wrong sense pairing.
nouns_036	nouns	24923	Familiengründung	plural	high	plural	`—`	`Familiengründungen`	This is a countable event noun and its plural is standard and genuinely used when discussing multiple cases of starting families.
nouns_036	nouns	24932	Kfz-Betrieb	english	medium	gloss	"""motor vehicle company"""	"""automotive business/garage"""	*Kfz-Betrieb* normally denotes a garage, dealership, workshop or similar automotive business, not any company connected with motor vehicles.
nouns_036	nouns	24993	Durchwahl	cefrLevel	low	cefr	A1	approximately B1	The telephone term for a direct-dial number or extension is specialist enough to be a grossly early A1 placement. uncertain: yes
nouns_036	nouns	25012	Monoskibobfahrer	english	high	gloss	"""monoski bobber"""	"""monoski-bob skier/rider; sit-skier"""	"""Bobber"" does not name a person who uses the adaptive monoskibob and gives an English learner no reliable meaning."
nouns_036	nouns	25013	Polizeimeister	english	high	gloss	"""police sergeant"""	"""police constable/junior police officer (specific German rank)"""	*Polizeimeister* is an entry-level German police rank and is commonly aligned with constable, not the distinct British rank of sergeant.
nouns_036	nouns	25052	Malereiprofessor	english	low	gloss	"""painting professor"""	"""professor of painting"""	The current rendering is an unnatural English compound and may initially be read as a professor who is being painted.
nouns_036	nouns	25096	Pulsschlag	english	low	gloss	"""pulse beat"""	"""pulse; heartbeat"""	"""Pulse beat"" is a redundant and non-idiomatic English rendering."
nouns_036	nouns	25098	Schmerzempfinden	english	low	gloss	"""sensation of pain"""	"""pain perception; sensitivity to pain"""	The current phrase is awkward and can describe an individual painful sensation rather than the faculty or degree of perceiving pain.
nouns_036	nouns	25103	Gedankenschritt	english	low	gloss	"""thought step"""	"""step in a line of reasoning"""	"""Thought step"" is not idiomatic English and does not clearly convey a stage in reasoning."
nouns_036	nouns	25104	Lesetext	english	low	gloss	"""reading text"""	"""reading passage/text for reading practice"""	"""Reading passage"" is the clearer idiomatic learner-facing term in British English."
nouns_036	nouns	25112	Arbeitschance	english	medium	gloss	"""work opportunity"""	"""job/employment opportunity; employment prospect"""	"""Work opportunity"" is vague and can mean a chance to perform a task, while the German noun normally concerns access to employment."
nouns_036	nouns	25117	Liberalität	english	medium	gloss	"""Liberality"""	"""liberal-mindedness; tolerance; open-mindedness"""	"English ""liberality"" is rare and often means generosity, so it is a poor and potentially false-friend-like gloss for the usual German sense."
nouns_036	nouns	25123	Haupthandlung	plural	high	plural	`—`	`Haupthandlungen`	The main plots/storylines of different works are readily countable, and the regular plural is standard and useful.
nouns_036	nouns	25140	Forumsbeitrag	cefrLevel	low	cefr	A1	approximately A2/B1	This compound for a forum post belongs to online discussion vocabulary beyond the core A1 syllabus. uncertain: yes
nouns_036	nouns	25145	Messegelände	english	medium	gloss	"""exhibition centre"""	"""trade-fair/exhibition grounds; exhibition site"""	*Gelände* denotes the whole site or grounds and is not necessarily the exhibition-centre building.
nouns_036	nouns	25151	Sportpensum	english	low	gloss	"""amount of sport"""	"""amount/target amount of exercise"""	"""Amount of sport"" is unidiomatic British English and misses the quota or workload nuance of *Pensum*."
nouns_036	nouns	25154	Gutenachtkuss	cefrLevel	low	cefr	C1	approximately A2/B1	This transparent everyday compound is grossly over-levelled at C1. uncertain: yes
nouns_036	nouns	25158	Zeitunterschied	cefrLevel	low	cefr	C1	approximately A2/B1	The common transparent word for a time difference is routine well below C1. uncertain: yes
nouns_036	nouns	25166	Stand-up-paddling	word	high	spelling	`Stand-up-paddling`	`Stand-up-Paddling`	As part of the German noun compound, *Paddling* is capitalised after the hyphen.
nouns_036	nouns	25171	Großtante	cefrLevel	low	cefr	C1	approximately A2/B1	This transparent family term is not advanced C1 vocabulary. uncertain: yes
nouns_036	nouns	25187	Hausetage	english	medium	gloss	"""house floor"""	"""floor/storey of a house"""	"""House floor"" is not idiomatic and can be read as the physical flooring rather than a storey."
nouns_036	nouns	25183	Architekturstudium	english	low	gloss	"""architecture programme"""	"""architecture degree/course of study"""	For British learners, the current phrase is vague and less idiomatic for the university course denoted by *Studium*.
nouns_036	nouns	25192	Fahrradkette	cefrLevel	low	cefr	C1	approximately A2/B1	This ordinary, transparent bicycle-part compound is grossly over-levelled at C1. uncertain: yes
nouns_036	nouns	25197	Markenzeichen	cefrLevel	low	cefr	C1	approximately B1/B2	The common business and figurative word for a trademark or hallmark is substantially below C1. uncertain: yes
nouns_037	nouns	25202	Würfelzucker	cefrLevel	medium	cefr	C1	A2/B1 (approximately)	This concrete everyday food word is far below C1 and is readily learnable as the transparent compound “cube sugar”.
nouns_037	nouns	25219	Lehrende	plural	high	plural	Lehrende	Lehrenden	This is a nominalised adjective; after the article supplied by the UI, the nominative plural is die Lehrenden, not die Lehrende.
nouns_037	nouns	25260	Hinblick	english	medium	gloss	regard/respect	regard, only in the fixed expression im Hinblick auf = with regard to/in view of	Hinblick is not a freely usable equivalent of “regard” or “respect”; learners need its overwhelmingly fixed construction with auf.
nouns_037	nouns	25265	Herrenjahre	english	medium	gloss	years as a master/gentleman	years of being one's own master; chiefly in Lehrjahre sind keine Herrenjahre	The literal gloss is opaque and does not explain that the plural is strongly associated with a fixed proverb about apprentices not yet being masters.
nouns_037	nouns	25271	Bremslicht	cefrLevel	medium	cefr	C1	A2/B1 (approximately)	“Brake light” is routine concrete road vocabulary, so C1 grossly overstates its difficulty.
nouns_037	nouns	25316	Karaffe	cefrLevel	medium	cefr	C1	B1 (approximately)	This common concrete restaurant and household noun is not plausibly advanced C1 vocabulary.
nouns_037	nouns	25323	Normalsterbliche	plural	high	plural	Normalsterbliche	Normalsterblichen	As a nominalised adjective, its definite nominative plural is die Normalsterblichen; the stored form currently renders the wrong inflection.
nouns_037	nouns	25305	Online-Shop	cefrLevel	medium	cefr	C1	A2 (approximately)	This internationally transparent, everyday shopping term is grossly over-levelled at C1.
nouns_037	nouns	25345	Musikprojekt	cefrLevel	medium	cefr	C1	A2/B1 (approximately)	Both components and the resulting meaning are basic and transparent, making C1 materially misleading for deck selection.
nouns_037	nouns	25361	Musikalbum	cefrLevel	medium	cefr	C1	A2/B1 (approximately)	This transparent everyday music noun is far below C1.
nouns_037	nouns	25363	Arbeitnehmende	plural	high	plural	Arbeitnehmende	Arbeitnehmenden	This nominalised participle takes the weak plural after die: die Arbeitnehmenden.
nouns_037	nouns	25365	Burn-Out	word, plural	medium	spelling	Burn-Out; Burn-Outs	Burn-out; Burn-outs (or the closed variants Burnout; Burnouts)	The second element is not capitalised in the standard hyphenated spelling; the current form teaches a nonstandard citation spelling.
nouns_037	nouns	25366	Büroplatz	english	medium	gloss	office space	desk/workstation; place in an office	In British English “office space” normally means office floor area or premises, whereas Büroplatz denotes an individual workplace or place in an office.
nouns_037	nouns	25367	Erfolgszahl	english	medium	gloss	success number	success figure; number/figure indicating successes (context-dependent)	“Success number” is not idiomatic English and does not explain what the figure counts or indicates.
nouns_037	nouns	25369	Mitarbeitende	plural	high	plural	Mitarbeitende	Mitarbeitenden	This nominalised participle takes the weak plural after die: die Mitarbeitenden.
nouns_037	nouns	25374	Medienpädagoge	english	medium	gloss	pedagogue	media educator/media-education specialist	The gloss drops the defining Medien- component and makes the occupation look like a generic educator.
nouns_037	nouns	25436	Biosiegel	english	low	gloss	organic seal	organic certification label/mark	“Organic seal” is a literal calque; the recommended wording is the idiomatic and learner-clear British-English term.
nouns_037	nouns	25454	Hotelpool	cefrLevel	medium	cefr	C1	A1/A2 (approximately)	This highly transparent compound of two elementary international words is grossly over-levelled.
nouns_037	nouns	25457	Kohlehydrat	word, plural	high	spelling	Kohlehydrat; Kohlehydrate	Kohlenhydrat; Kohlenhydrate	The standard word contains the linking n in both singular and plural; the current headword is misspelled.
nouns_037	nouns	25460	Kräuter	cefrLevel	medium	cefr	C1	A2/B1 (approximately)	“Herbs” is ordinary food and health vocabulary and is grossly over-levelled at C1.
nouns_037	nouns	25461	Möhrengrün	plural	high	plural	Möhrengrüns	—	Möhrengrün is normally a mass noun for carrot tops/greens; Möhrengrüns is not a genuinely useful citation plural for learners.
nouns_037	nouns	25467	Vitamintablette	cefrLevel	medium	cefr	C1	A2/B1 (approximately)	This transparent everyday health noun is far below C1.
nouns_037	nouns	25468	Zumba	cefrLevel	medium	cefr	C1	A1/A2 (approximately)	The internationally familiar name of a common fitness activity is not C1 vocabulary.
nouns_037	nouns	25482	Unfallbeteiligte	plural	high	plural	Unfallbeteiligte	Unfallbeteiligten	This nominalised adjective has the definite plural die Unfallbeteiligten, which is the form the UI needs to render.
nouns_037	nouns	25485	E-Mail-Account	cefrLevel	medium	cefr	C1	A2/B1 (approximately)	This transparent and routine digital-life term is grossly over-levelled at C1.
nouns_037	nouns	25487	Skimaske	cefrLevel	medium	cefr	C1	A2/B1 (approximately)	This simple, transparent concrete compound is not advanced C1 vocabulary.
nouns_037	nouns	25495	Landesverrat	plural	high	plural	Landesverrate	—	The legal noun Landesverrat is used without a plural; Landesverrate is not its standard citation plural.
nouns_037	nouns	25512	Verbrechensplanung	english	low	gloss	Crime planning	crime planning/planning a crime	The unexplained capital letter is erroneous in an ordinary English gloss.
nouns_037	nouns	25515	Krimischauplatz	english	high	gloss	crime scene	setting/location of a crime story	A real-world crime scene is a Tatort; Krimischauplatz denotes the setting in which a crime novel, film, or series takes place.
nouns_037	nouns	25528	Alltagsforschung	english	medium	gloss	everyday research	research into everyday life/everyday-life research	The current wording suggests research that is ordinary or conducted every day, not research whose subject is everyday life.
nouns_037	nouns	25529	Dutzend	cefrLevel	medium	cefr	C1	A2/B1 (approximately)	The basic quantity word “dozen” is grossly over-levelled at C1.
nouns_037	nouns	25538	Begabte	plural	high	plural	Begabte	Begabten	This nominalised adjective has the definite plural die Begabten, not die Begabte.
nouns_037	nouns	25543	Kunstkurs	cefrLevel	medium	cefr	C1	A1/A2 (approximately)	“Art class/course” is elementary school and leisure vocabulary, not C1.
nouns_037	nouns	25549	Erziehungsbuch	english	medium	gloss	education book	parenting/child-rearing book	Erziehung here concerns bringing up children; “education book” misleadingly suggests a book about schooling or pedagogy in general.
nouns_037	nouns	25550	Erziehungsexperte	english	medium	gloss	education expert	parenting/child-rearing expert	The gloss blurs Erziehung with Bildung/Ausbildung and gives the wrong English specialism.
nouns_037	nouns	25591	Startloch	english	high	gloss	starting block	starting hole (historical athletics); chiefly encountered in the idiom in den Startlöchern stehen	A starting block is a Startblock; a Startloch was a hole dug in the track for a runner's foot before starting blocks came into use.
nouns_037	nouns	25592	Waschbenzin	english	medium	gloss	benzine	cleaning solvent/cleaning spirit; petroleum ether	“Benzine” is obscure and easily confused with benzene; the current gloss is poor practical guidance for a British-English learner.
nouns_037	nouns	25596	Schultag	cefrLevel	medium	cefr	C1	A1/A2 (approximately)	This basic, fully transparent school-life noun is grossly over-levelled at C1.
nouns_037	nouns	25603	Puzzlespiel	cefrLevel	medium	cefr	C1	A2 (approximately)	This elementary leisure/gaming compound is far below C1.
nouns_037	nouns	25610	Kindergärtner	cefrLevel	medium	cefr	C1	A2/B1 (approximately)	This common occupation word is grossly over-levelled at C1.
nouns_037	nouns	25616	Apfelkern	cefrLevel	medium	cefr	C1	A1/A2 (approximately)	This transparent everyday food noun is far below C1.
nouns_037	nouns	25622	Butterkeks	cefrLevel	medium	cefr	C1	A1/A2 (approximately)	This familiar concrete food item is grossly over-levelled at C1.
nouns_037	nouns	25623	Kusine	cefrLevel	medium	cefr	C1	A1/A2 (approximately)	The everyday family word “cousin” is not advanced C1 vocabulary.
nouns_037	nouns	25639	Redemittel	english	medium	gloss	useful phrases	useful expression/phrase; linguistic means (plural Redemittel: useful phrases/expressions)	The German headword is singular, while the English gloss is plural and hides the broader literal sense of a means of expression.
nouns_037	nouns	25644	Ja-	word, plural, english	high	junk	die Ja-; plural Ja-; yes/no question	replace with die Ja-/Nein-Frage; plural Ja-/Nein-Fragen	Ja- is a truncated first component, not a usable noun lemma; the gloss reveals the missing remainder of the compound.
nouns_037	nouns	25653	Erzieherin	english	medium	gloss	kindergarten teacher (f)	early-years educator/childcare worker (f); kindergarten teacher (context-dependent)	An Erzieherin is a trained educator who may work in several childcare and youth settings, not necessarily a kindergarten teacher.
nouns_037	nouns	25654	Artikelbild	english	low	gloss	article picture	image/picture accompanying an article	“Article picture” is an opaque literal compound in English and does not clearly explain the relationship.
nouns_037	nouns	25691	Beisl	english	medium	gloss	pub	pub/small restaurant (Austrian, informal)	The bare gloss presents a regionally Austrian word as the neutral standard-German equivalent of pub.
nouns_037	nouns	25692	Beiz	english	medium	gloss	pub	pub/simple restaurant (Swiss, regional)	The bare gloss omits the word's strong Swiss/regional marking and therefore gives learners a misleading usage model.
nouns_037	nouns	25708	Briefstandard	english	low	gloss	letter standard	standard conventions/format for a letter	“Letter standard” is an unnatural literal gloss and is unclear without the intended letter-writing context.
nouns_037	nouns	25710	Small	word, plural, english	high	junk	der Small; plural Small; small talk	replace with der Small Talk/der Smalltalk; plural normally —	Small on its own is an English adjective and not the German noun meaning “small talk”; this row is truncated corpus material.
nouns_037	nouns	25724	Verletzte	plural	high	plural	Verletzte	Verletzten	This nominalised adjective has the definite plural die Verletzten, which is the form the UI needs.
nouns_037	nouns	25781	Bankkaufmann	english	medium	gloss	banker	bank clerk/banking professional (male); trained bank employee	Bankkaufmann is a specific German vocational occupation, while “banker” is much broader and may imply a different professional role.
nouns_037	nouns	25798	VR-Brille	english	medium	gloss	VR glasses	VR headset	“VR headset” is the established English term; “VR glasses” suggests ordinary spectacle-like eyewear.
nouns_037	nouns	25801	Dings	english	medium	gloss	thing	thingummy/thingamajig; thing (colloquial placeholder when the name is unknown or forgotten)	Dings is marked colloquial placeholder language, not the neutral general translation of Ding.
nouns_037	nouns	25816	Beste	english	low	gloss	best	the best (thing)	The current adjective-like gloss does not show that das Beste is a nominalised superlative noun phrase.
nouns_037	nouns	25818	Nächste	plural	high	plural	Nächste	Nächsten	This nominalised adjective has the definite plural die Nächsten; the stored form currently produces the wrong inflection.
nouns_037	nouns	25825	Artikelwort	english	low	gloss	article word	determiner/article-like word	“Article word” is not a clear established English learner term and does not explain that the category includes words used like articles.
nouns_037	nouns	25838	Redewiedergabe	plural	high	plural	Redewiedergabe	Redewiedergaben	The standard countable plural is Redewiedergaben; repeating the singular teaches the wrong form.
nouns_037	nouns	25851	Prüfende	plural	high	plural	Prüfende	Prüfenden	This nominalised participle has the definite plural die Prüfenden.
nouns_037	nouns	25855	Lernende	plural	high	plural	Lernende	Lernenden	This nominalised participle has the definite plural die Lernenden.
nouns_037	nouns	25858	Repair-Caf	word, plural	high	spelling	Repair-Caf; Repair-Caf	Repair-Café; Repair-Cafés	The final accented e has been truncated from both forms, leaving a nonexistent headword and plural.
nouns_037	nouns	25862	Fanartikel	english	low	gloss	fan merchandise	item of fan merchandise/fan product	The singular German count noun denotes one item, while the mass-noun gloss obscures its number and use.
nouns_037	nouns	25870	Wagenburg	english, cefrLevel	high	cefr	circle of wagons/wagon fort — not A2; A2	circle of wagons/wagon fort; move to B2/C1 (approximately)	The English field contains an editorial audit note, and the note itself correctly signals that this uncommon historical/figurative noun is grossly mislevelled at A2.
nouns_037	nouns	25880	Mausi	plural	high	plural	Mausi	Mausis	The normal plural of this pet name is Mausis; the English field itself even notes that form.
nouns_037	nouns	25887	Arme	plural	high	plural	Arme	Armen	This nominalised adjective has the definite plural die Armen, not die Arme.
nouns_037	nouns	25899	Sofort-Überweisung	word, english	medium	gloss	Sofort-Überweisung; instant bank transfer	Sofortüberweisung/SOFORT Überweisung; SOFORT online bank transfer (for the payment service), or Echtzeitüberweisung = instant bank transfer	The row conflates the SOFORT payment method with a real-time bank transfer and uses a nonstandard generic hyphenated citation form.
nouns_038	nouns	25912	Bezugswort	english	medium	gloss	reference word	antecedent (the word that a pronoun or other expression refers back to)	In the grammatical sense represented here, the established English term is “antecedent”; “reference word” is a literal but nonstandard label that is liable to obscure the concept for learners.
nouns_038	nouns	25914	Tiermalerei	plural	high	plural	Tiermalerei	— for the glossed genre/technique sense; use Tiermalereien only for individual animal paintings	The singular cannot also serve as the plural. The art-form sense “animal painting” is normally uncountable, while the distinct count sense forms its plural regularly in -en.
nouns_038	nouns	25925	Werbesprache	plural	high	plural	—	Werbesprachen	Standard German records and uses the plural Werbesprachen, especially when comparing the advertising language of different periods, media, or markets; presenting the noun as plural-less is too restrictive.
nouns_038	nouns	25932	Solarpanel	plural	high	plural	Solarpaneele	Solarpanels	Solarpanel is the English-derived lemma and takes the plural Solarpanels; Solarpaneele belongs with the alternative singular Solarpaneel.
verbs_001	verbs	50	sorgen	english	medium	gloss	ensure/worry/care	für etwas/jemanden sorgen — ensure/provide for/take care of; sich um etwas/jemanden sorgen — worry about	The meanings use different governed constructions, and “worry” specifically requires the reflexive form.
verbs_001	verbs	57	schaffen	irregular/prateritum/perfekt/english	high	classification	False; schaffte; geschafft; create (irregular: schuf/geschaffen)/manage (regular: schaffte/geschafft)	Split the two paradigms, or restrict this entry to “manage/accomplish” with schaffte/geschafft; “create” requires schuf/geschaffen.	The entry is classified as regular and therefore teaches/tests only the weak paradigm while retaining a gloss whose ordinary paradigm is strong.
verbs_001	verbs	59	vorstellen	english	medium	gloss	introduce/imagine	jemanden vorstellen — introduce someone; sich (jemanden/etwas) vorstellen — introduce oneself/imagine	“Imagine” requires a reflexive pronoun, and the two common senses have materially different valency.
verbs_001	verbs	87	ziehen	withSein/english	high	aux	False; pull/move	haben for transitive “pull”; sein for intransitive movement/relocation (“move to Berlin”); split or label the senses.	The combined gloss spans two common senses with different Perfekt auxiliaries.
verbs_001	verbs	116	leisten	english	medium	gloss	accomplish/afford	etwas leisten — accomplish/achieve; sich etwas leisten — afford something	“Afford” requires the dative reflexive construction, unlike the first sense.
verbs_001	verbs	132	ergeben	english	medium	gloss	result/yield	etwas ergibt etwas — yield/equal; sich aus etwas ergeben — result/follow from	The ordinary intransitive “result” sense is reflexive and governed by aus, which the gloss hides.
verbs_001	verbs	138	beteiligen	english	medium	gloss	participate/involve	sich an etwas beteiligen — participate in; jemanden an etwas beteiligen — involve someone in	“Participate” is reflexive, whereas “involve” is transitive.
verbs_001	verbs	172	treten	withSein/english	high	aux	True; step/kick	sein for directional/intransitive “step”; haben for transitive “kick”; split or label the senses.	Both auxiliaries are standard but meaning-dependent, so a single `sein` paradigm is false for the explicitly glossed “kick” sense.
verbs_001	verbs	185	beziehen	english	medium	gloss	refer to/obtain	sich auf etwas beziehen — refer to; etwas beziehen — obtain/receive	The first listed sense requires the reflexive construction and fixed preposition.
verbs_001	verbs	196	anmelden	english	medium	gloss	register/sign up	jemanden/etwas anmelden — register someone/something; sich anmelden — register/sign up	The learner-facing gloss merges the transitive and reflexive uses without marking the distinction.
verbs_001	verbs	207	wenden	english	medium	gloss	turn/apply to	etwas wenden — turn something; sich an jemanden/eine Stelle wenden — apply/appeal to/contact	“Apply to” is not a plain transitive sense of wenden; it requires sich an plus accusative.
verbs_001	verbs	213	verpflichten	english	medium	gloss	oblige/commit	jemanden verpflichten — oblige someone; sich verpflichten — commit oneself	The English gloss suppresses the reflexive construction required by its “commit” sense.
verbs_001	verbs	217	erinnern	english	medium	gloss	remember/remind	sich an etwas/jemanden erinnern — remember; jemanden an etwas erinnern — remind someone	The two senses reverse the valency, and “remember” requires the reflexive form.
verbs_001	verbs	227	gefallen	english	medium	gloss	please/like	jemandem gefallen — please/appeal to someone (the person who likes it is dative)	Bare “like” invites the false English-style subject/object mapping, a central beginner error with gefallen.
verbs_001	verbs	239	vornehmen	english	medium	gloss	carry out/intend	etwas vornehmen — carry out; sich etwas vornehmen — intend/resolve to do something	The “intend” sense requires a reflexive dative pronoun.
verbs_001	verbs	244	eingehen	english	medium	gloss	go into/accept	auf etwas eingehen — address/respond to something; auf einen Vorschlag/ein Angebot eingehen — accept a proposal/offer	Eingehen is not a general equivalent of “accept”; that meaning is licensed only in the governed contextual construction.
verbs_001	verbs	355	aktivieren	cefrLevel	low	cefr	C1	B1 (at most B2)	This transparent, common general/technical verb is far below C1 and would be withheld from learners for too long.
verbs_001	verbs	405	konzentrieren	english	medium	gloss	concentrate/focus	sich auf etwas konzentrieren — concentrate/focus on something; etwas konzentrieren — concentrate something	The everyday intransitive sense represented by the gloss is reflexive.
verbs_001	verbs	423	stoßen	withSein/english	high	aux	False; push/bump into	haben for transitive “push”; sein for intransitive “bump/collide with”; split or label the senses.	The gloss explicitly combines two common senses whose Perfekt auxiliaries differ.
verbs_001	verbs	429	verabschieden	english	medium	gloss	say goodbye/pass (a law)	sich (von jemandem) verabschieden — say goodbye; ein Gesetz verabschieden — pass a law	“Say goodbye” requires the reflexive construction, whereas the legislative sense is transitive.
verbs_001	verbs	430	binden	cefrLevel	low	cefr	C1	B1	The basic literal sense “tie/bind” is common learner vocabulary and is grossly overlevelled at C1.
verbs_001	verbs	433	merken	english	medium	gloss	notice/remember	etwas merken — notice; sich etwas merken — remember/memorise	The “remember” sense requires a dative reflexive pronoun.
verbs_001	verbs	440	hängen	irregular/prateritum/perfekt/english	high	verbform	True; hing; gehangen; hang	Mark this as intransitive/state “hang” with hing/gehangen, and separately teach transitive “hang something” as hängte/gehängt.	German has a strong intransitive and a weak transitive paradigm; the undifferentiated English gloss makes the stored forms falsely appear universal.
verbs_001	verbs	457	verschaffen	english	medium	gloss	provide/obtain	jemandem etwas verschaffen — provide/get something for someone; sich etwas verschaffen — obtain something	“Obtain” normally uses the dative reflexive construction.
verbs_001	verbs	465	ausbilden	cefrLevel	low	cefr	C1	B1 (at most B2)	The everyday vocational meaning “train” is well below C1, making this a gross overlevel.
verbs_001	verbs	517	formulieren	cefrLevel	low	cefr	A1	B1	Productive use of “formulate/word” is materially beyond beginner A1 vocabulary.
verbs_001	verbs	538	unterhalten	english	medium	gloss	entertain/maintain/chat	jemanden unterhalten — entertain; etwas unterhalten — maintain; sich mit jemandem unterhalten — chat/talk with someone	“Chat” is reflexive and has different valency from the other two listed senses.
verbs_001	verbs	540	erweisen	english	medium	gloss	prove/show	sich als etwas erweisen — prove/turn out to be; jemandem etwas erweisen — show/render someone something	The common “prove/turn out” sense is reflexive, while the non-reflexive construction has a different meaning and valency.
verbs_001	verbs	554	begeben	word/english	medium	gloss	begeben; go/proceed	sich begeben — go/proceed (formal)	This motion sense is obligatorily reflexive; presenting bare begeben as its citation form gives learners an unusable model.
verbs_001	verbs	577	auftauchen	cefrLevel	low	cefr	C1	B1	The everyday senses “appear/turn up/emerge” are common well before C1.
verbs_001	verbs	588	qualifizieren	english	medium	gloss	qualify	sich für etwas qualifizieren — qualify for; jemanden qualifizieren — qualify/train someone	The ordinary intransitive English sense is reflexive in German.
verbs_001	verbs	590	spezialisieren	word/english	medium	gloss	spezialisieren; specialise	sich auf etwas spezialisieren — specialise in something	The normal learner sense requires the reflexive form and governed auf construction.
verbs_001	verbs	597	anhören	english	medium	gloss	listen to/sound	sich etwas anhören — listen to something; sich anhören — sound	Both listed everyday senses require reflexive pronouns (dative for “listen to”, accusative for “sound”).
verbs_001	verbs	608	ausweisen	english	medium	gloss	identify/deport	sich ausweisen — identify oneself/show ID; jemanden ausweisen — deport someone; optionally add “show/designate as” only with its complement.	Bare “identify” overgeneralises a reflexive or complement-dependent sense and misleadingly pairs it with the transitive deport sense.
verbs_001	verbs	610	vermuten	cefrLevel	low	cefr	A1	B1 (at least A2)	Productive “suspect/assume” is substantially above the concrete beginner vocabulary expected at A1.
verbs_001	verbs	628	ansiedeln	english	medium	gloss	settle	jemanden/etwas ansiedeln — settle/establish someone or something; sich ansiedeln — settle/become established	The common intransitive English sense requires the reflexive form.
verbs_001	verbs	636	variieren	cefrLevel	low	cefr	A1	B2 (at least B1)	“Vary” is abstract productive vocabulary and is grossly underlevelled as A1.
verbs_001	verbs	653	auszahlen	english	medium	gloss	pay out/be worth it	etwas auszahlen — pay something out; sich auszahlen — pay off/be worth it	The second listed sense is reflexive, unlike the first.
verbs_001	verbs	659	kontaktieren	cefrLevel	low	cefr	C1	B1	The common transparent verb “contact” is grossly overlevelled at C1.
verbs_001	verbs	666	herausstellen	english	medium	gloss	turn out/emphasise	sich herausstellen — turn out; etwas herausstellen — emphasise/highlight	The two glossed senses differ in reflexivity.
verbs_001	verbs	687	beeindrucken	cefrLevel	low	cefr	C1	B1 (at most B2)	“Impress” is common general vocabulary and is materially overlevelled at C1.
verbs_001	verbs	689	zusammensetzen	english	medium	gloss	assemble/be composed of	etwas zusammensetzen — assemble; sich aus etwas zusammensetzen — be composed/consist of	The stative “be composed of” sense requires the reflexive construction and aus.
verbs_001	verbs	696	einziehen	withSein/english	high	aux	True; move in/collect	sein for intransitive “move in”; haben for transitive “collect” (for example taxes); split or label the senses.	The combined gloss explicitly spans senses with different Perfekt auxiliaries.
verbs_002	verbs	701	anziehen	english	medium	gloss	put on (clothes), get dressed / attract	Mark the intransitive learner sense as `sich anziehen = get dressed`; retain `etwas anziehen = put something on` and `jemanden/etwas anziehen = attract` separately.	German requires the reflexive pronoun for “get dressed”, while the other listed senses are transitive.
verbs_002	verbs	704	bevorzugen	cefrLevel	medium	cefr	C1	B1 or B2	This is a common core verb for expressing preferences and C1 substantially delays a useful learner item.
verbs_002	verbs	709	demonstrieren	english	low	gloss	demonstrate	demonstrate / protest, take part in a demonstration	The very common intransitive sense “to protest/demonstrate” is missing.
verbs_002	verbs	711	berufen	english	medium	gloss	appoint/appeal	appoint/call; `sich auf etwas berufen = appeal to/rely on something as authority`	“Appeal” is not a free-standing sense of non-reflexive `berufen`; it needs the reflexive construction and `auf + accusative`.
verbs_002	verbs	718	entspannen	english	medium	gloss	relax	`sich entspannen = relax`; optionally retain transitive `etwas entspannen = ease/relax something` separately.	The everyday learner sense is reflexive, and the bare gloss conceals that required form.
verbs_002	verbs	745	bewähren	english	medium	gloss	prove itself	`sich bewähren = prove oneself/itself, stand the test`	The supplied translation itself signals the obligatorily reflexive construction.
verbs_002	verbs	755	recherchieren	cefrLevel	medium	cefr	A1	B1 or B2	“Research/investigate” and its normal constructions are well beyond a beginner A1 item.
verbs_002	verbs	757	durchlaufen	prateritum, perfekt, withSein, english	high	verbform	lief durch; ist durchgelaufen; go through/pass through	Either teach inseparable `durchlaufen = go through/undergo` as `durchlief`, `hat durchlaufen`, or explicitly restrict the current separable paradigm to physical `durchlaufen = run/pass all the way through`.	The entry conflates two stress/separability patterns and will teach the wrong forms and auxiliary for the common transitive “go through/undergo” sense.
verbs_002	verbs	798	stürzen	withSein, english	high	aux	withSein=True; fall/overthrow	Mark both paradigms: `ist gestürzt = fell` but `hat jemanden/etwas gestürzt = overthrew/toppled`.	The two listed senses select different auxiliaries, so one unqualified `sein` value teaches a false Perfekt for “overthrow”.
verbs_002	verbs	803	wohlfühlen	word, english	high	gloss	wohlfühlen; feel comfortable	`sich wohlfühlen = feel comfortable/well`	The verb is used reflexively in the sense taught.
verbs_002	verbs	815	gönnen	english	medium	gloss	not begrudge/treat oneself to	`jemandem etwas gönnen = not begrudge someone something`; `sich etwas gönnen = treat oneself to something`	The second listed sense requires a reflexive dative pronoun and should not be presented as the same bare construction.
verbs_002	verbs	827	trauen	english	medium	gloss	trust/dare/marry	Distinguish `jemandem trauen = trust someone`, `sich trauen, etwas zu tun = dare`, and `jemanden trauen = officiate at someone's marriage`.	“Dare” is reflexive, while bare transitive `trauen` does not mean the ordinary personal sense “marry someone”.
verbs_002	verbs	829	zurückziehen	english	medium	gloss	withdraw/pull back	Add `sich zurückziehen = withdraw/retreat`; keep transitive `etwas/jemanden zurückziehen = withdraw/pull something/someone back` separately.	The common intransitive learner sense is reflexive, unlike the valid transitive sense.
verbs_002	verbs	834	eintauchen	withSein, english	high	aux	withSein=True; dive in/immerse	Distinguish `ist (in etwas) eingetaucht = dived/entered deeply` from `hat etwas eingetaucht = dipped/immersed something`.	“Immerse” can cue the transitive construction, which takes `haben`, while the stored auxiliary only fits the intransitive motion sense.
verbs_002	verbs	838	anfühlen	word, english	high	gloss	anfühlen; feel	`sich anfühlen = feel/seem to the touch`; optionally distinguish rare/transitive `etwas anfühlen = feel something by touch`.	The normal copular English sense taught here is reflexive in German.
verbs_002	verbs	842	stützen	english	medium	gloss	support/lean on	`etwas/jemanden stützen = support`; `sich auf etwas/jemanden stützen = lean/rely on`	“Lean on” requires the reflexive construction, unlike transitive “support”.
verbs_002	verbs	851	übergehen	prateritum, perfekt, withSein, english	high	verbform	ging über; ist übergegangen; pass/skip over	For `skip/ignore`, use inseparable `überging`, `hat übergangen`; reserve separable `ging über`, `ist übergegangen` for `change/pass over/transition to`.	The stored paradigm belongs to a different stress pattern and sense from “skip over”, producing both wrong forms and the wrong auxiliary for that gloss.
verbs_002	verbs	857	wandeln	english	medium	gloss	change/stroll	Distinguish `sich wandeln = change`, transitive/formal `etwas wandeln = transform`, and literary `wandeln = stroll/walk`.	Ordinary intransitive “change” is reflexive; the current slash gloss hides materially different constructions and registers.
verbs_002	verbs	858	einigen	english	medium	gloss	agree/unite	`sich (mit jemandem) einigen = agree/reach agreement`; `Parteien/Gruppen einigen = unite parties/groups`	The everyday “agree” sense is reflexive, whereas “unite” can be transitive.
verbs_002	verbs	878	auskennen	word, english	high	gloss	auskennen; be familiar with	`sich mit etwas/auf einem Gebiet auskennen = know one's way around, be knowledgeable about`	This verb is used reflexively in the supplied sense and also needs its normal valency made clear.
verbs_002	verbs	892	abheben	withSein, english	high	aux	withSein=False; take off/withdraw	Mark `ist abgehoben = took off` and `hat Geld abgehoben = withdrew money` as separate auxiliary patterns.	The first listed sense uses `sein`, while the stored value causes the app to present `hat abgehoben` for both.
verbs_002	verbs	899	entschließen	word, english	high	gloss	entschließen; decide	`sich entschließen = decide/make up one's mind`	The verb is reflexive in the sense taught.
verbs_002	verbs	908	einlassen	english	medium	gloss	let in/get involved in	`jemanden einlassen = let someone in`; `sich auf etwas/jemanden einlassen = get involved with/agree to engage with`	The second sense requires a reflexive pronoun and `auf + accusative`.
verbs_002	verbs	913	anweisen	english	medium	gloss	instruct/assign	instruct/order/direct; optionally add `Geld anweisen = remit/authorise payment`; use `zuweisen` for the general sense “assign”.	Unqualified “assign” encourages confusion with `zuweisen` and is not a clear core translation of `anweisen`.
verbs_002	verbs	928	erholen	word, english	high	gloss	erholen; recover/relax	`sich erholen = recover/recuperate/relax`	Both supplied learner senses normally require the reflexive pronoun.
verbs_002	verbs	940	umziehen	withSein, english	high	aux	withSein=True; move/change clothes	`ist umgezogen = moved house`; `hat sich umgezogen = changed clothes/got changed`.	The entry merges a `sein` motion sense with a reflexive `haben` sense.
verbs_002	verbs	948	ausbreiten	english	medium	gloss	spread out	Distinguish transitive `etwas ausbreiten = spread something out` from `sich ausbreiten = spread/expand`.	The English gloss can be read transitively or intransitively, but German marks the latter reflexively.
verbs_002	verbs	971	tauchen	withSein, english	high	aux	withSein missing (treated as haben); dive	Mark the contrast, e.g. `ist ins Wasser getaucht = dived into the water` versus activity/transitive uses with `haben` (`hat lange getaucht`, `hat etwas ins Wasser getaucht`).	Generic “dive” includes the very common directed-motion construction with `sein`; the single default `haben` value is unsafe.
verbs_002	verbs	975	wiedergeben	cefrLevel	medium	cefr	A1	B1 or B2 for the listed `reproduce/render` senses	These meanings and the separable irregular paradigm are not realistic A1 material.
verbs_002	verbs	978	erhoffen	word, english	medium	gloss	erhoffen; hope for	`sich etwas erhoffen = hope for/expect something`	The normal construction requires a reflexive dative pronoun.
verbs_002	verbs	990	teilhaben	irregular, prateritum, perfekt	high	classification	irregular=False; forms blank	irregular=True; `hatte teil`; `teilgehabt`; withSein=False	This compound retains the irregular paradigm of `haben`; treating it as regular excludes it from the form drill and would license false regular forms.
verbs_002	verbs	991	verbrennen	withSein, english	high	aux	withSein=False; burn	Distinguish transitive `hat etwas verbrannt = burned something` from intransitive/resultative `ist verbrannt = burned/burned up`.	Generic “burn” covers both auxiliary patterns, so a single unqualified `haben` value teaches a false fact for the intransitive sense.
verbs_002	verbs	995	unterziehen	english	medium	gloss	undergo/subject to	`sich einer Sache unterziehen = undergo something`; `jemanden/etwas einer Sache unterziehen = subject someone/something to something`	“Undergo” is reflexive and takes a dative complement, while “subject to” is transitive.
verbs_002	verbs	1007	verlieben	word, english	high	gloss	verlieben; fall in love	`sich in jemanden verlieben = fall in love with someone`	The supplied sense is obligatorily reflexive and normally takes `in + accusative`.
verbs_002	verbs	1013	aufbrechen	withSein, english	high	aux	withSein=True; break open/set off	`hat etwas aufgebrochen = broke something open`; `ist aufgebrochen = set off/departed`.	The two listed senses select different auxiliaries.
verbs_002	verbs	1043	wundern	english	medium	gloss	surprise/wonder	`jemanden wundern = surprise someone`; `sich über etwas wundern = wonder/be surprised about something`	English “wonder” corresponds to the reflexive construction, not bare `wundern`.
verbs_002	verbs	1050	zusammenschließen	english	medium	gloss	merge/join together	Add the normal intransitive construction `sich zusammenschließen = merge/join forces/form an alliance`; keep a separately labelled transitive technical sense if desired.	Organisations or people “merging/joining together” is normally expressed reflexively.
verbs_002	verbs	1065	abbiegen	withSein, english	high	aux	withSein=True; bend/turn	Distinguish `ist abgebogen = turned off/turned a corner` from transitive technical `hat etwas abgebogen = bent something aside/down`.	The broad gloss combines an intransitive motion sense using `sein` with a transitive sense using `haben`.
verbs_002	verbs	1092	abzeichnen	word, english	high	gloss	abzeichnen; become apparent	`sich abzeichnen = become apparent/emerge`	The supplied intransitive sense is reflexive; bare `abzeichnen` instead has transitive senses such as trace/countersign.
verbs_002	verbs	1097	rollen	withSein, english	high	aux	withSein=True; roll	Distinguish intransitive motion `ist gerollt = rolled` from transitive `hat etwas gerollt = rolled something`.	The undifferentiated English gloss covers both auxiliary patterns.
verbs_002	verbs	1100	beruhigen	english	medium	gloss	calm/calm down	`jemanden beruhigen = calm someone`; `sich beruhigen = calm down`	The phrasal intransitive sense is reflexive.
verbs_002	verbs	1108	abmelden	english	medium	gloss	give notice of/log out	Distinguish transitive `etwas/jemanden abmelden = deregister/cancel` from `sich abmelden = give notice/sign or log out`.	The learner-facing personal and computer senses normally require the reflexive pronoun.
verbs_002	verbs	1114	vertragen	english	medium	gloss	get along with/tolerate	`sich mit jemandem vertragen = get along with someone`; `etwas/jemanden vertragen = tolerate something/someone`	The first gloss is reflexive, unlike the second.
verbs_002	verbs	1118	beklagen	english	medium	gloss	bemoan/complain	`etwas beklagen = bemoan/lament something`; `sich über etwas beklagen = complain about something`	English “complain” normally maps to the reflexive construction.
verbs_002	verbs	1125	erfragen	english	medium	gloss	ask	ascertain/find out by asking; enquire about	`erfragen` is not the ordinary equivalent of “ask” (`fragen`); the current gloss erases its result-oriented meaning.
verbs_002	verbs	1133	verschlechtern	english	medium	gloss	worsen/deteriorate	`etwas verschlechtern = make something worse`; `sich verschlechtern = worsen/deteriorate`	The intransitive meanings in the gloss require the reflexive form.
verbs_002	verbs	1151	rüsten	english	medium	gloss	arm/prepare	`jemanden/etwas rüsten = arm/equip`; `sich für/gegen etwas rüsten = prepare oneself for/against something`	Generic personal “prepare” is reflexive, while “arm/equip” is transitive.
verbs_002	verbs	1152	abkühlen	withSein, english	high	aux	withSein missing (treated as haben); cool	Distinguish intransitive `ist abgekühlt = cooled down` from transitive `hat etwas abgekühlt = cooled something`.	The common intransitive sense uses `sein`, which the current default suppresses.
verbs_002	verbs	1155	heilen	withSein, english	high	aux	withSein missing (treated as haben); cure/heal	Distinguish transitive `hat jemanden/etwas geheilt = cured/healed` from intransitive `ist geheilt = healed`.	The slash gloss combines transitive and intransitive uses with different auxiliary behaviour.
verbs_002	verbs	1186	anschaffen	english	medium	gloss	acquire	Add the common construction `sich etwas anschaffen = acquire/buy something for oneself`; retain transitive institutional `etwas anschaffen = procure/acquire` separately.	For the everyday personal sense, the reflexive dative pronoun is an important part of the learner model.
verbs_002	verbs	1196	jagen	cefrLevel	medium	cefr	C1	B1 or B2	The concrete core meanings “hunt/chase” are common well before C1.
verbs_002	verbs	1204	auslaufen	english	medium	gloss	discontinue/expire/flow out	be discontinued/be phased out; expire/run out; flow/leak out	With the stored intransitive `sein` paradigm, active transitive “discontinue” is the wrong voice and invites an invalid construction.
verbs_002	verbs	1209	zuwenden	english	medium	gloss	devote/donate/turn towards	Distinguish transitive `jemandem etwas zuwenden = donate/allocate` from `sich jemandem/einer Sache zuwenden = turn/devote one's attention to`.	“Turn towards” and the personal “devote” sense normally require a reflexive pronoun.
verbs_002	verbs	1228	beschweren	word, english	high	gloss	beschweren; complain/weight down	`sich (bei jemandem) über etwas beschweren = complain`; `etwas beschweren = weigh something down`	The principal learner sense is reflexive, whereas only the unrelated transitive sense is represented by bare `beschweren`.
verbs_002	verbs	1231	anfahren	withSein, english	high	aux	withSein=True; set off [sein] / run into, knock down, snap at [haben]	Represent both auxiliaries or split the entry: `ist angefahren` for setting off/approaching by vehicle, `hat jemanden angefahren` for hitting or snapping at someone.	The gloss correctly notes the contrast, but the single stored boolean still makes the drill present `sein` for every listed sense.
verbs_002	verbs	1248	ausdenken	word, english	high	gloss	ausdenken; come up with/make up/think up	`sich etwas ausdenken = come up with/invent/think up something`	All supplied senses normally use a reflexive dative pronoun.
verbs_002	verbs	1254	anhaben	irregular, prateritum, perfekt	high	classification	irregular=False; forms blank	irregular=True; `hatte an`; `angehabt`; withSein=False	The compound retains the irregular forms of `haben`; it must not be treated as a regular verb.
verbs_002	verbs	1258	entzünden	english	medium	gloss	become inflamed/ignite/inflame	`sich entzünden = become inflamed/catch fire`; `etwas entzünden = ignite/inflame something`	The intransitive first sense is reflexive, unlike the transitive senses.
verbs_002	verbs	1264	ausziehen	withSein, english	high	aux	withSein=True; move out/take off clothes	`ist ausgezogen = moved out`; `hat etwas ausgezogen = took something off`; `hat sich ausgezogen = got undressed`.	The listed meanings mix `sein` and `haben`, and the clothing sense also needs its transitive or reflexive valency stated.
verbs_002	verbs	1265	lauschen	english	low	gloss	eavesdrop/listen	listen attentively/listen secretly; use `jemanden belauschen` or `an etwas lauschen` for a clear “eavesdrop on” construction.	Bare “eavesdrop” overstates the ordinary meaning and hides the verb's dative/listening construction.
verbs_002	verbs	1272	niederlassen	english	medium	gloss	let down/lower/settle down	`etwas niederlassen = lower/let something down`; `sich niederlassen = settle down/take up residence`	The final, common sense is reflexive.
verbs_002	verbs	1278	vorhaben	irregular, prateritum, perfekt	high	classification	irregular=False; forms blank	irregular=True; `hatte vor`; `vorgehabt`; withSein=False	This compound retains the irregular paradigm of `haben`.
verbs_002	verbs	1308	erwärmen	english	medium	gloss	take to/warm up	`etwas erwärmen = warm/heat something`; `sich für jemanden/etwas erwärmen = warm to/take to someone or something`	“Take to” is reflexive and needs `für + accusative`; the current gloss also blurs it with the transitive heating sense.
verbs_002	verbs	1313	zurechtfinden	word, english	high	gloss	zurechtfinden; find one's way around (sich zurechtfinden)	Store/present `sich zurechtfinden = find one's way around/cope` as the learner headword.	The gloss acknowledges the reflexive form, but the headword and stored forms omit it.
verbs_002	verbs	1321	gewöhnen	english	medium	gloss	accustom/get used to	`jemanden an etwas gewöhnen = accustom someone to something`; `sich an etwas gewöhnen = get used to something`	The second supplied sense is reflexive and takes `an + accusative`.
verbs_002	verbs	1323	weigern	word, english	high	gloss	weigern; decline/refuse	`sich weigern = refuse/decline to do something`	The verb is obligatorily reflexive in the sense taught.
verbs_002	verbs	1325	innehaben	irregular, prateritum, perfekt	high	classification	irregular=False; forms blank	irregular=True; `hatte inne`; `innegehabt`; withSein=False	The compound retains the irregular paradigm of `haben`.
verbs_002	verbs	1326	platzen	cefrLevel	medium	cefr	C1	B1 or B2	The concrete core meaning “burst” is common substantially before C1.
verbs_002	verbs	1329	tummeln	word, english	high	gloss	tummeln; romp/hurry	`sich tummeln = romp/mill about/throng`; imperative `sich tummeln = hurry/get a move on` is colloquial.	The listed meanings are reflexive, and unqualified “hurry” is also a poor account of the restricted colloquial use.
verbs_002	verbs	1345	schweben	withSein, english	high	aux	withSein missing (treated as haben); float/glide/hover	Use/teach `ist geschwebt` for directed floating/gliding movement and explicitly note any stative regional/contextual `haben` use rather than defaulting all senses to it.	The common motion senses in the gloss normally form the Perfekt with `sein`.
verbs_002	verbs	1356	festschreiben	english	medium	gloss	codify/sanction	codify/lay down formally/stipulate/enshrine in writing	English “sanction” is ambiguous between approve and penalise and is not a reliable learner translation of `festschreiben`.
verbs_002	verbs	1360	starkmachen	word, english	high	gloss	starkmachen; advocate for/strengthen/support	`sich für jemanden/etwas starkmachen = advocate/campaign for someone or something`; use `stärken = strengthen` for the general transitive sense.	The main lexical verb is reflexive, while the broad transitive glosses encourage non-idiomatic uses of the compound.
verbs_002	verbs	1362	abarbeiten	english	medium	gloss	process/slave/slave away	`etwas abarbeiten = work through/process something`; `sich an etwas abarbeiten = wear oneself out/toil away at something`	“Slave/slave away” belongs to the reflexive construction and is not a free-standing translation of transitive `abarbeiten`.
verbs_002	verbs	1363	ansteuern	english	medium	gloss	head/steer/strive	head for/steer towards/target/control; remove `strive`	“Strive” normally corresponds to `streben/anstreben`, not `ansteuern`.
verbs_002	verbs	1365	bereisen	english	medium	gloss	travel	travel around/through, tour (a country or region)	`bereisen` is transitive and requires a place as its object; generic intransitive “travel” teaches the wrong valency.
verbs_002	verbs	1370	erwachsen	cefrLevel	high	cefr	A2	C1 (for formal `aus etwas erwachsen = arise/result from`)	The verb is a formal, abstract strong verb distinct from the elementary adjective `erwachsen`; A2 is grossly misleading.
verbs_003	verbs	1408	abfahren	withSein/english	high	aux	True; depart/leave/remove	sein for intransitive “depart/leave”; haben for transitive “transport/remove”; split or label the senses.	The gloss includes common senses with different Perfekt auxiliaries.
verbs_003	verbs	1409	anlehnen	english	medium	gloss	lean against/model on	etwas anlehnen — prop/lean something against; sich an etwas anlehnen — lean against/model oneself or something on.	Both English glosses invite the common reflexive construction, which the entry does not show.
verbs_003	verbs	1413	kippen	withSein/english	high	aux	UNSET (haben); cant/overturn/tilt	haben for transitive “tilt/tip/pour”; sein for intransitive “tip over/overturn”; split or label the senses.	The undifferentiated gloss spans transitive and intransitive paradigms with different auxiliaries.
verbs_003	verbs	1417	durchbrechen	prateritum/perfekt/withSein/english	high	verbform	brach durch; durchgebrochen; True; appear/break in two/break through	Label the stored separable intransitive verb (brach durch, ist durchgebrochen), and separately teach inseparable transitive durchbrechen (durchbrach, hat durchbrochen).	“Break through” can denote either verb, so the current gloss falsely makes the separable forms look universal.
verbs_003	verbs	1459	wehen	cefrLevel	low	cefr	C1	A2–B1	The basic weather verb “blow” is ordinary early learner vocabulary, not C1.
verbs_003	verbs	1464	anschreiben	english	medium	gloss	write/write down	write to/contact; write on; put on someone’s tab	Anschreiben is not the ordinary verb for “write down” (aufschreiben); the present wording omits its main everyday sense.
verbs_003	verbs	1470	spinnen	cefrLevel	low	cefr	C1	B1	Both “spin” and colloquial “be crazy” are common well before C1.
verbs_003	verbs	1495	hinlegen	english	medium	gloss	lay down/lie down/put down	etwas hinlegen — lay/put something down; sich hinlegen — lie down.	The intransitive English sense “lie down” requires the reflexive pronoun in German.
verbs_003	verbs	1499	strecken	cefrLevel	low	cefr	C1	B1 (at most B2)	Literal “stretch” is common general and exercise vocabulary far below C1.
verbs_003	verbs	1502	verabreden	english	medium	gloss	agree/arrange/make an appointment	etwas verabreden — agree/arrange something; sich (mit jemandem) verabreden — arrange to meet/make plans.	The ordinary meeting sense is reflexive, unlike the transitive agreement sense.
verbs_003	verbs	1504	wappnen	english	medium	gloss	forearm/prepare	sich gegen/für etwas wappnen — arm/prepare oneself against/for something	The normal modern use is reflexive and complement-dependent; bare “prepare” gives an unusable learner model.
verbs_003	verbs	1515	entschuldigen	english	medium	gloss	apologise/excuse	sich entschuldigen — apologise; jemanden entschuldigen — excuse someone.	The two listed senses differ in reflexivity and valency.
verbs_003	verbs	1527	bedauern	cefrLevel	low	cefr	C1	B1–B2	“Regret/be sorry about” is standard intermediate vocabulary and is materially overlevelled at C1.
verbs_003	verbs	1554	offenlegen	english	medium	gloss	disclose/reveal/unfold	disclose/reveal/lay open	“Unfold” normally translates entfalten or auseinanderfalten, not offenlegen.
verbs_003	verbs	1556	regen	english	medium	gloss	move/stir	sich regen — move/stir/show signs of activity; etwas regen is literary or restricted.	The normal modern intransitive senses are reflexive, which the entry hides.
verbs_003	verbs	1557	schwärmen	english	medium	gloss	adore/swarm	von/für jemandem oder etwas schwärmen — rave about/be enthusiastic about; swarm	Schwärmen is not a plain transitive equivalent of “adore”; that sense requires a governed prepositional construction.
verbs_003	verbs	1566	niederlegen	english	medium	gloss	lay down/lie down	etwas niederlegen — lay something down/resign from; sich niederlegen — lie down.	“Lie down” requires the reflexive form, whereas the transitive verb has different senses.
verbs_003	verbs	1567	schmelzen	withSein/english	high	aux	True; melt	sein for intransitive “melt”; haben for transitive “melt something”; split or label the senses.	German distinguishes the two common uses by auxiliary, but the generic gloss does not.
verbs_003	verbs	1570	zerbrechen	withSein/english	high	aux	True; break	sein for intransitive “break”; haben for transitive “break something”; split or label the senses.	The bare English gloss spans both auxiliary paradigms.
verbs_003	verbs	1588	beugen	english	medium	gloss	bend/break/deflect	bend/bow; sich beugen — bow/submit; das Recht beugen — pervert/bend the law	Generic “break” is misleading, and the common “bow/submit” sense is reflexive.
verbs_003	verbs	1594	hinziehen	english	medium	gloss	drag on/pull toward	sich hinziehen — drag on; etwas irgendwohin ziehen — pull something towards/over to a place	The temporal “drag on” sense is reflexive and should not be presented as bare hinziehen.
verbs_003	verbs	1598	abwechseln	english	medium	gloss	alternate	sich abwechseln — alternate/take turns; etwas mit etwas abwechseln — alternate one thing with another	The everyday reciprocal/intransitive use needs sich; the bare gloss conceals the valency distinction.
verbs_003	verbs	1614	kollidieren	withSein	high	aux	UNSET (haben)	True (sein) for literal “collide”; note that figurative conflict can also take haben.	Vehicle collision, the concrete core sense, forms the Perfekt with sein.
verbs_003	verbs	1623	bessern	english	medium	gloss	better/improve	etwas bessern — improve/mend something; sich bessern — improve/get better.	The ordinary intransitive English sense is reflexive in German.
verbs_003	verbs	1632	kreisen	english/cefrLevel	low	cefr	circle/circumgyrate; A1	circle/orbit/revolve; B1–B2	“Circumgyrate” is unsuitable learner English, and productive use of this abstract/motion verb is not A1.
verbs_003	verbs	1646	ausruhen	word/english	medium	gloss	ausruhen; rest	sich ausruhen — rest	The normal learner sense is obligatorily reflexive.
verbs_003	verbs	1656	stürmen	withSein/english	high	aux	UNSET (haben); invade/rush/storm	sein for directional intransitive “rush/storm somewhere”; haben for transitive “storm/invade a place”; split or label the senses.	The gloss explicitly combines common senses with different auxiliaries.
verbs_003	verbs	1679	absenken	english	medium	gloss	deepen/layer/lower	lower/reduce; optionally “deepen” only in an appropriate construction	“Layer” is not a translation of absenken and gives learners a false sense.
verbs_003	verbs	1680	bestreben	word/english	medium	gloss	bestreben; endeavor/endeavour	sich bestreben — endeavour/strive (formal and uncommon), or omit in favour of sich bemühen.	The verb is valid but normally reflexive and markedly formal/rare; the current bare citation model is misleading.
verbs_003	verbs	1691	überziehen	prateritum/perfekt/english	high	verbform	zog über; übergezogen; cover/overdraw	überzog; überzogen for inseparable “cover/overdraw”; reserve zog über/übergezogen for separable “put on/pull over”.	The stored separable forms do not match either listed sense.
verbs_003	verbs	1700	zuspitzen	english	medium	gloss	come to a head/sharpen	sich zuspitzen — come to a head/intensify; etwas zuspitzen — sharpen/bring to a point.	The intransitive English sense is reflexive, unlike the transitive sense.
verbs_003	verbs	1705	einmischen	english	medium	gloss	interfere/meddle/mix into	sich in etwas einmischen — interfere/meddle in; etwas einmischen — mix something in.	The two meanings have different reflexivity and valency.
verbs_003	verbs	1713	verderben	withSein/english	high	aux	True; decay/ruin/spoil	sein for intransitive “go bad/spoil”; haben for transitive “ruin/spoil something”; split or label the senses.	The combined gloss spans both common auxiliary paradigms.
verbs_003	verbs	1714	verkleiden	english	medium	gloss	disguise/dress up	jemanden/etwas verkleiden — disguise/clad; sich verkleiden — dress up/disguise oneself.	“Dress up” in the ordinary learner sense is reflexive.
verbs_003	verbs	1677	zerlegen	cefrLevel	low	cefr	A1	B1–B2	“Dismantle/take apart/analyse” is materially beyond basic A1 vocabulary.
verbs_003	verbs	1732	distanzieren	word/english	medium	gloss	distanzieren; distance oneself/dissociate	sich von jemandem/etwas distanzieren — distance/dissociate oneself from	Both listed senses require the reflexive form and normally the governed von construction.
verbs_003	verbs	1747	anbahnen	english	medium	gloss	be in the offing/initiate/pave the way	sich anbahnen — be in the offing/develop; etwas anbahnen — initiate/prepare.	The first listed intransitive sense is reflexive, unlike the transitive senses.
verbs_003	verbs	1759	profilieren	english	medium	gloss	distinguish/gain/make one's mark	sich profilieren — distinguish oneself/make one’s mark/raise one’s profile	The normal modern sense is reflexive; bare “distinguish” also suggests an incorrect transitive mapping.
verbs_003	verbs	1761	saugen	irregular/cefrLevel	medium	classification	False; C1; suck	Record the standard strong forms sog/gesogen (alongside accepted saugte/gesaugt); level around B1.	The lexical “suck” senses allow both strong and weak paradigms, so treating the verb as purely regular omits standard forms; C1 is also grossly late.
verbs_003	verbs	1768	abtreten	withSein/english	high	aux	True; cede/step down/resign	haben for transitive “cede/hand over”; sein for intransitive “step down/resign”; split or label the senses.	The first listed sense does not use the stored auxiliary.
verbs_003	verbs	1774	daherkommen	english	medium	gloss	come along/go around	come along; come across/appear/seem (in a particular way)	“Go around” is not an ordinary equivalent, while the common figurative “come across/appear” sense is missing.
verbs_003	verbs	1775	einstehen	english	low	spelling	answer for/stand up for/take reponsibility for	answer for/stand up for/take responsibility for	“Responsibility” is misspelled in the learner-facing gloss.
verbs_003	verbs	1803	dabeihaben	english	medium	gloss	have there/have with	have something with one/have something on one	The present English is unnatural and does not clearly model the meaning of etwas dabeihaben.
verbs_003	verbs	1815	streifen	withSein/english	high	aux	UNSET (haben); brush/stroke/wander	haben for transitive “brush/graze”; sein for intransitive directional “wander/roam”; split or label the senses.	The listed senses take different auxiliaries.
verbs_003	verbs	1818	zusammentun	english	medium	gloss	add together/join up	etwas zusammentun — put/add together; sich zusammentun — join forces/team up.	The normal people-joining sense is reflexive.
verbs_003	verbs	1820	annähern	english	medium	gloss	approach/approximate/get friendly	sich jemandem/etwas annähern — approach/draw closer; etwas annähern — approximate something.	The intransitive and social senses require the reflexive form.
verbs_003	verbs	1828	fortbewegen	english	medium	gloss	move/remove	sich fortbewegen — move/get around; etwas fortbewegen — move something away	The normal intransitive learner sense is reflexive, while “remove” is too broad.
verbs_003	verbs	1829	fortfahren	withSein/english	high	aux	True; continue/drive away	haben for “continue”; sein for “drive/go on”; split or label the senses.	The primary listed abstract sense does not take the stored auxiliary.
verbs_003	verbs	1840	zurückmelden	english	medium	gloss	be back/get back/report back	sich zurückmelden — report back/get back in touch/check back; etwas zurückmelden — report something back	The ordinary intransitive senses require the reflexive form; “be back” is not a direct bare-verb equivalent.
verbs_003	verbs	1843	anliegen	english	medium	gloss	concern/matter to/lie against	fit closely/lie or rest against; be pending; formally, matter/be of concern to someone	“Concern/matter to” is a valid elevated sense, but the string is ambiguous with das Anliegen and fails to identify the verb’s common concrete and pending senses clearly.
verbs_003	verbs	1848	hauen	irregular/prateritum/perfekt	high	classification	False; UNSET; UNSET	True; haute (also hieb); gehauen	Even when the common weak Präteritum haute is used, the standard participle is irregular gehauen, so a purely regular classification is false.
verbs_003	verbs	1854	umschreiben	english	medium	gloss	also note separable úmschreiben (schrieb um, umgeschrieben) = rewrite/transfer	paraphrase/circumscribe for the stored inseparable forms umschrieb/umschrieben; separately note separable umschreiben (schrieb um/umgeschrieben) = rewrite/transfer.	The field never translates the paradigm actually stored and uses a nonstandard acute accent as stress notation without explanation.
verbs_003	verbs	1865	einfrieren	withSein/english	high	aux	True; freeze	sein for intransitive “freeze”; haben for transitive “freeze something”; split or label the senses.	The generic English gloss spans two everyday auxiliary paradigms.
verbs_003	verbs	1869	scrollen	cefrLevel	low	cefr	C1	A2–B1	This common digital-action verb is basic modern vocabulary, not C1.
verbs_003	verbs	1875	wiedersehen	english	low	gloss	meet again	see again; sich wiedersehen — see/meet each other again	Bare transitive wiedersehen means “see again”; “meet again” normally implies the reciprocal reflexive construction.
verbs_003	verbs	1877	anstrengen	english	medium	gloss	make an effort/try hard	sich anstrengen — make an effort/try hard; jemanden/etwas anstrengen — strain/tax someone or something	Both listed English senses require the reflexive form.
verbs_003	verbs	1889	zurücklehnen	english	medium	gloss	lean/lounge/recline	sich zurücklehnen — lean back/recline/sit back	The normal learner use is reflexive.
verbs_003	verbs	1892	aufdrehen	cefrLevel	low	cefr	C1	A2–B1 for the everyday “turn on/open” senses	Turning on a tap/device or opening a valve is ordinary early vocabulary, not C1.
verbs_003	verbs	1894	beschenken	english	low	gloss	gift	give presents/gifts to; present someone with something	Bare “gift” is less clear and less idiomatic for many British learners than the explicit valency.
verbs_003	verbs	1912	einatmen	english	low	spelling	breath in/inhale	breathe in/inhale	“Breath” is a noun; the verb is “breathe”.
verbs_003	verbs	1916	krachen	withSein/english	high	aux	UNSET (haben); crack/crash	haben for impersonal “bang/crack”; sein for directional collision “crash into”; split or label the senses.	The English “crash” sense commonly takes sein, unlike the sound-event sense.
verbs_003	verbs	1926	unterstehen	english	medium	gloss	be subordinate to/dare	jemandem unterstehen — be subordinate to someone; sich unterstehen, etwas zu tun — dare/presume to do something	“Dare” belongs to a reflexive construction, not bare unterstehen.
verbs_003	verbs	1927	verschlimmern	english	medium	gloss	aggravate/get worse/worsen	etwas verschlimmern — aggravate/worsen something; sich verschlimmern — get worse.	The explicitly listed intransitive sense is reflexive.
verbs_003	verbs	1928	wegziehen	withSein/english	high	aux	True; move away/pull away	sein for intransitive “move away”; haben for transitive “pull something away”; split or label the senses.	The gloss combines two common senses with different auxiliaries.
verbs_003	verbs	1929	zerfallen	english	low	gloss	decay/dilapidate/disintegrate	decay/fall apart/disintegrate	“Dilapidate” is not idiomatic modern learner English for this intransitive sense.
verbs_003	verbs	1931	ausschauen	english	medium	gloss	appear/look/look out	look/appear (regional, especially southern German/Austrian/Swiss); look out of	The appearance sense is regionally marked and should not be presented as unqualified standard German.
verbs_003	verbs	1933	billigen	english	medium	gloss	agree/approve/assent	approve/endorse/condone	Billigen is transitive approval or acceptance, not the ordinary intransitive “agree/assent”.
verbs_003	verbs	1944	pendeln	withSein/english	high	aux	UNSET (haben); commute/oscillate/shuttle	sein for “commute/travel back and forth”; haben for “oscillate/swing”; split or label the senses.	The first and most learner-relevant listed sense takes sein.
verbs_003	verbs	1961	aufspielen	english	medium	gloss	show off	sich aufspielen — show off/put on airs	The listed sense requires the reflexive form.
verbs_003	verbs	1965	entfliehen	english	high	gloss	escape/flee/fly past	escape/flee from	“Fly past” is vorbeifliegen, not entfliehen, and teaches a false sense.
verbs_003	verbs	1971	hüpfen	cefrLevel	low	cefr	C1	A2–B1	The concrete everyday verb “hop/jump” is far below C1.
verbs_003	verbs	1977	verteuern	english	medium	gloss	go up/raise the price	sich verteuern — go up in price/become more expensive; etwas verteuern — raise the price/make more expensive.	The intransitive sense is reflexive, unlike the transitive sense.
verbs_003	verbs	1991	jubeln	cefrLevel	low	cefr	C1	B1	“Cheer/rejoice” is common general vocabulary well before C1.
verbs_003	verbs	1997	schleudern	withSein/english	high	aux	UNSET (haben); catapult/fishtail/hurl	haben for transitive “hurl/catapult”; sein for intransitive “skid/fishtail”; split or label the senses.	The listed transitive and intransitive senses take different auxiliaries.
verbs_003	verbs	2001	umreißen	prateritum/perfekt/english	high	verbform	riss um; umgerissen; outline/sketch	umriss; umrissen for inseparable “outline/sketch”; reserve riss um/umgerissen for separable “knock/tear down”.	The stored separable forms belong to a different verb from the glossed one.
verbs_003	verbs	2003	verschulden	english	medium	gloss	cause/get into debt/go into debt	etwas verschulden — cause/be responsible for; sich verschulden — get/go into debt.	Both debt glosses require the reflexive form.
verbs_003	verbs	2008	zusammentreten	withSein/english	high	aux	True; convene/crush underfoot/give a severe kicking	sein for intransitive “convene/meet”; haben for transitive “kick/beating someone severely”; split or label the senses.	The violent transitive senses do not use the stored auxiliary.
verbs_003	verbs	2012	anlangen	withSein/english	high	aux	UNSET (haben); arrive/concern/touch	sein for intransitive “arrive”; haben for the rarer transitive senses; split or label the senses.	The first and ordinary listed sense forms the Perfekt with sein.
verbs_003	verbs	2016	ausrücken	withSein/english	high	aux	UNSET (haben); disengage/go on a mission/march out	sein for intransitive “go out on a mission/march out”; haben for transitive technical senses; split or label the senses.	The two prominent movement glosses require sein.
verbs_003	verbs	2020	dehnen	cefrLevel	low	cefr	C1	B1–B2	Literal stretching and exercise use are ordinary intermediate vocabulary, not C1.
verbs_003	verbs	2021	eilen	withSein/english	high	aux	UNSET (haben); be urgent/hurry	haben for impersonal “be urgent”; sein for directional “hurry somewhere”; split or label the senses.	The two listed senses differ in auxiliary.
verbs_003	verbs	2024	erschrecken	prateritum/perfekt/withSein/english	high	verbform	erschrak; erschrocken; True; frighten/scare/startle	The stored strong paradigm means intransitive “become frightened/be startled”; transitive “frighten/scare/startle someone” is erschreckte/hat erschreckt.	Every English gloss is transitive, but all stored forms and the auxiliary belong to the intransitive paradigm.
verbs_003	verbs	2036	spicken	english	medium	gloss	lard/stuff; (figurative) pepper with	add the common everyday sense “cheat/copy in a test”; retain lard/stuff and “pepper with” as separate senses.	The entry foregrounds specialist culinary senses while omitting the familiar learner-relevant meaning.
verbs_003	verbs	2039	überlasten	english	medium	gloss	overcharge/overload	overload/overburden	“Overcharge” normally means charge too much (or overcharge a battery), neither of which is a general equivalent of überlasten.
verbs_003	verbs	2057	erraten	english	medium	gloss	guess/right	guess correctly/solve by guessing	“Right” is not a verb translation and the slash string is ungrammatical learner English.
verbs_003	verbs	2059	frieren	english	medium	gloss	freeze	feel/be cold; freeze	For people, the very common meaning is “feel/be cold”; bare “freeze” strongly suggests gefrieren/einfrieren or a change-of-state sense.
verbs_003	verbs	2060	hochziehen	english	medium	gloss	latch on to something/lift/raise	pull/lift/raise up; rear/bring up; sich an etwas hochziehen — pull oneself up/take offence at	“Latch on to something” is not a normal equivalent of hochziehen.
verbs_003	verbs	2066	stauen	english	medium	gloss	build up/dam up/stow	sich stauen — build up/be congested; etwas stauen — dam up/store/stow.	The ordinary intransitive “build up/be congested” sense is reflexive.
verbs_003	verbs	2072	umrüsten	english	low	spelling	adapt/re-equipe	convert/retrofit/re-equip	“Re-equipe” is misspelled, and “convert/retrofit” is clearer learner English for the core sense.
verbs_003	verbs	2085	ersticken	withSein/english	high	aux	True; suffocate	sein for intransitive “suffocate”; haben for transitive “suffocate/smother/choke”; split or label the senses.	English “suffocate” can be transitive or intransitive, but German auxiliary choice changes accordingly.
verbs_003	verbs	2087	großschreiben	english	medium	gloss	capitalise/shift	capitalise; value highly/set great store by	“Shift” is not a meaning of großschreiben.
verbs_003	verbs	2097	pfeifen	cefrLevel	low	cefr	C1	A2–B1	The concrete everyday verb “whistle” is far below C1.
verbs_004	verbs	2107	verstreichen	withSein/english	high	aux	`withSein=true`; “elapse/expire/fill in”	distinguish `ist verstrichen` for elapsed time from transitive `hat etwas verstrichen` for spreading/filling	The single `sein` auxiliary is false for the listed transitive sense.
verbs_004	verbs	2126	herantragen	english	medium	gloss	“approach/bring over”	“carry/bring over; etw. an jdn. herantragen = put/propose something to someone”	Plain “approach” hides the required transitive construction and suggests a nonexistent intransitive sense.
verbs_004	verbs	2151	einprägen	english	medium	gloss	“impress/imprint/memorise”	“impress/imprint; sich etw. einprägen = memorise/commit something to memory”	The everyday “memorise” sense is reflexive and takes the thing memorised in the accusative.
verbs_004	verbs	2155	konstituieren	english	medium	gloss	“assemble/constitute/convene”	“constitute; sich konstituieren = form/constitute itself, convene”	A body assembling or convening is normally expressed reflexively.
verbs_004	verbs	2167	verschlucken	english	medium	gloss	“choke/swallow”	“swallow; sich verschlucken = choke/swallow the wrong way”	“Choke” is the reflexive construction, whereas transitive `verschlucken` means swallow.
verbs_004	verbs	2173	bummeln	withSein/english	medium	aux	`withSein=true`; “loiter”	“stroll (sein); dawdle/loaf/idle (haben)” and keep the auxiliary sense-specific	German uses `sein` for strolling movement but `haben` for dawdling or idling, which is closer to “loiter”.
verbs_004	verbs	2174	dirigieren	cefrLevel	medium	cefr	`A1`	move to approximately B1	“Conduct (an orchestra)” is not realistic A1 productive vocabulary.
verbs_004	verbs	2181	hochfahren	cefrLevel	medium	cefr	`A1`	move the computing sense to approximately B1	The separable technical verb “boot” is grossly advanced for an A1 deck.
verbs_004	verbs	2190	tappen	withSein/english	high	aux	`withSein=true`; “grope”	`withSein=false` for “nach etw. tappen = grope/feel for”; alternatively gloss the movement sense that takes `sein`	The listed groping sense forms its perfect with `haben`; `sein` belongs to movement such as `durchs Zimmer tappen`.
verbs_004	verbs	2198	abzweigen	withSein/english	medium	aux	`withSein=true`; “branch off/put aside/set aside”	distinguish intransitive “branch off” (`ist abgezweigt`) from transitive “divert/set aside” (`hat abgezweigt`)	One auxiliary cannot correctly cover both listed valencies.
verbs_004	verbs	2200	anbrechen	withSein/english	high	aux	`withSein=true`; “begin/break/start”	distinguish intransitive time/day beginning (`ist angebrochen`) from opening/breaking into something (`hat angebrochen`)	The irregular-forms card currently attaches `sein` to a mixed gloss containing a common transitive `haben` sense.
verbs_004	verbs	2207	einschreiten	withSein	high	aux	`False`	`True` (`ist eingeschritten`)	`einschreiten` forms the perfect with `sein` in the listed “intervene/step in” sense.
verbs_004	verbs	2215	plaudern	cefrLevel	medium	cefr	`C1`	move to approximately A2–B1	The everyday verb “chat” is grossly too late at C1.
verbs_004	verbs	2221	überreden	english	high	gloss	“cajole/persuade/talk over”	“persuade/talk someone into something”	English “talk something over” means discuss it, not persuade someone.
verbs_004	verbs	2226	aufrichten	english	medium	gloss	“erect/raise/sit up”	“erect/raise; sich aufrichten = sit up/straighten up”	The intransitive-looking “sit up” translation requires the reflexive pronoun.
verbs_004	verbs	2238	erlösen	english	medium	gloss	“deliver/earn/release”	“redeem/deliver/free from suffering; fetch/raise/realise (a sum)”	Plain “earn” wrongly suggests the ordinary `verdienen` sense.
verbs_004	verbs	2243	hungern	english	medium	gloss	“be hungry/hunger/starve”	“go hungry/starve; hunger for”	Merely feeling hungry is `Hunger haben`, not normally `hungern`.
verbs_004	verbs	2244	hüten	english	medium	gloss	“guard/protect; beware”	“guard/tend; sich vor etw. hüten = beware of/guard against something”	“Beware” is reflexive and requires `vor` plus dative.
verbs_004	verbs	2245	jucken	english	medium	gloss	“itch/scratch”	“itch; bother/interest (colloquial)” and remove plain “scratch”	Standard German for scratching an itch is `kratzen`; plain `jucken` means itch.
verbs_004	verbs	2255	verheißen	english	medium	gloss	“promise”	“promise/foretell; bode/portend (often `nichts Gutes verheißen`)”	The bare gloss invites confusion with everyday interpersonal `versprechen` and omits the verb’s characteristic use.
verbs_004	verbs	2258	verschmutzen	withSein/english	high	aux	`withSein=UNSET` (treated as `haben`); gloss itself says “sein when intransitive”	model both: transitive `hat etw. verschmutzt`, intransitive `etw. ist verschmutzt`	The stored default contradicts the explicitly listed intransitive construction.
verbs_004	verbs	2287	schleifen	irregular/prateritum/perfekt	high	classification	`irregular=false`, forms unset; “drag/drill/grind”	split senses: “drag/grind/sharpen” = `schliff, geschliffen`; military “drill” = `schleifte, geschleift`	The dominant listed senses are strong, so treating the whole entry as regular teaches false forms.
verbs_004	verbs	2288	schwertun	english	medium	gloss	“have difficulty/find difficult”	“sich mit etw. schwertun = have difficulty with/find something difficult”	The verb is used reflexively in this sense.
verbs_004	verbs	2298	zurückbilden	english	medium	gloss	“recede/regress”	“sich zurückbilden = recede/regress; etw. zurückbilden = reduce/reverse something”	Both current English senses normally correspond to the reflexive construction.
verbs_004	verbs	2299	zurückhaben	irregular/prateritum/perfekt/english	high	classification	`irregular=false`, forms unset; “ich will mein Geld zurückhaben”	`irregular=true`, `hatte zurück`, `zurückgehabt`; English “have/get back”	A compound of irregular `haben` is irregular, and the English field currently contains only a German example.
verbs_004	verbs	2306	aufregen	english	medium	gloss	“excite/upset”	“upset/agitate; sich aufregen = get upset/work oneself up”	The very common learner use is reflexive and is not shown.
verbs_004	verbs	2310	bedrängen	english	medium	gloss	“press hard”	“press/harass/pester/corner”	“Press hard” is vague and is likely to be read as physically pushing firmly rather than putting someone under pressure.
verbs_004	verbs	2322	rächen	english	medium	gloss	“avenge/cost dearly/pay the price”	“avenge; sich rächen = take revenge; sich rächen = backfire/have bad consequences”	The latter senses are reflexive, and “pay the price” does not directly state the German construction.
verbs_004	verbs	2331	vereidigen	english	high	gloss	“put under oath/swear an oath/take an oath”	“swear someone in/administer an oath to someone”	`vereidigen` is transitive; “take/swear an oath” wrongly makes the oath-taker its subject.
verbs_004	verbs	2344	bereiterklären	english	medium	gloss	“agree”	“sich bereiterklären/bereit erklären, etw. zu tun = agree/be willing to do something”	This sense is reflexive; both joined and spaced spellings are valid, but the reflexive pronoun is essential.
verbs_004	verbs	2349	erkaufen	english	medium	gloss	“bribe/buy/pay”	“obtain/buy at a cost; sich etw. erkaufen = secure something at a price”	`erkaufen` does not ordinarily mean “bribe”, and plain “buy/pay” loses its characteristic cost/means construction.
verbs_004	verbs	2350	erübrigen	english	medium	gloss	“become unnecessary/remain/spare”	“sich erübrigen = become unnecessary; etw. erübrigen = spare something”	“Become unnecessary” is reflexive, while plain “remain” is not an accurate general gloss.
verbs_004	verbs	2360	outen	english	medium	gloss	“come out of the closet/out”	“jdn. outen = out someone; sich outen = come out”	The listed intransitive English sense requires German reflexive `sich`.
verbs_004	verbs	2362	rentieren	english	medium	gloss	“pay off/be worthwhile”	“sich rentieren = pay off/be worthwhile”	Modern standard usage for this sense is reflexive.
verbs_004	verbs	2373	verrutschen	withSein	high	aux	`UNSET` (treated as `haben`)	`True` (`ist verrutscht`)	The intransitive “slip/shift out of place” verb forms its perfect with `sein`.
verbs_004	verbs	2396	einnisten	english	medium	gloss	“implant/nest/settle down”	“sich einnisten = nest/settle in; sich [in der Gebärmutter] einnisten = implant”	The listed senses are reflexive in German.
verbs_004	verbs	2419	scheren	prateritum/perfekt/english	high	verbform	`schor, geschoren`; “care/mind/shear”	split “shear” = `schor, geschoren` from “sich um etw. scheren = care/mind” = `scherte, geschert`	German has strong and weak paradigms by sense; the current card teaches the strong forms for “care/mind”.
verbs_004	verbs	2420	schminken	english	medium	gloss	“make up”	“apply make-up to; sich schminken = put on/apply make-up”	“Make up” is ambiguous in English and the ordinary self-directed German use is reflexive.
verbs_004	verbs	2428	verblassen	withSein	high	aux	`UNSET` (treated as `haben`)	`True` (`ist verblasst`)	The intransitive change-of-state verb “fade” forms the perfect with `sein`.
verbs_004	verbs	2431	vollstrecken	english	high	gloss	“execute/terminate”	“enforce/execute (a judgment, sentence or order)”	`vollstrecken` does not generally mean “terminate”.
verbs_004	verbs	2433	zurückfallen	english	medium	gloss	“drop back/fall behind/reflect on somebody”	“drop back/fall behind; auf jdn. zurückfallen = reflect badly on someone”	Omitting “badly” and the `auf` construction makes the figurative English sense misleading.
verbs_004	verbs	2443	aufhellen	english	medium	gloss	“be cleared up/become clear/brighten up”	“brighten/lighten; sich aufhellen = brighten/clear up”	The intransitive weather/mood sense is reflexive in German.
verbs_004	verbs	2471	umfahren	english	medium	gloss	`umfuhr, umfahren`; “bypass/drive round/round”	retain inseparable “drive around/bypass”, but add separable `fuhr um, umgefahren = knock/run over`	The omitted separable homograph is common and has different stress, forms and meaning.
verbs_004	verbs	2479	zollen	english	medium	gloss	“pay”	“jdm. etw. zollen = pay/show someone something (respect, tribute, recognition)”	Plain “pay” is far too broad and hides the restricted objects and dative valency.
verbs_004	verbs	2497	ausprägen	english	medium	gloss	“develop/express/mint”	“mint/imprint; sich ausprägen = develop/become pronounced”	The intransitive “develop” sense is reflexive.
verbs_004	verbs	2503	draufhaben	irregular/prateritum/perfekt	high	classification	`irregular=false`, forms unset	`irregular=true`, `hatte drauf`, `draufgehabt`	The compound retains the irregular forms of `haben`.
verbs_004	verbs	2513	hinsetzen	english/cefrLevel	medium	gloss	“put down/sit down”; `C1`	“jdn./etw. hinsetzen = seat/put down; sich hinsetzen = sit down”; approximately A1–A2	“Sit down” requires the reflexive, and this elementary verb is grossly misplaced at C1.
verbs_004	verbs	2537	zerren	english	medium	gloss	“drag/rip up/strain”	“drag/tug/yank; strain”	“Rip up” is normally `zerreißen`, not `zerren`.
verbs_004	verbs	2536	wiederhaben	irregular/prateritum/perfekt	high	classification	`irregular=false`, forms unset	`irregular=true`, `hatte wieder`, `wiedergehabt`	The compound retains the irregular forms of `haben`.
verbs_004	verbs	2560	fristen	english	high	gloss	“keep alive/sustain”	“sein Dasein/Leben fristen = eke out/live out an existence”	The verb is restricted to constructions such as `ein kümmerliches Dasein fristen`; it is not a general verb for sustaining something.
verbs_004	verbs	2566	klammern	english	medium	gloss	“bracket/cling”	“clamp/bracket; sich an jdn./etw. klammern = cling to someone/something”	“Cling” requires the reflexive construction and `an` plus accusative.
verbs_004	verbs	2589	weggehen	cefrLevel	medium	cefr	`C1`	move to approximately A1–A2	“Go away/leave” is elementary everyday vocabulary, not C1.
verbs_004	verbs	2605	buhlen	english	medium	gloss	“court/have a love affair/suck up”	“um jdn./etw. buhlen = vie/compete for; court/woo”	The verb does not mean “have a love affair”; “suck up” is at best an indirect contextual implication.
verbs_004	verbs	2609	einengen	english	medium	gloss	“concentrate/narrow”	“narrow/restrict/confine”	`einengen` does not generally mean “concentrate”.
verbs_004	verbs	2621	hervortun	english	medium	gloss	“excel”	“sich hervortun = distinguish oneself/excel”	The verb is reflexive in this sense.
verbs_004	verbs	2623	hocken	english	medium	gloss	“lounge around/sit down/squat”	“squat/crouch/sit/be sitting”	`hocken` describes a position, not the action “sit down” (`sich hinsetzen`).
verbs_004	verbs	2625	keimen	english	low	gloss	“germinate/pullulate/sprout”	“germinate/sprout”	“Pullulate” is extremely rare English and is unsuitable learner-facing vocabulary here.
verbs_004	verbs	2631	mutieren	english	high	gloss	“crack/mutate”	“mutate/change into”	`mutieren` does not mean that something cracks.
verbs_004	verbs	2643	verbünden	english	medium	gloss	“ally”	“sich mit jdm. verbünden = ally oneself with someone/form an alliance”	The normal modern construction is reflexive.
verbs_004	verbs	2781	bröckeln	withSein/english	high	aux	`withSein=true`; “break/crumble/disappear”	use `haben` for “crumble/disintegrate” (`hat gebröckelt`) and `sein` only for directional detachment such as `von der Wand gebröckelt`	The listed generic senses do not justify teaching `sein` as their sole auxiliary.
verbs_004	verbs	2653	aberkennen	english	medium	gloss	“deprive”	“jdm. etw. aberkennen = deprive someone of/revoke/withdraw something”	The bare gloss hides the required dative-plus-accusative valency and the usual revocation sense.
verbs_004	verbs	2659	ausatmen	english	high	gloss	“breathe out/draw one's last breath/exhale”	“breathe out/exhale”	“Draw one’s last breath” means die and is not a standard sense of `ausatmen`.
verbs_004	verbs	2667	entkernen	english	low	gloss	“pit”	“core/stone/remove the seeds or stones from”	“Pit” is chiefly American; the bank is intended for British-English learners and the verb also covers cores and seeds.
verbs_004	verbs	2673	fortpflanzen	english	medium	gloss	“procreate”	“sich fortpflanzen = reproduce/procreate; etw. fortpflanzen = propagate/transmit”	Living beings procreating is expressed reflexively in German.
verbs_004	verbs	2679	mausern	english	low	gloss	“moult”	retain “moult”, and add “sich mausern = develop/blossom/come on”	The common figurative reflexive sense is useful and otherwise opaque to learners.
verbs_004	verbs	2681	mitschwingen	english	medium	gloss	“contain/resonate”	“resonate/reverberate; be implicit/present as an undertone”	Plain transitive “contain” gives the wrong valency and overstates the figurative meaning.
verbs_004	verbs	2688	schränken	english	high	gloss	“restrict”	delete as an everyday “restrict” item or give its rare specialist senses; use `einschränken` for “restrict”	Standalone `schränken` does not have the ordinary meaning taught by this gloss.
verbs_004	verbs	2696	verspäten	english	medium	gloss	“be late”	“sich verspäten = be late/be delayed”	The ordinary sense is reflexive.
verbs_004	verbs	2705	abschauen	english	medium	gloss	“copy/peek”	“jdm. etw. abschauen = copy/learn something by watching someone”	Plain “peek” is not an accurate standard translation and the characteristic double-object valency is omitted.
verbs_004	verbs	2707	amortisieren	english	medium	gloss	“amortise/pay itself off”	“amortise; sich amortisieren = pay for itself/pay off”	“Pay itself off” corresponds to the reflexive construction.
verbs_004	verbs	2713	aufgießen	english	medium	gloss	“add water/make/pour in”	“pour water/liquid onto or over; brew/infuse; top up”	“Make” and “pour in” are too vague and do not teach the verb’s normal liquid construction.
verbs_004	verbs	2715	aufstecken	english	medium	gloss	“put on”	“fit/attach; put up (hair); put/place on top”	Generic “put on” is too broad to identify when this separable verb can actually be used.
verbs_004	verbs	2716	aufwecken	english	low	gloss	“awake/wake up”	“wake/awaken someone; wake someone up”	The German verb is transitive, while the current gloss can be read as intransitive “wake up”.
verbs_004	verbs	2718	auswerfen	english	medium	gloss	“cough up/produce”	“throw/cast/eject/expel; cough up; yield/produce”	The gloss omits the core literal senses and leaves only two contextual extensions.
verbs_004	verbs	2729	inhalieren	cefrLevel	medium	cefr	`A1`	move to approximately B1–B2	This Latinate medical verb is grossly advanced for A1.
verbs_004	verbs	2733	liebäugeln	english	medium	gloss	“fancy/ogle”	“mit etw. liebäugeln = toy with/consider/fancy the idea of; cast amorous glances”	Plain “ogle” overstates the personal sense and omits the very common `mit` construction for considering an option.
verbs_004	verbs	2741	reglementieren	english	medium	gloss	“regularise/regulate”	“regulate/control/restrict by rules”	“Regularise” means make regular or legitimate and is not a reliable translation here.
verbs_004	verbs	2749	übergießen	prateritum/perfekt/english	high	verbform	`goss über, übergegossen`; “pour over/douse; spill over”	for “pour over/douse”, use inseparable `übergoss, übergossen`; split off separable `über|gießen = decant/pour across` if wanted	The stored separable forms do not belong to the dominant listed sense.
verbs_004	verbs	2753	untertauchen	withSein/english	medium	aux	`withSein=true`; “submerge”	“dive/submerge oneself/go into hiding” with `sein`; transitive “submerge/dip something” takes `haben`	English “submerge” is transitive or intransitive, but the stored auxiliary only fits the latter German valency.
verbs_004	verbs	2766	anbrennen	english	medium	gloss	“burn/kindle/light”	“scorch/burn (onto a pan); start burning”	Modern `anbrennen` is not the ordinary verb for kindling or lighting something (`anzünden`).
verbs_004	verbs	2768	anklopfen	english	medium	gloss	“approach/knock/touch”	“knock; bei jdm. anklopfen = approach/sound someone out”	Plain “touch” is false, and “approach” is only a figurative prepositional construction.
verbs_004	verbs	2763	abschotten	english	medium	gloss	“encapsulate/seal off”	“seal off/isolate; sich abschotten = shut oneself off”	“Encapsulate” is not the normal meaning and risks confusion with “summarise”.
verbs_004	verbs	2775	ausreißen	withSein/english	high	aux	`withSein=false`; gloss explicitly includes “intransitive, with sein = run away”	split transitive `hat etw. ausgerissen` from intransitive `ist ausgerissen`	The irregular-forms card teaches `haben` while the same entry explicitly lists a common `sein` sense.
verbs_004	verbs	2796	kitzeln	cefrLevel	medium	cefr	`C1`	move to approximately A2–B1	The concrete everyday verb “tickle” is grossly too late at C1.
verbs_005	verbs	2801	maskieren	word, english	medium	gloss	"`maskieren` / ""conceal/disguise/dress up"""	"""conceal/mask; disguise oneself/dress up (sich maskieren)"""	The person who disguises or dresses up is expressed reflexively; the bare transitive verb instead masks or disguises someone or something.
verbs_005	verbs	2815	umwerfen	english	medium	gloss	"""knock over/stun/throw on"""	"""knock over; bowl over/stun; throw on clothing (sich/jdm etwas umwerfen)"""	"The clothing sense needs a reflexive or dative person plus the garment; bare ""throw on"" hides this valency."
verbs_005	verbs	2816	verbiegen	english	medium	gloss	"""become bent/bend"""	"""bend/distort; become bent (sich verbiegen)"""	The change-of-state reading is normally reflexive, whereas bare `verbiegen` is transitive.
verbs_005	verbs	2818	verhören	english	medium	gloss	"""interrogate/mishear"""	"""interrogate; mishear (sich verhören)"""	`jemanden verhören` means interrogate someone, but mishearing is `sich verhören`.
verbs_005	verbs	2840	aufblasen	english	medium	gloss	"""inflate/show off"""	"""inflate; puff oneself up/show off (sich aufblasen)"""	The figurative show-off sense is reflexive; the unmarked bare verb is transitive.
verbs_005	verbs	2842	auftauen	withSein, english	high	aux	"`withSein=True` / ""thaw"""	"distinguish `ist aufgetaut` ""has thawed"" from `hat etwas aufgetaut` ""has thawed/defrosted something"""	The gloss covers both intransitive and transitive senses, but the latter obligatorily takes `haben`; a single `sein` value teaches a false auxiliary for that sense.
verbs_005	verbs	2843	aufweichen	withSein, english	high	aux	"`withSein=True` / ""become soft/soak/soften"""	"distinguish `ist aufgeweicht` ""became soft"" from `hat etwas aufgeweicht` ""soaked/softened something"""	The entry explicitly mixes an intransitive `sein` sense with transitive `haben` senses.
verbs_005	verbs	2844	ausgliedern	english	medium	gloss	"""outsource"""	"""hive off/spin off/separate out""; reserve ""outsource"" primarily for `auslagern`"	`ausgliedern` is separating a unit from a larger organisation; outsourcing specifically means transferring work to an external provider and is not a safe one-word equivalent.
verbs_005	verbs	2845	aushärten	withSein, english	high	aux	"`withSein=True` / ""age/cure/harden"""	distinguish intransitive `ist ausgehärtet` from transitive `hat etwas ausgehärtet`	Materials that harden/cure take `sein`, but causing a material to harden takes `haben`; the undifferentiated gloss includes both.
verbs_005	verbs	2846	ausholen	english	medium	gloss	"""draw back/go far back/sound out"""	"""draw back (to strike); go into lengthy detail/start a long way back"""	"""sound someone out"" is normally `jemanden ausloten/aushorchen`, not a standard sense of `ausholen`."
verbs_005	verbs	2852	bewirten	english	medium	gloss	"""host/cater to"""	"""entertain/serve food and drink to (guests)"""	"British English ""cater to"" means accommodate someone's wishes and is not the ordinary meaning of `bewirten`."
verbs_005	verbs	2853	bezichtigen	english	medium	gloss	"""accuse"""	"""accuse someone of something (jdn einer Sache bezichtigen, genitive)"""	This formal verb has a non-obvious accusative-person plus genitive-charge construction that the bare English gloss conceals.
verbs_005	verbs	2858	durchsuchten	word	high	junk	`durchsuchten`	replace with the infinitive `durchsuchen`	`durchsuchten` is an inflected past/plural form, not a verb lemma.
verbs_005	verbs	2859	einfliegen	withSein, english	high	aux	"`withSein=True` / ""fly in/fly into/get flying practice"""	"split `ist eingeflogen` ""flew in"" from `hat etwas eingeflogen` ""flew something in"" and `hat sich eingeflogen` ""got flying practice"""	The stored `sein` is correct only for intransitive arrival/motion; two of the listed senses require `haben`, and the practice sense is reflexive.
verbs_005	verbs	2861	entledigen	word, english	medium	gloss	"`entledigen` / ""get rid of"""	"""rid oneself of (sich einer Sache entledigen, genitive)"""	The modern construction is reflexive and governs the genitive; the entry currently models it as a bare transitive verb.
verbs_005	verbs	2869	hinken	english	medium	gloss	"""halt/limp"""	"""limp; lag behind"""	"English ""halt"" means stop and is not a translation of `hinken`."
verbs_005	verbs	2877	mühen	word, english	medium	gloss	"`mühen` / ""make an effort"""	"""make an effort/strive (sich mühen)"""	This sense is normally reflexive; bare transitive `mühen` is rare and does not support the gloss as presented.
verbs_005	verbs	2883	prügeln	english	medium	gloss	"""beat/beat up/brawl"""	"""beat/beat up; brawl/fight (sich prügeln)"""	The reciprocal fighting sense is reflexive, unlike the transitive sense of beating someone.
verbs_005	verbs	2889	solidarisieren	word, english	medium	gloss	"`solidarisieren` / ""show solidarity"""	"""show solidarity with (sich mit jdm solidarisieren)"""	The ordinary verb is reflexive and normally selects `mit` plus dative.
verbs_005	verbs	2890	sprinten	cefrLevel	low	cefr	C1	approximately A2/B1	This transparent, everyday sports verb is far below advanced C1 vocabulary. uncertain: yes
verbs_005	verbs	2902	verstummen	english	medium	gloss	"""die away/fall silent/hush"""	"""fall silent/go quiet; die away"""	"`verstummen` is intransitive; English ""hush"" is readily read as the transitive verb ""make quiet""."
verbs_005	verbs	2910	abhauen	withSein, english	high	aux	"`withSein=True` / ""cut off/run away"""	"split `ist abgehauen` ""ran off"" from `hat etwas abgehauen` ""cut/chopped something off"""	The entry combines a motion sense with `sein` and a transitive sense with `haben` under one auxiliary.
verbs_005	verbs	2924	auflehnen	word, english	medium	gloss	"`auflehnen` / ""rebel/revolt"""	"""rebel against (sich gegen jdn/etwas auflehnen)"""	The intended sense is reflexive and normally takes `gegen` plus accusative.
verbs_005	verbs	2952	gruseln	word, english	medium	gloss	"`gruseln` / ""give someone the creeps"""	"show the constructions ""feel creeped out (sich gruseln)"" and ""it gives someone the creeps (es gruselt jdn)"""	The impersonal and reflexive valencies are central and cannot safely be inferred from the bare gloss.
verbs_005	verbs	2958	hinwegsetzen	word, english	medium	gloss	"`hinwegsetzen` / ""disregard something/flout/jump over"""	"""disregard/defy (sich über etwas hinwegsetzen)"""	"The normal figurative verb is reflexive with `über` plus accusative; ""jump over"" is not a useful core translation here."
verbs_005	verbs	2965	losziehen	english	medium	gloss	"""go off/go out/lash out at"""	"""set off/go out; campaign/rail against (gegen jdn/etwas losziehen)"""	"""lash out at"" suggests a sudden verbal or physical attack and is not an accurate general rendering of `gegen jemanden losziehen`."
verbs_005	verbs	2969	rasen	withSein, english	high	aux	"`withSein=True` / ""race/rage/rush"""	"distinguish motion `ist gerast` from emotional/weather `hat gerast` ""raged"""	"The listed ""rage"" sense takes `haben`, whereas rapid directed motion takes `sein`."
verbs_005	verbs	2972	schwächeln	english	medium	gloss	"""weaken slightly"""	"""show signs of weakness/falter/underperform"""	`schwächeln` is normally intransitive and describes performing weakly, not slightly weakening an object.
verbs_005	verbs	2996	abbrausen	withSein, english	high	aux	"`withSein=True` / ""shower off; rush off"""	"split `hat sich/jdn/etwas abgebraust` ""showered/rinsed off"" from `ist abgebraust` ""rushed off"""	The two listed senses require different auxiliaries, and the washing sense is commonly reflexive or transitive.
verbs_005	verbs	2999	abscheiden	withSein, english	high	aux	"`withSein=False` / ""separate; die/depart"""	"split `hat (sich/etwas) abgeschieden` ""separated"" from elevated `ist abgeschieden` ""died/departed"""	The death sense explicitly listed in the gloss takes `sein`, contradicting the stored `haben` value.
verbs_005	verbs	3000	abstumpfen	withSein, english	high	aux	"`withSein=True` / ""blunt"""	"distinguish transitive `hat etwas abgestumpft` ""blunted something"" from intransitive `ist abgestumpft` ""became blunt/numb"""	"English ""blunt"" strongly permits the transitive reading, for which the stored `sein` is wrong."
verbs_005	verbs	3006	befreunden	word, english	medium	gloss	"`befreunden` / ""befriend"""	"""become friends with (sich mit jdm befreunden)"""	"Modern standard usage is reflexive and means becoming friends; bare transitive English ""befriend"" gives the wrong construction."
verbs_005	verbs	3023	einverleiben	word, english	medium	gloss	"`einverleiben` / ""annex/assimilate/eat"""	"""appropriate/annex; consume (sich [Dat.] etwas einverleiben)"""	These senses normally use a dative reflexive pronoun plus an accusative object.
verbs_005	verbs	3026	erstechen	english	medium	gloss	"""knife/stab"""	"""stab to death/kill by stabbing"""	"The resultative prefix makes death part of the meaning; an ordinary non-fatal ""stab"" is `stechen`."
verbs_005	verbs	3028	frönen	english	medium	gloss	"""indulge"""	"""indulge in/devote oneself to (einer Sache frönen, dative)"""	"`frönen` is an elevated intransitive verb governing a dative activity, not a direct equivalent of transitive English ""indulge""."
verbs_005	verbs	3029	gegenübersehen	word, english	medium	gloss	"`gegenübersehen` / ""be confronted with"""	"""find oneself faced/confronted with (sich einer Sache gegenübersehen, dative)"""	The intended construction is reflexive and the thing confronted is dative.
verbs_005	verbs	3042	lasten	english	medium	gloss	"""encumber/rest on/rest with"""	"""weigh/bear heavily on; rest on; be the responsibility of"""	"`lasten` is intransitive (`auf jdm/etwas lasten`); transitive English ""encumber"" falsely suggests a direct object."
verbs_005	verbs	3053	scharen	word, english	medium	gloss	"`scharen` / ""cluster"""	"""gather/cluster around (sich um jdn/etwas scharen)"""	The ordinary intransitive group sense is reflexive and normally takes `um` plus accusative.
verbs_005	verbs	3054	schmeicheln	english	medium	gloss	"""fawn/flatter"""	"""flatter someone (jdm schmeicheln, dative); fawn on someone"""	"Unlike English ""flatter"", German `schmeicheln` governs the dative, an important learner valency."
verbs_005	verbs	3059	spucken	cefrLevel	low	cefr	C1	approximately A2/B1	This common concrete verb for spitting or being sick is not realistically C1 vocabulary. uncertain: yes
verbs_005	verbs	3060	spuken	english	medium	gloss	"""haunt"""	"""be haunted/there be a ghost (es spukt); haunt someone's mind (in jds Kopf spuken)"""	"German `spuken` is normally intransitive or impersonal, unlike transitive English ""haunt""."
verbs_005	verbs	3063	überkommen	english	medium	gloss	"""come down/come over/handed down"""	"""come over/overcome (a feeling comes over someone)"""	"The active strong verb means that a feeling seizes someone; ""come down"" is wrong, while ""handed down"" chiefly describes the participial adjective `überkommen`."
verbs_005	verbs	3116	gehorchen	english	medium	gloss	"""obey"""	"""obey someone (jdm gehorchen, dative)"""	English uses a direct object, but German requires the dative.
verbs_005	verbs	3121	herumgehen	english	medium	gloss	"""go around/go past/pass sth around"""	"""go/walk around; circulate/go round"""	`etwas herumgehen lassen` means pass something around; bare `herumgehen` is intransitive, including when an object circulates.
verbs_005	verbs	3127	lähmen	english	low	spelling	"""paralyze"""	"""paralyse"""	The bank targets British English, for which `paralyse` is the standard spelling.
verbs_005	verbs	3128	liieren	word, english	medium	gloss	"`liieren` / ""ally/link up; be in a relationship"""	"""become involved/allied with; be in a relationship with (sich mit jdm liieren)"""	The intended personal and alliance senses are reflexive with `mit` plus dative.
verbs_005	verbs	3135	oxidieren	english	medium	gloss	"""oxidise/oxygenate"""	"""oxidise"""	"""Oxygenate"" means add or supply oxygen and is `mit Sauerstoff anreichern/oxygenieren`, not generally `oxidieren`."
verbs_005	verbs	3156	umbrechen	english	medium	gloss	"""break/break down/break up"""	"""turn/break up soil; fold over a page corner; wrap text/start a new line"""	The generic English phrasal verbs are too broad and omit the actual standard uses of `umbrechen`.
verbs_005	verbs	3160	verkneifen	word, english	medium	gloss	"`verkneifen` / ""resist"""	"""refrain from/deny oneself (sich [Dat.] etwas verkneifen)"""	"The ordinary construction uses a dative reflexive pronoun and an accusative object; bare ""resist"" suggests the wrong valency."
verbs_005	verbs	3172	abhandenkommen	english	high	gloss	"""lose"""	"""get lost/go missing (etwas kommt jdm abhanden)"""	"The German subject is the thing that goes missing; translating it as transitive ""lose"" reverses the argument structure."
verbs_005	verbs	3176	abtreiben	withSein, english	high	aux	"`withSein=False` / ""abort/drive off/drift"""	"distinguish `hat abgetrieben` ""aborted/drove off"" from `ist abgetrieben` ""drifted off course"""	The explicitly listed intransitive drifting sense takes `sein`, while the other senses take `haben`.
verbs_005	verbs	3183	ansaugen	english	medium	gloss	"""attach itself/draw in/suck in"""	"""draw/suck in; attach itself by suction (sich ansaugen)"""	The attachment sense is reflexive; the other listed senses are transitive.
verbs_005	verbs	3184	anspannen	english	medium	gloss	"""become tense/harness/strain"""	"""harness/tighten/tense; become tense (sich anspannen)"""	Becoming tense is reflexive, unlike the transitive senses.
verbs_005	verbs	3191	auslachen	cefrLevel	low	cefr	C1	approximately A2/B1	"This common transparent verb meaning ""laugh at"" belongs well below C1. uncertain: yes"
verbs_005	verbs	3193	ausrasten	english	medium	gloss	"""crash out/freak out/go postal"""	"""lose control/freak out; disengage/unlatch (technical)"""	"British ""crash out"" normally means fall asleep and ""go postal"" is unusually violent, American and much stronger than ordinary `ausrasten`."
verbs_005	verbs	3194	ausrutschen	cefrLevel	low	cefr	C1	approximately A2/B1	Slipping is basic everyday vocabulary and C1 is a gross overestimate. uncertain: yes
verbs_005	verbs	3195	ausschlachten	english	medium	gloss	"""cannibalise/dress/exploit"""	"""strip/cannibalise for parts; exploit/milk"""	"Unqualified ""dress"" is not a useful English equivalent and is liable to be understood as putting on clothes."
verbs_005	verbs	3201	betrinken	word, english	medium	gloss	"`betrinken` / ""get drunk"""	"""get drunk (sich betrinken)"""	The verb is reflexive in this sense.
verbs_005	verbs	3203	bloßstellen	english	low	gloss	"""expose/expose oneself to ridicule/make a fool of"""	"""expose/embarrass someone; make a fool of oneself (sich bloßstellen)"""	"The current slash gloss blurs the transitive and reflexive constructions and leaves ""make a fool of"" without its object."
verbs_005	verbs	3210	ducken	word, english	medium	gloss	"`ducken` / ""duck"""	"""duck/crouch (sich ducken)"""	The ordinary intransitive sense is reflexive in German.
verbs_005	verbs	3212	durchringen	word, english	medium	gloss	"`durchringen` / ""bring oneself to/finally decide"""	"""bring oneself to/finally decide to (sich zu etwas durchringen)"""	This sense is obligatorily reflexive and selects `zu` plus dative.
verbs_005	verbs	3214	duzen	english	medium	gloss	"""be on first-name terms"""	"""address someone with informal `du`/use `du` with someone"""	Use of a first name and choice of `du` versus `Sie` are not equivalent cultural or grammatical distinctions.
verbs_005	verbs	3230	herumtreiben	word, english	medium	gloss	"`herumtreiben` / ""hang around/roam the streets/run around"""	"""hang around/roam about (sich herumtreiben); drive something around"""	A person hanging around or roaming uses the reflexive verb.
verbs_005	verbs	3237	kanalisieren	english	low	spelling	"""channel/canalize"""	"""channel/canalise"""	`canalise` is the British spelling expected by the bank.
verbs_005	verbs	3245	lechzen	english	medium	gloss	"""crave/yearn"""	"""crave/yearn for (nach etwas lechzen)"""	"The German verb conventionally selects `nach` plus dative, unlike transitive English ""crave""."
verbs_005	verbs	3271	verknoten	english	medium	gloss	"""become knotted/fasten with knots/knot"""	"""knot/tie in knots; become tangled/knotted (sich verknoten)"""	The change-of-state sense is reflexive, while the bare verb is transitive.
verbs_005	verbs	3279	vorgaukeln	english	medium	gloss	"""pretend"""	"""make someone believe/pretend something to someone (jdm etwas vorgaukeln)"""	"`vorgaukeln` is ditransitive deception, not simply intransitive ""pretend""."
verbs_005	verbs	3285	zerstreiten	word, english	medium	gloss	"`zerstreiten` / ""fall out/quarrel"""	"""fall out/quarrel (sich [miteinander] zerstreiten)"""	The modern verb is reflexive.
verbs_005	verbs	3290	zuwinken	english	low	gloss	"""beckon/wave to"""	"""wave to/at"""	`zuwinken` is waving to someone; beckoning someone to approach is normally `heranwinken`.
verbs_005	verbs	3296	ängstigen	english	medium	gloss	"""be afraid/frighten/worry"""	"""frighten/worry; be afraid/worry (sich ängstigen)"""	"The experiencer sense ""be afraid"" is reflexive, whereas bare `ängstigen` is causative/transitive."
verbs_005	verbs	3305	auserkiesen	word, english	medium	gloss	"`auserkiesen` / ""choose"""	label elevated and note that active infinitive/present forms are virtually unused; teach chiefly `erkor ... aus` / `auserkoren`	"Presenting it as an ordinary equivalent of ""choose"" encourages an unusable learner production; contemporary use is largely confined to its past forms."
verbs_005	verbs	3306	ausheilen	withSein, english	high	aux	"`withSein=True` / ""be cured/cure completely/heal"""	"distinguish `ist ausgeheilt` ""has healed"" from rarer transitive/reflexive `hat (sich/jdn) ausgeheilt` ""cured completely/recovered fully"""	The gloss includes both `sein` and `haben` constructions, but stores only `sein`.
verbs_005	verbs	3309	ausreden	english	medium	gloss	"""talk out of"""	"""talk someone out of something (jdm etwas ausreden)"""	The English gloss is incomplete and hides the German dative-person plus accusative-thing construction.
verbs_005	verbs	3313	beipflichten	english	medium	gloss	"""endorse"""	"""agree with/concur with (jdm beipflichten, dative)"""	"`beipflichten` means agreeing with a person or statement and governs the dative; broad ""endorse"" is materially less precise."
verbs_005	verbs	3316	betonieren	english	medium	gloss	"""concrete/firm up"""	"""concrete/pour or cover with concrete"""	"Generic figurative ""firm up"" is not a normal translation of `betonieren`."
verbs_005	verbs	3327	einschenken	english	medium	gloss	"""pour in"""	"""pour/serve a drink (jdm etwas einschenken)"""	"`einschenken` normally means pouring someone a drink; ""pour in"" suggests the different spatial action `hineingießen`."
verbs_005	verbs	3328	empören	english	medium	gloss	"""be angered/be outraged/outrage"""	"""outrage; be outraged (sich empören)"""	The experiencer readings are reflexive; bare `empören` means cause outrage.
verbs_005	verbs	3338	herausputzen	english	medium	gloss	"""dress up/spruce up"""	"""dress oneself up (sich herausputzen); spruce something up"""	The personal dressing sense is reflexive, while sprucing up an object is transitive.
verbs_005	verbs	3339	herunterbrechen	english	medium	gloss	"""break down/fall off"""	"""break/reduce something down to a simpler level (etwas auf etwas herunterbrechen)"""	"The common modern verb is transitive/figurative; intransitive ""fall off"" is `herunterfallen` or contextually `abbrechen`, not a useful sense here."
verbs_005	verbs	3349	kondensieren	withSein, english	high	aux	"`withSein=UNSET` (treated as `haben`) / ""condense/precipitate"""	support both transitive `hat kondensiert` and intransitive change-of-state `ist kondensiert`, or split the senses	"The primary intransitive meaning ""turn into liquid/condense"" takes `sein`, so defaulting the undifferentiated entry to `haben` teaches only the transitive auxiliary."
verbs_005	verbs	3378	überstürzen	english	medium	gloss	"""hasten/rush"""	"""rush/do something too hastily; events come thick and fast (sich überstürzen)"""	"The German verb is either transitive or reflexive; bare intransitive English ""hasten/rush"" is an unsafe model."
verbs_005	verbs	3386	vergesellschaften	english	medium	gloss	"""socialize; collectivize"""	"""associate/combine; socialise with (sich mit ... vergesellschaften); collectivise"""	"Generic English ""socialise"" suggests ordinary interaction, while the German non-economic sense is technical or reflexive association; the current gloss also uses American spelling."
verbs_005	verbs	3391	verplanen	cefrLevel	low	cefr	A2	approximately B2, or leave unset	The colloquial and specialised senses (allocate/book up; misplan) are not realistic core A2 vocabulary. uncertain: yes
verbs_005	verbs	3404	abgewöhnen	english	medium	gloss	"""give up"""	"""wean/break someone of something; break oneself of a habit (jdm/sich etwas abgewöhnen)"""	"The German verb requires a dative person plus an accusative habit; it is not an unmarked intransitive equivalent of ""give up""."
verbs_005	verbs	3408	abwinken	english	low	gloss	"""refuse/wave"""	"""wave away/dismiss/reject"""	"Bare ""wave"" is too broad and misses the away/dismissive component."
verbs_005	verbs	3423	ausschweigen	word, english	medium	gloss	"`ausschweigen` / ""remain silent"""	"""remain silent about/refuse to discuss (sich über etwas ausschweigen)"""	The usual construction is reflexive with `über` plus accusative.
verbs_005	verbs	3426	beäugen	english	low	spelling	"""scrutinize/eye suspiciously"""	"""scrutinise/eye suspiciously"""	`scrutinise` is the standard British spelling.
verbs_005	verbs	3437	davonlaufen	cefrLevel	low	cefr	C1	approximately A2/B1	This transparent everyday separable verb is comparable to A2 `weglaufen` and is not advanced C1 vocabulary. uncertain: yes
verbs_005	verbs	3450	einrennen	english	medium	gloss	"""knock down/force open; run in"""	"""knock/break down or force open by running against"""	"Standard `einrennen` is transitive/resultative; generic intransitive ""run in"" is not one of its ordinary senses."
verbs_005	verbs	3457	ergötzen	english	medium	gloss	"""amuse/enjoy/entertain"""	"""delight/amuse; take delight in (sich an etwas ergötzen)"""	"The ""enjoy/take delight"" sense is reflexive with `an` plus dative; bare English ""enjoy"" suggests a direct object."
verbs_005	verbs	3458	erhängen	english	medium	gloss	"""hang"""	"""hang/execute; hang oneself (sich erhängen)"""	`erhängen` specifically means kill by hanging, not the general action of hanging an object (`hängen/aufhängen`).
verbs_005	verbs	3468	gegenübersitzen	english	medium	gloss	"""sit opposite/sit facing"""	"""sit opposite/facing someone (jdm gegenübersitzen, dative)"""	The person faced is dative in German, unlike the direct-object pattern suggested by English.
verbs_005	verbs	3477	kiffen	english	low	gloss	"""smoke pot"""	"""smoke cannabis/weed"""	"""Pot"" is chiefly North American wording; the bank is aimed at British-English-speaking learners."
verbs_005	verbs	3488	misstrauen	english	medium	gloss	"""distrust/doubt/mistrust"""	"""distrust/mistrust someone or something (jdm/etwas misstrauen, dative)"""	English uses a direct object, while German `misstrauen` governs the dative.
verbs_005	verbs	3489	munkeln	english	medium	gloss	"""whisper/be rumored"""	"""whisper/rumour; it is rumoured (es wird gemunkelt)"""	"""Be rumoured"" requires the impersonal passive construction in German, and `rumoured` is the British spelling."
verbs_005	verbs	3492	niederschießen	english	medium	gloss	"""gun down/shoot down/swoop down"""	"""gun down/shoot down"""	"""Swoop down"" is not a standard meaning of transitive `niederschießen`."
verbs_005	verbs	3497	picken	english	medium	gloss	"""peck/pick"""	"""peck""; label regional senses such as ""stick/glue"" separately if desired"	"Standard German `picken` does not mean choose/select, the most likely reading of English ""pick""."
verbs_005	verbs	3499	protzen	english	low	gloss	"""show off/splurge"""	"""show off/boast/flaunt"""	"`protzen` is ostentatious display, whereas ""splurge"" primarily means spend freely or extravagantly."
verbs_006	verbs	3507	röten	english	medium	gloss	become red/make red/redden	sich röten — become/go red; etwas röten — redden/make red	The intransitive change-of-colour sense is normally reflexive, whereas bare transitive `röten` means to make something red.
verbs_006	verbs	3508	schliefen	irregular; prateritum; perfekt; withSein	high	classification	irregular=False; prateritum=UNSET; perfekt=UNSET; withSein=UNSET	irregular=True; prateritum=schloff; perfekt=geschloffen; withSein=True; also label it as very rare hunting jargon or remove it from a general learner deck	Standard citation data treats this rare strong verb as `schliefen – schloff – ist geschloffen`; the current entry would default to `haben` and suppress the irregular forms.
verbs_006	verbs	3635	erhören	english	medium	gloss	grant	answer/grant (a prayer or request)	"Bare ""grant"" is far too broad; `erhören` is used specifically of answering a plea, prayer, or request."
verbs_006	verbs	3545	wegbrechen	english	medium	gloss	break off/lose	break off; collapse/drop sharply	"`wegbrechen` is intransitive in these senses; ""lose"" falsely suggests an ordinary transitive use."
verbs_006	verbs	3564	abfliegen	withSein; english; cefrLevel	high	aux	withSein=True; depart/overfly/patrol; A1	Split `ist abgeflogen` (departed/took off) from transitive `hat ... abgeflogen` (flew over/searched or patrolled by air); raise the level well above A1	The single `sein` value is false for the listed transitive senses, and this polysemous separable verb is grossly beyond an A1 item.
verbs_006	verbs	3574	akklimatisieren	english	medium	gloss	acclimate (to)/acclimatise (to), be/become acclimatised (to)	jemanden/etwas akklimatisieren — acclimatise; sich akklimatisieren — acclimatise/become acclimatised	The become-acclimatised sense requires `sich`; the current gloss conflates transitive and reflexive valency.
verbs_006	verbs	3589	aufsitzen	english	medium	gloss	sit up; mount; be taken in	mount/get on; jemandem aufsitzen — be taken in by/fall for	"""Sit up"" is normally `sich aufsetzen`, not `aufsitzen`."
verbs_006	verbs	3602	bereden	english	medium	gloss	converse/discuss/persuade	discuss; jemanden bereden — talk someone into something	"Ordinary ""converse"" is `sich unterhalten/miteinander reden`; the current gloss also hides the special transitive construction behind ""persuade""."
verbs_006	verbs	3628	entarten	english	medium	gloss	degrade	degenerate; deviate negatively from the norm	`entarten` means to degenerate or become abnormal, not ordinarily to degrade something.
verbs_006	verbs	3636	ermüden	withSein; english	high	aux	withSein=UNSET; tire (become tired)	withSein=True for the glossed intransitive sense (`ist ermüdet`); distinguish transitive `hat jemanden ermüdet`	"The entry explicitly glosses ""become tired"", whose Perfekt takes `sein`; UNSET defaults to `haben` in the app."
verbs_006	verbs	3640	frittieren	cefrLevel	medium	cefr	C1	B1 (at most B2)	This concrete, everyday cooking verb is grossly over-levelled at C1.
verbs_006	verbs	3645	häkeln	cefrLevel	medium	cefr	C1	A2/B1	"A common concrete hobby verb meaning ""crochet"" is grossly over-levelled at C1."
verbs_006	verbs	3661	krallen	english	medium	gloss	clamp/cling/snatch	sich an/in etwas krallen — cling/grip; sich etwas krallen — grab/snatch something (colloquial)	The useful senses are reflexive and have distinct constructions; the bare English list invites incorrect non-reflexive use.
verbs_006	verbs	3697	stunden	cefrLevel	medium	cefr	A2	B2/C1	Deferring a debt or payment is specialised financial/legal vocabulary, not realistic A2 vocabulary.
verbs_006	verbs	3702	türmen	withSein; english	high	aux	withSein=True; pile up; run away (colloquial)	Keep `türmen — run away` with `sein`, or split off `sich türmen — pile up/tower` with `haben`	The entry combines a `sein` intransitive colloquial verb with a reflexive `haben` construction, so one listed sense is taught with the wrong auxiliary and missing `sich`.
verbs_006	verbs	3711	verhaken	english	medium	gloss	get caught/hook together	sich verhaken — get caught/interlock; etwas verhaken — hook/interlock something	"""Get caught"" is normally reflexive in German; the current gloss suppresses that distinction."
verbs_006	verbs	3714	verklemmen	english	medium	gloss	get stuck/jam	sich verklemmen — get stuck/jammed; etwas verklemmen — jam something	The intransitive result sense is reflexive, while bare `verklemmen` is transitive.
verbs_006	verbs	3720	verschanzen	english	medium	gloss	entrench	sich verschanzen — barricade/entrench oneself, hole up	The normal modern verb is reflexive; omitting `sich` teaches the wrong construction.
verbs_006	verbs	3727	verzinken	english	low	spelling	galvanize/zinc-coat	galvanise/zinc-coat	The bank targets British English, for which `galvanise` is the expected house spelling.
verbs_006	verbs	3731	vorknöpfen	english	medium	gloss	take to task	sich jemanden vorknöpfen — take someone to task/deal with someone	This idiom requires a reflexive pronoun plus an accusative person.
verbs_006	verbs	3750	abschminken	english	medium	gloss	remove make up	sich abschminken — remove one's make-up; jemanden abschminken — remove someone's make-up	The ordinary self-directed sense is reflexive, and British English writes the noun `make-up`.
verbs_006	verbs	3754	abseilen	english	medium	gloss	abseil/rope down	sich abseilen — abseil/rope oneself down; jemanden abseilen — lower someone by rope	"Intransitive ""abseil"" is expressed reflexively in German; the current entry obscures the valency contrast."
verbs_006	verbs	3759	anlagern	english	medium	gloss	attach/deposit/accumulate	etwas anlagern — attach/store/deposit something; sich anlagern — accumulate/be deposited	"The intransitive ""accumulate"" sense is reflexive, unlike the transitive senses listed beside it."
verbs_006	verbs	3775	beisammenhaben	irregular; prateritum; perfekt	high	classification	irregular=False; prateritum=UNSET; perfekt=UNSET	irregular=True; prateritum=hatte beisammen; perfekt=beisammengehabt; withSein=False	This compound inherits the irregular forms of `haben`; classifying it as regular suppresses the required forms.
verbs_006	verbs	3777	betrauern	english	medium	gloss	grieve	mourn/grieve for someone or something	"`betrauern` is transitive, whereas unqualified ""grieve"" is normally understood intransitively by an English-speaking learner."
verbs_006	verbs	3783	brausen	withSein; english	high	aux	withSein=UNSET; race/roar/rush	Split `hat gebraust` (roared) from `ist gebraust` (raced/rushed at high speed)	The gloss mixes senses with different auxiliaries, and UNSET defaults all of them to `haben`.
verbs_006	verbs	3794	durchkreuzen	english	medium	gloss	thwart/cross out	thwart/foil; cross/traverse	"""Cross out"" is `durchstreichen`, not `durchkreuzen`."
verbs_006	verbs	3804	erlesen	english	medium	gloss	select	select/choose (dated or elevated); explicitly distinguish the common adjective `erlesen` — exquisite/choice	"The verb exists, but is dated/elevated; presenting it as an unmarked everyday equivalent of ""select"" is misleading for learners."
verbs_006	verbs	3813	festfahren	english	medium	gloss	get stuck	sich festfahren — get stuck while driving; etwas festfahren — drive/work something firmly into place	The glossed intransitive meaning is reflexive in German.
verbs_006	verbs	3825	grätschen	english	medium	gloss	straddle	spread one's legs/do the splits; make a sliding tackle	"""Straddle"" is not a clear equivalent and omits the very common football sense."
verbs_006	verbs	3831	hineingebären	word; english	high	junk	hineingebären — be born into/bear into	Remove; teach the passive construction `in etwas hineingeboren werden` — be born into something	The active compound is at best an exceptional productive coinage; the natural and overwhelmingly attested learner expression is passive, which the current headword/gloss conflates with an active verb.
verbs_006	verbs	3884	schnarchen	cefrLevel	medium	cefr	C1	A2/B1	"This common concrete verb meaning ""snore"" is grossly over-levelled at C1."
verbs_006	verbs	3888	schwarzsehen	english	low	spelling	be pessimistic; watch TV without a license	be pessimistic; watch TV without a licence	`Licence` is the British-English noun; `license` is the verb in standard British spelling.
verbs_006	verbs	3892	sonnen	english	medium	gloss	sun	sich sonnen — sunbathe/bask in the sun	"The ordinary German verb is reflexive, and bare English ""sun"" is an unclear learner gloss."
verbs_006	verbs	3898	suhlen	english	medium	gloss	wallow	sich suhlen — wallow	Modern German uses this sense reflexively.
verbs_006	verbs	3903	trudeln	english	medium	gloss	coast/spin/windmill	tumble/spiral; roll or drift along slowly	"`trudeln` describes tumbling, spinning descent, or slow irregular movement; ""coast"" and especially ""windmill"" are misleading equivalents."
verbs_006	verbs	3905	übereilen	english	medium	gloss	rush	sich übereilen — act too hastily/rush into something	"The normal modern construction is reflexive and means acting with undue haste, not generic ""rush""."
verbs_006	verbs	3911	umhängen	english	medium	gloss	hang around/put on; rehang	rehang/move something to another hanging position; sich etwas umhängen — put something around one's shoulders/neck	"""Hang around"" is `herumhängen`, not `umhängen`."
verbs_006	verbs	3918	verleiden	english	medium	gloss	ruin/spoil	jemandem etwas verleiden — put someone off something/make someone lose their taste for it	The broad gloss hides the required dative-person plus accusative-thing construction and overstates the meaning.
verbs_006	verbs	3954	zusammenreißen	english	medium	gloss	get a grip/pull oneself together	sich zusammenreißen — get a grip/pull oneself together; etwas zusammenreißen — tear something apart/down	Both supplied English senses are reflexive, but the headword is presented without `sich`.
verbs_006	verbs	3956	aalen	english	medium	gloss	laze around/stretch out	sich aalen — bask/laze or stretch out comfortably	This verb is used reflexively in the glossed sense.
verbs_006	verbs	3957	abblitzen	withSein	high	aux	UNSET	True (`ist abgeblitzt`)	`abblitzen` in the stated sense forms its Perfekt with `sein`; UNSET makes the app default to `haben`.
verbs_006	verbs	3964	abspritzen	english	high	gloss	(vulgar)	spray/hose down; ejaculate (vulgar)	A register label alone is not a translation and entirely omits the ordinary non-vulgar sense.
verbs_006	verbs	3976	anschmiegen	english	medium	gloss	cuddle up/snuggle up	sich an jemanden/etwas anschmiegen — cuddle/snuggle up to someone or something	The glossed sense requires the reflexive pronoun and normally an `an` complement.
verbs_006	verbs	4002	bereitfinden	english	medium	gloss	be prepared/be willing	sich zu etwas bereitfinden — be willing/agree to do something	"This verb is reflexive and expresses willingness; generic ""be prepared"" is more naturally `bereit sein`."
verbs_006	verbs	4013	daten	cefrLevel	medium	cefr	C1	B1 (sense-dependent)	"The everyday loan verb meaning ""date/go out with"" is grossly over-levelled at C1."
verbs_006	verbs	4017	diffundieren	withSein; english	high	aux	withSein=UNSET; diffuse	withSein=True for the normal chemistry sense (`ist diffundiert`); distinguish the rarer transitive/physics `hat` sense if retained	For a substance penetrating or diffusing into another medium, the Perfekt takes `sein`; the current default teaches `haben`.
verbs_006	verbs	4027	dürsten	english	medium	gloss	be thirsty/thirst	jemanden dürstet/es dürstet jemanden — someone is thirsty; nach etwas dürsten — thirst for something	"This is chiefly an impersonal/accusative or elevated `nach` construction, not an ordinary personal equivalent of ""be thirsty""."
verbs_006	verbs	4029	einimpfen	english	medium	gloss	inoculate/vaccinate	jemandem etwas einimpfen — inject/inoculate something into someone; figuratively instil/drum something into someone	"Ordinary ""vaccinate someone"" is `jemanden impfen`; `einimpfen` takes the injected substance or implanted idea as its object."
verbs_006	verbs	4040	entkleiden	english	medium	gloss	undress	jemanden entkleiden — undress/remove the clothes from someone; sich entkleiden — get undressed	"English ""undress"" can be intransitive, but the German intransitive construction requires `sich`."
verbs_006	verbs	4046	entzweien	english	medium	gloss	divide/fall out	jemanden entzweien — estrange/divide people; sich entzweien — fall out/become estranged	"The ""fall out"" sense is reflexive, unlike the transitive sense listed beside it."
verbs_006	verbs	4048	erbarmen	english	medium	gloss	have mercy/pity	sich jemandes/der Person erbarmen — have mercy on/take pity on someone	The verb is reflexive and, in its traditional construction, governs the genitive.
verbs_006	verbs	4066	gähnen	cefrLevel	medium	cefr	C1	A2/B1	"The everyday concrete verb ""yawn"" is grossly over-levelled at C1."
verbs_006	verbs	4067	galoppieren	cefrLevel	medium	cefr	C1	A2/B1	This transparent, concrete movement verb is grossly over-levelled at C1.
verbs_006	verbs	4073	glimmen	english	low	spelling	glow/smolder	glow/smoulder	`Smoulder` is the standard British-English spelling expected by this bank.
verbs_006	verbs	4074	grämen	english	medium	gloss	grieve	sich grämen — grieve/fret	The normal modern use is reflexive.
verbs_006	verbs	4112	linken	english; cefrLevel	medium	gloss	cheat/trick; link; A2	"cheat/trick (colloquial); remove ""link"" and raise to roughly B2"	The ordinary German IT verb is `verlinken`, not `linken`; the remaining colloquial deception sense is not realistic A2 vocabulary.
verbs_006	verbs	4118	marinieren	english; cefrLevel	medium	cefr	marinade/marinate; C1	marinate; B1 (at most B2)	`Marinate` is the verb (`marinade` is principally the noun), and this everyday cooking action is grossly over-levelled at C1.
verbs_006	verbs	4151	reüssieren	english	low	gloss	have a success/succeed	succeed/be successful	"""Have a success"" is unnatural English in this generic sense."
verbs_006	verbs	4167	schwadronieren	english	low	gloss	rant/swagger	rant/hold forth	"In modern use `schwadronieren` concerns pompous, verbose talk; ""swagger"" describes movement or manner and is misleading here."
verbs_006	verbs	4171	seufzen	cefrLevel	medium	cefr	C1	A2/B1	"The common concrete verb ""sigh"" is grossly over-levelled at C1."
verbs_006	verbs	4173	siezen	english	medium	gloss	be on formal terms	jemanden siezen — address someone as `Sie`; sich siezen — be on formal `Sie` terms	Bare `siezen` is transitive; the current reciprocal English gloss corresponds to `sich siezen`.
verbs_006	verbs	4175	sputen	english	medium	gloss	hurry	sich sputen — hurry/hurry up	The verb is reflexive in modern standard German.
verbs_006	verbs	4176	steckenbleiben	english	low	gloss	become stuck/dry up/forget one´s line	become/get stuck; dry up/forget one's lines	"The apostrophe is malformed and the theatre idiom normally uses plural ""lines""."
verbs_006	verbs	4197	uniformieren	english	low	spelling	dress in uniform; standardize	dress in uniform; standardise	The bank consistently targets British English, so the common `-ise` house spelling is preferable.
verbs_007	verbs	4211	verwehen	withSein/english	high	aux	False; blow away	Distinguish transitive `hat etwas verweht` from intransitive/resultative `ist verweht` (be blown away/disperse).	The generic gloss covers both constructions, so one unqualified `haben` value teaches a false auxiliary for the intransitive sense.
verbs_007	verbs	4245	abhärten	english	medium	gloss	harden/harden oneself/toughen	`jemanden/etwas abhärten = harden/toughen`; `sich abhärten = harden/toughen oneself`.	The personal sense explicitly represented by “harden oneself” requires a reflexive pronoun.
verbs_007	verbs	4264	anbeißen	english	medium	gloss	accept/bite/buy into	bite; take the bait; figuratively show interest in/take up an offer	Bare “accept” and “buy into” overgeneralise a verb whose central literal and figurative image is biting/taking bait.
verbs_007	verbs	4270	anschleichen	withSein/english	high	aux	True; come sneaking up/creep up on	`ist angeschlichen` only for non-reflexive motion; `hat sich an jemanden/etwas angeschlichen = crept/sneaked up on someone/something`.	The supplied “creep up on” sense normally uses the reflexive `haben` construction, not the stored `sein` paradigm.
verbs_007	verbs	4277	aufbauschen	english	medium	gloss	billow/blow up/exaggerate	`etwas aufbauschen = exaggerate/blow out of proportion`; `sich aufbauschen = billow/swell up`.	The gloss merges a transitive figurative sense with a reflexive intransitive sense without teaching the change in valency.
verbs_007	verbs	4279	aufbrezeln	word/english	medium	gloss	aufbrezeln; dress up/doll up	`sich aufbrezeln = dress/doll oneself up` (colloquial)	The learner sense is normally reflexive; the bare headword suggests an unusable intransitive construction.
verbs_007	verbs	4281	aufnähen	english	medium	gloss	patch/sew	sew/stitch something on; e.g. sew on a patch	The prefix contributes “on”; bare “sew” is `nähen`, while “patch” is only correct in a construction involving sewing a patch on.
verbs_007	verbs	4293	ausgucken	english	medium	gloss	case/look (everywhere) for/look out	look out/look for; inspect closely; `sich jemanden/etwas ausgucken = pick/choose someone or something`	The current slash string is garbled, omits the common “choose” sense and presents specialised “case” as if it were the core meaning.
verbs_007	verbs	4310	bersten	english	low	gloss	asunder/break/burst	burst/split/shatter	“Asunder” is an adverb, not an English verb translation.
verbs_007	verbs	4332	durchfragen	word/english	medium	gloss	durchfragen; ask/ask one after another/ask one after the other	`sich durchfragen = ask around/ask one's way through`; transitive `jemanden durchfragen = question someone thoroughly`	The ordinary intransitive learner sense is reflexive, and the current gloss does not express the result-oriented “ask one's way through” meaning.
verbs_007	verbs	4335	eifern	english	medium	gloss	emulate/strive	speak/rail passionately for or against something; formally `nach etwas eifern = strive after something`	`eifern` is not a free-standing equivalent of “emulate” (`jemandem nacheifern`), and “strive” needs its normal `nach` construction.
verbs_007	verbs	4350	entschlafen	english	high	gloss	fall asleep; pass away	pass away/die (euphemistic, elevated)	Modern `entschlafen` means “die/pass away”; ordinary “fall asleep” is `einschlafen`.
verbs_007	verbs	4354	erküren	word/irregular/prateritum/perfekt	high	spelling	erküren; True; erkor; erkoren	Replace with `erkiesen — erkor — erkoren` (elevated), or drop the entry.	The standard infinitive belonging to `erkor/erkoren` is `erkiesen`; `erküren` is a non-standard back-formation.
verbs_007	verbs	4356	ernüchtern	english	medium	gloss	sober up; disillusion	sober someone up; disillusion/bring someone down to earth	Standard `ernüchtern` is transitive; intransitive English “sober up” invites a false bare German construction.
verbs_007	verbs	4357	erodieren	withSein/english	high	aux	True; erode	`hat etwas erodiert = eroded something`; `etwas ist erodiert = something eroded/was worn away`.	German uses `haben` transitively and `sein` intransitively, while the generic English gloss covers both.
verbs_007	verbs	4377	gabeln	english	medium	gloss	branch/fork	`sich gabeln = fork/branch`; transitive `etwas gabeln = fork/lift with a fork`	The intransitive “branch/fork” sense is reflexive in German, unlike the separate transitive sense.
verbs_007	verbs	4432	leichtern	english	medium	gloss	lighten	lighten/unload a ship to reduce its draught (nautical)	Bare “lighten” suggests ordinary `leichter machen` or `erleichtern`; `leichtern` is a specialised nautical verb.
verbs_007	verbs	4463	plumpsen	english	medium	gloss	flop/plump	plop/drop or fall with a thud	“Plump” is not an idiomatic modern English verb for the German motion/noise sense.
verbs_007	verbs	4484	scheißen	english	medium	gloss	defecate/not care (vulgar)	defecate/shit; `auf jemanden/etwas scheißen = not give a damn about someone/something` (vulgar)	“Not care” is not a bare sense of `scheißen`; it requires the idiomatic `auf + accusative` construction.
verbs_007	verbs	4496	schwindeln	english	medium	gloss	cheat/feel dizzy/lie	cheat/lie; `jemandem schwindelt = someone feels dizzy`	The dizziness sense is an impersonal dative construction, not ordinary subject-verb “someone schwindelt”.
verbs_007	verbs	4497	seilspringen	english	low	gloss	jump rope/skip rope	skip/skip with a rope	The app targets British English, whereas “jump rope” and especially “skip rope” are North American formulations.
verbs_007	verbs	4498	sieben	cefrLevel	medium	cefr	A1	B1/B2	The verb “sieve/sift” is not elementary A1 vocabulary; the level appears to have leaked from the numeral `sieben`.
verbs_007	verbs	4530	umherirren	english	medium	gloss	stray	wander/roam about aimlessly	Bare “stray” misses the sustained wandering-about meaning contributed by `umher-`.
verbs_007	verbs	4536	uploaden	irregular/prateritum/perfekt	high	verbform	False; UNSET; UNSET	Store `uploadete` and `upgeloadet` (accepted variant `geuploadet`) and ensure the item is not treated as productively regular.	This weak anglicism has an exceptional participle placement that cannot be safely derived as an ordinary regular German verb.
verbs_007	verbs	4541	verdrücken	english	medium	gloss	beat it/polish off	`sich verdrücken = beat it/slip away`; `etwas verdrücken = polish something off/eat it`	The two listed colloquial senses differ in reflexivity and valency.
verbs_007	verbs	4555	versaufen	withSein/english	high	aux	False; drown/inundate/waste on alcohol	`ist versoffen = sank/drowned` (intransitive); `hat Geld versoffen = squandered money on drink` (transitive).	The first and last listed senses require different auxiliaries, so default `haben` is false for “drown/sink”.
verbs_007	verbs	4583	wiederwollen	irregular/prateritum/perfekt	high	classification	False; UNSET; UNSET	Prefer the ordinary phrase `jemanden/etwas wiederhaben wollen`; if retained, treat the modal compound as irregular (`wollte wieder`, `wiedergewollt`).	A compound of `wollen` does not acquire a regular paradigm, and the ad-hoc lemma is poor learner vocabulary.
verbs_007	verbs	4586	zanken	word/english	medium	gloss	zanken; fight/quarrel	`sich (mit jemandem) zanken = quarrel/squabble (with someone)`	The supplied everyday sense is reflexive.
verbs_007	verbs	4601	zurückrollen	withSein/english	high	aux	True; roll back/roll back something	`etwas hat etwas zurückgerollt = rolled something back`; `etwas ist zurückgerollt = rolled back` intransitively.	The gloss explicitly includes a transitive sense, which takes `haben`, alongside the stored intransitive `sein` paradigm.
verbs_007	verbs	4603	zurückschwimmen	withSein	high	aux	False	True (`ist zurückgeschwommen`)	Directed motion back to a place takes `sein`.
verbs_007	verbs	4615	abkratzen	withSein/english	high	aux	UNSET (app treats as haben); scrape off (haben); colloq. kick the bucket (sein)	Split the senses or represent both auxiliaries exactly as the gloss notes.	The stored default teaches `haben` even for the explicitly included intransitive “die” sense, which requires `sein`.
verbs_007	verbs	4618	abnabeln	english	medium	gloss	become independent/become self-reliant/cut a baby's umbilical cord	`sich abnabeln = become independent`; `jemanden abnabeln = cut someone's umbilical cord`	The first two learner senses are reflexive, unlike the separate transitive medical sense.
verbs_007	verbs	4621	abreagieren	english	medium	gloss	work off/let off steam (sich abreagieren)	`Ärger/Spannung abreagieren = work off anger/tension`; `sich abreagieren = let off steam/calm down`	The gloss mentions `sich` parenthetically but does not distinguish the two constructions presented under the bare headword.
verbs_007	verbs	4624	abschmieren	withSein/english	high	aux	UNSET (app treats as haben); grease; crash (plane/software); copy/crib	`hat etwas abgeschmiert = greased/copied something`; `ist abgeschmiert = crashed/went down`.	The entry explicitly combines transitive `haben` senses with an intransitive `sein` sense.
verbs_007	verbs	4627	abschuppen	english	medium	gloss	descale/scale	`etwas abschuppen = descale/remove scales`; `sich abschuppen = scale/flake off`	The intransitive English “scale/flake” sense is reflexive in German and is not distinguished from the transitive sense.
verbs_007	verbs	4650	aufdampfen	english	medium	gloss	evaporate/vapour-deposit	vapour-deposit/apply a coating by evaporation	Transitive technical `aufdampfen` means deposit a material as vapour; ordinary “evaporate” is `verdampfen`/`abdampfen`.
verbs_007	verbs	4664	ausbooten	english	medium	gloss	boot out/disembark/kick out	oust/elbow out/kick out	`ausbooten` means force someone out or outmanoeuvre them; “disembark” is `aussteigen`/`von Bord gehen` or `ausschiffen`.
verbs_007	verbs	4668	auseinanderbreiten	english	medium	gloss	unfold	`etwas auseinanderbreiten = spread something out`; `sich auseinanderbreiten = spread/expand`	“Unfold” is at best contextual, and the common intransitive sense requires a reflexive pronoun.
verbs_007	verbs	4671	auseinandertreiben	withSein/english	high	aux	False; break up/broaden/disperse	`hat etwas auseinandergetrieben = drove/dispersed something apart`; `etwas ist auseinandergetrieben = drifted apart`.	The broad gloss covers transitive and intransitive uses with different auxiliaries; “broaden” is also not a reliable core translation.
verbs_007	verbs	4687	ausschaffen	irregular/prateritum/perfekt	high	verbform	True; schuf aus; ausgeschaffen	False; `schaffte aus`; `ausgeschafft`	Swiss/regional `ausschaffen` “deport/remove” uses weak `schaffen`; the stored strong forms belong to `schaffen` “create”.
verbs_007	verbs	4689	aussöhnen	english	medium	gloss	reconcile	`sich mit jemandem aussöhnen = become reconciled/reconcile with someone`; `jemanden mit jemandem aussöhnen = reconcile people`	The ordinary intransitive English sense is reflexive in German.
verbs_007	verbs	4706	besaufen	word/english	medium	gloss	besaufen; get drunk	`sich besaufen = get drunk` (colloquial/derogatory)	The supplied sense is obligatorily reflexive.
verbs_007	verbs	4728	crashen	withSein/english	high	aux	True; crash	Mark the sense split: vehicle-crash commonly uses `sein`, markets use `haben`, software may use `sein` or `haben`, and transitive “crash something” uses `haben`.	Generic “crash” spans several standard German senses that cannot truthfully share one `sein` value.
verbs_007	verbs	4735	dealen	english	medium	gloss	deal	deal/sell drugs (colloquial); optionally deal cards where context warrants	German `dealen` is not the broad English verb “deal”; without qualification the gloss encourages false business and problem-handling uses.
verbs_007	verbs	4754	dreiteilen	english	low	gloss	trisect	divide into three parts	“Trisect” conventionally implies three equal parts; `dreiteilen` need not, while `dritteln` in the same batch expresses division into thirds.
verbs_007	verbs	4757	dünken	english	medium	gloss	meseems/methinks/seem	seem to someone (`jemanden dünkt ...`; literary/dated)	“Meseems” is obsolete English and “methinks” specifically means “it seems to me”; neither is a clear learner translation of the German valency.
verbs_007	verbs	4758	durchbiegen	english	medium	gloss	bend/bend back/sag	`etwas durchbiegen = bend something`; `sich durchbiegen = bend/sag under load`	The intransitive “sag” sense is reflexive, unlike the transitive senses.
verbs_007	verbs	4761	durchschwimmen	withSein/prateritum/perfekt/english	high	aux	False; schwamm durch; durchgeschwommen; swim through/across	Separable `dúrchschwimmen — schwamm durch — ist durchgeschwommen`; inseparable transitive `durchschwímmen — durchschwamm — hat durchschwommen`.	The stored forms are separable but the auxiliary is from the inseparable transitive verb, conflating two paradigms.
verbs_007	verbs	4768	einkriegen	word/english	medium	gloss	einkriegen; sich (nicht) einkriegen — (not) be able to calm down	Present `sich (nicht) einkriegen` as the canonical learner form.	The gloss acknowledges that this everyday sense is reflexive, but the stored headword does not.
verbs_007	verbs	4772	einschiffen	word/english	medium	gloss	einschiffen; sich einschiffen — embark	Present `sich einschiffen = embark/go aboard`; keep transitive `jemanden/etwas einschiffen = put aboard` separately if wanted.	The only supplied translation is reflexive, while the stored bare headword models a different valency.
verbs_007	verbs	4785	entsagen	english	medium	gloss	renounce	`einer Sache entsagen = renounce/give up something` (formal; dative)	Bare English “renounce” invites an accusative object, but German `entsagen` governs the dative.
verbs_007	verbs	4799	exerzieren	english	low	gloss	drill/practice/practise	drill; practise military drill	The app targets British English, but the gloss retains both US “practice” and British “practise” and fails to mark the military sense.
verbs_007	verbs	4809	fetzen	english	medium	gloss	shred/tear; fight	`etwas fetzen = shred/tear something`; `sich fetzen = fight/quarrel` (colloquial)	The listed “fight” sense is reflexive, unlike the transitive literal senses.
verbs_007	verbs	4824	fortwollen	irregular/prateritum/perfekt	high	classification	False; UNSET; UNSET	True; `wollte fort`; `fortgewollt`; withSein=False	This compound retains the irregular modal paradigm of `wollen`; treating it as regular would derive false forms and exclude it from irregular-form practice.
verbs_007	verbs	4829	fringsen	english	medium	gloss	steal	appropriate necessities in an emergency (historical post-war coinage, rare)	It is not a general synonym for `stehlen`; the bare gloss erases the word's highly restricted historical meaning and usefulness.
verbs_007	verbs	4833	gefriertrocknen	prateritum/perfekt	high	verbform	UNSET; UNSET	Store `gefriergetrocknete` and `gefriergetrocknet` (the verb is used mainly in the infinitive and participle).	The exceptional participle lacks an initial extra `ge-` and cannot safely be produced by ordinary regular-verb derivation.
verbs_007	verbs	4835	genieren	english	medium	gloss	embarrass; be embarrassed	`sich genieren = be embarrassed/feel awkward`; label any non-reflexive “embarrass/inconvenience” use as regional or formal.	The common standard personal sense is reflexive, while the bare transitive gloss is not an equally neutral nationwide counterpart.
verbs_007	verbs	4836	gerieren	word/english	medium	gloss	gerieren; sich gerieren (als) — pose as, behave (formal)	Present `sich (als etwas) gerieren = pose as/behave as` (formal, often disapproving).	The gloss correctly signals the reflexive construction, but the stored citation headword still omits its obligatory `sich`.
verbs_007	verbs	4839	gleichschalten	english	medium	gloss	bring into line/coordinate	forcibly bring into line/impose ideological conformity; note the Nazi-era origin and usually derogatory use	Neutral “coordinate” suppresses the coercive, politically and historically loaded meaning learners need to avoid misuse.
verbs_007	verbs	4845	grauen	english	medium	gloss	be terrified/dawn/grey	`jemandem graut vor etwas = someone dreads/is terrified of something`; `der Morgen graut = dawn breaks`; `das Haar graut = turns grey`.	The first, personal sense is an impersonal dative construction, not a normal subject-verb equivalent of “be terrified”.
verbs_007	verbs	4852	hartsieden	word/english	low	junk	hartsieden; hard-boil	Prefer `hart kochen`/`hartgekocht`; retain `hartsieden` only with an obsolete/very rare label.	The finite compound is not useful modern learner vocabulary; chiefly the lexicalised adjective `hartgesotten` survives.
verbs_007	verbs	4863	hersetzen	english	medium	gloss	put down here; sit down here	`etwas hersetzen = put something down here`; `sich hersetzen = sit down here`	The listed intransitive personal sense requires a reflexive pronoun.
verbs_007	verbs	4875	hinunterstürzen	withSein/english	high	aux	True; plunge/fall down; gulp down	`ist hinuntergestürzt = plunged/fell down`; `hat etwas hinuntergestürzt = gulped something down`.	The gloss explicitly combines an intransitive `sein` sense with a transitive `haben` sense.
verbs_007	verbs	4876	hochstemmen	english	medium	gloss	heave up/lift up/push oneself up	`etwas hochstemmen = heave/lift something up`; `sich hochstemmen = push oneself up`	The final listed sense is reflexive, unlike the transitive senses.
verbs_007	verbs	4879	hopfen	english	high	gloss	hop	add hops to/hop (beer)	German `hopfen` is a brewing verb; English “hop” in the movement sense is German `hüpfen`.
verbs_008	verbs	4933	leichttun	english	medium	gloss	find easy	sich mit etwas leichttun — find something easy/have little difficulty with something	The ordinary construction is reflexive and takes `mit`; the current gloss invites ungrammatical non-reflexive use.
verbs_008	verbs	4938	loseisen	english	medium	gloss	pry loose; get away; persuade someone to part with something	etwas loseisen — pry something loose; sich von jemandem/etwas loseisen — get away/extricate oneself; jemandem etwas loseisen — get something out of someone	The listed senses have importantly different valency, and the everyday “get away” sense requires `sich`.
verbs_008	verbs	4939	losmarschieren	withSein	high	aux	UNSET (defaults to haben)	withSein=True (`ist losmarschiert`)	This directed-motion/departure verb forms its Perfekt with `sein`.
verbs_008	verbs	4951	mitsegeln	withSein	high	aux	UNSET (defaults to haben)	withSein=True (`ist mitgesegelt`)	In the supplied “sail along” sense it is an intransitive motion verb and takes `sein`.
verbs_008	verbs	4963	niedersetzen	english	medium	gloss	put/sit down	etwas/jemanden niedersetzen — put/set down; sich niedersetzen — sit down	The intransitive English sense “sit down” is reflexive in German.
verbs_008	verbs	4969	outsourcen	prateritum; perfekt	high	verbform	irregular=False; prateritum=UNSET; perfekt=UNSET	Store `sourcte out/outsourcte` and `outgesourct` (variant `outgesourced`)	This anglicism has variable, partly separable inflection that cannot be safely generated as an ordinary weak verb from the written infinitive.
verbs_008	verbs	4972	paralysieren	english	low	spelling	paralyse/paralyze	paralyse	The bank targets British English; the American variant should not be mixed into the learner-facing gloss.
verbs_008	verbs	4984	pirschen	english	medium	gloss	creep/go deerstalking/stalk	sich an jemanden/etwas heranpirschen — creep/stalk up to; auf die Pirsch gehen — go stalking	The normal verb construction is reflexive; “go deerstalking” is not a clear bare-verb equivalent.
verbs_008	verbs	4990	popeln	english	low	gloss	pick the nose	pick one's nose	The current English is unnatural and obscures that the possessor normally matches the subject.
verbs_008	verbs	4996	protegieren	english	low	spelling	patronize/sponsor/promote	patronise/sponsor/promote	`Patronise` is the British spelling required by the bank's house style.
verbs_008	verbs	5009	rechten	english; cefrLevel	medium	cefr	argue/claim/defend; B1	mit jemandem rechten — quarrel/remonstrate with someone (rare/literary); C1+ or UNSET	This rare, elevated verb is not a general equivalent of “claim” or “defend” and is grossly mislevelled as B1 vocabulary.
verbs_008	verbs	5014	rosten	english	low	gloss	degenerate/rust	rust/corrode; figuratively decline/lose one's edge	The concrete core sense should come first; bare “degenerate” overstates and obscures the figurative extension.
verbs_008	verbs	5015	rubrizieren	english	low	spelling	categorize/classify	categorise/classify	`Categorise` is the British spelling required by the bank's house style.
verbs_008	verbs	5025	schippen	cefrLevel	medium	cefr	C1	B1/B2	This concrete everyday verb meaning “shovel” is grossly over-levelled at C1.
verbs_008	verbs	5045	snowboarden	english	low	gloss	to snowboard	snowboard	Drop the English infinitive marker for consistency with the bank's bare-verb gloss style.
verbs_008	verbs	5049	spurten	withSein	high	aux	UNSET (defaults to haben)	withSein=True (`ist gespurtet`)	In the supplied “sprint” motion sense the verb forms its Perfekt with `sein`.
verbs_008	verbs	5052	staubsaugen	perfekt	high	verbform	irregular=False; perfekt=UNSET	Store `staubgesaugt` (Präteritum `staubsaugte`)	The weak verb has exceptional participle placement; ordinary prefixing would produce the false form `gestaubsaugt`.
verbs_008	verbs	5061	taumeln	withSein	high	aux	UNSET (defaults to haben); stagger	withSein=True for the usual motion sense (`ist zur Tür getaumelt`); note `haben` only for non-directional staggering	The unqualified supplied gloss naturally denotes movement, for which the app's default `haben` teaches the wrong Perfekt.
verbs_008	verbs	5063	tippeln	withSein	high	aux	UNSET (defaults to haben)	withSein=True (`ist getippelt`)	The glossed small-step motion verb forms its Perfekt with `sein`.
verbs_008	verbs	5068	trippeln	withSein	high	aux	UNSET (defaults to haben)	withSein=True (`ist getrippelt`)	The glossed motion verb forms its Perfekt with `sein`.
verbs_008	verbs	5071	überanstrengen	english	medium	gloss	overexert/overstrain	sich überanstrengen — overexert/overstrain oneself; jemanden überanstrengen — overtax someone	The ordinary self-directed sense requires `sich`, while the bare verb is transitive.
verbs_008	verbs	5076	überfragen	english	high	gloss	be stumped; ask too much of someone	jemanden überfragen — ask/quiz someone beyond their knowledge; überfragt sein — be stumped/out of one's depth	`Überfragen` itself does not mean “be stumped”; that English meaning belongs to the adjectival passive `überfragt sein`.
verbs_008	verbs	5077	überheben	english	medium	gloss	be presumptuous/relieve/strain oneself	sich überheben — overreach oneself/be presumptuous/strain oneself by lifting; jemanden einer Last überheben — relieve someone of a burden (rare)	The common senses are reflexive, while the rare transitive construction has a different argument structure.
verbs_008	verbs	5079	überschäumen	withSein	high	aux	UNSET (defaults to haben)	withSein=True (`ist übergeschäumt`)	In the supplied “foam/brim over” sense it denotes a change/movement and takes `sein`.
verbs_008	verbs	5080	überschwappen	withSein	high	aux	UNSET (defaults to haben)	withSein=True (`ist übergeschwappt`)	The intransitive “overflow/spill over” verb takes `sein`.
verbs_008	verbs	5081	übersprudeln	withSein	high	aux	UNSET (defaults to haben)	withSein=True (`ist übergesprudelt`)	The intransitive “bubble/brim over” verb takes `sein`.
verbs_008	verbs	5083	überwallen	withSein	high	aux	UNSET (defaults to haben)	withSein=True (`ist übergewallt`)	In the listed “overflow” sense the separable verb forms its Perfekt with `sein`.
verbs_008	verbs	5086	umlaufen	prateritum; perfekt; withSein; english	high	verbform	lief um; umgelaufen; True; circulate/knock over	Split separable `úmlaufen` — lief um, umgelaufen, sein (knock over by running into) from inseparable `umláufen` — umlief, umlaufen, haben (circulate/orbit/go around)	One entry conflates two differently stressed verbs; the stored forms and auxiliary contradict the first listed sense.
verbs_008	verbs	5093	upcyceln	prateritum; perfekt	high	verbform	irregular=False; prateritum=UNSET; perfekt=UNSET	Store `cycelte up/upcycelte` and `upgecycelt`	Like other separable English-derived verbs, its accepted inflection is not safely derivable as an ordinary unsplit weak verb.
verbs_008	verbs	5106	verfilzen	withSein	high	aux	UNSET (defaults to haben); become felted/become matted	withSein=True (`ist verfilzt`) for the supplied intransitive result sense	“Become matted/felted” is a change of state and takes `sein`; transitive `etwas verfilzen` would take `haben`.
verbs_008	verbs	5108	verfrühen	english	medium	gloss	be premature	sich verfrühen — occur/arrive too early; premature/early (of an event)	The verb is normally reflexive; bare “be premature” also reads like an adjective rather than a usable verb construction.
verbs_008	verbs	5114	verheben	english	medium	gloss	strain oneself by lifting	sich verheben — strain oneself by lifting	The supplied sense is obligatorily reflexive in German, but the entry never shows `sich`.
verbs_008	verbs	5117	verholzen	withSein	high	aux	UNSET (defaults to haben); lignify	withSein=True (`ist verholzt`) for the intransitive botanical sense	The usual sense describes becoming woody and takes `sein`.
verbs_008	verbs	5121	verknappen	english	medium	gloss	become scarce/cut down the supply/run short	etwas verknappen — make/restrict the supply of something; sich verknappen — become scarce	“Become scarce/run short” is reflexive, whereas the bare verb is transitive; the current slash list conflates them.
verbs_008	verbs	5128	vernarben	withSein	high	aux	UNSET (defaults to haben); scar	withSein=True (`die Wunde ist vernarbt`); gloss heal over/form a scar	The normal intransitive change-of-state verb takes `sein`, and bare English “scar” misleadingly suggests a transitive verb.
verbs_008	verbs	5133	verrecken	withSein	high	aux	UNSET (defaults to haben)	withSein=True (`ist verreckt`)	This intransitive change-of-state verb forms its Perfekt with `sein`.
verbs_008	verbs	5135	verrennen	english	medium	gloss	get stuck on the wrong idea	sich in etwas verrennen — become fixated on/pursue a mistaken idea	The idiomatic sense is reflexive and normally requires an `in` complement.
verbs_008	verbs	5136	versacken	withSein	high	aux	UNSET (defaults to haben)	withSein=True (`ist versackt`)	The intransitive “sink/subside” verb takes `sein`.
verbs_008	verbs	5138	verschimmeln	withSein	high	aux	UNSET (defaults to haben)	withSein=True (`ist verschimmelt`)	This change-of-state verb forms its Perfekt with `sein`.
verbs_008	verbs	5149	verwahrlosen	withSein; english	high	aux	UNSET (defaults to haben); degenerate/get in a bad state/neglect	withSein=True (`ist verwahrlost`); fall into neglect/become run-down/deteriorate	The verb is intransitive and takes `sein`; it does not ordinarily mean transitive “neglect”.
verbs_008	verbs	5150	verweichlichen	withSein; english	high	aux	withSein=True; grow soft/make soft/render effeminate	Split `ist verweichlicht` — has grown soft from transitive `hat jemanden verweichlicht` — has made someone soft	The entry combines intransitive and transitive senses with different auxiliaries, so `sein` is false for two listed glosses.
verbs_008	verbs	5158	vorglühen	english	low	gloss	pre-drink/predrink/pregame	preheat/pre-glow; colloquially pre-drink/have drinks before going out	The gloss omits the established literal/technical sense and includes the Americanism “pregame” in a British-English bank.
verbs_008	verbs	5164	waten	withSein	high	aux	UNSET (defaults to haben)	withSein=True (`ist durch den Fluss gewatet`)	In its supplied motion sense, `waten` forms the Perfekt with `sein`.
verbs_008	verbs	5170	widerhallen	prateritum; perfekt	high	verbform	irregular=False; prateritum=UNSET; perfekt=UNSET	Store `hallte wider` and `widergehallt`	This `wider-` verb is separable; leaving the forms blank is unsafe because the identically written prefix is inseparable in many other verbs.
verbs_008	verbs	5174	wohltun	english	medium	gloss	do good	jemandem wohltun — do someone good/be beneficial or pleasant for someone	Bare “do good” suggests performing charitable or virtuous acts (`Gutes tun`), not the dative construction and meaning of `wohltun`.
verbs_008	verbs	5197	zurückzucken	withSein	high	aux	UNSET (defaults to haben)	withSein=True (`ist zurückgezuckt`)	The recoil/backward-motion sense takes `sein`.
verbs_008	verbs	5201	zusammenkrachen	withSein	high	aux	UNSET (defaults to haben)	withSein=True (`ist zusammengekracht`)	Both collision and collapse senses are intransitive events and take `sein`.
verbs_008	verbs	5205	zutreten	withSein; english	high	aux	withSein=True; kick (out at sb.)	withSein=False (`hat zugetreten`) for “kick/kick out at someone”	The stored auxiliary belongs to a movement/approach reading, not to the only sense actually glossed.
verbs_008	verbs	5218	anfallen	withSein; english	high	aux	withSein=True; attack/set upon sb	withSein=False (`hat jemanden angefallen`) for the supplied attack sense; split off `ist angefallen` — accrued/arose	The entry assigns the auxiliary of the accrue/arise sense to the transitive attack sense.
verbs_008	verbs	5222	verirren	english	medium	gloss	get lost	sich verirren — get lost/lose one's way	The supplied everyday sense is reflexive in German.
verbs_008	verbs	5223	ausströmen	withSein; english	high	aux	UNSET (defaults to haben); emit/escape (of gas, smell)	Split transitive `hat etwas ausgeströmt` — emitted something from intransitive `ist ausgeströmt` — escaped/flowed out	The current single auxiliary is false for the listed intransitive “escape” sense.
verbs_008	verbs	5229	einreißen	withSein; english	high	aux	withSein=False; tear down/get out of hand	Split transitive `hat etwas eingerissen` — tore something down from intransitive `ist eingerissen` — became widespread/got out of hand	The two supplied senses take different auxiliaries, but the entry assigns `haben` to both.
verbs_008	verbs	5233	unterlaufen	withSein; english	high	aux	withSein=True; undermine/circumvent (Vorschriften unterlaufen)	withSein=False (`hat Vorschriften unterlaufen`) for circumvent/evade; reserve `sein` for `jemandem ist ein Fehler unterlaufen`	The stored auxiliary contradicts the only glossed, transitive sense.
verbs_008	verbs	5235	schämen	english	medium	gloss	be ashamed	sich schämen — be ashamed	The German verb is reflexive in this sense.
verbs_008	verbs	5237	vorspielen	cefrLevel	medium	cefr	A1	B1/B2	The dative “perform/play something for someone” construction and the deceptive “pretend” sense are grossly beyond A1.
verbs_008	verbs	5238	erschließen	cefrLevel	medium	cefr	A1	B2/C1	“Make accessible/develop/infer” is abstract, polysemous vocabulary and is grossly misassigned to the beginner deck.
verbs_008	verbs	5241	aufpoppen	withSein	high	aux	UNSET (defaults to haben)	withSein=True (`ist aufgepoppt`)	The intransitive “pop up” sense forms its Perfekt with `sein`.
verbs_008	verbs	5243	hineinversetzen	english	medium	gloss	put oneself into/empathise with	sich in jemanden/etwas hineinversetzen — put oneself in another's position/empathise with	Both supplied senses require a reflexive pronoun and an `in` complement in German.
verbs_008	verbs	5251	sehnen	english	medium	gloss	long/yearn	sich nach jemandem/etwas sehnen — long/yearn for someone or something	This sense is reflexive and governs `nach`.
verbs_008	verbs	5254	bedanken	english	medium	gloss	thank/express thanks	sich bei jemandem für etwas bedanken — thank someone/express thanks for something	The standard construction is reflexive and uses `bei` for the person and `für` for the reason.
verbs_008	verbs	5274	dazusetzen	english	medium	gloss	sit down (next to)/join	sich dazusetzen — sit down beside the others/join them	The only supplied sense is reflexive in German.
verbs_008	verbs	5275	dazustellen	english	medium	gloss	place oneself next to/join	sich dazustellen — go and stand beside the others/join them	The glossed self-placement sense is reflexive; “place oneself” is also an unnatural learner translation.
verbs_008	verbs	5307	herumschlagen	english	medium	gloss	struggle around	sich mit jemandem/etwas herumschlagen — struggle/deal with someone or something	The frequent idiomatic sense is reflexive and takes `mit`; “struggle around” is not natural English.
verbs_008	verbs	5308	draufhauen	irregular; prateritum; perfekt	high	classification	irregular=False; prateritum=UNSET; perfekt=UNSET	irregular=True; prateritum=haute/hieb drauf; perfekt=draufgehauen; withSein=False	The compound inherits the non-regular participle `gehauen`; a regular derivation would teach the false form `draufgehaut`.
verbs_008	verbs	5313	gewittern	english	low	gloss	thunderstorm/be stormy	thunder/be stormy (impersonal: es gewittert)	“Thunderstorm” is not an English verb, and the impersonal construction is useful learner information.
verbs_008	verbs	5315	besagen	english	medium	gloss	say	state/mean/indicate (of a text, rule, result, or evidence)	`Besagen` is not the ordinary speech verb “say”; the broad gloss creates a high-frequency false equivalence with `sagen`.
verbs_008	verbs	5320	vergewissern	english	medium	gloss	make sure	sich einer Sache vergewissern / sich vergewissern, dass … — make sure/ascertain	The standard modern construction is reflexive.
verbs_008	verbs	5321	verwählen	english	medium	gloss	dial a wrong number	sich verwählen — dial the wrong number/misdial	The supplied sense is reflexive in German.
verbs_008	verbs	5324	erfolgen	withSein	high	aux	UNSET (defaults to haben)	withSein=True (`ist erfolgt`)	This frequent formal verb obligatorily forms its Perfekt with `sein`.
verbs_008	verbs	5325	aufdrücken	english	medium	gloss	press on	auf etwas drücken — press on something; jemandem etwas aufdrücken — foist/force something on someone; etwas aufdrücken — press something open	Bare “press on” is ambiguous and misses the verb's important dative idiom, while it can also be mistaken for `auf etwas drücken`.
verbs_008	verbs	5331	ereignen	english	medium	gloss	occur	sich ereignen — occur/happen	The supplied intransitive sense is reflexive in German.
verbs_008	verbs	5332	ausreisen	withSein	high	aux	UNSET (defaults to haben)	withSein=True (`ist ausgereist`)	This intransitive departure verb forms its Perfekt with `sein`.
verbs_008	verbs	5337	sträuben	english	medium	gloss	bristle	sich sträuben — bristle; resist/balk at something	The ordinary literal and figurative senses are reflexive.
verbs_008	verbs	5338	zurufen	english	low	gloss	shout	jemandem etwas zurufen — call/shout something to someone	The bare gloss loses the required direction toward a dative recipient and makes the word look synonymous with `schreien`.
verbs_008	verbs	5343	gesellen	english	medium	gloss	join	sich zu jemandem gesellen — join someone/go over to someone	The ordinary modern verb is reflexive and governs `zu`.
verbs_008	verbs	5346	aufkochen	withSein; english	high	aux	UNSET (defaults to haben); boil up/bring to the boil	Split intransitive `ist aufgekocht` — boiled up from transitive `hat etwas aufgekocht` — brought something to the boil	The gloss combines senses with different auxiliaries, while the app assigns `haben` to both.
verbs_008	verbs	5348	wehren	english	medium	gloss	defend	sich gegen jemanden/etwas wehren — defend oneself/resist/fight back	Modern `wehren` in this sense is reflexive and normally takes `gegen`; bare transitive “defend” is misleading.
verbs_008	verbs	5353	einstürmen	withSein; english	high	aux	UNSET (defaults to haben); storm in	withSein=True (`ist auf jemanden eingestürmt`); gloss rush/storm at someone	The verb takes `sein`, and its normal construction is `auf jemanden einstürmen`, not generic “storm in” (`hineinstürmen`).
verbs_008	verbs	5354	hindurchgelangen	withSein	high	aux	UNSET (defaults to haben)	withSein=True (`ist hindurchgelangt`)	`Gelangen` and its directional compounds form the Perfekt with `sein`.
verbs_008	verbs	5356	strukturieren	cefrLevel	medium	cefr	A2	B2	This abstract organisational/academic verb is grossly under-levelled for an A2 learner deck.
verbs_008	verbs	5357	verzetteln	english	medium	gloss	get bogged down	sich verzetteln — get bogged down/spread oneself too thin/lose oneself in details	The supplied idiomatic sense is reflexive in German.
verbs_008	verbs	5359	entpuppen	english	medium	gloss	turn out	sich als etwas entpuppen — turn out/reveal itself to be something	The normal figurative construction is reflexive and governs `als`.
verbs_008	verbs	5360	hinauswollen	irregular; prateritum; perfekt; english	high	classification	irregular=False; prateritum=UNSET; perfekt=UNSET; want to go out	irregular=True; prateritum=wollte hinaus; perfekt=hinausgewollt; add `auf etwas hinauswollen` — be getting at/aim at something	The compound inherits the irregular modal `wollen`, and the gloss omits its especially frequent abstract idiom.
verbs_008	verbs	5366	zusammenhaben	irregular; prateritum; perfekt	high	classification	irregular=False; prateritum=UNSET; perfekt=UNSET	irregular=True; prateritum=hatte zusammen; perfekt=zusammengehabt; withSein=False	The compound inherits the irregular forms of `haben`; regular derivation would produce false forms.
verbs_008	verbs	5367	herumirren	withSein	high	aux	UNSET (defaults to haben)	withSein=True (`ist herumgeirrt`)	In the supplied wandering/motion sense, the verb takes `sein`.
verbs_008	verbs	5368	verzweigen	english	medium	gloss	branch out	sich verzweigen — branch/fork; branch out	The intransitive sense is reflexive in German.
verbs_008	verbs	5369	aufraffen	english	medium	gloss	pull oneself together	sich aufraffen — pull oneself together/muster the energy to do something	The supplied sense is reflexive in German.
verbs_008	verbs	5370	verpuffen	withSein	high	aux	UNSET (defaults to haben)	withSein=True (`ist verpufft`)	The intransitive “fizzle out/come to nothing” verb takes `sein`.
verbs_008	verbs	5375	wärmen	cefrLevel	medium	cefr	C1	A2/B1	This basic concrete verb meaning “warm” is grossly over-levelled at C1.
verbs_008	verbs	5379	ausschöpfen	english	low	gloss	utilise	exploit/use fully/exhaust (a possibility, resource, or potential)	Bare “utilise” misses the defining sense of using something to its full extent.
verbs_008	verbs	5380	hingucken	cefrLevel	medium	cefr	C1	A2/B1	This very common colloquial concrete verb meaning “look/watch” is grossly over-levelled at C1.
verbs_008	verbs	5382	anmalen	cefrLevel	medium	cefr	C1	A1/A2	The everyday concrete verb “paint/colour in” is grossly over-levelled at C1.
verbs_008	verbs	5383	ausloggen	english	medium	gloss	log out	sich ausloggen — log out/sign out	The standard learner construction is reflexive.
verbs_008	verbs	5387	missglücken	withSein	high	aux	UNSET (defaults to haben)	withSein=True (`ist missglückt`)	This intransitive failure/result verb forms its Perfekt with `sein`.
verbs_008	verbs	5390	erschauern	withSein	high	aux	UNSET (defaults to haben)	withSein=True (`ist erschauert`)	The intransitive “shiver/shudder” verb conventionally takes `sein`.
verbs_008	verbs	5391	totlachen	english	medium	gloss	laugh oneself silly/laugh oneself to death	sich totlachen — laugh oneself silly/to death	Both supplied senses require a reflexive pronoun in German.
verbs_008	verbs	5393	einparken	cefrLevel	medium	cefr	C1	A2/B1	This everyday driving verb meaning “park” is grossly over-levelled at C1.
verbs_008	verbs	5396	breitmachen	english	medium	gloss	spread out/take up space	sich breitmachen — spread oneself out/take up too much space; figuratively spread/proliferate	The supplied core sense is reflexive in German.
verbs_008	verbs	5397	durchbeißen	english	low	gloss	bite through	bite through; sich durchbeißen — persevere/struggle through	The gloss omits the very common reflexive figurative sense that learners are likely to encounter.
verbs_008	verbs	5405	herumreisen	withSein	high	aux	UNSET (defaults to haben)	withSein=True (`ist herumgereist`)	The supplied “travel around” motion sense takes `sein`.
verbs_008	verbs	5406	verhelfen	english	medium	gloss	help	jemandem zu etwas verhelfen — help someone obtain/achieve something	Bare “help” falsely makes this look interchangeable with `helfen` and hides its required dative-plus-`zu` construction.
verbs_008	verbs	5413	vorbeirasen	withSein	high	aux	UNSET (defaults to haben)	withSein=True (`ist vorbeigerast`)	This directed-motion verb forms its Perfekt with `sein`.
verbs_008	verbs	5415	rätseln	english	medium	gloss	puzzle	wonder/speculate/be puzzled; try to solve a riddle	English transitive “puzzle” normally means “confuse”, so the bare gloss teaches the wrong valency and likely meaning.
verbs_008	verbs	5421	weitererzählen	cefrLevel	medium	cefr	C1	A2/B1	This transparent, everyday separable verb meaning “retell/pass on” is grossly over-levelled at C1.
verbs_008	verbs	5424	zusammenfegen	cefrLevel	medium	cefr	C1	A2/B1	This transparent concrete household verb is grossly over-levelled at C1.
verbs_008	verbs	5425	danebenstellen	cefrLevel	medium	cefr	C1	A2/B1	The transparent concrete meaning “place next to it” is grossly over-levelled at C1.
verbs_008	verbs	5426	hochschauen	cefrLevel	medium	cefr	C1	A2/B1	This common transparent verb meaning “look up” is grossly over-levelled at C1.
verbs_008	verbs	5427	pieksen	cefrLevel	medium	cefr	C1	A2/B1	This common concrete colloquial verb meaning “prick/poke” is grossly over-levelled at C1.
verbs_008	verbs	5428	zunicken	english	low	gloss	nod	jemandem zunicken — nod to/at someone	The dative-directed meaning distinguishes this verb from bare `nicken`; the current gloss loses that valency.
verbs_008	verbs	5430	hineinleben	english	medium	gloss	settle into/get used to	sich in etwas hineinleben — settle into/immerse oneself in/get used to something	The supplied sense is reflexive and normally takes an `in` complement.
verbs_008	verbs	5432	mitlesen	english	low	gloss	to read along	read along	Drop the English infinitive marker for consistency with the rest of the verb bank.
verbs_008	verbs	5433	nachsprechen	english	low	gloss	to repeat	repeat/repeat after someone	Drop the infinitive marker and retain the “after someone” nuance contributed by `nach-`.
verbs_008	verbs	5434	freihaben	irregular; prateritum; perfekt	high	classification	irregular=False; prateritum=UNSET; perfekt=UNSET	irregular=True; prateritum=hatte frei; perfekt=freigehabt; withSein=False	The compound inherits the irregular forms of `haben`; regular derivation would produce false forms.
verbs_008	verbs	5435	zusammenpassen	english	low	gloss	to fit together	fit together/match	Drop the English infinitive marker for consistency with the rest of the verb bank.
verbs_008	verbs	5436	drankommen	english	low	gloss	to have one's turn	have one's turn/be next	Drop the English infinitive marker for consistency with the rest of the verb bank.
verbs_008	verbs	5438	rausgehen	english	low	gloss	to go outside	go outside/go out	Drop the English infinitive marker for consistency with the rest of the verb bank.
verbs_008	verbs	5440	zuhaben	irregular; prateritum; perfekt; english	high	classification	irregular=False; prateritum=UNSET; perfekt=UNSET; to be closed	irregular=True; prateritum=hatte zu; perfekt=zugehabt; withSein=False; gloss `be closed`	The compound inherits the irregular forms of `haben`, and the English gloss should use the bank's bare-verb style.
verbs_008	verbs	5441	zurückfahren	english	low	gloss	to drive back	drive/go/travel back	Drop the English infinitive marker; also avoid limiting the intransitive motion verb to driving when the means of transport can be unspecified.
adjectives_001	adjectives	4	weiter	word	high	notadj	"""further"""	remove this separate entry and teach it as the comparative of `weit`; keep `weit` as the lemma	`weiter` is the comparative form of `weit`, which already appears in this batch, rather than an independent adjective lemma.
adjectives_001	adjectives	8	gemeinsam	english	low	gloss	"""common/shared/joint"""	"""shared/joint/common to several people; together"""	"bare English ""common"" also means ordinary or frequent, senses that `gemeinsam` does not have; the gloss needs to constrain this common learner trap."
adjectives_001	adjectives	20	besser	word	high	notadj	"""better"""	remove this separate entry and teach it as the comparative of `gut`; keep `gut` as the lemma	`besser` is the irregular comparative of `gut`, already present in this batch, not a separate adjective lemma.
adjectives_001	adjectives	46	später	word	high	notadj	"""later"""	remove this separate entry and teach it as the comparative of `spät`; keep `spät` as the lemma	`später` is the comparative of `spät`, which also appears in this batch, so retaining both as lemmas contaminates the adjective bank with an inflected degree form.
adjectives_001	adjectives	73	gesetzlich	english	medium	gloss	"""legal/statutory"""	"""statutory; prescribed/required by law"""	"unqualified ""legal"" can mean lawful or pertaining to law, normally `rechtmäßig` or `rechtlich`; `gesetzlich` specifically relates to or is laid down by legislation."
adjectives_001	adjectives	101	klassisch	cefrLevel	low	cefr	C1	approximately B1	this common, transparent adjective used for styles, music and standard examples is grossly overgraded at C1.
adjectives_001	adjectives	116	wirtschaftlich	english	low	gloss	"""economic"""	"""economic/business; economical"""	"the very common sense ""economical/cost-effective"" is absent, leaving learners unable to distinguish `wirtschaftlich` from the narrower `ökonomisch` gloss presented later."
adjectives_001	adjectives	131	heutig	cefrLevel	low	cefr	C1	approximately B1	`heutig` is a routine, transparent adjective in expressions such as `heutige Zeit`; C1 is a gross overestimate.
adjectives_001	adjectives	164	tätig	cefrLevel	low	cefr	C1	approximately B1	`tätig sein` and compounds such as `berufstätig` belong to ordinary intermediate work vocabulary, far below C1.
adjectives_001	adjectives	166	ehrenamtlich	english	medium	gloss	"""voluntary"""	"""voluntary and unpaid; honorary/volunteer (work)"""	"`ehrenamtlich` denotes activity done in an unpaid voluntary or honorary capacity, whereas plain ""voluntary"" also covers `freiwillig` and does not convey that defining distinction."
adjectives_001	adjectives	211	verfügbar	cefrLevel	low	cefr	C1	approximately B1–B2	this is routine vocabulary for products, services, people and digital resources, so reserving it for C1 materially overstates its difficulty.
adjectives_001	adjectives	292	stationär	english	low	gloss	"""inpatient, in-hospital"""	"""stationary/fixed-location; inpatient/in-hospital"""	the medical sense is correct, but the entry omits the basic contrast with `mobil` for something fixed in one place, a major standard sense of the adjective.
adjectives_001	adjectives	304	gegenseitig	cefrLevel	low	cefr	A1	approximately B1	this abstract reciprocal adjective is not realistic core A1 vocabulary and is placed several stages too early.
adjectives_001	adjectives	347	nahe	word	low	duplicate	"`nahe` ""near/close"" and `nah` ""close/near"" are separate entries"	merge the variants under one learner headword, preferably `nah`, with the irregular comparison `näher, am nächsten`	the two rows teach the same adjective and sense as independent vocabulary while omitting the inflection/comparison information that explains the variant.
adjectives_001	adjectives	358	hauptsächlich	english	low	gloss	"""mainly/primarily"""	"""main/principal; mainly/primarily"""	the current gloss gives only the adverbial use even though this is an adjective bank and attributive uses such as `der hauptsächliche Grund` are standard.
adjectives_001	adjectives	376	gesundheitlich	english	low	gloss	"""health"""	"""health-related; in terms of health"""	"bare ""health"" is an English noun and does not clearly model either the adjective or its frequent adverbial use."
adjectives_001	adjectives	497	thematisch	cefrLevel	low	cefr	A1	approximately B2	"this abstract adjective meaning ""thematic/topic-related"" is grossly too advanced for an A1 deck despite its international-looking form."
adjectives_001	adjectives	515	scheinbar	english	medium	gloss	"""apparently/seemingly"""	"""seeming/apparent but not real; seemingly"""	"neutral English ""apparently"" often corresponds to `anscheinend`; `scheinbar` normally asserts a deceptive appearance, and the current slash gloss hides this important learner distinction."
adjectives_001	adjectives	523	bedingt	english	medium	gloss	"""only to a limited extent"""	"""conditional; caused/determined by; limited (`nur bedingt` = only to a limited extent)"""	the current value records only the idiomatic adverbial phrase `nur bedingt` and omits the adjective's core uses in compounds such as `witterungsbedingt` and phrases such as `eine bedingte Zusage`.
adjectives_001	adjectives	527	vorrangig	english	medium	gloss	"""priority"""	"""primary/priority; taking precedence"""	"""priority"" alone is a noun and does not give a usable English adjective or explain the German sense of having precedence."
adjectives_001	adjectives	538	mathematisch	english	low	gloss	"""mathematic/mathematical"""	"""mathematical"""	"""mathematic"" is archaic or highly marginal as an English adjective; ""mathematical"" is the normal learner-facing British-English equivalent."
adjectives_001	adjectives	631	naturwissenschaftlich	english	low	gloss	"""natural-scientific/scientific"""	"""natural-science; scientific (relating to the natural sciences)"""	"""natural-scientific"" is not idiomatic British English, while bare ""scientific"" loses the contrast with non-natural-science disciplines."
adjectives_001	adjectives	692	vorgestellt	whole row	high	notadj	"""presented"""	remove from the lexical adjective bank; teach it as the past participle of `vorstellen`	in this sense it is an ordinary eventive passive participle (`die vorgestellten Ergebnisse`), not a lexical adjective lemma with an independent learner meaning.
adjectives_002	adjectives	701	empfindlich	cefrLevel	medium	cefr	C1	B1 (or B2 at the latest)	This is common general-purpose vocabulary for sensitive people, skin, devices and reactions; C1 materially delays a basic adjective.
adjectives_002	adjectives	703	therapeutisch	english	low	gloss	therapeutic/therapeutical	therapeutic	“Therapeutical” is a rare, dated variant and is poor active vocabulary for a British-English learner.
adjectives_002	adjectives	718	psychologisch	english	low	gloss	psychologic/psychological	psychological	“Psychologic” is rare; the normal modern British-English adjective is “psychological”.
adjectives_002	adjectives	737	überdurchschnittlich	english	low	gloss	above average/outstanding	above-average	Something can be above average without being outstanding, so the second gloss overstates the German.
adjectives_002	adjectives	744	zwischenzeitlich	english	low	gloss	in the meantime/in the meanwhile	interim/temporary; meanwhile/in the meantime	The current gloss covers only its adverbial use and gives no usable English adjective for forms such as „eine zwischenzeitliche Lösung“.
adjectives_002	adjectives	753	betriebswirtschaftlich	english	low	gloss	business management	business-administration/business-management-related	The current value is a noun phrase and obscures that this is an adjective meaning related to business administration.
adjectives_002	adjectives	754	einseitig	english	low	spelling	onesided	one-sided	The English compound requires a hyphen.
adjectives_002	adjectives	762	zusammengefasst	word	high	notadj	summarised / in summary	remove from the adjective bank; teach under `zusammenfassen` or as the phrase `zusammengefasst`	This is the productive past participle of `zusammenfassen`, not an independently lexical adjective lemma.
adjectives_002	adjectives	763	grenzüberschreitend	english	medium	gloss	transnational	cross-border/across borders	“Transnational” can imply activity spanning nations more broadly, whereas the German specifically means crossing a border or borders.
adjectives_002	adjectives	772	kassenärztlich	english	medium	gloss	statutory health insurance	relating to statutory-health-insurance doctors/panel doctors	The adjective concerns doctors and medical care within the statutory-insurance system, not statutory health insurance in general.
adjectives_002	adjectives	824	identisch	english	low	gloss	identic/identical	identical	“Identic” is an extremely uncommon English variant and is unsuitable learner vocabulary.
adjectives_002	adjectives	825	pflanzlich	english	high	gloss	vegetable	plant-based/plant/herbal	`pflanzlich` relates to plants or plant origin; it does not generally mean “vegetable” (`Gemüse-`).
adjectives_002	adjectives	854	zweijährig	english	medium	gloss	two-year/biennial	lasting two years/two-year/two-year-old	“Biennial” normally means occurring every two years, which is `zweijährlich`, not `zweijährig`.
adjectives_002	adjectives	855	gemacht	word	high	notadj	made/done	remove from the adjective bank; teach as the past participle of `machen`	The row is a bare productive verb participle with no lexical adjective sense represented by the gloss.
adjectives_002	adjectives	860	hiesig	english	low	gloss	from hereabout/local	local/from here/from this area	“From hereabout” is not idiomatic English; “local” or “from this area” gives the learner a natural equivalent.
adjectives_002	adjectives	869	maschinell	english	medium	gloss	automatic/mechanical	machine-operated/machine-made/mechanical	Being done by machine does not entail being automatic, so “automatic” can teach a false equivalence.
adjectives_002	adjectives	872	städtebaulich	english	low	gloss	urban planning	urban-planning/town-planning-related	The current noun phrase does not clearly express the adjectival meaning.
adjectives_002	adjectives	873	erwartet	word	high	notadj	expected	remove from the adjective bank; teach as the past participle of `erwarten`	As glossed, this is an eventive/resultative participle rather than an independently lexical adjective.
adjectives_002	adjectives	876	gefüllt	word	high	notadj	filled	remove from the adjective bank; teach as the past participle of `füllen`	The row supplies only the ordinary productive participle meaning “filled”.
adjectives_002	adjectives	885	hochkarätig	english	low	spelling	top-class/high-caliber	top-class/high-calibre	The bank targets British English, whose spelling is “calibre”.
adjectives_002	adjectives	913	theologisch	english	low	gloss	theologic/theological	theological	“Theological” is the normal modern English adjective; “theologic” is rare and unhelpful for learners.
adjectives_002	adjectives	915	zart	cefrLevel	medium	cefr	C1	B1/B2	This frequent everyday adjective for delicate, tender or soft things is far below C1 in learner difficulty.
adjectives_002	adjectives	922	winzig	cefrLevel	medium	cefr	C1	A2/B1	“Tiny” is common basic descriptive vocabulary, making C1 a gross overestimate.
adjectives_002	adjectives	952	abstrakt	english	low	gloss	abstract/conceptional	abstract	“Conceptional” is not a normal synonym of “abstract” and is unsuitable active learner vocabulary.
adjectives_002	adjectives	972	geregelt	english	medium	gloss	regulated	regulated; regular/orderly/settled	The row omits the common lexical-adjective sense in `geregelte Arbeitszeiten`, `geregeltes Einkommen` and similar phrases.
adjectives_002	adjectives	983	behördlich	english	medium	gloss	governmental	official/administrative/authority-related	`behördlich` refers specifically to a public authority or its administration; “governmental” is broader and often unnatural.
adjectives_002	adjectives	994	aggressiv	english	low	spelling	abrasive/aggressive/thugish	aggressive	“Thugish” is misspelled (standard “thuggish”) and is not a general translation of `aggressiv`; the simple core gloss is sufficient.
adjectives_002	adjectives	998	betrieben	word	high	notadj	operated/run	remove from the adjective bank; teach as the past participle of `betreiben`	The meanings shown are purely verbal participle meanings, not a lexical adjective.
adjectives_002	adjectives	1002	mehrheitlich	english	medium	gloss	most/mostly	majority/majoritarian; mostly/by a majority	The current value mainly gives adverbial equivalents and misses the adjective in phrases such as `mehrheitliche Zustimmung`.
adjectives_002	adjectives	1007	besucht	word	high	notadj	attended	remove from the adjective bank; teach as the past participle of `besuchen`	“Attended” is only the ordinary verb participle here; no lexical adjective sense is supplied.
adjectives_002	adjectives	1009	geschaffen	word	high	notadj	created/made	remove from the adjective bank; teach as the past participle of `schaffen`	This is a bare irregular participle with only its verbal meanings represented.
adjectives_002	adjectives	1021	traditionsreich	english	low	spelling	rich in tradtion/tradition-rich	rich in tradition/tradition-rich	“Tradtion” is misspelled.
adjectives_002	adjectives	1026	hergestellt	word	high	notadj	constructed/made	remove from the adjective bank; teach as the past participle of `herstellen`	The row is the productive verb participle and has no independent adjective sense in the gloss.
adjectives_002	adjectives	1032	alleinig	english	medium	gloss	exclusive	sole/only/exclusive	The core meaning is “sole” or “only”; “exclusive” works only in some contexts and is misleading by itself.
adjectives_002	adjectives	1040	einjährig	english	medium	gloss	one-year-old	lasting one year/one-year; one-year-old	The current gloss wrongly narrows the adjective to age and fails on common phrases such as `einjähriger Kurs`.
adjectives_002	adjectives	1045	beschlossen	word	high	notadj	agreed/decided	remove from the adjective bank; teach as the past participle of `beschließen`	The listed meanings are ordinary participial results of deciding or agreeing, not a lexical adjective lemma.
adjectives_002	adjectives	1048	lateinisch	english	low	gloss	Latin/Roman	Latin; Roman only in fixed contexts such as Roman script/type	German `lateinisch` does not generally mean “Roman” (`römisch`), so the unqualified alternative creates a false equivalence.
adjectives_002	adjectives	1066	aktualisiert	word	high	notadj	refreshed/updated	remove from the adjective bank; teach as the past participle of `aktualisieren`	The row is the productive participle “updated” rather than an independent adjective lemma.
adjectives_002	adjectives	1089	gebaut	word	high	notadj	built	remove from the adjective bank; teach as the past participle of `bauen`	This is the ordinary past participle of `bauen`, with no lexical adjective sense represented.
adjectives_002	adjectives	1090	vertrauensvoll	english	medium	gloss	optimistic/trustful/trusting	trusting/trustful/confiding	`vertrauensvoll` concerns trust, not optimism; the first alternative teaches a false meaning.
adjectives_002	adjectives	1107	unsichtbar	cefrLevel	medium	cefr	C1	A2/B1	This transparent, common adjective meaning “invisible” is basic descriptive vocabulary, not C1.
adjectives_002	adjectives	1138	verkauft	word	high	notadj	sold	remove from the adjective bank; teach as the past participle of `verkaufen`	The entry is purely the regular verb participle “sold”.
adjectives_002	adjectives	1140	allgemeinbildend	english	low	gloss	general education	providing general education/general-educational	The noun phrase does not clearly explain the adjective used of schools, courses and subjects.
adjectives_002	adjectives	1143	gelernt	english	medium	gloss	learned/learnt/skilled	trained/qualified (in a trade or profession); learnt	In `gelernter Koch` and similar adjectival uses it means formally trained or qualified; English “learned” normally means scholarly and is a false friend here.
adjectives_002	adjectives	1147	psychiatrisch	english	low	gloss	psychiatric/psychiatrical	psychiatric	“Psychiatrical” is nonstandard or extremely rare; “psychiatric” is the normal adjective.
adjectives_002	adjectives	1164	medikamentös	english	medium	gloss	medicinal/pharmaceutical	medication-based/drug-based/pharmacological	The adjective normally describes treatment by medication; “medicinal” and “pharmaceutical” do not reliably convey that relationship.
adjectives_002	adjectives	1168	erlebbar	english	low	gloss	experienceable/tangible	able to be experienced/accessible to experience; tangible where context permits	“Experienceable” is highly unnatural English, while “tangible” is only a contextual approximation.
adjectives_002	adjectives	1188	wettbewerbsfähig	english	medium	gloss	capable of competition	competitive/able to compete	The current phrase is unnatural English and does not give the standard economic and general equivalent “competitive”.
adjectives_002	adjectives	1197	brandenburgisch	english	low	gloss	Brandenburgian	Brandenburg/from Brandenburg	“Brandenburgian” is rare and unsuitable as the sole learner gloss; English normally uses “Brandenburg” attributively or “from Brandenburg”.
adjectives_002	adjectives	1201	solidarisch	english	low	gloss	solidary/in solidarity	showing solidarity/in solidarity/solidaristic	“Solidary” is very rare in modern British English and should not be presented as the main active equivalent.
adjectives_002	adjectives	1202	zutreffend	english	medium	gloss	applicable/appropriate	correct/accurate/applicable	Its central sense is that a statement or description is correct or accurate; “appropriate” is generally `angemessen` or `angebracht`.
adjectives_002	adjectives	1212	ausgebaut	word	high	notadj	expanded/developed	remove from the adjective bank; teach as the past participle of `ausbauen`	As glossed, this is only the productive participle of the verb.
adjectives_002	adjectives	1223	bestanden	word	high	notadj	passed/stood	remove from the adjective bank; teach as the past participle of `bestehen`	The gloss contains ordinary verb-participle meanings and no independent adjective sense.
adjectives_002	adjectives	1231	umgerechnet	word	high	notadj	converted/equivalent to	remove from the adjective bank; teach as the past participle/adverbial use of `umrechnen`	This is a productive calculation/conversion participle, not a lexical adjective lemma.
adjectives_002	adjectives	1241	rechtmäßig	english	low	gloss	justifiable/lawful/legal	lawful/legal/legitimate	Something can be justifiable without being lawful and vice versa; “justifiable” is not a reliable equivalent of `rechtmäßig`.
adjectives_002	adjectives	1254	landschaftlich	english	medium	gloss	regional/scenic	landscape-related/scenic	`landschaftlich` concerns a landscape or scenery and does not generally mean “regional”.
adjectives_002	adjectives	1263	klimatisch	english	low	gloss	climatic/climatical/climatically	climatic; climatically	“Climatical” is a rare/nonstandard variant and is poor learner vocabulary.
adjectives_002	adjectives	1268	überschüssig	english	medium	gloss	excess/excessive/surplus	surplus/excess/left over	`überschüssig` means surplus or left over; “excessive” normally corresponds to `übermäßig`.
adjectives_002	adjectives	1292	schlau	english; cefrLevel	medium	gloss	clever/cunning/leery; C1	clever/smart/cunning; A2/B1	“Leery” means wary or suspicious, not clever, and C1 grossly overstates this common basic adjective.
adjectives_002	adjectives	1306	ungewohnt	cefrLevel	medium	cefr	C1	B1/B2	This common adjective for unfamiliar or unaccustomed situations is not advanced C1 vocabulary.
adjectives_002	adjectives	1310	finanziert	word	high	notadj	financed/funded	remove from the adjective bank; teach as the past participle of `finanzieren`	The row gives only the productive verbal participle meaning.
adjectives_002	adjectives	1318	kurios	english	medium	gloss	curious	odd/strange/peculiar; curious only in the sense “strange”	The bare cognate invites the false-friend reading “inquisitive”, which German `kurios` does not have.
adjectives_002	adjectives	1329	spielend	word	high	notadj	effortless/hands down	remove from the adjective bank; teach the idiom `spielend leicht` or adverbial `spielend`	As “effortlessly” this is an adverbial present participle/idiomatic use; otherwise it simply means “playing” and is not a lexical adjective.
adjectives_002	adjectives	1331	ausgestellt	word	high	notadj	exhibited/issued	remove from the adjective bank; teach as the past participle of `ausstellen`	Both supplied senses are ordinary participle meanings of the verb.
adjectives_002	adjectives	1335	geschrieben	word	high	notadj	written	remove from the adjective bank; teach as the past participle of `schreiben`	The entry is the bare irregular past participle and supplies no lexical adjective sense.
adjectives_002	adjectives	1362	handlich	english	low	gloss	habile/handy/manageable	handy/easy to handle/manageable	English “habile” means skilful and is both rare and wrong for the physical manageability expressed by `handlich`.
adjectives_002	adjectives	1366	urheberrechtlich	english	medium	gloss	by copyright	copyright/copyright-related/under copyright law	“By copyright” is not an idiomatic adjective translation and does not model normal uses such as `urheberrechtliche Fragen`.
adjectives_002	adjectives	1376	geografisch	word	low	duplicate	separate entry from `geographisch` (row 1190), both glossed “geographical”	retain one canonical entry and mention the other accepted spelling as a variant	These are standard orthographic variants of the same adjective, so separate cards duplicate one learning item.
adjectives_002	adjectives	1380	unabdingbar	english	medium	gloss	inalienable/indispensable	indispensable/essential/absolutely necessary	`unabdingbar` means indispensable, not inalienable (`unveräußerlich`).
adjectives_002	adjectives	1388	gefertigt	word	high	notadj	manufactured/crafted	remove from the adjective bank; teach as the past participle of `fertigen`	The current meanings are purely those of the productive verb participle.
adjectives_002	adjectives	1400	bescheiden	cefrLevel	medium	cefr	C1	B1/B2	This common personality and degree adjective meaning modest or humble is well below C1 difficulty.
adjectives_003	adjectives	1441	ungeklärt	english	high	gloss	unresolved/untreated	unresolved/unclarified/unexplained	`ungeklärt` does not mean “untreated”; that is `unbehandelt`.
adjectives_003	adjectives	1442	zerstört	word	high	notadj	zerstört — destroyed	Remove this transparent past participle from the adjective bank; teach it under `zerstören` (retaining only a separately glossed lexicalised sense if one is intended).	With the supplied meaning it is simply the past participle of `zerstören`, not an independent adjective lemma.
adjectives_003	adjectives	1480	unbestimmt	cefrLevel	medium	cefr	A1	B2 (or leave unset pending the project's CEFR authority)	The abstract senses “indefinite/undetermined” are far beyond an A1 learner deck.
adjectives_003	adjectives	1506	glaubwürdig	english	low	gloss	authentic/believable/credible	believable/credible/trustworthy	Bare “authentic” encourages confusion with `authentisch`; it overlaps only in limited contexts, whereas credibility/trustworthiness is the core meaning.
adjectives_003	adjectives	1621	generiert	word	high	notadj	generiert — generated	Remove from the adjective bank and teach as the past participle of `generieren`.	This is a fully transparent event/result participle with no distinct lexical adjective sense supplied.
adjectives_003	adjectives	1651	unterschrieben	word	high	notadj	unterschrieben — signed	Remove from the adjective bank and teach as the past participle of `unterschreiben`.	“Signed” merely describes completion of the verb's action; it is not an independent adjective lemma here.
adjectives_003	adjectives	1652	benutzt	word, english	high	notadj	benutzt — used	Remove and teach as the past participle of `benutzen`; use `gebraucht` for lexical “used/second-hand”.	This transparent participle can also misteach `benutzt` as the ordinary adjective for second-hand goods.
adjectives_003	adjectives	1708	naturbelassen	english	medium	gloss	natural	left natural/unprocessed/unmodified	“Natural” is much broader; `naturbelassen` specifically says something has been left in, or close to, its natural state.
adjectives_003	adjectives	1714	talentiert	cefrLevel	medium	cefr	C1	B1–B2 (or leave unset pending the project's CEFR authority)	This transparent, everyday adjective is substantially over-levelled at C1.
adjectives_003	adjectives	1716	übel	cefrLevel	medium	cefr	C1	B1–B2 (or leave unset pending the project's CEFR authority)	Everyday uses such as `Mir ist übel` and “bad/nasty” occur well before C1.
adjectives_003	adjectives	1720	verordnet	word, english	high	notadj	verordnet — decreed/enacted	Remove from the adjective bank and teach as the past participle of `verordnen`, glossed prescribed/ordered/decreed as context requires.	It is a transparent participle, and the current gloss also omits the very common medical sense “prescribed”.
adjectives_003	adjectives	1809	ermordet	word	high	notadj	ermordet — murdered	Remove from the adjective bank and teach as the past participle of `ermorden`.	The entry supplies only the result of the verb's action, not a lexical adjective sense.
adjectives_003	adjectives	1811	freiheitlich	english	medium	gloss	liberal/free	liberal-democratic/committed to freedom/liberty-based	Bare “free” is not a general equivalent; the German adjective normally characterises a political or constitutional commitment to liberty.
adjectives_003	adjectives	1821	teilstationär	english	low	gloss	semi-residential/day-care	day-patient/partial-inpatient (care or treatment)	In healthcare it means institutional treatment for only part of each day (or night); “semi-residential” is unclear and “day-care” can suggest childcare.
adjectives_003	adjectives	1833	ätherisch	english	medium	gloss	essential/ethereal/volatile	ethereal/etheric/volatile; `ätherisches Öl` = essential oil	`ätherisch` is not a general translation of English “essential”; that rendering is restricted to the fixed term for essential oil.
adjectives_003	adjectives	1851	versprochen	word	high	notadj	versprochen — promised	Remove from the adjective bank and teach as the past participle of `versprechen`.	The supplied sense is a transparent verb form rather than an independently lexicalised adjective.
adjectives_003	adjectives	1860	geformt	word	high	notadj	geformt — shaped/formed/moulded	Remove from the adjective bank and teach as the past participle of `formen`.	All supplied meanings directly express the result of `formen`; no distinct adjective sense is present.
adjectives_003	adjectives	1867	prognostiziert	word	high	notadj	prognostiziert — predicted	Remove from the adjective bank and teach as the past participle of `prognostizieren`.	This is a contextual/event participle, not an adjective lemma suitable for a standalone card.
adjectives_003	adjectives	1873	acht	word	high	notadj	acht — eight	Move to a numeral/number bank or remove from the adjective bank.	`acht` is a cardinal numeral, not an adjective lemma.
adjectives_003	adjectives	1886	gestohlen	word	high	notadj	gestohlen — stolen	Remove from the adjective bank and teach as the past participle of `stehlen`.	The entry is only a transparent irregular participle and carries no separate lexical adjective sense.
adjectives_003	adjectives	1907	brandneu	cefrLevel	medium	cefr	C1	B1–B2 (or leave unset pending the project's CEFR authority)	This common, transparent intensification of `neu` is substantially over-levelled at C1.
adjectives_003	adjectives	1912	gelaunt	english	medium	gloss	humoured	in a specified mood; `gut/schlecht gelaunt` = in a good/bad mood	Bare `gelaunt` normally needs a qualifier, and standalone English “humoured” is not a natural learner gloss.
adjectives_003	adjectives	1917	karg	english	low	gloss	austere/barren/meager	austere/barren/meagre	The app targets British English, whose standard spelling is “meagre”.
adjectives_003	adjectives	1941	bischöflich	english	medium	gloss	episcopal/episcopalian	episcopal/relating to a bishop	“Episcopalian” normally denotes the Episcopal denomination or one of its members, not simply something relating to a bishop.
adjectives_003	adjectives	1947	gesteuert	word	high	notadj	gesteuert — controlled/guided/steered	Remove from the adjective bank and teach as the past participle of `steuern`.	These are transparent event/result readings of the verb, not a distinct lexical adjective.
adjectives_003	adjectives	1958	perspektivisch	english	medium	gloss	perspective/in perspective	perspectival/relating to perspective; forward-looking/in the longer term	“Perspective” is not an English adjective, and “in perspective” covers neither the normal visual sense nor the common forward-looking use clearly.
adjectives_003	adjectives	1989	würzig	cefrLevel	medium	cefr	C1	B1–B2 (or leave unset pending the project's CEFR authority)	This ordinary food adjective is substantially over-levelled at C1.
adjectives_003	adjectives	2042	hochgradig	english	low	gloss	highly/to a high degree	severe/high-grade; highly/to a high degree	The current gloss gives only adverbial equivalents even though this is an adjective bank and attributive uses such as `hochgradige Schwerhörigkeit` are common.
adjectives_003	adjectives	2056	unschuldig	cefrLevel	medium	cefr	C1	A2–B1 (or leave unset pending the project's CEFR authority)	The basic, high-frequency opposite of `schuldig` is substantially over-levelled at C1.
adjectives_003	adjectives	2060	aktiviert	word	high	notadj	aktiviert — activated	Remove from the adjective bank and teach as the past participle of `aktivieren`.	The supplied meaning is solely the transparent result of the verb's action.
adjectives_003	adjectives	2095	angefertigt	word	high	notadj	angefertigt — made/produced/manufactured	Remove from the adjective bank and teach as the past participle of `anfertigen`.	This is a contextual past participle, not an independent adjective lemma.
adjectives_004	adjectives	2112	originär	english	medium	gloss	"""original"""	"""primary/original in origin; inherent"""	"Bare ""original"" invites the common false-friend reading ""novel/creative""; `originär` normally means arising at the source, primary, or inherent."
adjectives_004	adjectives	2129	wohlig	english	medium	gloss	"""pleasant"""	"""cosy/comfortably warm; contented"""	"""Pleasant"" is much too broad and misses the characteristic feeling of physical comfort or contentment expressed by `wohlig`."
adjectives_004	adjectives	2137	eigenhändig	english	low	gloss	"""in one's own hand/personally signed"""	"""with one's own hand/personally"""	"`eigenhändig` does not itself mean ""signed""; that reading arises only when the thing done by hand is a signature."
adjectives_004	adjectives	2154	restlos	english	low	gloss	"""completely"""	"""complete/total, leaving nothing; completely"""	The current value gives only an adverb, although attributive adjective uses such as `restlose Aufklärung` are standard.
adjectives_004	adjectives	2168	zahlenmäßig	english	low	gloss	"""numeric/numerical/numerically"""	"""numerical/in terms of number; numerically"""	"`zahlenmäßig` compares or describes quantity, whereas English ""numeric"" can instead mean expressed in or consisting of numerals."
adjectives_004	adjectives	2187	kommentiert	whole row	high	notadj	"""commented/annotated"""	remove from the lexical adjective bank and teach it as the past participle of `kommentieren`	In the stated senses this is an ordinary resultative/eventive participle, as in `eine kommentierte Ausgabe`, not an independently lexicalised adjective lemma.
adjectives_004	adjectives	2194	platziert	whole row	high	notadj	"""placed/positioned"""	remove from the lexical adjective bank and teach it with the verb `platzieren`	"""Placed/positioned"" is simply the ordinary past-participle meaning of `platzieren`, not a separate adjective lexeme."
adjectives_004	adjectives	2205	verwirrt	cefrLevel	low	cefr	C1	approximately A2–B1	This is routine vocabulary for saying that a person is confused and is grossly overgraded at C1.
adjectives_004	adjectives	2207	altbekannt	english	low	spelling	"""well-known/wellknown"""	"""long familiar/long known/well-known"""	"""Wellknown"" is misspelled, and `altbekannt` more specifically says that something has long been known or familiar."
adjectives_004	adjectives	2217	gelagert	whole row	high	notadj	"""stored"""	remove this sense from the adjective bank and teach `gelagert` as the past participle of `lagern`	"With the gloss ""stored"" the row contains only the verb's ordinary participle; a genuinely lexical use would need a construction such as `ähnlich gelagert`."
adjectives_004	adjectives	2219	geschwächt	whole row	high	notadj	"""weakened"""	remove from the lexical adjective bank and teach it as the past participle of `schwächen`	The gloss merely reproduces the compositional passive/result meaning of the verb and supplies no independent adjective sense.
adjectives_004	adjectives	2223	inoffiziell	cefrLevel	low	cefr	A1	approximately B1	This abstract adjective and its contrast with `offiziell` are not realistic core A1 vocabulary, so the populated level is several stages too early.
adjectives_004	adjectives	2237	realitätsnah	english	low	gloss	"""near/close to reality"""	"""realistic/true-to-life/close to reality"""	"""Near to reality"" is a literal and unidiomatic learner translation; ""realistic"" is the normal English adjective."
adjectives_004	adjectives	2247	unspezifisch	english	low	gloss	"""unspecific/nonspecific"""	"""non-specific/unspecified"""	"""Unspecific"" is marginal in idiomatic British English; the normal equivalents are ""non-specific"" or, where intended, ""unspecified""."
adjectives_004	adjectives	2256	zeitig	cefrLevel	low	cefr	C1	approximately B1	`zeitig` and the everyday phrase `zeitig kommen` belong well below C1, making the current deck placement grossly late.
adjectives_004	adjectives	2265	bedenkenlos	english	medium	gloss	"""unscrupulously/without thinking"""	"""without hesitation/with no qualms; safe or unobjectionable to use"""	The current rendering suggests careless thought or an adverb describing an unscrupulous manner and omits the very common `etwas bedenkenlos tun/verwenden` sense.
adjectives_004	adjectives	2268	dediziert	english	medium	gloss	"""dedicated"""	"""dedicated/allocated for a specific purpose (technical)"""	"German `dediziert` is chiefly a technical term for something specifically allocated; bare ""dedicated"" falsely invites the English sense ""devoted/committed""."
adjectives_004	adjectives	2272	gesundheitspolitisch	english	low	gloss	"""health policy"""	"""health-policy/relating to health policy"""	The current English is a noun phrase and does not model the German adjective.
adjectives_004	adjectives	2273	gewichtig	english	medium	gloss	"""grave/ponderous"""	"""weighty/important/significant"""	"`gewichtig` normally marks importance or weight; ""ponderous"" often means laboriously clumsy and ""grave"" is not a dependable general equivalent."
adjectives_004	adjectives	2294	tagelang	cefrLevel	low	cefr	C1	approximately B1–B2	This transparent and common duration adjective/adverb is grossly overgraded at C1.
adjectives_004	adjectives	2302	zweimalig	english	low	gloss	"""twofold/occurring twice/two-time"""	"""occurring twice/two-time"""	"English ""twofold"" normally means double in amount or having two parts and can therefore teach `zweimalig` as if it meant `doppelt` or `zweifach`."
adjectives_004	adjectives	2307	biografisch	english	low	gloss	"""biographic"""	"""biographical"""	"""Biographic"" exists but is rare; ""biographical"" is the idiomatic learner-facing English equivalent."
adjectives_004	adjectives	2308	biographisch	whole row	low	duplicate	"separate entry ""biographical"" alongside `biografisch`"	merge as an orthographic variant under the preferred modern spelling `biografisch`	The two rows teach spelling variants of the same adjective and sense as independent vocabulary.
adjectives_004	adjectives	2312	dominiert	whole row	high	notadj	"""dominated"""	remove from the lexical adjective bank and teach it as the past participle of `dominieren`	In this sense it is the ordinary passive participle used with an expressed or understood agent, not an independent adjective lemma.
adjectives_004	adjectives	2313	emissionsfrei	english	low	gloss	"""free of emission"""	"""emission-free/zero-emission"""	"""Free of emission"" is not idiomatic English and the singular also misstates the standard environmental expression."
adjectives_004	adjectives	2316	glutenfrei	cefrLevel	low	cefr	C1	approximately A2–B1	This common food-label and dietary adjective is grossly overgraded at C1.
adjectives_004	adjectives	2324	mittelmäßig	cefrLevel	low	cefr	C1	approximately B1–B2	This ordinary evaluative adjective is substantially more basic and common than a C1 placement suggests.
adjectives_004	adjectives	2329	publiziert	whole row	high	notadj	"""publicised/published"""	remove from the lexical adjective bank and teach it as the past participle of `publizieren`	The row gives only the event/result of publishing and therefore stores an ordinary verb participle as an adjective lemma.
adjectives_004	adjectives	2330	schmerzfrei	english	medium	gloss	"""free of ache"""	"""pain-free/free from pain"""	"""Free of ache"" is unidiomatic and too narrow; `Schmerz` means pain generally, not only an ache."
adjectives_004	adjectives	2336	turnusmäßig	english	medium	gloss	"""rotational/rotative"""	"""at regular intervals/scheduled/according to the usual cycle"""	"`turnusmäßig` normally concerns something recurring according to a fixed schedule; ""rotative"" is unnatural and ""rotational"" suggests physical rotation."
adjectives_004	adjectives	2349	anständig	cefrLevel	low	cefr	C1	approximately B1–B2	This common adjective for decent, proper behaviour and acceptable quality is grossly overgraded at C1.
adjectives_004	adjectives	2380	überlegen	cefrLevel	low	cefr	A1	approximately B1–B2	"The adjective meaning ""superior"" is abstract and includes irregular-looking homography with a verb participle, making A1 implausibly early."
adjectives_004	adjectives	2388	vergrößert	whole row	high	notadj	"""enlarged"""	remove from the lexical adjective bank and teach it as the past participle of `vergrößern`	"""Enlarged"" is only the transparent result of the verb and does not establish an independent lexical adjective."
adjectives_004	adjectives	2394	aufgelöst	english	medium	gloss	"""dissolved"""	"""dissolved/disbanded; distraught/extremely upset"""	The current value records only a regular participial result and omits the important lexical adjective describing a distraught person.
adjectives_004	adjectives	2418	karitativ	english	low	gloss	"""caritative/charitable"""	"""charitable/charity-related"""	"""Caritative"" is extremely rare English and is poor learner-facing vocabulary when the ordinary equivalent is ""charitable""."
adjectives_004	adjectives	2423	lesenswert	cefrLevel	low	cefr	C1	approximately B1–B2	This transparent `-wert` formation is routine book and article vocabulary and is grossly overgraded at C1.
adjectives_004	adjectives	2430	schlagartig	english	low	gloss	"""abruptly/suddenly"""	"""sudden/abrupt; suddenly"""	Only adverbs are supplied even though attributive adjective uses such as `ein schlagartiger Anstieg` are standard.
adjectives_004	adjectives	2436	trist	english	low	spelling	"""dismall/dull/miserable"""	"""dismal/dull/bleak"""	"""Dismall"" is misspelled."
adjectives_004	adjectives	2445	vordergründig	english	medium	gloss	"""obvious/superficial"""	"""superficial/apparent/ostensible"""	"`vordergründig` contrasts surface appearance with deeper reality; ""obvious"" lacks that contrast and can teach a false equivalence with `offensichtlich`."
adjectives_004	adjectives	2452	autofrei	english	low	spelling	"""carfree"""	"""car-free/traffic-free (of cars)"""	"The standard English compound is hyphenated, and bare ""carfree"" is not normal British spelling."
adjectives_004	adjectives	2455	betrunken	english	low	gloss	"""drunk/drunken/ebrious"""	"""drunk/intoxicated"""	"""Ebrious"" is an extremely rare English word and adds noise rather than useful learner vocabulary."
adjectives_004	adjectives	2456	blank	english	medium	gloss	"""bare/broke/sheer"""	"""shiny/polished; bare; sheer/utter; broke (`blank sein`)"""	"The entry omits the central physical sense ""shiny/polished"", while its unlabelled English list makes the context-dependent idiomatic senses look interchangeable."
adjectives_004	adjectives	2460	flächenmäßig	english	low	gloss	"""in size/in terms of surface area"""	"""areal/relating to surface area; by area/in terms of surface area"""	The current gloss supplies only adverbial phrases and gives no usable English adjective for attributive German uses.
adjectives_004	adjectives	2461	gefroren	cefrLevel	low	cefr	C1	approximately A2	"""Frozen"" is basic everyday food and weather vocabulary, so C1 is a gross overestimate."
adjectives_004	adjectives	2465	halbseitig	english	medium	gloss	"""half-page"""	"""one-sided/affecting one side of the body; half-page"""	The current gloss records only an advertising/layout use and omits the common medical and physical sense, as in `halbseitig gelähmt`.
adjectives_004	adjectives	2475	lauwarm	cefrLevel	low	cefr	C1	approximately A2–B1	This everyday temperature word and common figurative adjective are grossly overgraded at C1.
adjectives_004	adjectives	2482	naheliegend	english	low	gloss	"""logical/obvious/standing to reason"""	"""obvious/natural/logical"""	"""Standing to reason"" is not an idiomatic adjective phrase; English uses the finite expression ""it stands to reason""."
adjectives_004	adjectives	2487	platt	english	medium	gloss	"""flat (also platter Reifen = flat tyre); gobsmacked, stunned (platt sein); banal"""	"""flat (including a flat tyre); exhausted/gobsmacked (`platt sein`); banal/crude"""	"`platter Reifen` is an inflected German phrase embedded in the English field, and the important colloquial ""exhausted"" sense is missing."
adjectives_004	adjectives	2492	rentabel	english	low	gloss	"""lucrative/payable/profitable"""	"""profitable/economic/viable"""	"Modern English ""payable"" normally means due to be paid, not profitable, so it is a misleading equivalent despite the correct alternatives alongside it."
adjectives_004	adjectives	2498	stofflich	english	low	gloss	"""as regards subject matter/material/physical"""	"""material/physical; relating to subject matter"""	The current slash string mixes an adverbial paraphrase with adjectives and does not separate the physical-material sense from the content-related sense.
adjectives_004	adjectives	2516	augenblicklich	english	medium	gloss	"""at once/at present/at the moment"""	"""present/current/immediate; at present/immediately"""	"The current field contains only adverbial phrases and conflates the temporal adjective ""current"" with the adverb ""immediately""."
adjectives_004	adjectives	2537	konform	english	low	gloss	"""compliant/conformable"""	"""compliant/in conformity (with)"""	"""Conformable"" is rare and misleading learner English; German `konform` is normally used with a standard, rule, or viewpoint with which something complies."
adjectives_004	adjectives	2538	letztmalig	english	low	gloss	"""last"""	"""final/for the last time"""	"Bare ""last"" is ambiguous between previous, most recent, enduring, and final, while `letztmalig` specifically marks the final occurrence."
adjectives_004	adjectives	2540	marktwirtschaftlich	english	low	gloss	"""market economy"""	"""market-based/relating to a market economy"""	The current value is a noun phrase and does not translate the German adjective.
adjectives_004	adjectives	2545	nährstoffreich	english	low	gloss	"""rich in nutrient"""	"""nutrient-rich/rich in nutrients"""	"The English count noun needs the plural here, and ""nutrient-rich"" is the natural adjective."
adjectives_004	adjectives	2551	recherchiert	whole row	high	notadj	"""researched"""	remove from the lexical adjective bank and teach it as the past participle of `recherchieren`	"In phrases such as `gut recherchiert`, the headword is the ordinary participle modified by an adverb; ""researched"" supplies no independently lexical adjective sense."
adjectives_004	adjectives	2563	transsexuell	english	medium	gloss	"""transsexual"""	"""transsexual (dated/medical); usually trans or transgender for a person"""	The direct equivalent is now dated and can be offensive when applied broadly to people; learners need its restricted register and a current neutral alternative.
adjectives_004	adjectives	2565	übersetzt	whole row	high	notadj	"""translated"""	remove from the lexical adjective bank and teach it as the past participle of `übersetzen`	In this sense it is the ordinary result/event participle of the translation verb, not an independent adjective lemma.
adjectives_004	adjectives	2576	zeitaufwendig	cefrLevel	low	cefr	C1	approximately B1–B2	This transparent, common adjective for everyday tasks and processes is grossly overgraded at C1.
adjectives_004	adjectives	2584	energiepolitisch	english	low	gloss	"""energy policy"""	"""energy-policy/relating to energy policy"""	The English value is a noun phrase rather than an adjective.
adjectives_004	adjectives	2585	entzündungshemmend	english	low	spelling	"""antiinflammatory"""	"""anti-inflammatory"""	Standard British English hyphenates this formation.
adjectives_004	adjectives	2591	gemächlich	english	low	gloss	"""gently/leisurely/quiet"""	"""leisurely/unhurried; gently/at a leisurely pace"""	"The current list mixes adverbs with an ambiguous ""quiet"" and omits the clear adjective ""unhurried""."
adjectives_004	adjectives	2595	händisch	english	low	gloss	"""by hand/manually"""	"""manual/done by hand; by hand/manually"""	The current value gives only adverbial renderings despite regular attributive uses such as `händische Bearbeitung`.
adjectives_004	adjectives	2601	originalgetreu	english	low	gloss	"""faithful"""	"""faithful to the original/true to the original"""	"Bare ""faithful"" can describe loyalty to a person or partner and does not convey the defining reference to an original."
adjectives_004	adjectives	2623	unheilbar	english	low	gloss	"""incurable/irremediable/irretrievable"""	"""incurable/irremediable/irreparable"""	"""Irretrievable"" means unable to be recovered and is not a dependable equivalent of `unheilbar`."
adjectives_004	adjectives	2627	verdammt	english	low	gloss	"""damn"""	"""damned/cursed; bloody/damn (as an intensifier)"""	"""Damn"" alone does not give the ordinary English adjective and fails to distinguish the literal participial sense from the colloquial intensifier."
adjectives_004	adjectives	2637	beendet	whole row	high	notadj	"""finished/ended"""	remove from the lexical adjective bank and teach it as the past participle of `beenden`	The row stores the transparent event/result participle of the verb and supplies no lexical adjective meaning.
adjectives_004	adjectives	2646	geisteswissenschaftlich	english	low	gloss	"""humanities"""	"""humanities-related/in the humanities"""	"""Humanities"" is an English plural noun, not an adjective matching the German headword."
adjectives_004	adjectives	2652	gestört	english, cefrLevel	medium	gloss	"""crazy/disturbed/impaired""; C1"	"""disturbed/impaired/disrupted; 'crazy' only as a derogatory colloquial use""; approximately B1–B2"	"Unlabelled ""crazy"" teaches a stigmatising and contextually unsafe equivalent, and this common adjective is also grossly overgraded at C1."
adjectives_004	adjectives	2653	gestützt	whole row	high	notadj	"""supported/based on"""	remove as a standalone adjective and teach the participle with `stützen`/`sich auf etwas stützen`	The meaning is compositional and valency-dependent, normally requiring the support or an `auf` complement, so it is not a self-contained lexical adjective lemma.
adjectives_004	adjectives	2656	internetfähig	english	medium	gloss	"""capable of Internet"""	"""internet-enabled/capable of connecting to or using the internet"""	"""Capable of Internet"" is ungrammatical and does not tell a learner what capability the German adjective denotes."
adjectives_004	adjectives	2670	sanitär	english	medium	gloss	"""sanitary"""	"""sanitary/plumbing-related; relating to sanitation or bathroom facilities"""	"Bare English ""sanitary"" strongly suggests hygienic/clean, while German `sanitär` very often concerns plumbing, bathrooms, toilets, or sanitation infrastructure."
adjectives_004	adjectives	2677	ungefährlich	english	low	gloss	"""dangerless/safe"""	"""harmless/safe/not dangerous"""	"""Dangerless"" is rare and unnatural learner English; ""harmless"" or ""not dangerous"" is idiomatic."
adjectives_004	adjectives	2680	verifiziert	whole row	high	notadj	"""verified"""	remove from the lexical adjective bank and teach it as the past participle of `verifizieren`	The row gives only the transparent result of verifying and therefore treats a regular verb participle as an adjective lexeme.
adjectives_004	adjectives	2682	vierköpfig	english	low	gloss	"""four-person/of four"""	"""four-person/four-member; consisting of four people"""	"Bare ""of four"" is not a usable English adjective and omits the fact that `-köpfig` counts people or members."
adjectives_004	adjectives	2686	actionreich	english	medium	gloss	"""rich in action"""	"""action-packed/eventful"""	"""Rich in action"" is a German calque rather than idiomatic English."
adjectives_004	adjectives	2695	ersatzlos	english	low	gloss	"""without/free of replacement"""	"""without replacement/with no substitute"""	"""Free of replacement"" is not idiomatic English and can obscure constructions such as `ersatzlos gestrichen`."
adjectives_004	adjectives	2700	gefahrlos	english	low	gloss	"""dangerless/safe"""	"""safe/without danger"""	"""Dangerless"" is rare and unnatural learner English."
adjectives_004	adjectives	2717	nagelneu	cefrLevel	low	cefr	C1	approximately A2–B1	This transparent, everyday intensification of `neu` is grossly overgraded at C1.
adjectives_004	adjectives	2723	orangen	word	low	spelling	"`orangen` ""orange (colour)"""	prefer the neutral standard lemma `orange`; if retained, label `orangen` colloquial	`orangen` is a recognised but colloquial colour adjective, while the unmarked standard learner headword `orange` is absent.
adjectives_004	adjectives	2725	regnerisch	cefrLevel	low	cefr	C1	approximately A2–B1	"A routine weather adjective meaning ""rainy"" is grossly overgraded at C1."
adjectives_004	adjectives	2727	spritzig	english	medium	gloss	"""agile/lively/nippy"""	"""sparkling/fizzy; lively/spirited"""	"The entry omits the central drink sense for sparkling wine or a fizzy beverage, while ""agile"" is not a dependable general equivalent."
adjectives_004	adjectives	2730	umweltpolitisch	english	medium	gloss	"""environmental"""	"""environmental-policy/relating to environmental policy"""	"Bare ""environmental"" is much broader (`umweltbezogen`, `ökologisch`) and loses the defining political-policy component."
adjectives_004	adjectives	2735	versicherungspflichtig	english	medium	gloss	"""liable to insurance deductions"""	"""subject to compulsory insurance/liable for compulsory social-insurance contributions"""	The German adjective denotes a legal duty to be insured or contribute, not merely the mechanical fact that deductions may be taken.
adjectives_004	adjectives	2749	erfassbar	english	medium	gloss	"""comprehensible"""	"""recordable/measurable/detectable; comprehensible"""	"""Comprehensible"" is possible but the entry omits the very common data and measurement sense, misleadingly collapsing the word into `verständlich`."
adjectives_004	adjectives	2752	fachfremd	english	low	gloss	"""subject-unrelated"""	"""outside one's field/from another discipline; unrelated to the subject"""	"""Subject-unrelated"" is an unnatural calque and does not clearly explain the usual person/discipline contrast."
adjectives_004	adjectives	2753	flächig	english	low	gloss	"""flat/area-wide"""	"""covering an area/areal; two-dimensional/flat"""	"""Area-wide"" is not idiomatic English, and the slash gloss does not make the spatial sense clear."
adjectives_004	adjectives	2755	geneigt	english	medium	gloss	"""prone"""	"""inclined/sloping; inclined or disposed to (`zu` + dative)"""	"""Prone"" covers only the complement-taking figurative use and omits the basic physical sense of an inclined surface."
adjectives_004	adjectives	2756	generationsübergreifend	whole row	low	duplicate	"separate entry ""cross-generational"" alongside `generationenübergreifend`"	merge the accepted variants into one learner entry, preferably under `generationenübergreifend`	Both spellings are recognised variants with the identical meaning and should not be counted as separate vocabulary items.
adjectives_004	adjectives	2759	getötet	whole row	high	notadj	"""killed"""	remove from the lexical adjective bank and teach it as the past participle of `töten`	It is an ordinary eventive passive participle, as in `die getöteten Menschen`, with no independent adjective meaning.
adjectives_004	adjectives	2761	hellblau	cefrLevel	low	cefr	C1	approximately A1–A2	"A transparent basic colour compound meaning ""light blue"" is grossly overgraded at C1."
adjectives_004	adjectives	2763	holprig	english	medium	gloss	"""bumpy/doggerel/halting"""	"""bumpy/uneven; halting/awkward"""	"""Doggerel"" is a noun for bad verse, not an adjective; it cannot serve as a direct equivalent of `holprig`."
adjectives_004	adjectives	2766	lieferbar	english	low	gloss	"""available"""	"""available for delivery/in stock"""	"Bare ""available"" is too broad and hides the defining connection to supply or delivery."
adjectives_004	adjectives	2769	namentlich	english	low	gloss	"""by name"""	"""nominal/by-name; by name/specifically"""	The current value supplies only an adverbial phrase and gives no adjective for attributive uses such as `namentliche Abstimmung`.
adjectives_004	adjectives	2779	riesengroß	cefrLevel	low	cefr	C1	approximately A1–A2	This transparent colloquial intensification of the basic adjective `groß` is grossly overgraded at C1.
adjectives_005	adjectives	2828	gesamtdeutsch	english	medium	gloss	"""all-German/pan-German"""	"""relating to Germany as a whole; all-German (especially historically, East and West Germany together)"""	"English ""pan-German"" can refer to the much broader nationalist idea of uniting all German-speaking peoples, whereas `gesamtdeutsch` normally concerns Germany in its entirety and, historically, both German states."
adjectives_005	adjectives	2863	sportwissenschaftlich	english	low	gloss	"""sport-scientific"""	"""sports-science; relating to sports science"""	"""Sport-scientific"" is an unnatural calque and is not good learner-facing British English."
adjectives_005	adjectives	2966	zeitgeschichtlich	english	low	gloss	"""contemporary historical"""	"""relating to contemporary history"""	The current word order is opaque English and could be read as meaning both contemporary and historical rather than specifically concerning `Zeitgeschichte`.
adjectives_005	adjectives	2967	zuckerfrei	cefrLevel	low	cefr	C1	approximately A2–B1	This transparent, everyday food-label adjective is routine beginner/intermediate vocabulary and is grossly overgraded at C1.
adjectives_005	adjectives	2976	auslösend	word	high	notadj	"""triggering"""	remove from the lexical adjective bank and teach it as the present participle of `auslösen`	In ordinary uses such as `der den Alarm auslösende Rauch`, it expresses the verb's current causal relation and has no independent lexical adjective meaning.
adjectives_005	adjectives	2986	energisch	english	high	gloss	"""energetic"""	"""forceful; firm/resolute; emphatic"""	This is a major false-friend trap: German `energisch` normally describes decisive or forceful conduct, not someone full of energy, which is usually `energiegeladen` or `tatkräftig`.
adjectives_005	adjectives	3009	lustvoll	english	medium	gloss	"""full of desire"""	"""pleasurable/enjoyable; sensual; with pleasure"""	"`lustvoll` primarily describes something experienced or done with pleasure and can be sensual; ""full of desire"" misleadingly reduces it to wanting something."
adjectives_005	adjectives	3011	mörderisch	english	low	gloss	"""murderous/grueling"""	"""murderous; gruelling"""	`Gruelling` is the standard British-English spelling required by the app; `grueling` is the US spelling.
adjectives_005	adjectives	2999	gleichgültig	cefrLevel	low	cefr	C1	approximately B1–B2	This is common intermediate vocabulary for indifference and for `es ist mir gleichgültig`; C1 materially overstates its difficulty.
adjectives_005	adjectives	3119	schlafend	word	high	notadj	"""sleeping"""	remove from the lexical adjective bank and teach it as the present participle of `schlafen`	`schlafend` simply denotes the ongoing action of sleeping (`ein schlafendes Kind`) and is a productive participial form, not an independent adjective lemma.
adjectives_005	adjectives	3040	unrealistisch	cefrLevel	low	cefr	C1	approximately B1–B2	This transparent, common adjective used for plans and expectations belongs well below C1, so the populated level would distort deck selection.
adjectives_005	adjectives	3168	betriebsbedingt	english	high	gloss	"""operational"""	"""due to operational/business reasons"" (especially `betriebsbedingte Kündigung` = ""redundancy/dismissal for operational reasons"")"	"Bare ""operational"" means functioning or ready for use, while `betriebsbedingt` expresses that something is caused or necessitated by circumstances within a business."
adjectives_005	adjectives	3209	kilometerweit	english	low	gloss	"""for kilometres"""	"""kilometres long/wide; extending for kilometres"""	The current gloss models only an adverbial phrase and does not show the adjective's spatial meaning or attributive use.
adjectives_005	adjectives	3285	bündig	english	medium	gloss	"""flush"""	"""concise/succinct; conclusive; flush/aligned (technical)"""	"""Flush"" is only a technical sense; the common learner-relevant sense in `eine bündige Antwort/Erklärung` is concise and convincing or conclusive."
adjectives_005	adjectives	3286	clean	english	high	gloss	"""clean"""	"""drug-free; free of harmful substances; fair/legitimate; clean/minimalist (in restricted modern contexts)"""	"German `clean` is a restricted loanword, not the general equivalent of English ""clean"", which is `sauber`; the bare identical gloss teaches a serious false friend."
adjectives_005	adjectives	3295	eklig	cefrLevel	low	cefr	C1	approximately A2–B1	This very common colloquial adjective for something disgusting is elementary/intermediate vocabulary, not C1.
adjectives_005	adjectives	3303	erziehungswissenschaftlich	english	low	gloss	"""educational science"""	"""educational-science; relating to educational studies/science"""	The current value is a noun phrase and does not make the adjective's relational meaning clear.
adjectives_005	adjectives	3317	grammatisch	cefrLevel	low	cefr	C1	approximately A2–B1	The adjective is routine language-learning vocabulary and is grossly overgraded at C1.
adjectives_005	adjectives	3322	gutachterlich	english	medium	gloss	"""expert/appraiser"""	"""relating to an expert assessment/report; in the capacity of an expert witness/appraiser"""	The current nouns do not express the adjective and can falsely suggest that `gutachterlich` describes a person rather than an assessment, report or expert capacity.
adjectives_005	adjectives	3346	neugeboren	cefrLevel	low	cefr	C1	approximately B1	This transparent and common family/medical adjective is far below C1 and would be held back implausibly late.
adjectives_005	adjectives	3344	nachrangig	english	low	gloss	"""subordinated"""	"""secondary/lower-ranking; subordinate; subordinated (finance)"""	"`Nachrangig` broadly means lower in rank or priority; ""subordinated"" alone is chiefly a narrow financial translation and obscures the general sense."
adjectives_005	adjectives	3359	rezeptpflichtig	english	medium	gloss	"""prescription"""	"""prescription-only; requiring a prescription"""	A bare noun does not state the defining fact that the medicine may be supplied only on prescription.
adjectives_005	adjectives	3254	undicht	cefrLevel	low	cefr	C1	approximately B1–B2	The everyday adjective for a leaking pipe, roof or seal is substantially easier and more common than a C1 placement suggests.
adjectives_005	adjectives	3386	völkisch	english	high	gloss	"""völkisch"""	"""ethno-nationalist; racial-nationalist (especially in German nationalist and Nazi ideology)"""	Repeating the German headword supplies no translation and conceals its essential ideological and historical connotations from learners.
adjectives_005	adjectives	3403	autobiografisch	english	low	gloss	"""autobiographic"""	"""autobiographical"""	"""Autobiographical"" is the normal contemporary British-English adjective; ""autobiographic"" is marginal and poor default learner vocabulary."
adjectives_005	adjectives	3422	emissionsarm	english	low	gloss	"""poor in/low in emission"""	"""low-emission; producing low emissions"""	"The current phrasing is unidiomatic English and incorrectly uses singular ""emission"" for the normal environmental sense."
adjectives_005	adjectives	3434	genüsslich	english	low	gloss	"""with relish"""	"""savouring/enjoying; pleasurable/indulgent; with relish"""	The current value supplies only an adverbial equivalent even though the word is being taught in an adjective bank.
adjectives_005	adjectives	3447	innerstaatlich	english	medium	gloss	"""national"""	"""domestic/internal; within a state"""	"""National"" is too broad and can describe anything connected with a nation; `innerstaatlich` specifically contrasts internal state affairs with international or interstate matters."
adjectives_005	adjectives	3449	jahrhundertelang	english	low	gloss	"""for centuries"""	"""centuries-long/lasting for centuries; for centuries"""	The current value gives only the adverbial use and omits the attributive adjective pattern, such as `ein jahrhundertelanger Konflikt`.
adjectives_005	adjectives	3456	leibhaftig	english	medium	gloss	"""personified/physical/real"""	"""in person/in the flesh; incarnate/personified"""	"The vague words ""physical/real"" do not teach the normal meaning of encountering someone bodily and in person, or the emphatic `der Teufel leibhaftig` sense."
adjectives_005	adjectives	3465	monotheistisch	english	low	gloss	"""monotheistic/monotheistical"""	"""monotheistic"""	"""Monotheistical"" is a nonstandard or extremely marginal English form and should not be offered to learners beside the normal adjective."
adjectives_005	adjectives	3471	ordnungspolitisch	english	medium	gloss	"""regulatory policy"""	"""relating to regulatory/economic-framework policy"""	The current noun phrase neither models an adjective nor conveys the specifically German economic-policy sense concerned with the rules and framework of an economic order.
adjectives_005	adjectives	3487	schrumpfend	word	high	notadj	"""shrinking"""	remove from the lexical adjective bank and teach it as the present participle of `schrumpfen`	In uses such as `eine schrumpfende Bevölkerung`, this is the ordinary productive participle describing an ongoing process, not an independent lexical adjective lemma.
adjectives_006	adjectives	3542	beamtet	english	high	gloss	civil-service	employed/appointed as a civil servant; having civil-servant status	`beamtet` denotes the specific legal status of a `Beamter`, not merely something relating to the civil service.
adjectives_006	adjectives	3570	elliptisch	english	low	gloss	elliptic	elliptical; elliptic (technical, especially mathematics)	British English normally uses “elliptical” for shapes, orbits and abbreviated language; bare “elliptic” overstates the specialist sense.
adjectives_006	adjectives	3575	fahrbar	english	medium	gloss	mobile/wheeled	drivable/passable; mobile/wheeled	The current gloss omits the very common sense of a road, route or surface being passable or suitable for driving on.
adjectives_006	adjectives	3591	israelitisch	english	medium	gloss	Israelite	Israelite; Jewish (historical or dated); not Israeli (`israelisch`)	The historical/register restriction and the crucial distinction from modern Israeli nationality are necessary for safe learner use.
adjectives_006	adjectives	3599	martialisch	english	medium	gloss	martial	warlike/bellicose; fierce, menacing or imposing in appearance	The English cognate is an unsafe stand-alone gloss: German commonly uses the word for an intimidating appearance or manner, not for neutral “martial arts/law” contexts.
adjectives_006	adjectives	3619	probat	english	low	gloss	appropriate/proven/suitable	tried and tested/proven effective	The defining idea is that something has proved effective in practice; “appropriate” or “suitable” alone loses that element.
adjectives_006	adjectives	3632	schwammig	english	medium	gloss	spongy	spongy; vague/imprecise/ill-defined	The frequent figurative sense used of wording, arguments, rules and concepts is missing.
adjectives_006	adjectives	3639	stiefmütterlich	english	medium	gloss	stepmotherly/neglected	neglectful/perfunctory; treated as a poor relation	As an adjective it characterises neglectful treatment; bare “neglected” reverses the semantic direction and “stepmotherly” is not useful modern English.
adjectives_006	adjectives	3695	befürchtet	word	high	notadj	befürchtet	remove from the adjective bank; teach as the participle of `befürchten` (or use lexical `gefürchtet` for “feared/dreaded”)	This is an ordinary verbal participle in such phrases as `die befürchteten Folgen`, not an independent adjective lemma.
adjectives_006	adjectives	3707	demonstrativ	english	medium	gloss	demonstrative	pointed/deliberate; ostentatious/emphatic	The cognate invites the English sense “openly affectionate”; German normally describes a conspicuously deliberate gesture or display.
adjectives_006	adjectives	3708	desolat	english	high	gloss	desolate	in a dreadful/deplorable state; disastrous/ruinous	This is a strong false friend: German `desolat` usually evaluates a condition or performance, whereas English “desolate” primarily means deserted, bleak or grief-stricken.
adjectives_006	adjectives	3779	ordnungsmäßig	word, english	low	duplicate	proper/in due form (and prefer the far commoner ordnungsgemäß)	remove or treat as an alias of the existing, standard learner entry `ordnungsgemäß`; keep usage notes out of the English gloss	A separate card for the rare variant duplicates the common form, and the parenthetical editorial instruction is not a translation.
adjectives_006	adjectives	3803	sachgrundlos	english	high	gloss	without material reason	without objective grounds/justification (especially of fixed-term employment)	`Sachgrund` is the legal concept of an objective justification, not a “material reason”; the current literal rendering misteaches the term.
adjectives_006	adjectives	3824	unattraktiv	cefrLevel	medium	cefr	C1	A2/B1	This transparent, everyday negation of `attraktiv` is far below C1 and would be withheld from learners for several deck levels.
adjectives_006	adjectives	3843	vergnügt	english	medium	gloss	delighted/pleased	cheerful/merry/contented; pleased	The core adjective describes a cheerful or contented mood; “delighted” is generally too strong and omits the main sense.
adjectives_006	adjectives	3861	zusammengenommen	word	high	notadj	zusammengenommen	remove from the adjective bank and teach the fixed participial phrase `zusammengenommen` = “taken together”	This is the participle of `zusammennehmen` used in a sentence-level summarising construction, not a lexical adjective lemma.
adjectives_006	adjectives	3867	altertümlich	english	medium	gloss	ancient/antique	archaic/old-fashioned/antiquated; antique-looking	The word normally means resembling or belonging to an earlier style, not simply ancient in age; the current gloss encourages confusion with `uralt` or `antik`.
adjectives_006	adjectives	3878	beantwortet	word	high	notadj	beantwortet	remove from the adjective bank; teach as the past participle of `beantworten`	“Answered” is compositionally the result of the verb and has no independent lexical adjective sense; the bank already contains the genuinely useful adjective `unbeantwortet`.
adjectives_006	adjectives	3925	gendergerecht	english	high	gloss	gender-appropriate	gender-equitable/gender-inclusive/gender-sensitive	“Gender-appropriate” can suggest conformity to gender stereotypes, nearly the opposite of the usual German sense of equitable or inclusive treatment and language.
adjectives_006	adjectives	3938	intersexuell	english	low	gloss	intersex	intersex (often preferably `intergeschlechtlich`; this concerns sex characteristics, not sexual orientation)	The translation is literal, but a modern learner entry should prevent the misleading association with sexuality and give the increasingly preferred German term.
adjectives_006	adjectives	3952	leid	english	medium	gloss	fed up/hideous/unpleasant	fed up/tired of, in `etwas leid sein`; sorry, in `jemandem leidtun`	`leid` is chiefly used in restricted predicative constructions; “hideous” is not a sound general meaning, and the bare list gives no usable valency model.
adjectives_006	adjectives	3991	sichergestellt	word	high	notadj	sichergestellt	remove from the adjective bank; teach as the past participle of separable `sicherstellen`	Both “ensured/guaranteed” and police “seized” are ordinary resultative uses of the verb, not independent adjective senses.
adjectives_006	adjectives	3996	spartanisch	english	medium	gloss	Spartan	spartan/austere/frugal; Spartan (of ancient Sparta)	Capitalised “Spartan” supplies only the historical demonym and omits the common figurative German sense of austere simplicity.
adjectives_006	adjectives	4015	unbenutzt	cefrLevel	medium	cefr	C1	A2/B1	“Unused” is an everyday, transparent adjective built from the basic verb `benutzen`; C1 is a gross overplacement for deck selection.
adjectives_006	adjectives	4019	ungebildet	cefrLevel	medium	cefr	C1	B1/B2	The common transparent meaning “uneducated” does not require C1 competence, so the populated level substantially delays a useful word.
adjectives_006	adjectives	4052	zwanzigjährig	english	medium	gloss	twenty-year	twenty-year-old; lasting twenty years/twenty-year (attributive)	The German adjective also describes a person's age; the incomplete English form cannot model `ein zwanzigjähriger Mann` correctly.
adjectives_006	adjectives	4053	abfließend	word	high	notadj	abfließend	remove from the adjective bank; teach as the present participle of `abfließen`	“Draining/flowing off” is a fully compositional ongoing action with no lexicalised adjective meaning.
adjectives_006	adjectives	4075	asozial	english	medium	gloss	antisocial	socially irresponsible/inconsiderate; antisocial (strong and often stigmatising), not merely unsociable	English “antisocial” is often understood as withdrawn or not sociable; German `asozial` is a much stronger judgement and can be derogatory.
adjectives_006	adjectives	4098	dienstrechtlich	english	medium	gloss	service law	relating to civil-service/public-employment law	“Service law” is opaque and can suggest military or commercial services; the German term concerns the legal employment status of public servants.
adjectives_006	adjectives	4103	entartet	english	medium	gloss	degenerate/degenerated	degenerate/degenerative (medical or biological); historically loaded and potentially offensive of people, culture or art	The gloss omits the word's notorious ideological history and gives learners no warning against applying it casually to people or culture.
adjectives_007	adjectives	4201	schulfrei	english	low	gloss	no school/school-free	off school / with no school; school-free (e.g. a day)	"""no school"" is not an adjective, and ""school-free"" alone is an awkward learner gloss."
adjectives_007	adjectives	4215	tiefenpsychologisch	english	low	gloss	depth-psychological	relating to depth psychology / depth-psychological	The bare calque is not transparent English for a learner.
adjectives_007	adjectives	4233	unerschwinglich	english	medium	gloss	exorbitant/prohibitive	unaffordable / prohibitively expensive	"The word normally describes something one cannot afford; ""exorbitant"" only fits a price, not the item itself."
adjectives_007	adjectives	4237	unsachlich	english	low	gloss	uncalled-for/unobjective/without objectivity	not objective / not factual / irrelevant or personal rather than factual	"""Uncalled-for"" is only contextual, and the other renderings are unidiomatic."
adjectives_007	adjectives	4249	verheißungsvoll	english	low	gloss	auspiciously/promising	promising / auspicious	"""Auspiciously"" is an adverb in an adjective gloss."
adjectives_007	adjectives	4267	wissenschaftspolitisch	english	low	gloss	science-policy	relating to science policy	The current hyphenated fragment is not a self-contained English adjective gloss.
adjectives_007	adjectives	4269	zeitgerecht	english	medium	gloss	in time/modern/punctual	timely / appropriate to the times / up to date	"""Punctual"" is not the general sense, and ""modern"" is too broad; the current list obscures the two real uses."
adjectives_007	adjectives	4270	zeithistorisch	english	medium	gloss	contemporary-historical	relating to contemporary history	"The calque is opaque and can be read as ""historical but contemporary"", rather than naming the field Zeitgeschichte."
adjectives_007	adjectives	4271	zollrechtlich	english	low	gloss	customs-law	relating to customs law	The current fragment is not idiomatic as a standalone English gloss.
adjectives_007	adjectives	4276	abgehoben	english	low	gloss	aloof/withdrawn	aloof / detached / out of touch	"""Withdrawn"" usually means shy or socially retiring, which is not the characteristic German sense."
adjectives_007	adjectives	4278	abstrus	english	medium	gloss	abstruse	absurd / bizarre / convoluted	"This is a false-friend trap: English ""abstruse"" primarily means difficult to understand, while German abstrus commonly means absurd or wildly implausible."
adjectives_007	adjectives	4281	angehörig	english	medium	gloss	belonging to/member of	belonging to / affiliated with (+ dative); usually jemandem/einer Gruppe angehörig	"This restricted adjective governs the dative and is not a free equivalent of the noun phrase ""member of""; the current gloss gives no usable learner model."
adjectives_007	adjectives	4289	auferstanden	word	high	notadj	auferstanden — resurrected	remove from the adjective bank; teach it as the Partizip II of auferstehen	This is the verb form used in ist auferstanden, not an independently lexicalised adjective lemma.
adjectives_007	adjectives	4297	betont	cefrLevel	medium	cefr	A1	B2 or higher	"The adjective senses ""emphasised/accentuated"" and the relevant participial use are grossly too advanced for an A1 deck."
adjectives_007	adjectives	4309	dunkelhäutig	english	low	gloss	dark-skinned/swart/swarthy	dark-skinned	"""Swart"" is archaic and ""swarthy"" is dated and potentially offensive; they are poor choices for learners."
adjectives_007	adjectives	4313	einsichtig	english	high	gloss	insightful/sensible/understandable	reasonable / willing to see reason; understandable/comprehensible (of a point)	"""Insightful"" is a false friend (normally einsichtsreich); einsichtig describes willingness to accept reason or something readily comprehensible."
adjectives_007	adjectives	4334	geartet	english	low	gloss	natured	of a particular kind/nature; usually so/anders/ähnlich geartet	"""Natured"" is not a useful standalone gloss and the German is normally used with a specifying modifier."
adjectives_007	adjectives	4337	gefleckt	cefrLevel	medium	cefr	C1	B1–B2	"This concrete, transparent word for ""spotted/mottled"" is grossly over-levelled at C1."
adjectives_007	adjectives	4339	gelangweilt	cefrLevel	medium	cefr	C1	A2–B1	"""Bored"" is basic everyday vocabulary and grossly over-levelled at C1."
adjectives_007	adjectives	4349	gesellschaftsrechtlich	english	low	gloss	corporate law	relating to corporate/company law	The current English is a noun phrase rather than an adjective gloss.
adjectives_007	adjectives	4356	haargenau	english	low	gloss	to a hair	exact / precise / exactly	"""To a hair"" is rare and opaque to modern British learners, while the everyday sense is simply ""exact""."
adjectives_007	adjectives	4357	halbiert	word	high	notadj	halbiert — halved	remove from the adjective bank; it is the regular result participle of halbieren	"It contributes no lexical adjective sense beyond ""having been halved"" and is ordinary participial contamination."
adjectives_007	adjectives	4363	hellenistisch	english	low	gloss	Hellenistic/Hellenistical	Hellenistic	"""Hellenistical"" is an obsolete/nonstandard-looking variant that only clutters a learner gloss."
adjectives_007	adjectives	4364	herstellerübergreifend	english	low	gloss	cross-manufacturer	across manufacturers / manufacturer-independent / multi-vendor	"""Cross-manufacturer"" is an unnatural calque."
adjectives_007	adjectives	4366	hochbetagt	english	low	gloss	elderly	very elderly / of advanced age	"Plain ""elderly"" loses the intensifying hoch-."
adjectives_007	adjectives	4380	jubelnd	word	high	notadj	jubelnd — cheering/jubilant	remove from the adjective bank; teach jubeln and derive its present participle	In uses such as jubelnde Fans this is the ordinary Partizip I denoting an ongoing action, not a lexical adjective lemma.
adjectives_007	adjectives	4395	kratzfest	english	high	gloss	scratch-proof	scratch-resistant	"-fest normally promises resistance, not absolute immunity; ""scratch-proof"" teaches a materially stronger and often false claim."
adjectives_007	adjectives	4410	literaturwissenschaftlich	english	low	gloss	literary studies	relating to literary studies / literary-scholarly	The current English is the name of a field, not an adjective.
adjectives_007	adjectives	4415	mau	english	medium	gloss	poorly/queasy	poor / weak / mediocre; queasy or under the weather	"The common evaluative sense (a weak performance, poor result, etc.) is missing, and bare ""poorly"" is ambiguous."
adjectives_007	adjectives	4423	netzpolitisch	english	low	gloss	internet-policy	relating to internet/digital policy	The current hyphenated fragment is not natural standalone English.
adjectives_007	adjectives	4427	obligat	english	medium	gloss	inevitable/obligatory	obligatory / mandatory; obligate (biology)	"""Inevitable"" is not a general equivalent and conceals the important technical ""obligate"" sense."
adjectives_007	adjectives	4442	rechtsfrei	english	medium	gloss	extra-judicial/extralegal/lawless	not governed by law / in a legal vacuum / lawless	"""Extrajudicial"" means outside judicial proceedings or authority and is not equivalent to rechtsfrei."
adjectives_007	adjectives	4451	schadstoffarm	english	medium	gloss	poor in/low in harmful substance	low-emission / low-pollutant / containing few pollutants	The generated singular calque is unidiomatic and misses the usual emissions/product sense.
adjectives_007	adjectives	4453	schneereich	english	low	gloss	rich in snow	snowy / with heavy or abundant snowfall	"""Rich in snow"" is an unnatural word-for-word gloss."
adjectives_007	adjectives	4457	sehnlich	english	low	gloss	ardent/ardently/fervent	ardent / fervent / heartfelt	"""Ardently"" is an adverb, and the common restricted collocation sehnlicher Wunsch should be modelled clearly."
adjectives_007	adjectives	4460	semesterbegleitend	english	low	gloss	semester-accompanying	running throughout/accompanying the semester	"""Semester-accompanying"" is not idiomatic English."
adjectives_007	adjectives	4469	summarisch	english	medium	gloss	summary/cumulative	summary / cursory / concise	"""Cumulative"" is not a general sense of summarisch and risks confusion with kumulativ."
adjectives_007	adjectives	4498	ungeschickt	cefrLevel	medium	cefr	C1	A2–B1	"""Clumsy/awkward"" is common basic vocabulary and grossly over-levelled at C1."
adjectives_007	adjectives	4499	ungewünscht	word	medium	junk	ungewünscht — unasked-for/unwanted	remove this marginal duplicate and teach the standard unerwünscht	The bank already contains unerwünscht; this far less standard formation adds a confusing near-duplicate rather than useful learner vocabulary.
adjectives_007	adjectives	4521	vitaminreich	english	low	gloss	rich in vitamin	vitamin-rich / rich in vitamins	The English requires the plural or the compound adjective.
adjectives_007	adjectives	4530	wirklichkeitsnah	english	low	gloss	near/close to reality	realistic / true to life	The current literal phrase is understandable but not the idiomatic English equivalent.
adjectives_007	adjectives	4540	abfallrechtlich	english	low	gloss	waste-law	relating to waste law/regulation	The current fragment is not a natural standalone English adjective gloss.
adjectives_007	adjectives	4544	adipös	english	medium	gloss	adipose/obese	obese (medical)	"English ""adipose"" describes fatty tissue, not an obese person; including it creates a false-friend trap."
adjectives_007	adjectives	4546	aktenkundig	english	low	gloss	on records	on record / documented in the files	"""On records"" is unidiomatic and uses the wrong number."
adjectives_007	adjectives	4558	antragsgemäß	english	low	gloss	in accordance with application	in accordance with the application/request / as requested	The English is missing a determiner and reads like a machine-generated fragment.
adjectives_007	adjectives	4565	außenstehend	english	medium	gloss	outside/external	uninvolved / an outsider / not belonging to the group concerned	"The word normally describes a person who is not involved; generic ""outside/external"" teaches too broad a meaning."
adjectives_007	adjectives	4566	außenwirtschaftlich	english	low	gloss	foreign-trade	relating to foreign trade/external economic policy	The current fragment is not a self-contained English gloss.
adjectives_007	adjectives	4572	befüllt	word	high	notadj	befüllt — filled	remove from the adjective bank; teach it as the regular Partizip II of befüllen	It is an ordinary result participle with no independent lexical adjective sense.
adjectives_007	adjectives	4585	bitterkalt	cefrLevel	medium	cefr	C1	B1–B2	"This transparent everyday compound meaning ""bitterly cold"" is grossly over-levelled at C1."
adjectives_007	adjectives	4591	dement	english	high	gloss	demented	having dementia / affected by dementia	"Modern English ""demented"" usually means crazed or wildly irrational and is a misleading, stigmatising false friend for the German medical adjective."
adjectives_007	adjectives	4608	fahrtüchtig	english	medium	gloss	fit to drive	fit to drive (person); roadworthy/operational (vehicle)	The current gloss omits the common vehicle sense and therefore gives an incomplete learner model.
adjectives_007	adjectives	4616	fraktionslos	english	medium	gloss	without/free of faction	not belonging to a parliamentary group / non-affiliated (of an MP)	"""Faction"" is a misleading literal rendering of Fraktion in its normal parliamentary sense."
adjectives_007	adjectives	4617	frauenpolitisch	english	low	gloss	women's-policy	relating to policy on women's issues	The current hyphenated calque is not idiomatic English.
adjectives_007	adjectives	4625	gehäkelt	word	high	notadj	gehäkelt — crocheted	remove from the adjective bank; teach it as the regular Partizip II of häkeln	This is merely a productive material/result participle (a crocheted item), not an independently lexicalised adjective lemma.
adjectives_007	adjectives	4626	genehmigungsfrei	english	medium	gloss	free of approval	not requiring approval/permission / approval-exempt	"""Free of approval"" is not idiomatic and can suggest absence of an approval already granted rather than absence of a requirement."
adjectives_007	adjectives	4628	gesalzen	english	low	gloss	salted	salted; steep/exorbitant (price or bill)	The frequent figurative sense in gesalzene Preise/eine gesalzene Rechnung is missing.
adjectives_007	adjectives	4630	gesinnt	english	medium	gloss	leaning/minded/of one mind for	minded/disposed; usually in compounds or jemandem gut/böse gesinnt (+ dative)	"""Of one mind for"" is not English, and the gloss fails to show the word's restricted constructions and dative complement."
adjectives_007	adjectives	4644	hemmend	english	medium	gloss	clogging/debilitating/inhibiting	inhibiting / hindering / restraining	"""Clogging"" and ""debilitating"" are not general equivalents and distract from the straightforward sense."
adjectives_007	adjectives	4647	hochprozentig	english	low	gloss	high-proof	strong / high-alcohol (of a drink); high-proof (US)	"""High-proof"" is chiefly American usage and is a poor sole gloss for British-English learners."
adjectives_007	adjectives	4648	hochschwanger	english	low	gloss	advanced in pregnancy	heavily pregnant / in an advanced stage of pregnancy	The current phrase is unnatural when applied to a person.
adjectives_007	adjectives	4655	intergeschlechtlich	english	low	gloss	intersexual	intersex	"""Intersex"" is the current standard term; ""intersexual"" is dated and can be misleading."
adjectives_007	adjectives	4656	intestinal	english	medium	gloss	enteral/intestinal	intestinal	"""Enteral"" concerns delivery through the gastrointestinal tract and is not a general synonym for ""intestinal""."
adjectives_007	adjectives	4662	kapverdisch	english	low	spelling	Capeverdean	Cape Verdean	The English demonym is written as two words.
adjectives_007	adjectives	4671	komplikationslos	english	low	gloss	without/free of complication	uncomplicated / without complications	The singular template phrase is unnatural English.
adjectives_007	adjectives	4675	konträr	english	medium	gloss	adverse/contrarian/contrary	contrary / diametrically opposed	"""Adverse"" and ""contrarian"" are not general equivalents of konträr."
adjectives_007	adjectives	4681	landespolitisch	english	low	gloss	state-political	relating to state-level/regional politics	"""State-political"" is an unnatural calque and does not explain that Land normally means a German federal state here."
adjectives_007	adjectives	4687	liquide	english	low	gloss	liquid	liquid / solvent (financially)	The translation is defensible in finance but needs a domain cue; otherwise learners are likely to infer the physical-liquid sense.
adjectives_007	adjectives	4703	nachrichtendienstlich	english	low	gloss	intelligence (service)	relating to an intelligence service / intelligence-service	The current gloss is a noun phrase, not an adjective.
adjectives_007	adjectives	4716	orientierungslos	english	medium	gloss	without/free of orientation	disoriented / lost / directionless	The literal template is not idiomatic English and misses the everyday human sense.
adjectives_007	adjectives	4728	privatärztlich	english	low	gloss	private-medical	relating to private medical treatment/a private doctor	"""Private-medical"" is not a natural standalone English adjective."
adjectives_007	adjectives	4731	pubertär	english	medium	gloss	pubescent	adolescent / puberty-related / typical of puberty	"English ""pubescent"" means entering puberty (and has a separate hair-covered sense); German pubertär commonly characterises adolescent behaviour."
adjectives_007	adjectives	4729	proeuropäisch	english	low	spelling	pro-european	pro-European	The proper adjective European is capitalised in English.
adjectives_007	adjectives	4735	randständig	english	medium	gloss	marginalised	peripheral / marginal; marginalised (of a social group)	The current gloss gives only one social interpretation and omits the basic spatial/structural sense.
adjectives_007	adjectives	4736	rassisch	english	medium	gloss	racial	racial (dated/problematic in biological classifications)	The translation is literal, but the missing register warning risks teaching an unmarked term associated with obsolete racial classification.
adjectives_007	adjectives	4737	rechtskonservativ	english	low	gloss	right-conservative	right-wing conservative	"""Right-conservative"" is not idiomatic English."
adjectives_007	adjectives	4738	rechtspolitisch	english	medium	gloss	of judicial policy	relating to legal/law policy	Rechtspolitik concerns policy on law and legal reform, not specifically judicial policy or judges.
adjectives_007	adjectives	4739	recycelbar	cefrLevel	medium	cefr	C1	B1–B2	This common, transparent environmental term is used in B1 materials and is grossly over-levelled at C1.
adjectives_007	adjectives	4741	regierungsnah	english	medium	gloss	near/close to government	pro-government / government-affiliated / close to the government	Without the article or an alignment label, the current phrase reads as physical proximity rather than political closeness.
adjectives_007	adjectives	4747	salafistisch	english	low	gloss	Salafistic	Salafist / Salafi	"""Salafistic"" is nonstandard English."
adjectives_007	adjectives	4757	schwachsinnig	english	medium	gloss	foolish/soft in the head/weak-minded	idiotic/stupid (insulting); intellectually disabled (dated and offensive historical use)	"The entry needs a strong usage warning; ""soft in the head"" and ""weak-minded"" are dated euphemisms that conceal the German word's offensiveness."
adjectives_007	adjectives	4766	sixtinisch	english	low	spelling	sistine	Sistine	The English proper adjective is capitalised.
adjectives_007	adjectives	4775	stadtnah	english	medium	gloss	near/close to centre	close to town/the city / near the urban area	Stadt means town/city, not specifically its centre; a suburban place can be stadtnah without being central.
adjectives_007	adjectives	4776	steinzeitlich	english	low	spelling	stone-age	Stone Age / dating from the Stone Age	The name of the historical period is capitalised, and the bare lowercase compound is poor learner English.
adjectives_007	adjectives	4791	tollpatschig	cefrLevel	medium	cefr	C1	B1–B2	"This common everyday word for ""clumsy"" is grossly over-levelled at C1."
adjectives_007	adjectives	4792	topisch	english	medium	gloss	topical	topical/local (medicine); topic-related (rhetoric/linguistics)	"Bare English ""topical"" strongly suggests ""currently relevant"" to learners, a sense the German word does not generally have."
adjectives_007	adjectives	4796	überaltert	english	low	gloss	over-aged	ageing / with an excessively high average age / overage	"""Over-aged"" is unnatural and fails to express the common demographic sense."
adjectives_007	adjectives	4797	überirdisch	english	medium	gloss	celestial/superlunary/unearthly	above ground / overground; heavenly/supernatural	The common concrete opposite of unterirdisch is entirely missing, while the list leads with rare literary senses.
adjectives_007	adjectives	4816	unkommentiert	english	low	gloss	uncommented	without comment / unaccompanied by commentary	"""Uncommented"" is uncommon and liable to be read as a programming term."
adjectives_007	adjectives	4824	unumwunden	english	low	gloss	frankly/candidly	frank / candid / direct	Both current equivalents are adverbs although the item is presented as an adjective lemma.
adjectives_007	adjectives	4828	unzerkaut	word	high	notadj	unzerkaut — unchewed	remove from the adjective bank; it is a freely generated negated participle of zerkauen	This is a transparent one-off result form, not a lexical adjective worth teaching as an independent lemma.
adjectives_007	adjectives	4834	versicherungstechnisch	english	low	gloss	insurance-technical	actuarial / relating to insurance practice	"""Insurance-technical"" is an unnatural calque."
adjectives_007	adjectives	4837	verwahrlost	english	medium	gloss	desolate/unkempt	neglected / run-down / derelict; unkempt (person)	"""Desolate"" means bleak, barren or lonely and is not a general equivalent of verwahrlost."
adjectives_007	adjectives	4840	verzögerungsfrei	english	low	gloss	instantaneous/without delay	without delay / latency-free	"""Instantaneous"" overstates the claim; a process can be verzögerungsfrei without literally taking no time."
adjectives_007	adjectives	4843	volkskundlich	english	low	gloss	ethnographic/folklore	relating to folklore/ethnology / folkloristic	"Bare ""folklore"" is a noun and ""ethnographic"" is broader than Volkskunde without a domain cue."
adjectives_007	adjectives	4847	wartungsarm	english	medium	gloss	poor in/low in maintenance	low-maintenance / requiring little maintenance	The literal template is not idiomatic English and can imply that maintenance quality is poor.
adjectives_007	adjectives	4865	abgrenzbar	english	medium	gloss	definable/delimitable/estimable	distinguishable / delimitable / able to be demarcated	"""Estimable"" corresponds to abschätzbar, not abgrenzbar, and teaches a false extra sense."
adjectives_007	adjectives	4867	abtrünnig	english	low	gloss	apostate/renegade/schismatical	apostate / renegade / defecting	"""Schismatical"" is obsolete/nonstandard learner English."
adjectives_007	adjectives	4873	affin	english	medium	gloss	affine/similar	closely related / having an affinity; affine (mathematics)	"English ""affine"" is chiefly mathematical and is not a general equivalent for the German relationship sense; plain ""similar"" is too weak."
adjectives_007	adjectives	4876	allabendlich	english	low	gloss	every evening	nightly / occurring every evening	The current phrase is adverbial and does not model the word's attributive use.
adjectives_007	adjectives	4877	altersmäßig	english	low	gloss	in terms of age	age-related / by age / in terms of age	Only an adverbial phrase is supplied for an adjective that also occurs attributively.
adjectives_007	adjectives	4889	atomwaffenfrei	english	low	gloss	free of atomic weapon	nuclear-weapon-free / free of nuclear weapons	The English has the wrong number and uses less natural modern terminology.
adjectives_007	adjectives	4890	ausbaufähig	english	medium	gloss	capable of extension	capable of being developed/expanded; with room for improvement	The current literal gloss misses the common evaluative sense that something can still be improved.
adjectives_007	adjectives	4891	ausnehmend	english	low	gloss	exceedingly	exceptional / remarkable; exceedingly (adverbial use)	The gloss gives only the adverbial use and does not support the adjective lemma shown.
adjectives_007	adjectives	4892	auszugsweise	english	low	gloss	in extracts	excerpted / in extract(s)	The current gloss is only adverbial and does not model attributive uses such as auszugsweise Veröffentlichung.
adjectives_007	adjectives	4898	beherrscht	english	low	gloss	controlled	self-controlled / composed; controlled	"For a person, the lexical adjective means composed or self-controlled; bare ""controlled"" can wrongly suggest control by someone else."
adjectives_007	adjectives	4900	bescheuert	english	low	gloss	dumb/stupid	stupid / idiotic (colloquial, disparaging)	The meanings are right, but the missing register label makes a rude colloquial word look neutral.
adjectives_008	adjectives	4949	erstarkend	word	high	notadj	"`erstarkend` — ""growing stronger"""	remove from the adjective bank and teach under the verb `erstarken`	This is the transparent present participle of `erstarken`, not an independently lexical adjective lemma.
adjectives_008	adjectives	4953	extrovertiert	cefrLevel	low	cefr	C1	approximately B2	This common internationalism is routine intermediate personality vocabulary, so C1 materially overstates its difficulty.
adjectives_008	adjectives	4959	filmreif	english	low	gloss	"""film-worthy/Oscar-worthy"""	"""cinematic; worthy of/like something from a film"""	"`filmreif` can describe a scandal, escape or scene without implying artistic excellence, so ""Oscar-worthy"" adds an unjustified positive meaning."
adjectives_008	adjectives	4974	geruchsneutral	english	low	gloss	"""unscented"""	"""odourless/odour-neutral"""	"""Unscented"" normally means that no fragrance was added, whereas `geruchsneutral` says that something has no noticeable or characteristic odour."
adjectives_008	adjectives	4982	gruppendynamisch	english	low	gloss	"""group-dynamic"""	"""relating to group dynamics/group-dynamics-related"""	"""Group-dynamic"" is not a normal standalone British-English equivalent and gives the learner an unnatural model."
adjectives_008	adjectives	4984	gutachtlich	english	low	gloss	"""expert/advisory"""	"""in the form of/based on an expert opinion or assessment"""	The current adjectives are too broad and do not convey the defining relation to a `Gutachten`.
adjectives_008	adjectives	5005	inständig	english	medium	gloss	"""urgent"""	"""earnest/imploring; earnestly"""	`inständig` describes the fervent, pleading manner of a request, not urgency in general (`dringend`).
adjectives_008	adjectives	5020	klappernd	word	high	notadj	"`klappernd` — ""clattering/rattling"""	remove from the adjective bank and teach under `klappern`	The row is merely the productive present participle of `klappern`, with no lexical adjective sense.
adjectives_008	adjectives	5028	kopfschüttelnd	word	high	notadj	"`kopfschüttelnd` — ""shaking one's head"""	remove from the adjective bank and teach it as the participial construction `den Kopf schüttelnd`	This is a compositional present participle describing an accompanying action, not an adjective lemma.
adjectives_008	adjectives	5044	medienwirksam	english	low	gloss	"""media-effective"""	"""effective in attracting media attention/publicity-generating"""	"""Media-effective"" is an unidiomatic calque and does not clearly explain the German meaning."
adjectives_008	adjectives	5045	mehrdeutig	english	medium	gloss	"""ambiguous/ambivalent/equivocal"""	"""ambiguous/equivocal/having more than one meaning"""	"""Ambivalent"" means having mixed feelings (`zwiespältig`), not having multiple possible meanings."
adjectives_008	adjectives	5107	schadstoffhaltig	english	low	gloss	"""containing harmful substance"""	"""containing pollutants/harmful substances"""	"The countable singular is ungrammatical without an article and is less precise than the normal environmental term ""pollutants""."
adjectives_008	adjectives	5169	unternehmungslustig	english	medium	gloss	"""enterprising"""	"""adventurous/keen to go out and do things"""	"`unternehmungslustig` denotes eagerness for activities and outings; ""enterprising"" instead suggests initiative and resourcefulness (`unternehmend`)."
adjectives_008	adjectives	5180	verfahrensrechtlich	english	medium	gloss	"""procedural"""	"""relating to procedural law/as a matter of procedural law"""	"The German specifically concerns the law of procedure, while bare ""procedural"" also covers any process or procedure."
adjectives_008	adjectives	5196	volkseigen	english	medium	gloss	"""owned by the people"""	"""state-owned/publicly owned (especially in the former GDR)"""	This is a historical-political term for state ownership, particularly GDR ownership, not an ordinary literal claim that the people own something.
adjectives_008	adjectives	5198	vorhergesagt	word	high	notadj	"`vorhergesagt` — ""predicted/projected"""	remove from the adjective bank and teach as the past participle of `vorhersagen`	This is a regular verbal participle with no independently lexical adjective sense in the supplied gloss.
adjectives_008	adjectives	5206	weitverzweigt	english	low	gloss	"""widely ramified"""	"""extensive/far-reaching; having many branches"""	"Although technically possible, ""widely ramified"" is highly unnatural general learner English for networks, organisations and family connections."
adjectives_008	adjectives	5213	wissentlich	english	low	gloss	"""knowingly"""	"""knowing/deliberate; knowingly"""	The current value gives only the adverb, omitting the normal adjective in phrases such as `eine wissentliche Falschaussage`.
adjectives_008	adjectives	5214	witterungsbedingt	english	low	gloss	"""conditioned by atmospheric conditions"""	"""weather-related/caused by the weather"""	The current rendering is an opaque, unidiomatic calque rather than usable British English.
adjectives_008	adjectives	5232	abwaschbar	cefrLevel	medium	cefr	C1	approximately A2–B1	This transparent, everyday adjective for washable surfaces and materials is several stages below C1.
adjectives_008	adjectives	5238	amtsfrei	english	medium	gloss	"""free of office"""	"""not belonging/subordinate to an `Amt` (a German administrative district)"""	The current literal gloss is not idiomatic English and misses the specialised German administrative meaning.
adjectives_008	adjectives	5303	dreistöckig	english	low	spelling	"""three-story"""	"""three-storey"""	The bank is for British-English speakers, for whom the building noun is spelled `storey`, not `story`.
adjectives_008	adjectives	5305	drittletzte	word	high	notadj	`drittletzte`	"use the uninflected lemma `drittletzt` (""third from last/antepenultimate"")"	The final `-e` is an adjective inflection, so the stored headword is an inflected attributive form rather than the lemma.
adjectives_008	adjectives	5328	erstrebt	word	high	notadj	"`erstrebt` — ""desired/pursued/strived"""	"remove from the adjective bank and teach under `erstreben`; use `erstrebenswert` for the lexical adjective ""desirable"""	`erstrebt` is simply the past participle of `erstreben`, and the supplied gloss gives only verbal-result meanings.
adjectives_008	adjectives	5330	exterritorial	english	low	gloss	"""exterritorial"""	"""extraterritorial"""	"""Exterritorial"" exists only as a very rare variant; ""extraterritorial"" is the standard modern learner equivalent."
adjectives_008	adjectives	5332	fälschlich	english	low	gloss	"""falsely/incorrectly"""	"""mistaken/erroneous; falsely/incorrectly"""	The entry supplies only adverbs even though attributive adjective uses such as `die fälschliche Annahme` need an adjective equivalent.
adjectives_008	adjectives	5335	fernmündlich	english	low	gloss	"""by telephone (formal/official register)"""	"""telephone/by telephone (formal/official register)"""	"The current adverbial phrase does not model attributive uses such as `eine fernmündliche Bestellung` (""a telephone order"")."
adjectives_008	adjectives	5349	fußend	word	high	notadj	"`fußend` — ""based on"""	remove from the adjective bank and teach the verbal construction `auf etwas fußen`	This is the productive present participle of `fußen` and cannot be used with the supplied sense without its governed `auf` phrase.
adjectives_008	adjectives	5351	gebärfähig	english	medium	gloss	"""of childbearing age"""	"""capable of bearing/giving birth to a child"""	Being of childbearing age does not itself mean being physically capable of giving birth, which is what `gebärfähig` states.
adjectives_008	adjectives	5364	gesprenkelt	english	low	spelling	"""dappled/flecked/mottle-coloured"""	"""dappled/flecked/mottled"""	"""Mottle-coloured"" is malformed English; the adjective is ""mottled""."
adjectives_008	adjectives	5376	grässlich	english	low	gloss	"""grisly/hideous"""	"""horrible/awful/hideous"""	"""Grisly"" specifically evokes gruesome horror and is not the ordinary equivalent of the much broader `grässlich`."
adjectives_008	adjectives	5383	handbemalt	english	low	spelling	"""handpainted"""	"""hand-painted"""	Standard British English hyphenates this compound adjective.
adjectives_008	adjectives	5394	hocheffektiv	cefrLevel	low	cefr	C1	approximately B2	The transparent combination of common `hoch` and international `effektiv` is normal intermediate vocabulary, not specifically C1.
adjectives_008	adjectives	5397	hochgezogen	word	high	notadj	"`hochgezogen` — ""raised/pulled up"""	remove this generic action-result entry and teach it as the past participle of `hochziehen`	The gloss represents only the compositional verbal participle, with no independent lexical adjective sense.
adjectives_008	adjectives	5413	kalorienreich	english	low	gloss	"""rich in calorie"""	"""high-calorie/rich in calories"""	"English requires the plural ""calories"" in this construction; the current wording is ungrammatical."
adjectives_008	adjectives	5415	kambodschanisch	english	medium	gloss	"""Cambodian/Khmer"""	"""Cambodian"""	"""Khmer"" refers specifically to the Khmer people, culture or language and is not interchangeable with the country adjective ""Cambodian"" in every context."
adjectives_008	adjectives	5419	kerngesund	cefrLevel	low	cefr	C1	approximately B2	"This transparent and fairly common intensifying compound for ""perfectly healthy"" does not warrant a C1-only placement."
adjectives_008	adjectives	5429	konzentrisch	english	low	gloss	"""concentric/concentrical"""	"""concentric"""	"""Concentrical"" is an uncommon variant and is poor active English vocabulary when the normal equivalent is simply ""concentric""."
adjectives_008	adjectives	5469	monastisch	english	low	gloss	"""monastic/monastical/monastically"""	"""monastic"""	"""Monastical"" is rare and ""monastically"" is an adverb; neither improves the clear standard adjective ""monastic"" for a learner."
adjectives_008	adjectives	5480	niederschlagsarm	english	low	gloss	"""low in precipitation/dry"""	"""low-rainfall/dry"""	"""Low in precipitation"" is an unnatural calque; ""low-rainfall"" is the idiomatic attributive equivalent."
adjectives_008	adjectives	5486	oll	english	low	gloss	"""old"""	"""old/shabby/lousy (colloquial, especially northern German)"""	The bare gloss hides the word's strongly colloquial/regional character and its frequent disparaging sense.
adjectives_008	adjectives	5528	rothaarig	english	low	gloss	"""redheaded"""	"""red-haired"""	"""Red-haired"" is the natural neutral British-English adjective; the current unhyphenated form is predominantly American and a poorer model for this audience."
adjectives_008	adjectives	5536	schmierig	english	medium	gloss	"""dirty/filthy/greasy"""	"""greasy/slimy; sleazy/smarmy"""	"Generic ""dirty/filthy"" misses both the literal greasy/slimy quality and the very common figurative sense for an unpleasantly ingratiating or disreputable person."
adjectives_008	adjectives	5547	seelenruhig	english	low	gloss	"""placid"""	"""completely calm/unruffled"""	"`seelenruhig` usually describes remaining utterly unperturbed in a situation, whereas ""placid"" more often describes a generally mild temperament."
adjectives_008	adjectives	5558	spätsommerlich	english	low	gloss	"""late summer"""	"""late-summer/typical of late summer"""	The current noun phrase does not give an English adjective usable for weather, light or atmosphere.
adjectives_008	adjectives	5566	stichpunktartig	english	low	gloss	"""in bullet points"""	"""in bullet-point form/bullet-pointed; in bullet points"""	Only the adverbial rendering is supplied for an entry in the adjective bank.
adjectives_008	adjectives	5567	stichwortartig	english	low	gloss	"""in keywords/briefly"""	"""keyword-style/outline-like; in keywords/briefly"""	Both current equivalents are adverbial and leave attributive uses without a usable adjective.
adjectives_008	adjectives	5573	suizidgefährdet	english	low	gloss	"""suicidal/at risk of suicide"""	"""at risk of suicide"""	"`suizidgefährdet` is a risk assessment and does not necessarily assert current suicidal intent, which bare ""suicidal"" can imply."
adjectives_008	adjectives	5576	taff	english	low	gloss	"""demanding/tough"""	"""tough/resilient/capable"""	`taff` characterises a robust, self-assured person or manner; it does not ordinarily mean that a task is demanding.
adjectives_008	adjectives	5579	tausendjährig	english	low	gloss	"""thousand-year-old/millennial"""	"""a thousand years old/lasting a thousand years"""	"For modern learners ""millennial"" primarily evokes a generation or something relating to a millennium and is an ambiguous active equivalent here."
adjectives_008	adjectives	5596	überlebensgroß	english	medium	gloss	"""larger-than-life"""	"""larger than life-size/larger than actual size"""	"The German normally describes physical scale; hyphenated English ""larger-than-life"" commonly has the figurative sense of an unusually vivid personality."
adjectives_009	adjectives	5603	unaufschiebbar	english	low	gloss	not postponable	unable to be postponed; urgent	The current rendering is understandable but unidiomatic and omits the frequent sense “urgent”.
adjectives_009	adjectives	5619	unkundig	english	low	gloss	unknowledgeable	ignorant; unfamiliar/unacquainted (with something)	“Unknowledgeable” is rare and gives no guidance on the usual construction or sense.
adjectives_009	adjectives	5623	unrecht	cefrLevel	medium	cefr	C1	B1 (or leave unset)	This is a common basic adjective in expressions such as “Das ist unrecht”; C1 would badly delay it for learners.
adjectives_009	adjectives	5657	wartungsfrei	english	low	gloss	free of maintenance	maintenance-free	The current phrase is an unnatural English calque.
adjectives_009	adjectives	5659	weißrussisch	english	low	gloss	Belarusian	Belarusian (traditional/now often avoided; prefer **belarussisch**)	The meaning is right, but the learner receives no warning that this older label is increasingly replaced by “belarussisch”, which also occurs later in this batch.
adjectives_009	adjectives	5661	wesensmäßig	english	medium	gloss	by nature/essentially	essential; inherent; relating to someone’s or something’s nature/character	Both current equivalents are adverbial; they do not teach the adjective’s attributive meaning.
adjectives_009	adjectives	5671	wohnhaft	cefrLevel	medium	cefr	C1	B1/B2	This formal but routine address and residence word (“wohnhaft in”) is encountered well before C1.
adjectives_009	adjectives	5648	vibrierend	word, english	high	notadj	vibrierend — vibrating	remove from the adjective bank, or replace with the verb **vibrieren**; retain only with a genuinely lexical adjectival sense such as “vibrant/thrumming”	As glossed, this is merely the productive present participle “vibrating”, not an independent adjective lemma.
adjectives_009	adjectives	5727	astrein	english	medium	gloss	cool	flawless/impeccable; excellent/first-rate; colloquially also cool	“Cool” covers only a colloquial use and suppresses the central senses.
adjectives_009	adjectives	5709	anästhesiologisch	english	low	spelling	anesthesiologic/anesthesiological	anaesthesiological (British English)	Both stored variants use American spelling in a British-English learner bank.
adjectives_009	adjectives	5733	aufkeimend	word, english	high	notadj	aufkeimend — budding/burgeoning/germinal	remove from the adjective bank; teach **aufkeimen** as the verb, or use an established adjective such as **beginnend** where appropriate	This is the transparent eventive present participle of “aufkeimen”, not a lexical adjective lemma.
adjectives_009	adjectives	5735	aufreibend	english	low	spelling	grueling	gruelling	The stored spelling is American; British English normally doubles the l.
adjectives_009	adjectives	5757	beratungsresistent	english	medium	gloss	fixed in one's views	impervious/unreceptive to advice; unwilling to take advice	Someone can be fixed in their views without resisting advice; the compound specifically concerns refusal to accept advice.
adjectives_009	adjectives	5759	beschlagen	english	medium	gloss	knowledgeable/well-versed	fogged/misted up; coated/fitted; figuratively knowledgeable/well-versed (in something)	The gloss presents only the figurative sense and omits the very common physical sense of windows or glasses fogging up.
adjectives_009	adjectives	5772	blitzartig	english	medium	gloss	lightning-fast	like a flash; sudden/lightning-like; sometimes lightning-fast	The word primarily describes a sudden, flash-like occurrence and does not always mean high speed; that narrower sense is “blitzschnell”.
adjectives_009	adjectives	5792	dingfest	word, english	high	notadj	dingfest — arrest/come to grips/master	remove as a standalone adjective; teach the fixed expression **jemanden/etwas dingfest machen** (“arrest/catch someone; pin something down”)	“Dingfest” is phrase-bound, while all three stored English items are verb phrases and cannot serve as an adjective gloss.
adjectives_009	adjectives	5805	duftig	english	medium	gloss	airy/gossamer/delicate; (rarer) fragrant	airy/gossamer-delicate/light	In current standard usage this means delicately light or diaphanous; presenting “fragrant” as a sense invites confusion with “duftend”.
adjectives_009	adjectives	5840	faltenfrei	english	low	gloss	free of fold	crease-free/wrinkle-free	“Free of fold” is not idiomatic English and uses the wrong number/collocation.
adjectives_009	adjectives	5861	fressend	word, english	high	notadj	fressend — feeding/gorging	remove from the adjective bank and teach **fressen** as a verb	This is an ordinary eventive present participle with no lexical adjectival meaning in the supplied gloss.
adjectives_009	adjectives	5872	gegenstandslos	english	medium	gloss	invalid	moot; no longer applicable/relevant; without an object/basis	“Invalid” is only possible in restricted contexts and is too broad to teach as the general equivalent.
adjectives_009	adjectives	5923	herbeigerufen	word, english	high	notadj	herbeigerufen — summoned/called for	remove from the adjective bank and teach **herbeirufen** as the verb	This is a transparent eventive past participle, not an independent adjective lemma.
adjectives_009	adjectives	5962	internal	english	high	gloss	internal	internalised; inward/inner (specialist or formal)	German “internal” does not normally mean English “internal” (that is “intern”); the identical-looking gloss teaches a false friend.
adjectives_009	adjectives	5975	kirchengeschichtlich	english	low	gloss	church historical	relating to church/ecclesiastical history	“Church historical” is not natural English.
adjectives_009	adjectives	5994	kostenträchtig	english	low	gloss	cost-intensive	costly/expensive	“Cost-intensive” is an avoidable German-influenced calque and poor learner English.
adjectives_009	adjectives	6042	morbide	word	high	spelling	morbide	morbid	“Morbide” is an inflected form (for example, “eine morbide Gesellschaft”); the citation lemma is “morbid”.
adjectives_009	adjectives	6047	musiktheoretisch	english	low	gloss	music-theoretical	relating to music theory; theoretical (in music)	The stored compound is an unnatural English calque.
adjectives_009	adjectives	6059	nervtötend	english	medium	gloss	nerve-wracking	extremely annoying/irritating; maddening	The German word means that something gets on one’s nerves, not chiefly that it causes anxiety; “nerve-wracking” is also the less standard spelling of “nerve-racking”.
adjectives_009	adjectives	6099	porenfrei	english	low	gloss	free of pore	pore-free/non-porous	The current English is unidiomatic.
adjectives_009	adjectives	6103	prim	english, cefrLevel	medium	cefr	prime; A2	prime (mathematics); leave CEFR unset or assign only in a specialist deck	This is a technical mathematical predicative adjective, not the general English adjective “prime”; A2 without a domain label is grossly misleading.
adjectives_009	adjectives	6117	rätoromanisch	english	low	gloss	Rhaeto-Romanic	Romansh; Rhaeto-Romanic	The current learned term is valid but omits the standard learner-friendly English name “Romansh”.
adjectives_009	adjectives	6150	säurefrei	english	low	gloss	free of acid	acid-free	The stored wording is an unnatural English calque.
adjectives_009	adjectives	6151	scharfsinnig	english	low	gloss	bright/clever	astute/discerning/keen-minded	The current words are too general and lose the sense of penetrating judgement.
adjectives_009	adjectives	6168	schwimmfähig	english	low	gloss	floatable	able to swim/float; buoyant	“Floatable” is uncommon and covers only part of the German word’s range.
adjectives_009	adjectives	6187	sportmedizinisch	english	low	gloss	sports-medical	relating to sports medicine	“Sports-medical” is not idiomatic general English.
adjectives_009	adjectives	6202	taubstumm	english	medium	gloss	deaf-mute	deaf and non-speaking (dated and widely considered inappropriate; normally use **gehörlos** where “deaf” is meant)	Both the German term and its literal English equivalent are outdated and can be offensive; they also wrongly suggest that deaf people cannot speak.
adjectives_009	adjectives	6273	unverdächtig	english	medium	gloss	unsuspected/unsuspicious	not under suspicion; above suspicion; innocuous/not suspicious	English “unsuspicious” can mean “not suspecting”, which is not the German meaning and creates a clear false-friend trap.
adjectives_009	adjectives	6286	vergesslich	cefrLevel	medium	cefr	C1	A2/B1	“Forgetful” is ordinary, concrete everyday vocabulary and is grossly over-levelled at C1.
adjectives_009	adjectives	6293	vermeidlich	english	high	gloss	supposed	avoidable (rare; normally **vermeidbar**)	“Supposed/alleged” translates “vermeintlich”; “vermeidlich” means capable of being avoided.
adjectives_010	adjectives	6323	wechselwarm	english	low	gloss	cold-blooded/poikilotherm/poikilothermic	cold-blooded/poikilothermic	`poikilotherm` is an English noun, not an adjective, and should not be mixed into an adjective gloss.
adjectives_010	adjectives	6335	wortgleich	english	medium	gloss	equally worded	identical in wording/word-for-word identical	“Equally worded” is unnatural and can suggest equal quality rather than the defining sense that the wording is identical.
adjectives_010	adjectives	6339	zahlungswirksam	english	medium	gloss	cash-effective	affecting cash flow/payments; cash-relevant	“Cash-effective” is not idiomatic English and does not clearly explain this accounting adjective.
adjectives_010	adjectives	6347	züchtig	english	medium	gloss	virtuous	chaste/modest/demure	The core modern sense concerns sexual chastity or modest appearance and behaviour; broad “virtuous” does not teach that important restriction.
adjectives_010	adjectives	6355	zweimonatlich	english	low	gloss	bimonthly	every two months/two-monthly	English “bimonthly” is ambiguous between twice a month and every two months, whereas the German here means every two months.
adjectives_010	adjectives	6361	abbezahlt	word	high	notadj	paid off	remove from the adjective bank and teach as the past participle of `abbezahlen`	The supplied sense is only the transparent result of the verb, not an independently lexical adjective lemma.
adjectives_010	adjectives	6366	abgefallen	word	high	notadj	fallen off/apostate	remove from the adjective bank and teach under `abfallen`	Both supplied readings are ordinary past-participle uses of `abfallen`, not a distinct adjective lemma.
adjectives_010	adjectives	6387	altfranzösisch	english	low	gloss	Old French/ancient French	Old French	Old French is a specific historical stage of the language; vague “ancient French” is not the standard linguistic term.
adjectives_010	adjectives	6446	beschützt	word	high	notadj	protected	remove from the adjective bank and teach as the past participle of `beschützen`	“Protected” gives only the productive passive/result meaning of the verb and no independently lexical adjective sense.
adjectives_010	adjectives	6453	beurkundet	word	high	notadj	officially recorded	remove from the adjective bank and teach as the past participle of `beurkunden`	This is an ordinary legal/administrative participle describing something that has been formally recorded.
adjectives_010	adjectives	6455	bewehrt	english	medium	gloss	armored/armoured/protected	reinforced; armed/armoured	The especially important technical sense is “reinforced”, as in `bewehrter Beton`; vague “protected” does not supply it.
adjectives_010	adjectives	6456	bewundert	word; english	high	notadj	admired/adored/renowned	remove from the adjective bank and teach as the past participle of `bewundern`	“Admired/adored” merely expresses the verb's passive result, while “renowned” additionally means famous and is not a reliable equivalent.
adjectives_010	adjectives	6458	bezeugt	word	high	notadj	evidenced/testified	remove from the adjective bank and teach as the past participle of `bezeugen`	The row contains only transparent participial meanings such as attested or evidenced, not an independent adjective lemma.
adjectives_010	adjectives	6463	bissfest	english	medium	gloss	al dente	firm to the bite; bite-resistant; al dente (of food)	`bissfest` is not confined to the culinary Italian sense and can also describe material or objects resistant to biting.
adjectives_010	adjectives	6474	bundesunmittelbar	english	medium	gloss	federally direct	directly under federal authority/federally administered	“Federally direct” is not grammatical or idiomatic English and fails to convey the administrative relationship.
adjectives_010	adjectives	6514	drucktechnisch	english	low	gloss	printing-technical	relating to printing/printing-technology-related	“Printing-technical” is an unnatural calque rather than usable learner-facing English.
adjectives_010	adjectives	6529	eingestürzt	word	high	notadj	collapsed	remove from the adjective bank and teach as the past participle of `einstürzen`	The row gives only the transparent result of the verb “to collapse”.
adjectives_010	adjectives	6549	entwicklungsgeschichtlich	english	low	gloss	evolutionary-historical	relating to developmental/evolutionary history	“Evolutionary-historical” is not idiomatic English and is too opaque for a learner gloss.
adjectives_010	adjectives	6574	exaltiert	english	medium	gloss	effusive	affected/extravagant/overexcited	`exaltiert` normally criticises affected, theatrical or excessively excited behaviour; “effusive” alone is often positive and misses that force.
adjectives_010	adjectives	6570	erzogen	word	high	notadj	brought up/educated	remove this bare entry and teach as the past participle of `erziehen`; retain lexical compounds such as `wohlerzogen` separately	The gloss supplies only ordinary verbal results and does not represent a standalone lexical adjective sense.
adjectives_010	adjectives	6584	feist	english	low	gloss	adipose/fat	fat/corpulent	English “adipose” describes fatty tissue, not a fat or corpulent person, so it is a false and needlessly technical alternative here.
adjectives_010	adjectives	6619	gealtert	word	high	notadj	aged	remove from the adjective bank and teach as the past participle of `altern`	As glossed, this is simply the productive participle for something that has aged or been aged.
adjectives_010	adjectives	6620	gebleicht	word	high	notadj	bleached	remove from the adjective bank and teach as the past participle of `bleichen`	“Bleached” is only the transparent event/result participle and supplies no separate lexical adjective meaning.
adjectives_010	adjectives	6630	gekippt	word	high	notadj	tilted/tipped over	remove from the adjective bank and teach as the past participle of `kippen`	Both English readings are ordinary results of the verb's action.
adjectives_010	adjectives	6637	gemeinfrei	english	low	gloss	public domain	in the public domain/public-domain	Bare “public domain” is a noun phrase; the proposed wording models the adjective's predicative and attributive use.
adjectives_010	adjectives	6638	genant	english	medium	gloss	coy/embarrassing	bashful/shy/coy/embarrassed	`genant` describes someone who is bashful or embarrassed, not something that causes embarrassment.
adjectives_010	adjectives	6641	gerollt	word	high	notadj	rolled	remove from the adjective bank and teach as the past participle of `rollen`	The row gives only the ordinary productive participle of the verb.
adjectives_010	adjectives	6644	geschlachtet	word	high	notadj	slaughtered	remove from the adjective bank and teach as the past participle of `schlachten`	This is a transparent passive/result participle, not an independent adjective lemma.
adjectives_010	adjectives	6655	getippt	word; cefrLevel	high	notadj	typed; B1	remove from the adjective bank and teach as the past participle of `tippen`	The assigned B1 card is merely a productive verb form; it should not be independently levelled as an adjective.
adjectives_010	adjectives	6662	grantig	english	low	gloss	grumpy/ornery	grumpy/bad-tempered	“Ornery” is chiefly North American and is a poor active equivalent for an app targeting British English.
adjectives_010	adjectives	6679	halbstark	english	low	gloss	rowdy adolescent/teenage	adolescent/teenage; loutish/rowdy (of an adolescent)	The current slash list mixes a noun phrase with an adjective and does not clearly convey the often disparaging nuance.
adjectives_010	adjectives	6717	humanmedizinisch	english	low	gloss	human medicine	relating to human medicine/human-medical	The current value is a noun phrase and does not itself provide an English adjective equivalent.
adjectives_010	adjectives	6722	ideengeschichtlich	english	medium	gloss	intellectual-historical	relating to the history of ideas/history-of-ideas	The adjective specifically concerns the history of ideas; the current wording blurs it with broader `geistesgeschichtlich` intellectual history.
adjectives_010	adjectives	6758	kastriert	word	high	notadj	castrated	remove from the adjective bank and teach as the past participle of `kastrieren`	The supplied meaning is solely the transparent result of the verb's action.
adjectives_010	adjectives	6768	klerikal	english	medium	gloss	clerical	clerical (relating to the clergy)/pro-clerical	Unqualified English “clerical” commonly means office or administrative work, a sense `klerikal` does not have.
adjectives_010	adjectives	6776	konfliktlos	english	low	gloss	conflictless	conflict-free/without conflict	“Conflictless” is rare and unnatural compared with ordinary British English “conflict-free”.
adjectives_010	adjectives	6780	konsensfähig	english	low	gloss	capable of consensus	capable of attracting/commanding consensus; acceptable to all sides	“Capable of consensus” is an opaque calque and does not show that a proposal or person can win broad agreement.
adjectives_010	adjectives	6787	körperbetont	english	medium	gloss	formfitting/physical	form-fitting/figure-hugging	For clothing the adjective means close-fitting and emphasising the body; bare “physical” is not an equivalent.
adjectives_010	adjectives	6788	körperfremd	english	medium	gloss	exogenous	foreign to the body/not naturally present in the body	“Exogenous” only means originating outside a system and is broader than the specifically bodily incompatibility or foreignness expressed here.
adjectives_010	adjectives	6790	kostenmäßig	english	low	gloss	cost-wise	cost-related; in terms of cost	The current value gives only an informal adverbial expression and no usable attributive adjective.
adjectives_010	adjectives	6791	krachledern	english	high	gloss	of leather (Bavarian)	rough-hewn/rustic/blunt and forceful	The lexical adjective figuratively describes a coarse, hearty or forceful style; it does not simply mean made of Bavarian leather.
adjectives_010	adjectives	6811	ledern	english	low	gloss	dry/dull/leather	made of leather/leathery; stiff/wooden (figurative)	Bare “leather” is unclear as an adjective and “dry/dull” does not accurately capture the figurative sense of stiff, awkward delivery.
adjectives_010	adjectives	6832	magensaftresistent	english	low	gloss	enteric/entericcoated/gastric juice-resistant	gastro-resistant/enteric-coated/resistant to gastric juice	“Entericcoated” is malformed, and bare “enteric” merely means relating to the intestine rather than necessarily resistant to gastric juice.
adjectives_010	adjectives	6844	mehrsilbig	english	low	gloss	multisyllable	multisyllabic/polysyllabic	“Multisyllable” is not the normal English adjective; “multisyllabic” is the learner-safe form.
adjectives_010	adjectives	6880	nebenwirkungsfrei	english	low	gloss	free of adverse effect	free of side effects/without adverse effects	The countable English noun needs a plural here, and “side effects” is the natural learner equivalent.
adjectives_010	adjectives	6894	niveaulos	english	medium	gloss	lowbrow/mediocre	tasteless/low-standard/lacking in class or substance	`niveaulos` criticises a lack of standards, class or substance; “mediocre” can merely mean average and “lowbrow” concerns intellectual taste.
adjectives_010	adjectives	6898	obrigkeitlich	english	medium	gloss	governmental	imposed by/relating to the authorities; authoritarian	The German evokes top-down official authority and often an authoritarian attitude; broad neutral “governmental” loses that defining nuance.
adjectives_010	adjectives	6914	ozeanographisch	whole row	low	duplicate	separate from `ozeanografisch`, both glossed oceanographic	retain one canonical entry and show the other as an accepted spelling variant	These are orthographic variants of the same adjective and make duplicate learner cards.
adjectives_010	adjectives	6916	pädosexuell	english	low	spelling	pedosexual	paedosexual/sexually attracted to children	The bank targets British English, in which the corresponding combining form is normally `paedo-`; the explanatory phrase is also clearer than the rare technical term alone.
adjectives_010	adjectives	6926	paulinisch	english	low	spelling	pauline	Pauline	The English adjective derived from the proper name Paul is capitalised.
adjectives_010	adjectives	6927	pausbäckig	english	low	spelling	chubby cheeked	chubby-cheeked	The compound adjective requires a hyphen before the noun.
adjectives_010	adjectives	6931	pflegeintensiv	english	medium	gloss	labour-intensive (in care)	requiring intensive/a great deal of care; high-maintenance	The German describes a patient, plant, product or process needing much care; it does not generally mean labour-intensive work performed within a care setting.
adjectives_010	adjectives	6932	pflichtbewusst	cefrLevel	medium	cefr	C1	approximately B1–B2	This transparent and common personality/work adjective meaning “dutiful/conscientious” is substantially over-levelled at C1.
adjectives_010	adjectives	6939	porentief	english	low	gloss	deep-pore	deep into the pores/pore-deep; deep-cleansing in the common cosmetic context	Bare “deep-pore” is an incomplete English modifier and does not clearly express penetration or cleaning deep into the pores.
adjectives_010	adjectives	6944	präzisiert	word	high	notadj	specified more precisely	remove from the adjective bank and teach as the past participle of `präzisieren`	This is a productive event/result participle with no independent lexical adjective meaning supplied.
adjectives_010	adjectives	6951	provenzalisch	english	low	spelling	provençal	Provençal	English capitalises this adjective derived from the proper place name Provence.
adjectives_010	adjectives	6965	radikalisch	english	medium	gloss	radical/radically	(chemistry) radical/free-radical; by a radical mechanism	`radikalisch` is a chemistry term about free radicals and is not the general adjective “radical” (`radikal`); the missing domain label creates a strong false-friend risk.
adjectives_010	adjectives	6969	rebellierend	word; english	high	notadj	rebelling/rebellious	remove from the adjective bank and teach the present participle under `rebellieren`; use `rebellisch` for “rebellious”	`rebellierend` means currently engaging in rebellion, while the lexical character adjective “rebellious” is `rebellisch`.
adjectives_010	adjectives	6974	regierungsfähig	english	low	gloss	capable of government	capable of governing/fit to govern	“Capable of government” is not idiomatic English and can be misunderstood as describing a system rather than a party or coalition.
adjectives_010	adjectives	6980	restaurativ	english	high	gloss	restorative	restorationist/aimed at restoring the old political or social order/reactionary	German `restaurativ` normally concerns political or social restoration; English “restorative” usually means healing or replenishing and therefore teaches a false everyday sense.
adjectives_011	adjectives	7006	schlängelnd	word	high	notadj	"""meandering/winding"""	remove from the adjective bank and teach as the present participle of `sich schlängeln`	This is the ordinary productive participle describing something that is currently winding or meandering, not an independent adjective lemma.
adjectives_011	adjectives	7014	schulterzuckend	word	high	notadj	"""shrugging"""	remove from the adjective bank and teach `mit den Schultern zucken` or the participle under `schulterzucken`	The form is a contextual present participle, used chiefly adverbially to describe someone shrugging, rather than a lexical adjective.
adjectives_011	adjectives	7051	spruchreif	english	medium	gloss	"""definite/official"""	"""ready to be discussed or decided; ripe for a decision"""	`spruchreif` describes a matter that has reached the stage at which it can be discussed or decided; it does not simply mean definite or official.
adjectives_011	adjectives	7061	stirnrunzelnd	word	high	notadj	"""frowning"""	remove from the adjective bank and teach `die Stirn runzeln` or the participle under `stirnrunzeln`	This is a transparent, contextual present participle describing the act of frowning, not a lexical adjective lemma.
adjectives_011	adjectives	7070	suchtbedingt	english	medium	gloss	"""conditioned by addiction"""	"""caused by addiction/due to addiction"""	"In this compound, `-bedingt` means caused by or due to; ""conditioned by"" is a misleadingly literal rendering."
adjectives_011	adjectives	7114	überrumpelt	word	high	notadj	"""caught off guard"""	remove from the adjective bank and teach as the past participle of `überrumpeln`	The gloss gives only the result of the verb's action; no independently lexical adjective sense is represented.
adjectives_011	adjectives	7136	unehrlich	english	high	gloss	"""dishonest first"""	"""dishonest"""	"The stray word ""first"" makes the stored translation false and nonsensical."
adjectives_011	adjectives	7163	unterlaufen	word, english	high	notadj	"""bloodshot (mit Blut unterlaufen); as a participle: circumvented"""	remove this standalone row; teach `mit Blut/rot unterlaufen` as a phrase and the relevant meanings under the verb `unterlaufen`	"This is a verb participle in both supplied readings, and the blood-discolouration sense requires a complement such as `mit Blut` or `rot`; bare `unterlaufen` is not a useful adjective lemma meaning ""bloodshot""."
adjectives_011	adjectives	7195	verlustig	english	high	gloss	"""verlustig gehen"""	"""deprived of/having forfeited""; note the formal constructions `einer Sache verlustig gehen/sein`"	The current value merely repeats a German phrase instead of giving an English translation, so a learner cannot infer the meaning or the required genitive construction.
adjectives_011	adjectives	7200	versaut	english	medium	gloss	"""raunchy/swinish"""	"""spoilt/ruined; filthy/obscene; depraved"""	"The gloss omits the very common senses of something being ruined or spoilt and of language or humour being filthy; ""swinish"" is an unusually narrow equivalent."
adjectives_011	adjectives	7201	verschriftlicht	word	high	notadj	"""written down"""	remove from the adjective bank and teach as the past participle of `verschriftlichen`	"""Written down"" is simply the transparent result of the verb, not an independently lexical adjective meaning."
adjectives_011	adjectives	7215	viersitzig	english	low	gloss	"""four-seater"""	"""four-seat/four-seated; seating four"""	"""Four-seater"" is normally a noun, whereas the German entry is an adjective used of a vehicle or other object with four seats."
adjectives_011	adjectives	7216	viersprachig	english	medium	gloss	"""four-language"""	"""in four languages/quadrilingual"""	"""Four-language"" is not an idiomatic standalone English adjective and gives learners no natural model for the German word."
adjectives_011	adjectives	7226	wahlentscheidend	english	low	gloss	"""election-deciding"""	"""decisive for an election/electorally decisive"""	"""Election-deciding"" is an unnatural calque rather than an idiomatic British-English gloss."
adjectives_011	adjectives	7241	weiterverarbeitet	word	high	notadj	"""further processed"""	remove from the adjective bank and teach as the past participle of `weiterverarbeiten`	The supplied meaning is solely the productive verb participle, with no separate lexical adjective sense.
adjectives_011	adjectives	7261	wolkenlos	cefrLevel	medium	cefr	C1	approximately A2–B1	"This common, transparent descriptive adjective meaning ""cloudless"" is basic weather vocabulary and is grossly overgraded at C1."
adjectives_011	adjectives	7266	zahlungskräftig	english	medium	gloss	"""wealthy/with means"""	"""solvent/able to pay/having purchasing power"""	The defining meaning is ability to pay, not wealth in general; a person or customer can be `zahlungskräftig` without being wealthy.
adjectives_011	adjectives	7272	zertrümmert	word	high	notadj	"""smashed/wrecked"""	remove from the adjective bank and teach as the past participle of `zertrümmern`	The row gives only the ordinary resultative participle of the verb, not an independent adjective lemma.
adjectives_011	adjectives	7279	zusammengerollt	word	high	notadj	"""rolled up"""	remove from the adjective bank and teach as the past participle of `zusammenrollen`	This is a transparent event/result participle and has no distinct lexical adjective sense in the gloss.
adjectives_011	adjectives	7299	abblätternd	word	high	notadj	"""flaking/peeling"""	remove from the adjective bank and teach as the present participle of `abblättern`	It productively describes something undergoing the verb's action, rather than functioning as an independent adjective lemma.
adjectives_011	adjectives	7302	abfliegend	word	high	notadj	"""departing"""	remove from the adjective bank and teach as the present participle of `abfliegen`	"""Departing"" is only the contextual participle of the verb, not a lexical adjective meaning."
adjectives_011	adjectives	7311	abgelenkt	word, cefrLevel	high	notadj	"""distracted""; C1"	remove from the adjective bank and teach as the past participle of `ablenken`	The entry supplies the ordinary participial result of distraction rather than a separately lexicalised adjective; its C1 label therefore should not be retained as an adjective-card level.
adjectives_011	adjectives	7369	amtssässig	english	high	gloss	"""officially resident"""	"""subject to the jurisdiction of a local Amt"" (historical)"	This historical administrative term contrasted local-`Amt` jurisdiction with direct territorial or chancery jurisdiction; it does not mean officially resident.
adjectives_011	adjectives	7376	angeschwollen	word	high	notadj	"""swollen"""	remove from the adjective bank and teach as the past participle of `anschwellen`	The form and supplied sense are the ordinary resultative participle of the verb, not an independent adjective lemma.
adjectives_011	adjectives	7392	antizipiert	word	high	notadj	"""anticipated"""	remove from the adjective bank and teach as the past participle of `antizipieren`	This is a transparent verb participle used contextually, with no distinct lexical adjective sense supplied.
adjectives_011	adjectives	7407	aromatisiert	word	high	notadj	"""flavoured"""	remove from the adjective bank and teach as the past participle of `aromatisieren`	"""Flavoured"" directly records the result of the verb's action and does not establish an independent German adjective lemma."
adjectives_011	adjectives	7418	assimiliert	word	high	notadj	"""assimilated"""	remove from the adjective bank and teach as the past participle of `assimilieren`	The row gives only the ordinary participial meaning of the verb, not a lexical adjective sense.
adjectives_011	adjectives	7421	aufnahmefähig	english	medium	gloss	"""capable of absorption"""	"""receptive/quick to take things in; able to absorb or hold"""	The current gloss records only a physical/material reading and omits the common human sense of being mentally receptive or able to learn.
adjectives_011	adjectives	7432	backsteingefasst	word	high	notadj	"""brick-trimmed"""	remove this one-off participial compound from the adjective bank; express it compositionally as `mit Backsteinen gefasst`	This is a context-built past-participial description, not an established adjective lemma suitable for a standalone learner card.
adjectives_011	adjectives	7452	bekehrbar	english	medium	gloss	"""convertible"""	"""capable of being converted/persuaded, especially to a religion"""	"Bare ""convertible"" strongly suggests cars, currencies or objects in English and obscures the German word's usual religious or ideological sense."
adjectives_011	adjectives	7467	beschienen	word	high	notadj	"""illuminated/lit up"""	remove from the adjective bank and teach as the past participle of `bescheinen`	The form transparently denotes something on which light has shone; it is a verb participle rather than an independent adjective lemma.
adjectives_011	adjectives	7473	bestgeplant	word	high	notadj	"""best-planned"""	remove; teach the superlative construction `am besten geplant` or attributive `bestgeplant-` in context under `gut geplant`	This is contextual superlative/participle contamination, not the citation form of a lexical adjective.
adjectives_011	adjectives	7476	betriebsfremd	english	low	gloss	"""external/non-company/outside"""	"""not belonging to the company; unfamiliar with the company's operations"""	The current alternatives are vague English fragments and fail to distinguish the word's membership and unfamiliarity senses.
adjectives_011	adjectives	7498	blicklos	english	low	gloss	"""unfocused"""	"""unseeing/vacant, taking in nothing"""	"`blicklos` means not consciously perceiving what one looks at; ""unfocused"" can instead suggest poor concentration or optical focus."
adjectives_011	adjectives	7499	blumengeschmückt	word	high	notadj	"""flower-decked"""	remove this contextual participial compound; express it as `mit Blumen geschmückt` and teach under `schmücken`	The form simply specifies how something has been decorated and is not an independent lexical adjective lemma.
adjectives_011	adjectives	7538	computerlinguistisch	english	low	gloss	"""computational-linguistic"""	"""computational-linguistics-related/relating to computational linguistics"""	"""Computational-linguistic"" is not the normal learner-facing English adjective for the field."
adjectives_011	adjectives	7554	desinteressiert	cefrLevel	medium	cefr	C1	approximately B1–B2	This common adjective for being uninterested or indifferent is ordinary intermediate vocabulary and is materially overgraded at C1.
adjectives_011	adjectives	7598	durchgekreuzt	word	high	notadj	"""thwarted"""	remove from the adjective bank and teach as the past participle of `durchkreuzen`	The gloss is solely the transparent result of the verb's action, not an independent adjective sense.
adjectives_011	adjectives	7620	eklektizistisch	english	low	gloss	"""eclecticist"""	"""eclecticistic/relating to eclecticism"""	"""Eclecticist"" is normally a noun denoting a person; it does not give a clear English adjective equivalent here."
adjectives_011	adjectives	7630	emissionslos	english	low	gloss	"""without/free of emission"""	"""emission-free/zero-emission"""	"The singular phrases in the current value are unnatural English; the standard technical adjectives are ""emission-free"" and ""zero-emission""."
adjectives_011	adjectives	7655	erpresserisch	english	medium	gloss	"""extortionate"""	"""extortionist/blackmailing/coercive"""	"In modern British English, ""extortionate"" most readily means unreasonably expensive, whereas `erpresserisch` describes conduct involving extortion, blackmail or coercion."
adjectives_011	adjectives	7658	erschließbar	english	medium	gloss	"""deducible/inferable"""	"""accessible/openable or developable; inferable/deducible"""	The inference sense is valid, but the gloss omits the broad, common uses for land, resources, texts and information that can be opened up or made accessible.
adjectives_011	adjectives	7660	ertrunken	word	high	notadj	"""drowned"""	remove from the adjective bank and teach as the past participle of `ertrinken`	This is the irregular past participle of the verb and supplies no independent adjective meaning.
adjectives_011	adjectives	7661	erwählt	word	high	notadj	"""chosen/elected"""	remove from the adjective bank and teach as the past participle of `erwählen`	Both English meanings directly represent the verb's participial result rather than a lexical adjective.
adjectives_011	adjectives	7680	fahnenflüchtig	english	medium	gloss	"""deserting (military)"""	"""having deserted/absent without leave (military)"""	The adjective characterises a service member who has deserted or is unlawfully absent, not merely someone in the process of departing.
adjectives_011	adjectives	7699	filterlos	english	low	gloss	"""without/free of filter"""	"""filterless/without a filter"""	"The current determiner-free phrases are unidiomatic English; ""filterless"" or ""without a filter"" is the natural learner model."
adjectives_012	adjectives	7701	fingerlang	english	low	gloss	finger-length	as long as a finger/finger-long	“Finger-length” reads like a noun modifier or a measurement label, rather than clearly expressing the German adjective’s comparison of length.
adjectives_012	adjectives	7713	flügge	english	medium	gloss	full-fledged/independent	fledged/ready to leave the nest; independent	`flügge` literally describes a young bird ready to fly and figuratively someone ready to be independent; English “full-fledged” instead means fully developed or fully qualified.
adjectives_012	adjectives	7757	geduscht	word	high	notadj	geduscht — showered	remove from the adjective bank and teach as the past participle of `duschen`	The supplied meaning is only the transparent result of taking/giving a shower, not an independently lexical adjective sense.
adjectives_012	adjectives	7765	gegoren	word	high	notadj	gegoren — fermented	remove from the adjective bank and teach as the past participle of `gären`	This is the irregular participle of `gären`; the gloss gives only that verb’s ordinary fermentation result and no independent adjective sense.
adjectives_012	adjectives	7775	geleckt	english	low	gloss	licked/slick/spruced up	immaculate/slick/overly polished; `wie geleckt` = looking immaculate	The useful lexical adjective sense is an excessively neat or polished appearance; leading with the literal verb participle “licked” obscures that learner-relevant meaning.
adjectives_012	adjectives	7780	genießerisch	english	low	gloss	with relish/appreciative	appreciative/savouring/connoisseur-like; with relish	“With relish” supplies only an adverbial equivalent, while “appreciative” alone does not make the characteristic idea of consciously savouring enjoyment clear.
adjectives_012	adjectives	7785	gepökelt	word	high	notadj	gepökelt — brined/cured	remove from the adjective bank and teach as the past participle of `pökeln`	The row gives only the transparent result of curing food in brine, with no lexical meaning distinct from the verb.
adjectives_012	adjectives	7797	getreidereich	english	low	gloss	rich in cereal	rich in grain/cereals; grain-rich	In this general meaning English normally uses the mass noun “grain” or plural “cereals”; singular “cereal” is unnatural and can suggest breakfast cereal.
adjectives_012	adjectives	7791	geschwärzt	word	high	notadj	geschwärzt — blackened; (of documents) redacted	remove from the adjective bank and teach these contextual participle senses under `schwärzen`	Both blackening something and obscuring passages in a document are ordinary results of the verb `schwärzen`, not a separate adjective lemma.
adjectives_012	adjectives	7801	gezoomt	word	high	notadj	gezoomt — zoomed	remove from the adjective bank and teach as the past participle of `zoomen`	This is a transparent technical verb participle and supplies no independently lexical adjective sense.
adjectives_012	adjectives	7829	grimmsch	english	low	gloss	Grimms' (as in Grimms' fairy tales)	Grimmian/relating to Grimm or the Brothers Grimm (e.g. the Grimms' fairy tales)	The existing possessive is malformed as a standalone translation and does not explain that the adjective means relating to one or both Grimms.
adjectives_012	adjectives	7858	halbstaatlich	english	low	gloss	semi-state	partly state-owned/semi-public/quasi-governmental	Bare “semi-state” is not a generally clear British-English adjective and does not tell the learner what kind of state involvement is meant.
adjectives_012	adjectives	7862	handelseinig	english	low	gloss	in agreement	agreed on a deal/having reached agreement on a transaction	The adjective is specifically used when parties have reached agreement over a business transaction; the current gloss is much too broad.
adjectives_012	adjectives	7884	heruntergewirtschaftet	word	high	notadj	heruntergewirtschaftet — ruined	remove from the adjective bank and teach as the past participle of `herunterwirtschaften`	It describes the result of running an organisation, property or economy into the ground and is the ordinary participle of the separable verb.
adjectives_012	adjectives	7892	hobbymäßig	english	low	gloss	as a hobby	hobby-related/amateur; as a hobby	The current value covers only adverbial use and gives no English adjective for attributive examples such as `hobbymäßige Beschäftigung`.
adjectives_012	adjectives	7906	holzfrei	english	medium	gloss	wood-free	woodfree/groundwood-free (of paper: made without mechanical wood pulp, not literally without wood-derived fibre)	This printing and papermaking term is a false-friend trap: `holzfreies Papier` is normally made from chemical wood pulp, so literal “wood-free” misstates its composition.
adjectives_012	adjectives	7923	ident	english	medium	gloss	mark as Austrian; standard German is identisch	identical/same (Austrian and some regional usage; standard German usually `identisch`)	An editorial instruction has leaked into the translation field, leaving the learner without a direct English meaning.
adjectives_012	adjectives	7937	inkompetent	cefrLevel	low	cefr	C1	approximately B1–B2	This transparent, everyday adjective for an incapable person or institution is ordinary intermediate vocabulary and is materially overgraded at C1.
adjectives_012	adjectives	7940	innegehabt	word	high	notadj	innegehabt — held (of an office, post or right)	remove from the adjective bank and teach as the past participle of `innehaben`	It is the participle of the separable verb `innehaben`, not an adjective lemma.
adjectives_012	adjectives	7948	interpoliert	word	high	notadj	interpoliert — interpolated	remove from the adjective bank and teach as the past participle of `interpolieren`	The mathematical/scientific meaning shown is exactly the productive result of the verb, with no independent lexical adjective sense.
adjectives_012	adjectives	7958	invertiert	word	high	notadj	invertiert — inverted	remove from the adjective bank and teach as the past participle of `invertieren`	The entry is a transparent technical participle rather than an independent adjective lemma.
adjectives_012	adjectives	7964	israelkritisch	english	low	gloss	Israel-critical	critical of Israel	“Israel-critical” is a German-shaped calque; “critical of Israel” is the natural learner-facing English equivalent.
adjectives_012	adjectives	7981	kandiert	word	high	notadj	kandiert — candied	remove from the adjective bank and teach as the past participle of `kandieren`	The row gives only the ordinary result of candying food and no adjective meaning independent of the verb.
adjectives_012	adjectives	7986	kapitalkräftig	english	low	gloss	well-funded	well-capitalised/financially strong	`kapitalkräftig` describes having substantial capital or financial resources; “well-funded” can merely mean that sufficient project funding was obtained.
adjectives_012	adjectives	8007	kitzlig	cefrLevel	medium	cefr	C1	approximately A2–B1	This common everyday adjective for a ticklish person or body part is basic descriptive vocabulary, not advanced C1 vocabulary.
adjectives_012	adjectives	8016	kleinstädtisch	english	medium	gloss	provincial	small-town; provincial where disparaging	The primary meaning is neutrally “of or characteristic of a small town”; “provincial” adds a disparaging judgement that is not always present.
adjectives_012	adjectives	8053	kratzbürstig	english	low	gloss	bristly/prickly	gruff/brusque/prickly (of a person's manner)	The adjective normally characterises an unfriendly, curt manner; bare “bristly” can wrongly suggest a physical texture.
adjectives_012	adjectives	8066	kulturkritisch	english	medium	gloss	culturally critical	critical of culture/society; relating to cultural criticism	“Culturally critical” is not the meaning: the German denotes criticism of a culture or society, or work belonging to the tradition of cultural criticism.
adjectives_012	adjectives	8071	kupiert	word	high	notadj	kupiert — docked/cropped/cut short	remove from the adjective bank and teach these senses as the past participle of `kupieren`	Docking an animal, cropping something or cutting it short are direct applications of the verb; the row has no separate lexical adjective meaning.
adjectives_012	adjectives	8077	lakritzartig	english	low	spelling	licorice-like	liquorice-like	The app targets British English, whose standard spelling is “liquorice”.
adjectives_012	adjectives	8143	mausgrau	english	low	gloss	mousy	mouse-grey/dull grey	English “mousy” commonly describes dull brownish hair or a timid person; `mausgrau` specifically denotes a dull grey colour.
adjectives_012	adjectives	8147	megaloman	english	low	gloss	megalomaniac	megalomaniacal	“Megalomaniac” is normally the noun for a person, while “megalomaniacal” is the regular English adjective matching the German headword.
adjectives_012	adjectives	8152	meistgeklickt	word	high	notadj	meistgeklickt — most-clicked	remove as a headword; teach `geklickt` under `klicken` and form `am meisten geklickt` contextually	This is a corpus-style superlative construction built from a verb participle, not a positive adjective lemma.
adjectives_012	adjectives	8166	mineralreich	english	low	gloss	rich in mineral	rich in minerals/mineral-rich	The English count noun is normally plural in this general description; singular “mineral” is unnatural here.
adjectives_012	adjectives	8179	monegassisch	english	low	gloss	Monacan/Monégasque	Monégasque/of Monaco	“Monacan” is ambiguous with the Indigenous Monacan people of Virginia and is much less suitable than the standard demonym “Monégasque” for learners.
adjectives_012	adjectives	8216	nebenwirkungsreich	english	medium	gloss	rich in adverse effect	having many side effects/liable to cause numerous adverse effects	The current English is unidiomatic and wrongly uses singular “effect”; the German says that something has or produces many side effects.
adjectives_012	adjectives	8250	oktroyiert	word	high	notadj	oktroyiert — forced upon/imposed	remove from the adjective bank and teach as the past participle of `oktroyieren`	The supplied meanings are the ordinary passive/result meanings of the verb “to impose”, not an independent adjective lemma.
adjectives_012	adjectives	8262	ortsgebunden	english	low	gloss	location-bound/localized	tied to a particular place/location-dependent	“Localised” can merely mean confined or identified in one area and does not reliably express the defining restriction of being tied to a fixed place.
adjectives_012	adjectives	8273	paläontologisch	english	low	spelling	palaeontological/paleontological	palaeontological	The second form is the American spelling; the bank is explicitly intended to model British English.
adjectives_012	adjectives	8274	paläozoisch	english	low	spelling	paleozoic	Palaeozoic	British English normally retains `ae`, and the geological period/name is capitalised.
adjectives_012	adjectives	8283	parochial	english	medium	gloss	parochial	parochial/parish-related (not generally “narrow-minded”)	German `parochial` is an ecclesiastical adjective relating to a parish; the identical English form very often has the figurative meaning “narrow-minded”, creating a significant false-friend risk without clarification.
adjectives_012	adjectives	8303	pietistisch	english	low	gloss	Pietist	Pietistic/relating to Pietism	“Pietist” is chiefly the noun for an adherent; the adjective matching `pietistisch` is “Pietistic”.
adjectives_012	adjectives	8309	planwirtschaftlich	english	low	gloss	planned economy	relating to a planned economy/central-planning	The current noun phrase does not clearly model the adjective used of policies, structures or methods associated with a planned economy.
adjectives_012	adjectives	8328	präjudiziell	english	high	gloss	prejudicial	precedential/creating a precedent; prejudging	German `präjudiziell` concerns creating a precedent or pre-emptively deciding a question, whereas modern English “prejudicial” primarily means harmful or unfairly biasing.
adjectives_012	adjectives	8362	radiziert	whole row	high	notadj	radiziert — rooted/with a root	remove from the adjective bank and teach as the past participle of mathematical `radizieren` (to extract a root)	It is a transparent technical participle, and the current gloss also misleadingly suggests possessing a root rather than having a mathematical root extracted.
adjectives_012	adjectives	8371	raumhoch	english	medium	gloss	ceiling-high	floor-to-ceiling/room-height	`raumhohe Fenster` and similar objects extend through the height of the room; “ceiling-high” is not idiomatic English and does not clearly convey that span.
adjectives_012	adjectives	8382	regierungsunabhängig	english	medium	gloss	non-governmental	independent of the government/government-independent	Something may be institutionally governmental or public yet independent of the current government; “non-governmental” incorrectly collapses that distinction.
adjectives_012	adjectives	8393	religionslos	english	low	gloss	without/free of faith	without a religion/non-religious	`Religion` and English “faith” are not coextensive; the German describes lacking religious affiliation or religion, not necessarily lacking all faith or belief.
adjectives_013	adjectives	8421	sachlogisch	english	low	gloss	factual-logical	logically inherent in the subject matter / dictated by the logic of the matter	The current literal calque is not idiomatic English and does not explain the specialist German sense.
adjectives_013	adjectives	8427	samstäglich	english	low	gloss	Saturday/of a Saturday	occurring on Saturdays / Saturday (attributive)	“Of a Saturday” is an adverbial time expression, while the German headword is an adjective meaning that something occurs on Saturdays.
adjectives_013	adjectives	8434	saturiert	english	medium	gloss	satiated/comfortable	saturated; satiated	“Saturated” is a major technical and economic sense, while “comfortable” is not a reliable translation.
adjectives_013	adjectives	8444	schaulustig	english	medium	gloss	curious/eager	eager to watch a spectacle or incident / rubbernecking	The word specifically describes curiosity expressed by watching an event, often an accident; the generic gloss invites misuse.
adjectives_013	adjectives	8477	schwefelgelb	english	low	gloss	sulfur yellow	sulphur-yellow	The bank targets British English, where the standard spelling is “sulphur”; the compound adjective also conventionally takes a hyphen.
adjectives_013	adjectives	8510	siebenjährlich	english	low	gloss	every seven years	seven-yearly / occurring every seven years	The current gloss is only an adverbial phrase and does not model the adjective’s attributive use.
adjectives_013	adjectives	8518	sinnenfreudig	english	low	gloss	sensual/joyful	sensuous / pleasure-loving	“Joyful” on its own is too broad; the German refers specifically to enjoyment through the senses.
adjectives_013	adjectives	8522	situationsbedingt	english	low	gloss	conditioned by situation	due to the circumstances / situation-dependent	The current phrase is an unnatural calque and can suggest psychological conditioning rather than dependence on circumstances.
adjectives_013	adjectives	8535	spielpädagogisch	english	low	gloss	play-education-related	relating to play-based education / play pedagogy	“Play-education-related” is not idiomatic learner-facing English.
adjectives_013	adjectives	8568	strafbefreiend	english	high	gloss	exempting from prosecution	exempting from punishment / providing immunity from punishment	*Strafe* is punishment, not prosecution; a measure can be *strafbefreiend* even though proceedings occur.
adjectives_013	adjectives	8579	stumpfsinnig	english	low	gloss	apathetic/stupid	dull-witted / mindless / stupid	“Apathetic” describes lack of interest or feeling and is not a dependable equivalent of this adjective.
adjectives_013	adjectives	8606	tariffähig	english	high	gloss	eligible to be covered by a collective wage agreement	legally capable of concluding collective agreements	German labour law uses this of parties such as trade unions and employers that have capacity to conclude a collective agreement, not of workers eligible to be covered by one.
adjectives_013	adjectives	8609	tausendst	word	high	classification	tausendst	tausendste (or teach the fully declined forms explicitly)	*tausendst-* is only the stem to which an adjective ending must be attached; it is not a usable standalone ordinal headword.
adjectives_013	adjectives	8646	tropfenförmig	english	medium	gloss	-shaped drop	drop-shaped / teardrop-shaped	The English components are reversed, leaving an ungrammatical and misleading gloss.
adjectives_013	adjectives	8677	unbeeinflussbar	english	low	gloss	uninfluenceable	not susceptible to influence / impossible to influence	“Uninfluenceable” is possible but extremely unnatural learner-facing English.
adjectives_013	adjectives	8684	unberufen	english	medium	gloss	uncalled-for/touch wood	not appointed or called; unauthorised; as an interjection, touch wood	The adjective chiefly means not appointed or unauthorised; English “uncalled-for” usually means inappropriate, which is a different sense. The interjection is a separate use.
adjectives_013	adjectives	8723	ungreifbar	english	medium	gloss	unseizable	intangible / elusive / impossible to grasp or apprehend	“Unseizable” covers only a narrow literal/legal possibility and omits the common senses used of ideas, feelings, and elusive people.
adjectives_013	adjectives	8728	unitarisch	english	low	gloss	Unitarian	unitary; Unitarian (religion)	The adjective also commonly means unitary, for example of a state; the capitalised religious gloss alone is too narrow.
adjectives_013	adjectives	8752	untertariflich	english	low	gloss	below scale (wages)	below the collectively agreed rate (of pay)	“Below scale” is chiefly North American and does not make the collective-agreement sense clear to a British-English learner.
adjectives_013	adjectives	8772	urschriftlich	english	medium	gloss	in original handwriting	in the original / as an original document	The word concerns an original document, not necessarily handwriting; the current gloss adds a false restriction.
adjectives_013	adjectives	8799	verlustbehaftet	english	low	gloss	lossy	involving or subject to losses; lossy (computing)	“Lossy” is appropriate in information technology but is too narrow for the adjective’s wider economic and technical uses.
adjectives_013	adjectives	8801	vernehmlich	english	low	gloss	audible/perceptible	clearly audible / distinct	Unlike the neighbouring *vernehmbar*, *vernehmlich* normally conveys that something is distinctly or clearly heard.
adjectives_013	adjectives	8803	verpeilt	english	low	gloss	spaced-out/scatter-brained	spaced-out / scatterbrained / disorganised	The standard English spelling is “scatterbrained”, without a hyphen.
adjectives_013	adjectives	8819	verzehrbar	english	low	gloss	consumable	edible / fit for consumption	“Consumable” commonly means an expendable item; “edible” is the clear everyday equivalent for food.
adjectives_013	adjectives	8833	visumsfrei	english	medium	gloss	free of visa	visa-free / not requiring a visa	“Free of visa” is not idiomatic English and can obscure whether no visa is required.
adjectives_013	adjectives	8834	volksfestartig	english	low	gloss	carnival-like/festive	resembling a public fair or festival	A *Volksfest* is a public fair/festival, not necessarily a carnival, and generic “festive” loses the comparison.
adjectives_013	adjectives	8835	vollbärtig	english	low	gloss	full-bearded	with a full beard / fully bearded	“Full-bearded” is not the normal English expression.
adjectives_013	adjectives	8838	voreingenommen	english	low	gloss	prejudiced/prejudicial	biased / prejudiced	“Prejudicial” means harmful or detrimental and does not describe a biased person or attitude.
adjectives_013	adjectives	8844	vorschüssig	english	low	gloss	in advance	payable in advance / advance (payment)	The current adverbial phrase does not show the adjective’s restricted financial use.
adjectives_013	adjectives	8850	waffentechnisch	english	low	gloss	weapons-technical	relating to weapons technology	“Weapons-technical” is an unnatural English calque.
adjectives_013	adjectives	8852	wahrheitsgetreu	english	low	gloss	truthful	true to the facts / accurate	The adjective usually describes an account or representation that accurately matches the facts; “truthful” can misleadingly suggest a person’s honesty.
adjectives_013	adjectives	8856	waldfrei	english	low	gloss	free of forest	treeless / not forested	“Free of forest” is not idiomatic English.
adjectives_013	adjectives	8864	wasserbaulich	english	low	gloss	hydraulic engineering	relating to hydraulic or water engineering	The current noun phrase does not translate the adjectival relation.
adjectives_013	adjectives	8868	wehleidig	english	medium	gloss	self-pitying	over-sensitive to pain or discomfort / self-pitying	The frequent sense is low tolerance of pain or discomfort; the current gloss alone can make learners apply it too broadly.
adjectives_013	adjectives	8878	werktätig	english	low	gloss	working/labour	employed / in work / working	“Labour” is not an adjective equivalent for a *werktätig* person.
adjectives_013	adjectives	8880	wertkonservativ	english	medium	gloss	value-conservative	espousing conservative values / traditional in one’s values	“Value-conservative” is an opaque calque and risks being read as preserving monetary value.
adjectives_013	adjectives	8887	widerspruchslos	english	low	gloss	without arguing	unquestioning / without objection or protest	The current adverbial phrase is too colloquial and narrow for uses such as *widerspruchslose Zustimmung*.
adjectives_013	adjectives	8903	wohlfahrtsstaatlich	english	low	gloss	welfare state	relating to the welfare state / welfare-state	The current noun phrase does not express the adjective.
adjectives_013	adjectives	8910	wollen	english	high	junk	woollen (made of wool) — and mark it as the adjective, distinct from the modal verb wollen	woollen / made of wool	The headword is a valid adjective, but its gloss contains an internal editorial instruction that would be shown to learners.
adjectives_013	adjectives	8966	zweihundertst	word	high	classification	zweihundertst	zweihundertste (or teach the fully declined forms explicitly)	*zweihundertst-* is only an ordinal stem requiring an adjective ending, not a usable standalone word.
adjectives_013	adjectives	8994	linkshändig	cefrLevel	low	cefr	C1	A2 or B1	This transparent, everyday adjective is far below C1 and the populated level would unnecessarily withhold it from ordinary beginner/intermediate decks.
adjectives_013	adjectives	8995	angenommen	english	medium	gloss	supposed (conjunction); adopted (participle)	assumed / accepted / adopted (adjective or participle); assuming/supposing that (conjunction)	As a conjunction *angenommen* means “assuming/supposing (that)”, not “supposed”; the adjectival sense “assumed” is also missing.
adjectives_013	adjectives	8997	mehrmals	word	high	notadj	mehrmals	remove from the adjective bank; classify as an adverb	This is an adverb meaning “several times” and has no adjectival use.
adjectives_013	adjectives	8998	erstmals	word	high	notadj	erstmals	remove from the adjective bank; classify as an adverb	This is an adverb meaning “for the first time”, not an adjective.
adjectives_013	adjectives	8999	anlässlich	word	high	notadj	anlässlich	remove from the adjective bank; classify as a preposition	In current German this is a genitive preposition meaning “on the occasion of”, not an adjective.
adjectives_013	adjectives	9000	angesichts	word	high	notadj	angesichts	remove from the adjective bank; classify as a preposition	This is a genitive preposition meaning “in view of”, not an adjective.
adjectives_013	adjectives	9001	mangels	word	high	notadj	mangels	remove from the adjective bank; classify as a preposition	This is a genitive preposition meaning “for lack of”, not an adjective.
adjectives_013	adjectives	9002	zumal	word	high	notadj	zumal	remove from the adjective bank; classify as a conjunction/adverb	This introduces an additional reason (“especially since”) and is not an adjective.
adjectives_013	adjectives	9003	zweifellos	english	low	gloss	undoubtedly	undoubted / indisputable; also undoubtedly	*zweifellos* is a valid adjective, but the gloss gives only its adverbial equivalent and fails to model adjective use.
adjectives_013	adjectives	9004	zwischendurch	word	high	notadj	zwischendurch	remove from the adjective bank; classify as an adverb	This is a temporal adverb, not an adjective.
adjectives_013	adjectives	9005	folgendermaßen	word	high	notadj	folgendermaßen	remove from the adjective bank; classify as an adverb	This fixed word means “as follows” and is an adverb, not an adjective.
adjectives_013	adjectives	9006	wobei	word	high	notadj	wobei	remove from the adjective bank; classify as a pronominal adverb/conjunction	This is a pronominal adverb with conjunctive uses, not an adjective.
adjectives_013	adjectives	9007	nichtsdestotrotz	word	high	notadj	nichtsdestotrotz	remove from the adjective bank; classify as an adverb	This is a conjunctive adverb meaning “nevertheless”, not an adjective.
adjectives_013	adjectives	9008	oftmals	word	high	notadj	oftmals	remove from the adjective bank; classify as an adverb	This is a frequency adverb, not an adjective.
adjectives_013	adjectives	9009	weiterhin	word	high	notadj	weiterhin	remove from the adjective bank; classify as an adverb	This is an adverb meaning “still/continuing to” or “furthermore”, not an adjective.
adjectives_013	adjectives	9010	inwieweit	word	high	notadj	inwieweit	remove from the adjective bank; classify as an interrogative/relative adverb	This means “to what extent” and is not an adjective.
adjectives_013	adjectives	9011	entgegen	word	high	notadj	entgegen	remove from the adjective bank; classify as a preposition/adverb	This is a dative preposition or directional adverb/particle, not an adjective.
adjectives_013	adjectives	9012	wohingegen	word	high	notadj	wohingegen	remove from the adjective bank; classify as a conjunction	This is an adversative conjunction meaning “whereas”, not an adjective.
adjectives_013	adjectives	9013	demgegenüber	word	high	notadj	demgegenüber	remove from the adjective bank; classify as a pronominal adverb	This is a contrastive pronominal adverb, not an adjective.
adjectives_013	adjectives	9014	somit	word	high	notadj	somit	remove from the adjective bank; classify as a conjunctive adverb	This means “therefore/thus” and is not an adjective.
adjectives_013	adjectives	9015	womit	word	high	notadj	womit	remove from the adjective bank; classify as a pronominal adverb	This means “with what/with which/whereby” and is not an adjective.
adjectives_013	adjectives	9016	letztlich	english	low	gloss	ultimately	ultimate / final; also ultimately	The German can be an adjective, but the English field gives only the adverbial use.
adjectives_013	adjectives	9017	wodurch	word	high	notadj	wodurch	remove from the adjective bank; classify as a pronominal adverb	This means “through what/through which/whereby” and is not an adjective.
adjectives_013	adjectives	9018	rundum	word	high	notadj	rundum	remove from the adjective bank; classify as an adverb	The standalone word is an adverb meaning “all around/completely”, not a declinable adjective.
adjectives_013	adjectives	9019	demzufolge	word	high	notadj	demzufolge	remove from the adjective bank; classify as a conjunctive adverb	This means “consequently/accordingly” and is not an adjective.
adjectives_013	adjectives	9020	stets	word	high	notadj	stets	remove from the adjective bank; classify as an adverb	This is an adverb meaning “always”, not an adjective.
adjectives_013	adjectives	9021	infolgedessen	word	high	notadj	infolgedessen	remove from the adjective bank; classify as a conjunctive adverb	This fixed word means “as a result” and is not an adjective.
adjectives_013	adjectives	9022	weswegen	word	high	notadj	weswegen	remove from the adjective bank; classify as an interrogative/relative adverb	This means “for what reason/which is why” and is not an adjective.
adjectives_013	adjectives	9023	derzeit	word	high	notadj	derzeit	remove from the adjective bank; classify as an adverb	This is a temporal adverb meaning “currently”, not an adjective.
adjectives_013	adjectives	9025	daraufhin	word	high	notadj	daraufhin	remove from the adjective bank; classify as a pronominal adverb	This means “after that/in response” and is not an adjective.
adjectives_013	adjectives	9028	sicherlich	word	high	notadj	sicherlich	remove from the adjective bank; classify as an adverb/modal particle	This means “certainly/surely” and is not an adjective; the corresponding adjective is *sicher*.
adjectives_013	adjectives	9032	keineswegs	word	high	notadj	keineswegs	remove from the adjective bank; classify as an adverb	This fixed negative expression is an adverb, not an adjective.
adjectives_013	adjectives	9033	sozusagen	word	high	notadj	sozusagen	remove from the adjective bank; classify as an adverb	This discourse adverb means “so to speak” and is not an adjective.
adjectives_013	adjectives	9034	jedenfalls	word	high	notadj	jedenfalls	remove from the adjective bank; classify as an adverb	This is an adverb meaning “in any case/at any rate”, not an adjective.
adjectives_013	adjectives	9035	einigermaßen	word	high	notadj	einigermaßen	remove from the adjective bank; classify as an adverb	This degree adverb means “reasonably/to some extent” and is not an adjective.
adjectives_013	adjectives	9036	zufolge	word	high	notadj	zufolge	remove from the adjective bank; classify as a dative postposition	In the glossed sense “according to” this is a postposition, not an adjective.
adjectives_013	adjectives	9037	zutiefst	word	high	notadj	zutiefst	remove from the adjective bank; classify as an adverb	This is an intensifying adverb meaning “deeply/profoundly”, not an adjective.
adjectives_013	adjectives	9065	hierzu	word	high	notadj	hierzu	remove from the adjective bank; classify as a pronominal adverb	This means “on/about this” or “for this purpose” and is not an adjective.
adjectives_013	adjectives	9080	achselzuckend	english	low	gloss	with a shrug	shrugging / with a shrug	The current translation is only adverbial; “shrugging” is needed to model the participial adjective use retained in this bank.
adjectives_014	adjectives	9101	elfte	word	high	notadj	elfte — eleventh	normalise the adjective lemma to `elft`; teach inflected `elfte` only in an example	The bank otherwise stores adjective stems, while `elfte` is the declined weak/strong form rather than the citation stem.
adjectives_014	adjectives	9102	zweitens	word	high	notadj	secondly	remove from the adjective bank and teach as a sentence-ordering adverb	`zweitens` is an adverb meaning “secondly”, not an adjective lemma.
adjectives_014	adjectives	9103	drittens	word	high	notadj	thirdly	remove from the adjective bank and teach as a sentence-ordering adverb	`drittens` is an adverb meaning “thirdly”, not an adjective lemma.
adjectives_014	adjectives	9121	geteilt	word	high	notadj	divided; shared	remove from the adjective bank and teach as the past participle of `teilen`	Both supplied senses are transparent passive/result uses of the verb, with no independent lexical adjective sense represented.
adjectives_014	adjectives	9138	ausgewechselt	word	high	notadj	substituted/replaced	remove from the adjective bank and teach as the past participle of `auswechseln`	Substitution or replacement is simply the result of the separable verb's action, not a standalone adjective lemma.
adjectives_014	adjectives	9142	eingerechnet	word	high	notadj	included	remove from the adjective bank and teach as the past participle of `einrechnen`, commonly in `mit eingerechnet`	The row gives only the ordinary verbal result “included/taken into account”.
adjectives_014	adjectives	9143	verstärkt	word	high	notadj	reinforced	remove this row and teach `verstärkt` as the past participle of `verstärken`; retain contextual adverbial uses under the verb	“Reinforced” is the transparent passive/result meaning of `verstärken`, not an independently supplied adjective sense.
adjectives_014	adjectives	9148	wiedererkannt	word	high	notadj	recognised	remove from the adjective bank and teach as the past participle of `wiedererkennen`	This is an ordinary separable-verb participle denoting the completed act of recognising someone or something again.
adjectives_014	adjectives	9150	äußere	word	high	notadj	outer	normalise to the adjective stem `äußer`	`äußere` is a declined attributive form, not the adjective's citation form.
adjectives_014	adjectives	9152	manikürt	word	high	notadj	manicured	remove from the adjective bank and teach as the past participle of `maniküren`	The gloss gives only the transparent result of manicuring, with no distinct lexical adjective meaning.
adjectives_014	adjectives	9163	aufgerichtet	word	high	notadj	upright/raised	remove this row and teach as the past participle of `aufrichten`; use `aufrecht` for the lexical adjective “upright”	“Raised” is the direct result of the verb, while presenting it as “upright” obscures the ordinary lexical adjective `aufrecht`.
adjectives_014	adjectives	9165	gefühlt	english	medium	gloss	as it feels/seemingly (`gefühlt hundert Mal`)	perceived/apparent (e.g. `die gefühlte Temperatur`); note adverbial colloquial “seemingly/what feels like” separately	The current gloss teaches only a colloquial adverbial construction and gives no adjective equivalent for the headword's established attributive use.
adjectives_014	adjectives	9169	sowie	word	high	notadj	as well as	remove from the adjective bank and teach as a conjunction	`sowie` joins words or clauses and is not an adjective.
adjectives_014	adjectives	9170	gaumenfreundlich	english	low	gloss	Palate-friendly	pleasant/easy on the palate	“Palate-friendly” is an awkward German-shaped calque rather than natural learner-facing British English.
adjectives_014	adjectives	9173	contra	word	high	notadj	against	remove from the adjective bank and teach as the preposition/adverb `contra` or in the expression `pro und contra`	The supplied “against” sense is prepositional, not adjectival.
adjectives_014	adjectives	9174	allermeist	word	high	notadj	by far the most/most of all	remove as a positive adjective lemma and teach the superlative expression contextually, especially `die allermeisten` = the vast majority	This is an intensified superlative formation, not a positive adjective lemma, and the supplied translations are superlative/adverbial.
adjectives_014	adjectives	9175	gefärbt	word	high	notadj	coloured	remove this bare row and teach as the past participle of `färben`; any lexical figurative sense such as `politisch gefärbt` needs its own contextual treatment	As currently glossed, it supplies only the transparent result of colouring something.
adjectives_014	adjectives	9176	komödiantisch	english	medium	gloss	comedic	theatrical/actorly; comically performative	`komödiantisch` characterises a performer's theatrical or showy manner and is not the general equivalent of English “comedic” (`komisch`).
adjectives_014	adjectives	9177	minderbemittelt	english	medium	gloss	dim-witted	of limited means; less intellectually able (euphemistic, according to context)	The adjective can refer to financial disadvantage as well as limited intellectual ability, while “dim-witted” is narrower, harsher and loses the euphemistic register.
adjectives_014	adjectives	9178	differenziert	english	medium	gloss	differentiated	nuanced/discriminating; differentiated	The especially common evaluative sense is “nuanced” or “making careful distinctions”; the cognate alone encourages an incomplete false-friend reading.
adjectives_014	adjectives	9179	barfuß	cefrLevel	medium	cefr	C1	approximately A2–B1	This common everyday adjective/adverb meaning “barefoot” is basic descriptive vocabulary and is grossly over-levelled at C1.
adjectives_014	adjectives	9184	haufenweise	word	high	notadj	in heaps/loads of	remove from the adjective bank and teach as an adverbial quantifier	`haufenweise` means “in heaps/in large quantities” and does not function as a declinable adjective lemma.
adjectives_014	adjectives	9185	höchst	word	high	notadj	extremely/most	remove this row; teach adverbial `höchst` = extremely separately and the superlative of `hoch` within its paradigm	The gloss is purely adverbial, while adjectival `höchst-` is a superlative form of `hoch`, not a positive adjective lemma.
adjectives_014	adjectives	9188	überfordert	cefrLevel	medium	cefr	C1	approximately B1–B2	“Overwhelmed/out of one's depth” is common everyday and workplace vocabulary well below C1.
adjectives_014	adjectives	9189	ausgenutzt	word	high	notadj	exploited/taken advantage of	remove from the adjective bank and teach as the past participle of `ausnutzen`	Both supplied readings are ordinary passive/result meanings of the verb, not an independent adjective lemma.
adjectives_014	adjectives	9190	zugange	word	high	notadj	at work/underway	remove from the adjective bank and teach the fixed predicative expression `zugange sein`	`zugange` is restricted to an adverbial/predicative expression and cannot serve as a normal adjective lemma.
adjectives_014	adjectives	9193	erbracht	word	high	notadj	provided	remove from the adjective bank and teach as the past participle of `erbringen`	This is the irregular participle of the verb and the gloss gives only its ordinary result meaning.
adjectives_014	adjectives	9195	erspart	word	high	notadj	saved/spared	remove from the adjective bank and teach as the past participle of `ersparen`	Saving money or sparing someone something are direct verbal results, not an independently lexical adjective sense.
adjectives_014	adjectives	9198	überzeugt	cefrLevel	medium	cefr	C1	approximately B1–B2	The very common adjective `überzeugt` and construction `von etwas überzeugt sein` are ordinary intermediate vocabulary, not C1-only material.
adjectives_014	adjectives	9199	obere	word	high	notadj	upper	normalise to the adjective stem `ober`	`obere` is a declined attributive form rather than the citation form stored elsewhere in the adjective bank.
adjectives_014	adjectives	9203	eigens	word	high	notadj	specially/expressly	remove from the adjective bank and teach as an adverb	`eigens` is used adverbially to mean “specially/expressly” and is not the adjective `eigen`.
adjectives_014	adjectives	9206	entfettet	word	high	notadj	degreased	remove from the adjective bank and teach as the past participle of `entfetten`	The row supplies only the transparent result of removing fat or grease.
adjectives_014	adjectives	9209	innere	word	high	notadj	inner	normalise to the adjective stem `inner`	`innere` is a declined attributive form, not a citation-form adjective lemma.
adjectives_014	adjectives	9211	beschädigt	word	high	notadj	damaged	remove from the adjective bank and teach as the past participle of `beschädigen`	“Damaged” is only the ordinary passive/result meaning of the verb, with no separate lexical adjective sense supplied.
adjectives_014	adjectives	9213	bekanntlich	word	high	notadj	as is well known	remove from the adjective bank and teach as a sentence adverb	`bekanntlich` comments on the known status of a proposition and is not an adjective.
adjectives_014	adjectives	9215	sozialkritisch	english	medium	gloss	socially critical	critical of society/social conditions; relating to social criticism	“Socially critical” is an unnatural and ambiguous calque that does not express criticism directed at society.
adjectives_014	adjectives	9220	ausgesetzt	word	high	notadj	exposed	remove this bare row and teach as the past participle of `aussetzen`, with its required context such as `einer Gefahr ausgesetzt sein`	Bare “exposed” presents only a passive/result use and omits the complement that makes the common German construction learnable.
adjectives_014	adjectives	9228	gedruckt	word	high	notadj	printed	remove from the adjective bank and teach as the past participle of `drucken`	The row gives only the transparent result of printing, not an independent adjective meaning.
adjectives_014	adjectives	9229	skrupulös	english	medium	gloss	scrupulous	over-scrupulous/punctilious; plagued by scruples	German `skrupulös` normally carries the negative sense of excessive, anxious conscientiousness; bare English “scrupulous” is often approving and masks that nuance.
adjectives_014	adjectives	9232	getreulich	english	low	gloss	faithfully/loyally	faithful/true to; faithfully/loyally	The current value gives only adverb translations and no English adjective for attributive uses such as a faithful rendering.
adjectives_014	adjectives	9235	nahm	word	high	notadj	took	remove from the adjective bank and teach as the third-person singular/simple-past form of `nehmen`	`nahm` is a finite verb form, not an adjective.
adjectives_014	adjectives	9237	wie	word	high	notadj	how; as/like	remove from the adjective bank and teach as an interrogative adverb/conjunction	None of the supplied uses is adjectival.
adjectives_014	adjectives	9238	sehr	word	high	notadj	very (How are you? Thank you, very well.)	remove from the adjective bank and teach as a degree adverb	`sehr` modifies adjectives, adverbs and verbs but is not itself an adjective.
adjectives_014	adjectives	9239	noch	word	high	notadj	still; yet; (`noch ein`) another	remove from the adjective bank and teach as an adverb/particle	The listed meanings are adverbial or particle uses, not an adjective lemma.
adjectives_014	adjectives	9240	Brasilien	word	high	notadj	Brazil	remove from the adjective bank and place in a proper-noun/country list if wanted	`Brasilien` is a country name and a proper noun, not an adjective.
adjectives_014	adjectives	9241	darauf	word	high	notadj	on it/thereupon; after that	remove from the adjective bank and teach as a pronominal adverb	`darauf` is a `da(r)-` adverb and has no adjectival use.
adjectives_014	adjectives	9243	am	word	high	notadj	delete — contraction of `an dem`	delete from the adjective bank	This is a preposition–article contraction, and the editorial instruction has itself leaked into the learner translation.
adjectives_014	adjectives	9244	für	word	high	notadj	for	remove from the adjective bank and teach as an accusative-governing preposition	`für` is a preposition, not an adjective.
adjectives_014	adjectives	9245	eigene	word	high	notadj	own	normalise to the adjective stem `eigen`	`eigene` is an inflected attributive form rather than the citation lemma.
adjectives_014	adjectives	9246	zum	word	high	notadj	delete — contraction of `zu dem`	delete from the adjective bank	This is a preposition–article contraction, and the translation field contains an editorial deletion instruction rather than learner content.
adjectives_014	adjectives	9250	besonders	word	high	notadj	especially/particularly	remove this row and teach as an adverb; use adjective stem `besonder` for “special” where appropriate	The headword and supplied meanings are adverbial and should not be confused with the adjective `besonder`.
adjectives_014	adjectives	9256	ungefähr	english	low	gloss	approximately	approximate; approximately	`ungefähr` is a valid adjective lemma, but the current value supplies only its adverbial English equivalent and does not model attributive use.
adjectives_014	adjectives	9257	renoviert	word	high	notadj	renovated/done up	remove from the adjective bank and teach as the past participle of `renovieren`	Both readings are transparent passive/result meanings of the verb rather than a separate lexical adjective.
adjectives_014	adjectives	9260	topaktuell	english	medium	gloss	cutting-edge	completely up to date/absolutely current/latest	`topaktuell` concerns recency and currentness, whereas “cutting-edge” primarily means highly innovative or technologically advanced.
adjectives_014	adjectives	9262	bestens	word	high	notadj	very well/perfectly	remove from the adjective bank and teach as an adverb	`bestens` is an adverbial superlative meaning “very well/in the best possible way”, not an adjective lemma.
verb_preps_001	verb_preps		anpassen an	verb / english / example	medium	verbform	`anpassen an + Akk` — `adapt to` — `Er passt sich an die Umgebung an.`	Store `sich anpassen an + Akk` for this gloss and example, or use a transitive model such as `Er passt den Plan an die Lage an.`	Non-reflexive `etwas an etwas anpassen` is valid, but the intransitive sense shown here requires `sich`; the headword and example currently teach different valency frames.
verb_preps_001	verb_preps		sich bemühen um	english	low	gloss	`strive for / try hard for`	`make an effort to obtain / seek; try hard to get`	`Try hard for a job` is not idiomatic English and does not clearly convey `sich um eine Stelle bemühen`.
verb_preps_001	verb_preps		erzählen über	example	low	example	`Er erzählt über seine Erfahrungen.`	`Er erzählt etwas über seine Erfahrungen.` (or, more idiomatically, `Er erzählt von seinen Erfahrungen.`)	Bare `erzählen über` occurs, but this model is noticeably less neutral than `etwas über ... erzählen` or `von ... erzählen` and is a poor default for learners. uncertain: yes
verb_preps_001	verb_preps		fahren mit	preposition	high	preposition	`fahren mit + Dat` — `Ich fahre mit dem Zug.`	Remove from the fixed verb–preposition bank; teach `mit + Dat` separately as transport/means (and accompaniment).	The sentence is correct, but `mit dem Zug` is an ordinary adverbial of means, not fixed government of `fahren`.
verb_preps_001	verb_preps		fluchen über	english	low	gloss	`curse about`	`swear about / rail at; complain angrily about`	`Curse about` is not idiomatic British English for the sense illustrated.
verb_preps_001	verb_preps		gründen auf	case / valency / example	high	case	`gründen auf + Akk` — `be based on / found on` — `Die Theorie gründet auf Fakten.`	For the intransitive illustrated sense use `gründen auf + Dat`, preferably with an unambiguous example such as `Die Theorie gründet auf einer falschen Annahme.` Reserve `auf + Akk` for transitive `etwas auf etwas gründen`.	Intransitive `etwas gründet auf etwas` meaning “is based on” takes dative; plural `Fakten` hides the incorrect case label.
verb_preps_001	verb_preps		kommen zu	preposition	high	preposition	`kommen zu + Dat` — `come to / arrive at` — `Wie komme ich zum Bahnhof?`	Remove this literal destination use from the fixed-government bank, or replace it with a genuinely lexical pattern such as `zu einem Ergebnis kommen` and a matching gloss/example.	`zum Bahnhof` is an ordinary destination phrase; the destination determines whether German uses `zu`, `nach`, `in`, etc., not fixed government of `kommen`.
verb_preps_001	verb_preps		tun für	preposition	high	preposition	`tun für + Akk` — `Was kann ich für Sie tun?`	Remove from the fixed verb–preposition bank.	`für Sie` is an ordinary beneficiary phrase that can accompany innumerable verbs, not a prepositional object fixed by `tun`.
verb_preps_001	verb_preps		blicken auf	verb / english / example	high	verbform	`blicken auf + Akk` — `look at / look back on` — `Er blickt auf eine lange Karriere zurück.`	Either use `blicken auf` only for literal `look at` with a matching example, or change the headword to `zurückblicken auf`; the latter already occurs later in this batch.	`blickt ... zurück` is the separated form of `zurückblicken`, not an example of plain `blicken`; the current row conflates two verbs and duplicates the later construction.
verb_preps_001	verb_preps		drängen zu	english / valency / example	medium	example	`urge toward` — `Sie drängt zum Aufbruch.`	Teach the usual frame `jemanden zu etwas drängen`, glossed `press/urge someone to do something`, for example `Sie drängt ihn zum Aufbruch.`	The current English is unidiomatic and the objectless example does not model the central transitive valency that the gloss implies.
verb_preps_001	verb_preps		sich freisprechen von	verb / example	high	verbform	`sich freisprechen von + Dat` — `Das Gericht spricht ihn vom Vorwurf frei.`	`jemanden von etwas freisprechen` / headword `freisprechen von + Dat`	In the acquittal sense, `freisprechen` is transitive, not reflexive; the example itself correctly contains `ihn`, not `sich`.
verb_preps_001	verb_preps		sich grämen über	english	low	gloss	`grieve about`	`grieve over / be distressed about`	`Grieve about` is markedly less idiomatic English than `grieve over` for this construction.
verb_preps_001	verb_preps		jubeln über	english	low	gloss	`cheer about`	`rejoice at/over; celebrate`	`Cheer about a victory` is not a natural English rendering of `über einen Sieg jubeln`.
verb_preps_001	verb_preps		sich vergewissern über	example / learner usefulness	low	example	`Vergewissern Sie sich über die Fakten.`	Prefer the common patterns `sich vergewissern, dass/ob ...` or `sich einer Sache vergewissern`, for example `Vergewissern Sie sich, dass die Angaben stimmen.` If the rare `über + Akk` variant is retained, supply a more idiomatic attested context.	`Über + Akk` is possible but rare, and `sich über die Fakten vergewissern` is an unnatural default model for learners.
verb_preps_001	verb_preps		anlehnen an	verb / english / example	medium	verbform	`anlehnen an + Akk` — `lean against / be modelled on` — `Der Stil lehnt sich an die Klassik an.`	Store `sich anlehnen an + Akk` for `be modelled on`, or use a non-reflexive literal example such as `Sie lehnt die Leiter an die Wand an.`	The metaphorical intransitive sense in the example is reflexive; non-reflexive `anlehnen` has a different, transitive frame.
verb_preps_001	verb_preps		bieten an	verb / preposition / example	high	preposition	`bieten an + Akk` — `offer (to someone)` — `Er bietet die Ware an.`	Remove this row from the fixed-government bank and teach the separable verb `anbieten` in the ordinary verb bank.	In `bietet ... an`, `an` is the separated prefix of `anbieten`; there is no `an + Akk` prepositional phrase at all.
verb_preps_001	verb_preps		hervorgehen aus	example	medium	example	`Aus der Studie geht hervor, dass...`	Supply a complete sentence, for example `Aus der Studie geht hervor, dass regelmäßige Bewegung gesund ist.`	The ellipsis leaves the subordinate clause unfinished, so this is not a complete grammatical model sentence.
verb_preps_001	verb_preps		sich hervortun durch	english	low	gloss	`distinguish oneself through`	`distinguish oneself by; stand out through/by virtue of`	English normally uses `distinguish oneself by`, not `through`, in this sense.
verb_preps_001	verb_preps		bewundern an	english	low	gloss	`admire about`	`admire something about someone`, with the two arguments made explicit	Bare `admire about` is ungrammatical English and obscures the German frame `etwas an jemandem bewundern`.
verb_preps_001	verb_preps		unterscheiden von	english / valency	medium	gloss	`distinguish from / differ from` — `Dieses Merkmal unterscheidet das Produkt von anderen.`	For this non-reflexive row use `distinguish/tell X from Y`. Reserve `differ from` for `sich von etwas unterscheiden`.	The example correctly shows transitive `etwas von etwas unterscheiden`, but the English `differ from` wrongly suggests the reflexive/intransitive construction already listed elsewhere.
verb_preps_001	verb_preps		gelangen in	preposition	high	preposition	`gelangen in + Akk` — `get into / reach` — `Die Daten gelangen in das System.`	Remove this literal destination use from the fixed-government bank, or restrict the row to a clearly lexical construction and label it accordingly.	`in das System` is a directional destination phrase; `gelangen` also combines with destination-dependent `zu`, `nach`, `auf`, etc., so `in` is not fixed government here.
verb_preps_001	verb_preps		zurückkehren nach	preposition	high	preposition	`zurückkehren nach + Dat` — `return to` — `Sie kehrt nach Wien zurück.`	Remove from the fixed-government bank and teach destination prepositions as a separate rule.	`nach Wien` is an ordinary destination construction (contrast `in die Schweiz`, `zum Bahnhof`); `nach` is chosen by the kind of place name, not governed by `zurückkehren`.
verb_preps_001	verb_preps		sich austauschen mit	example	medium	spelling	`Wir tauschen uns mit Kolleg:innen aus.`	Use a standard-orthography learner model such as `Wir tauschen uns mit Kolleginnen und Kollegen aus.`	The gender colon is not part of the official core orthography and adds a socially/register-marked notation that a general learner example should not silently present as standard spelling.
verb_preps_001	verb_preps		heranführen an	english	low	gloss	`introduce/lead up to`	`introduce someone to; familiarise someone with`	English `lead up to` describes events preceding something and is not the valency illustrated by `die Kinder an Mathematik heranführen`.
verb_preps_001	verb_preps		sich anfreunden mit	english / example	medium	gloss	`become friends with` — `Sie freundet sich mit der Idee an.`	Add the very common figurative sense `warm to / come round to / reconcile oneself to`, matching the example.	One cannot literally `become friends with an idea`; the current gloss omits the sense actually being taught by the German sentence.
verb_preps_001	verb_preps		belegen mit	english	low	gloss	`cover/spread/document with`	`top/cover with; substantiate/support with`, separating the food and evidence senses	`Spread with` is not the normal translation of `ein Brot mit Käse belegen`, and `document with` is too vague to teach the distinct evidence sense safely.
dual_gender_001	dual_gender	1	Mensch	genders[1].english	high	gloss	`wretch (archaic/dialectal, derogatory)`	`woman/female person (regional and dated, usually derogatory)`	Neuter *das Mensch* specifically denotes a female person; “wretch” loses that defining sex-specific meaning. Article `das` and plural `Menscher` are correct, and keeping this rare sense out of drills is sound.
dual_gender_001	dual_gender	3	Teil	genders[1].english	low	gloss	`part/piece/part (concrete: ein Ersatzteil)`	`piece/item or concrete component (e.g. ein Ersatzteil)`	The duplicated “part” gives the learner no clear contrast with masculine abstract/constituent *der Teil*. Both articles and plurals are correct, and both common senses are suitable for drills.
dual_gender_001	dual_gender	5	Ort	genders[1].english	high	gloss	`pointed tool/awl (archaic)`	`point/tip of a weapon or tool (archaic/technical)`	Neuter *Ort* is the point or tip, not the pointed tool or an awl itself. Article `das`, plural `Örter`, and exclusion from drills are otherwise correct.
dual_gender_001	dual_gender	7	Alter	genders[0], genders[1].plural, genders[1].singularOnly	high	junk	`der Alter` = `old man (colloquial)`, plural `Alten`; `das Alter`, plural `Alter`, `singularOnly=false`	Remove the masculine sense from the spelling `Alter` (or model the nominalised adjective separately as headword `Alte`: `der Alte`, plural `Alten`); for `das Alter` store plural `—` and `singularOnly=true`	With a definite article the nominalised adjective is *der Alte*, never *der Alter*. The age noun is normally a singulare tantum, matching the primary noun-bank entry, which already stores `das Alter` with plural `—`.
dual_gender_001	dual_gender	12	Moment	genders[0].english	low	gloss	`moment/moment (time)`	`moment (point or short period of time)`	The duplicate wording is unhelpful. Both genders, plurals, and the distinction from neuter *Moment* “factor/element; moment (physics)” are correct and drill-worthy.
dual_gender_001	dual_gender	20	Mangel	bothInDrills	low	classification	`true`	`false`	Feminine *Mangel* is a now-uncommon laundry mangle, whereas the high-frequency learner sense is masculine “lack/defect”. The rare appliance homograph is valid but should not make both articles routine drill answers.
dual_gender_001	dual_gender	24	Mode	genders[1].english, bothInDrills	medium	gloss	`der Mode` = `mode (technical)`; `bothInDrills=true`	`der Mode` = `wave mode/oscillation mode (electrical engineering/physics)`; `bothInDrills=false`	Masculine *Mode* is not a generic technical “mode” but a specialist electromagnetic-wave term (plural `Moden`; feminine is also possible in that specialist sense). It should not compete in ordinary article drills with common *die Mode* “fashion”.
dual_gender_001	dual_gender	31	Model	genders[1].english, bothInDrills	low	classification	`das Model` = `model/model (fashion)`; `bothInDrills=true`	`das Model` = `fashion model`; `bothInDrills=false`	The gloss is duplicated, and masculine *Model* “mould/form” is a specialist craft term. The valid rare homograph can remain in reference data, but drilling both alongside the primary fashion-model sense gives it disproportionate weight.
dual_gender_001	dual_gender	38	Messer	bothInDrills	low	classification	`true`	`false`	Masculine *Messer* “measurer/measuring instrument” is a rare technical or agent noun; routine drills should target the overwhelmingly common neuter “knife”. Articles and invariant plurals are correct.
dual_gender_001	dual_gender	40	Militär	genders[0].english	medium	gloss	`military officer`	`member of the military/military professional`	*Ein Militär* is not necessarily a commissioned officer. The current gloss is too narrow; article `der`, plural `Militärs`, and exclusion from drills are correct.
dual_gender_001	dual_gender	42	Schock	genders[0].plural	low	plural	`Schocke`	`Schocks` (modern standard learner form; `Schocke` is an old variant)	For masculine “shock”, *Schocks* is the normal modern plural. *Schocke* remains appropriate for the separately labelled archaic neuter counting unit.
dual_gender_001	dual_gender	45	Gift	genders[0].english, genders[1].english	medium	gloss	`die Gift` = `gift (archaic/false friend)`; `der Gift` = `anger/wrath (archaic)`	`die Gift` = `gift/present (archaic)`; `der Gift` = `anger/grudge (regional, especially Bavarian/Austrian)`	“False friend” is not a meaning, and masculine *Gift* is regional rather than simply archaic. The articles, feminine plural `Giften`, masculine no-plural treatment, and exclusion from drills are sound.
dual_gender_001	dual_gender	48	Hummel	genders[0].english	low	gloss	`bumblebee/dumbledore/hommel`	`bumblebee`	“Dumbledore” is archaic English and “hommel” is obscure; both impede a British learner. This dual entry also contradicts the already-clean primary noun-bank gloss `bumblebee`.
dual_gender_001	dual_gender	50	Quark	genders[0].english	medium	gloss	`cottage cheese/curd cheese/fromage frais/quark (curd cheese)`	`quark (soft fresh curd cheese)`	Cottage cheese and fromage frais are not exact equivalents of German *Quark*. The correction matches the clearer primary noun-bank sense; article `der`, no-plural flag, and the physics homograph are correct.
dual_gender_001	dual_gender	52	Mast	genders[1].plural	low	plural	`Maste`	`Masten` (also valid but less common: `Maste`)	Both plurals are standard, but *Masten* is the usual contemporary learner citation form for poles, pylons, and ship masts.
dual_gender_001	dual_gender	58	Bulle	genders[1].english, bothInDrills	low	classification	`bull/cop/copper/cop (slang)`; `bothInDrills=true`	`bull; police officer (slang, usually derogatory)`; `bothInDrills=false`	The police gloss is duplicated and needs its pragmatic warning. Feminine *Bulle* “papal bull” is valid but specialist and should not be promoted as an equal routine drill answer.
dual_gender_001	dual_gender	60	Ex	genders	medium	gloss	Feminine `die Ex` is represented only as `pop quiz (Bavarian)`, plural `Exen`; masculine `der Ex` is `former partner`	Also represent the common feminine partner sense: `die Ex` = `ex/former partner (female)`, plural `Ex` (with `Exen` retained for the separate Bavarian pop-quiz sense)	Standard colloquial German distinguishes *der Ex* and *die Ex* by the former partner’s sex. Omitting the everyday feminine sense while retaining only a regional school term materially misleads learners.
dual_gender_001	dual_gender	61	Hefe	genders[0].english	low	gloss	`barm/dregs/driving force/yeast`	`yeast` (optional secondary senses after it: `sediment/dregs; driving force (figurative)`)	The everyday meaning is buried after obscure senses and an archaic English word. The primary noun bank already has the learner-appropriate gloss `yeast`.
dual_gender_001	dual_gender	62	Tram	genders[1].english	low	gloss	`beam`	`beam (southern German/Austrian/Swiss regional usage)`	Masculine *Tram* for a structural beam is regional, unlike the unqualified gloss. The spelling, article, plural `Trame`, and decision not to drill both are correct.
dual_gender_001	dual_gender	63	Orange	genders[0].english, genders[1].plural, genders[1].singularOnly	high	plural	fruit = `China orange/bitter orange/orange/orange (fruit)`; colour = plural `Orange`, `singularOnly=false`	fruit = `orange (fruit)`, plural `Orangen`; colour = `orange (colour)`, plural `—`, `singularOnly=true`	Ordinary *Orange* does not mean specifically bitter orange, and the repeated fruit gloss contradicts the clean primary entry. The colour noun *das Orange* is normally uncountable; both common gender-distinguished senses remain suitable for drills.
dual_gender_001	dual_gender	66	Korpus	genders[0].english	high	gloss	`die Korpus` = `corpus`	`10-point type size (printing, historical/technical)`	Feminine *Korpus* is a printing size, not a corpus. Neuter *Korpus* correctly denotes a text/evidence corpus with plural `Korpora`, while masculine *Korpus* denotes a body/base with plural `Korpusse`.
dual_gender_001	dual_gender	70	Rentier	bothInDrills	low	classification	`true`	`false`	Masculine *Rentier* “person of independent means” is dated and rare; the ordinary learner sense is neuter “reindeer”. The distinct articles and plurals are linguistically correct but should not receive equal drill weight.
dual_gender_001	dual_gender	71	Mahd	genders[1].english	low	gloss	`alpine meadow`	`alpine meadow/hay meadow (Austrian and regional)`	Neuter *Mahd* in this sense is regional, information a learner needs before trying to use it. Article `das`, plural `Mähder`, and exclusion from drills are correct.
dual_gender_001	dual_gender	73	Graph	genders[1].english	high	gloss	`grapheme`	`graph/concrete written character (linguistics)`	A *Graph* is a concrete written realization; a *Graphem* is the abstract contrastive unit. The current gloss wrongly collapses that technical distinction. Article `das` and plural `Graphe` are correct.
dual_gender_001	dual_gender	74	Franchise	genders[0].english	low	gloss	`deductible/excess (insurance)`	`insurance excess/deductible (Swiss usage)`	Feminine *Franchise* is the Swiss insurance term; standard British English should lead with “excess”. Article `die`, plural `Franchisen`, and exclusion from drills are correct.
dual_gender_001	dual_gender	75	Page	genders[0].english	high	gloss	`page (web/book)`	`web page (computing)`	German feminine *Page* is an anglicism for a web page; an ordinary book page is *die Seite*. Masculine *Page* “page/bellboy” and both stored plurals are correct.
dual_gender_001	dual_gender	77	Type	genders[1].english	medium	gloss	`type`	`type (linguistics: abstract unit opposed to a token)`	Masculine English-pronounced *Type* is a specialist type–token term, not the everyday German word for a kind/type (*Typ*). Article `der`, plural `Types`, and exclusion from drills are correct.
dual_gender_001	dual_gender	78	Mandarin	genders[0].english	low	gloss	`mandarin`	`mandarin/high official in imperial China`	The bare gloss is ambiguous for learners and can be confused with the language or with *Mandarine* “mandarin orange”. The primary noun-bank gloss already supplies the necessary “Chinese official” clarification.
dual_gender_001	dual_gender	82	Gemahl	genders[0].english, genders[1].english	medium	gloss	masculine = `husband/spouse/husband (formal)`; neuter = `spouse (archaic)`	masculine = `husband/consort (formal, dated; especially of a high-status person)`; neuter = `wife (archaic/poetic)`	The masculine gloss is duplicated, while neuter *Gemahl* specifically denotes a wife, not an arbitrary spouse. Articles and plurals `Gemahle` are correct; the primary noun-bank masculine gloss is already clearer.
dual_gender_001	dual_gender	84	As	genders[0].english	high	gloss	`as/ace`	`as (ancient Roman coin/unit)`	Masculine single-s *As* is the Roman coin/unit. The playing-card “ace” is modern *das Ass* with double `s`. Neuter *As* “A-flat” is correctly represented separately.
dual_gender_001	dual_gender	98	Kurkuma	genders[0].plural, genders[1].singularOnly	high	plural	both gender records store plural `—` and `singularOnly=false`	`die Kurkuma` = `turmeric plant/spice`, plural `Kurkumen`, `singularOnly=false`; `das Kurkuma` = `turmeric (spice)`, plural `—`, `singularOnly=true`	Feminine *Kurkuma* has the standard plural *Kurkumen* when plants are counted, matching the primary noun bank. The neuter variant denotes the uncountable spice and needs the singular-only flag; the current no-plural value and false flag contradict each other.
